time_ms,rl_rpm,rl_rpm_raw,rr_rpm,rr_rpm_raw,rl_speed_mph,rr_speed_mph,speed_mph,fl_rpm,fr_rpm,fuel_consumed_l,fuel_remaining_l,engine_rpm,secondary_rpm,mode,status,temperature_c,brake_pot,motor_setpoint,motor_position
851,0.00,0.00,0.00,0.00,0.00,0.00,0.00,0.00,0.00,0.0000,6.0000,0.00,0.00,0,0,0.00,0.00,-2392,-1992
1051,0.00,0.00,0.00,0.00,0.00,0.00,0.00,0.00,0.00,0.0000,6.0000,0.00,0.00,0,0,0.00,0.00,-3422,-3022
1251,0.00,0.00,0.00,0.00,0.00,0.00,0.00,0.00,0.00,0.0000,6.0000,0.00,0.00,0,0,0.00,0.00,-4671,-4271
1451,0.00,0.00,0.00,0.00,0.00,0.00,0.00,0.00,0.00,0.0000,6.0000,0.00,0.00,0,0,0.00,0.00,-5863,-5463
1651,0.00,0.00,0.00,0.00,0.00,0.00,0.00,0.00,0.00,0.0000,6.0000,0.00,0.00,0,0,0.00,0.00,-5728,-6128
1851,0.00,0.00,0.00,0.00,0.00,0.00,0.00,0.00,0.00,0.0000,6.0000,0.00,0.00,0,0,0.00,0.00,-5160,-5560
2051,0.00,0.00,0.00,0.00,0.00,0.00,0.00,0.00,0.00,0.0000,6.0000,0.00,0.00,0,0,0.00,0.00,-5294,-5244
2251,0.00,0.00,0.00,0.00,0.00,0.00,0.00,0.00,0.00,0.0000,6.0000,0.00,0.00,0,0,0.00,0.00,-5450,-5400
2451,0.00,0.00,0.00,0.00,0.00,0.00,0.00,0.00,0.00,0.0000,6.0000,0.00,0.00,0,0,0.00,0.00,-5635,-5585
2651,0.00,0.00,0.00,0.00,0.00,0.00,0.00,0.00,0.00,0.0000,6.0000,0.00,0.00,0,0,0.00,0.00,-5821,-5771
2851,0.00,0.00,0.00,0.00,0.00,0.00,0.00,0.00,0.00,0.0000,6.0000,0.00,0.00,0,0,0.00,0.00,0,-5834
3051,0.00,0.00,0.00,0.00,0.00,0.00,0.00,0.00,0.00,0.0000,6.0000,0.00,0.00,0,0,0.00,0.00,0,-5566
3251,0.00,0.00,0.00,0.00,0.00,0.00,0.00,0.00,0.00,0.0000,6.0000,0.00,0.00,0,0,0.00,0.00,0,-4466
3451,0.00,0.00,12.50,50.00,0.00,0.82,0.41,0.00,0.00,0.0000,6.0000,0.00,0.00,0,0,0.00,0.00,0,-2802
3651,0.00,0.00,9.38,0.00,0.00,0.61,0.31,0.00,0.00,0.0000,6.0000,0.00,0.00,0,0,0.00,0.00,0,-1053
3851,0.00,0.00,19.53,50.00,0.00,1.28,0.64,0.00,0.00,0.0000,6.0000,0.00,0.00,0,0,0.00,0.00,0,-51
4051,0.00,0.00,14.65,0.00,0.00,0.96,0.48,0.00,0.00,0.0000,6.0000,0.00,0.00,0,0,0.00,0.00,0,0
4251,0.00,0.00,10.99,0.00,0.00,0.72,0.36,0.00,0.00,0.0000,6.0000,0.00,0.00,0,0,0.00,0.00,0,0
4451,0.00,0.00,8.24,0.00,0.00,0.54,0.27,0.00,0.00,0.0000,6.0000,0.00,0.00,0,0,0.00,0.00,0,0
4651,0.00,0.00,6.18,0.00,0.00,0.40,0.20,0.00,0.00,0.0000,6.0000,0.00,0.00,0,0,0.00,0.00,0,0
4851,0.00,0.00,4.63,0.00,0.00,0.30,0.15,0.00,0.00,0.0000,6.0000,0.00,0.00,0,0,0.00,0.00,0,0
5051,0.00,0.00,3.48,0.00,0.00,0.23,0.11,0.00,0.00,0.0000,6.0000,0.00,0.00,0,0,0.00,0.00,0,0
5251,0.00,0.00,2.61,0.00,0.00,0.17,0.09,0.00,0.00,0.0000,6.0000,0.00,0.00,0,0,0.00,0.00,0,0
5451,0.00,0.00,1.96,0.00,0.00,0.13,0.06,0.00,0.00,0.0000,6.0000,0.00,0.00,0,0,0.00,0.00,0,0
5651,0.00,0.00,1.47,0.00,0.00,0.10,0.05,0.00,0.00,0.0000,6.0000,0.00,0.00,0,0,0.00,0.00,0,0
5851,0.00,0.00,1.10,0.00,0.00,0.07,0.04,0.00,0.00,0.0000,6.0000,0.00,0.00,0,0,0.00,0.00,0,0
6051,0.00,0.00,0.82,0.00,0.00,0.05,0.03,0.00,0.00,0.0000,6.0000,0.00,0.00,0,0,0.00,0.00,0,0
6251,0.00,0.00,0.62,0.00,0.00,0.04,0.02,0.00,0.00,0.0000,6.0000,0.00,0.00,0,0,0.00,0.00,0,0
6451,0.00,0.00,0.46,0.00,0.00,0.03,0.02,0.00,0.00,0.0000,6.0000,0.00,0.00,0,0,0.00,0.00,0,0
6651,0.00,0.00,0.35,0.00,0.00,0.02,0.01,0.00,0.00,0.0000,6.0000,0.00,0.00,0,0,0.00,0.00,0,0
6851,0.00,0.00,0.26,0.00,0.00,0.02,0.01,0.00,0.00,0.0000,6.0000,0.00,0.00,0,0,0.00,0.00,0,0
7051,0.00,0.00,0.20,0.00,0.00,0.01,0.01,0.00,0.00,0.0000,6.0000,0.00,0.00,0,0,0.00,0.00,0,0
7251,0.00,0.00,0.15,0.00,0.00,0.01,0.00,0.00,0.00,0.0000,6.0000,0.00,0.00,0,0,0.00,0.00,0,0
7451,0.00,0.00,0.11,0.00,0.00,0.01,0.00,0.00,0.00,0.0000,6.0000,0.00,0.00,0,0,0.00,0.00,0,0
7651,0.00,0.00,0.08,0.00,0.00,0.01,0.00,0.00,0.00,0.0000,6.0000,0.00,0.00,0,0,0.00,0.00,0,0
7851,0.00,0.00,0.06,0.00,0.00,0.00,0.00,0.00,0.00,0.0000,6.0000,0.00,0.00,0,0,0.00,0.00,0,0
8051,0.00,0.00,0.05,0.00,0.00,0.00,0.00,0.00,0.00,0.0000,6.0000,0.00,0.00,0,0,0.00,0.00,0,0
8251,0.00,0.00,0.03,0.00,0.00,0.00,0.00,0.00,0.00,0.0000,6.0000,0.00,0.00,0,0,0.00,0.00,0,0
8451,0.00,0.00,0.03,0.00,0.00,0.00,0.00,0.00,0.00,0.0000,6.0000,0.00,0.00,0,0,0.00,0.00,0,0
8651,0.00,0.00,0.02,0.00,0.00,0.00,0.00,0.00,0.00,0.0000,6.0000,0.00,0.00,0,0,0.00,0.00,0,0
8851,0.00,0.00,0.01,0.00,0.00,0.00,0.00,0.00,0.00,0.0000,6.0000,0.00,0.00,0,0,0.00,0.00,0,0
9051,0.00,0.00,0.01,0.00,0.00,0.00,0.00,0.00,0.00,0.0000,6.0000,0.00,0.00,0,0,0.00,0.00,0,0
9251,0.00,0.00,0.01,0.00,0.00,0.00,0.00,0.00,0.00,0.0000,6.0000,0.00,0.00,0,0,0.00,0.00,0,0
9451,0.00,0.00,0.01,0.00,0.00,0.00,0.00,0.00,0.00,0.0000,6.0000,0.00,0.00,0,0,0.00,0.00,0,0
9651,0.00,0.00,0.00,0.00,0.00,0.00,0.00,0.00,0.00,0.0000,6.0000,0.00,0.00,0,0,0.00,0.00,0,0
9851,0.00,0.00,0.00,0.00,0.00,0.00,0.00,0.00,0.00,0.0000,6.0000,0.00,0.00,0,0,0.00,0.00,0,0
10051,0.00,0.00,0.00,0.00,0.00,0.00,0.00,0.00,0.00,0.0000,6.0000,0.00,0.00,0,0,0.00,0.00,0,0
10251,0.00,0.00,0.00,0.00,0.00,0.00,0.00,0.00,0.00,0.0000,6.0000,0.00,0.00,0,0,0.00,0.00,0,0
10451,0.00,0.00,0.00,0.00,0.00,0.00,0.00,0.00,0.00,0.0000,6.0000,0.00,0.00,0,0,0.00,0.00,0,0
10651,0.00,0.00,0.00,0.00,0.00,0.00,0.00,0.00,0.00,0.0000,6.0000,0.00,0.00,0,0,0.00,0.00,0,0
10851,0.00,0.00,0.00,0.00,0.00,0.00,0.00,0.00,0.00,0.0000,6.0000,0.00,0.00,0,0,0.00,0.00,0,0
11051,0.00,0.00,0.00,0.00,0.00,0.00,0.00,0.00,0.00,0.0000,6.0000,0.00,0.00,0,0,0.00,0.00,0,0
11251,0.00,0.00,0.00,0.00,0.00,0.00,0.00,0.00,0.00,0.0000,6.0000,0.00,0.00,0,0,0.00,0.00,0,0
11451,0.00,0.00,0.00,0.00,0.00,0.00,0.00,0.00,0.00,0.0000,6.0000,0.00,0.00,0,0,0.00,0.00,0,0
11651,0.00,0.00,0.00,0.00,0.00,0.00,0.00,0.00,0.00,0.0000,6.0000,0.00,0.00,0,0,0.00,0.00,0,0
11851,0.00,0.00,0.00,0.00,0.00,0.00,0.00,0.00,0.00,0.0000,6.0000,0.00,0.00,0,0,0.00,0.00,0,0
12051,0.00,0.00,0.00,0.00,0.00,0.00,0.00,0.00,0.00,0.0000,6.0000,0.00,0.00,0,0,0.00,0.00,0,0
12251,0.00,0.00,0.00,0.00,0.00,0.00,0.00,0.00,0.00,0.0000,6.0000,0.00,0.00,0,0,0.00,0.00,0,0
12451,0.00,0.00,0.00,0.00,0.00,0.00,0.00,0.00,0.00,0.0000,6.0000,0.00,0.00,0,0,0.00,0.00,0,0
12651,0.00,0.00,0.00,0.00,0.00,0.00,0.00,0.00,0.00,0.0000,6.0000,0.00,0.00,0,0,0.00,0.00,0,0
12851,0.00,0.00,0.00,0.00,0.00,0.00,0.00,0.00,0.00,0.0000,6.0000,0.00,0.00,0,0,0.00,0.00,0,0
13051,0.00,0.00,0.00,0.00,0.00,0.00,0.00,0.00,0.00,0.0000,6.0000,0.00,0.00,0,0,0.00,0.00,0,0
13251,0.00,0.00,0.00,0.00,0.00,0.00,0.00,0.00,0.00,0.0000,6.0000,0.00,0.00,0,0,0.00,0.00,0,0
13451,0.00,0.00,0.00,0.00,0.00,0.00,0.00,0.00,0.00,0.0000,6.0000,0.00,0.00,0,0,0.00,0.00,0,0
13651,0.00,0.00,0.00,0.00,0.00,0.00,0.00,0.00,0.00,0.0000,6.0000,0.00,0.00,0,0,0.00,0.00,0,0
13851,0.00,0.00,0.00,0.00,0.00,0.00,0.00,0.00,0.00,0.0000,6.0000,0.00,0.00,0,0,0.00,0.00,0,0
14051,0.00,0.00,0.00,0.00,0.00,0.00,0.00,0.00,0.00,0.0000,6.0000,0.00,0.00,0,0,0.00,0.00,0,0
14251,0.00,0.00,0.00,0.00,0.00,0.00,0.00,0.00,0.00,0.0000,6.0000,0.00,0.00,0,0,0.00,0.00,0,0
14451,0.00,0.00,0.00,0.00,0.00,0.00,0.00,0.00,0.00,0.0000,6.0000,0.00,0.00,0,0,0.00,0.00,0,0
14651,0.00,0.00,0.00,0.00,0.00,0.00,0.00,0.00,0.00,0.0000,6.0000,0.00,0.00,0,0,0.00,0.00,0,0
14851,0.00,0.00,0.00,0.00,0.00,0.00,0.00,0.00,0.00,0.0000,6.0000,0.00,0.00,0,0,0.00,0.00,0,0
15051,0.00,0.00,0.00,0.00,0.00,0.00,0.00,0.00,0.00,0.0000,6.0000,0.00,0.00,0,0,0.00,0.00,0,0
15251,0.00,0.00,0.00,0.00,0.00,0.00,0.00,0.00,0.00,0.0000,6.0000,0.00,0.00,0,0,0.00,0.00,0,0
15451,0.00,0.00,0.00,0.00,0.00,0.00,0.00,0.00,0.00,0.0000,6.0000,0.00,0.00,0,0,0.00,0.00,0,0
15651,0.00,0.00,0.00,0.00,0.00,0.00,0.00,0.00,0.00,0.0000,6.0000,0.00,0.00,0,0,0.00,0.00,0,0
15851,0.00,0.00,0.00,0.00,0.00,0.00,0.00,0.00,0.00,0.0000,6.0000,0.00,0.00,0,0,0.00,0.00,0,0
16051,0.00,0.00,0.00,0.00,0.00,0.00,0.00,0.00,0.00,0.0000,6.0000,0.00,0.00,0,0,0.00,0.00,0,0
16251,0.00,0.00,0.00,0.00,0.00,0.00,0.00,0.00,0.00,0.0000,6.0000,0.00,0.00,0,0,0.00,0.00,0,0
16451,0.00,0.00,0.00,0.00,0.00,0.00,0.00,0.00,0.00,0.0000,6.0000,0.00,0.00,0,0,0.00,0.00,0,0
16651,0.00,0.00,0.00,0.00,0.00,0.00,0.00,0.00,0.00,0.0000,6.0000,0.00,0.00,0,0,0.00,0.00,0,0
16851,0.00,0.00,0.00,0.00,0.00,0.00,0.00,0.00,0.00,0.0000,6.0000,0.00,0.00,0,0,0.00,0.00,0,0
17051,0.00,0.00,0.00,0.00,0.00,0.00,0.00,0.00,0.00,0.0000,6.0000,0.00,0.00,0,0,0.00,0.00,0,0
17251,0.00,0.00,0.00,0.00,0.00,0.00,0.00,0.00,0.00,0.0000,6.0000,0.00,0.00,0,0,0.00,0.00,0,0
17451,0.00,0.00,0.00,0.00,0.00,0.00,0.00,0.00,0.00,0.0000,6.0000,0.00,0.00,0,0,0.00,0.00,0,0
17651,0.00,0.00,0.00,0.00,0.00,0.00,0.00,0.00,0.00,0.0000,6.0000,0.00,0.00,0,0,0.00,0.00,0,0
17851,0.00,0.00,0.00,0.00,0.00,0.00,0.00,0.00,0.00,0.0000,6.0000,0.00,0.00,0,0,0.00,0.00,0,0
18051,0.00,0.00,0.00,0.00,0.00,0.00,0.00,0.00,0.00,0.0000,6.0000,0.00,0.00,0,0,0.00,0.00,0,0
18251,0.00,0.00,0.00,0.00,0.00,0.00,0.00,0.00,0.00,0.0000,6.0000,0.00,0.00,0,0,0.00,0.00,0,0
18451,0.00,0.00,0.00,0.00,0.00,0.00,0.00,0.00,0.00,0.0000,6.0000,0.00,0.00,0,0,0.00,0.00,0,0
18651,0.00,0.00,0.00,0.00,0.00,0.00,0.00,0.00,0.00,0.0000,6.0000,0.00,0.00,0,0,0.00,0.00,0,0
18851,0.00,0.00,0.00,0.00,0.00,0.00,0.00,0.00,0.00,0.0000,6.0000,0.00,0.00,0,0,0.00,0.00,0,0
19051,0.00,0.00,0.00,0.00,0.00,0.00,0.00,0.00,0.00,0.0000,6.0000,0.00,0.00,0,0,0.00,0.00,0,0
19251,0.00,0.00,0.00,0.00,0.00,0.00,0.00,0.00,0.00,0.0000,6.0000,0.00,0.00,0,0,0.00,0.00,0,0
19451,0.00,0.00,0.00,0.00,0.00,0.00,0.00,0.00,0.00,0.0000,6.0000,0.00,0.00,0,0,0.00,0.00,0,0
19651,0.00,0.00,0.00,0.00,0.00,0.00,0.00,0.00,0.00,0.0000,6.0000,0.00,0.00,0,0,0.00,0.00,0,0
19851,0.00,0.00,0.00,0.00,0.00,0.00,0.00,0.00,0.00,0.0000,6.0000,0.00,0.00,0,0,0.00,0.00,0,0
20051,0.00,0.00,0.00,0.00,0.00,0.00,0.00,0.00,0.00,0.0000,6.0000,0.00,0.00,0,0,0.00,0.00,0,0
20251,0.00,0.00,0.00,0.00,0.00,0.00,0.00,0.00,0.00,0.0000,6.0000,0.00,0.00,0,0,0.00,0.00,0,0
20451,0.00,0.00,0.00,0.00,0.00,0.00,0.00,0.00,0.00,0.0000,6.0000,0.00,0.00,0,0,0.00,0.00,0,0
20651,0.00,0.00,0.00,0.00,0.00,0.00,0.00,0.00,0.00,0.0000,6.0000,0.00,0.00,0,0,0.00,0.00,0,0
20851,0.00,0.00,0.00,0.00,0.00,0.00,0.00,0.00,0.00,0.0000,6.0000,0.00,0.00,0,0,0.00,0.00,0,0
21051,0.00,0.00,0.00,0.00,0.00,0.00,0.00,0.00,0.00,0.0000,6.0000,0.00,0.00,0,0,0.00,0.00,0,0
21251,0.00,0.00,0.00,0.00,0.00,0.00,0.00,0.00,0.00,0.0000,6.0000,0.00,0.00,0,0,0.00,0.00,0,0
21451,0.00,0.00,0.00,0.00,0.00,0.00,0.00,0.00,0.00,0.0000,6.0000,0.00,0.00,0,0,0.00,0.00,0,0
21651,0.00,0.00,0.00,0.00,0.00,0.00,0.00,0.00,0.00,0.0000,6.0000,0.00,0.00,0,0,0.00,0.00,0,0
21851,0.00,0.00,0.00,0.00,0.00,0.00,0.00,0.00,0.00,0.0000,6.0000,0.00,0.00,0,0,0.00,0.00,0,0
22051,0.00,0.00,0.00,0.00,0.00,0.00,0.00,0.00,0.00,0.0000,6.0000,0.00,0.00,0,0,0.00,0.00,0,0
22251,0.00,0.00,0.00,0.00,0.00,0.00,0.00,0.00,0.00,0.0000,6.0000,0.00,0.00,0,0,0.00,0.00,0,0
22451,0.00,0.00,0.00,0.00,0.00,0.00,0.00,0.00,0.00,0.0000,6.0000,0.00,0.00,0,0,0.00,0.00,0,0
22651,0.00,0.00,0.00,0.00,0.00,0.00,0.00,0.00,0.00,0.0000,6.0000,0.00,0.00,0,0,0.00,0.00,0,0
22851,0.00,0.00,0.00,0.00,0.00,0.00,0.00,0.00,0.00,0.0000,6.0000,0.00,0.00,0,0,0.00,0.00,0,0
23051,0.00,0.00,0.00,0.00,0.00,0.00,0.00,0.00,0.00,0.0000,6.0000,0.00,0.00,0,0,0.00,0.00,0,0
23251,0.00,0.00,0.00,0.00,0.00,0.00,0.00,0.00,0.00,0.0000,6.0000,0.00,0.00,0,0,0.00,0.00,0,0
23451,0.00,0.00,0.00,0.00,0.00,0.00,0.00,0.00,0.00,0.0000,6.0000,0.00,0.00,0,0,0.00,0.00,0,0
23651,0.00,0.00,0.00,0.00,0.00,0.00,0.00,0.00,0.00,0.0000,6.0000,0.00,0.00,0,0,0.00,0.00,0,0
23851,0.00,0.00,0.00,0.00,0.00,0.00,0.00,0.00,0.00,0.0000,6.0000,0.00,0.00,0,0,0.00,0.00,0,0
24051,0.00,0.00,0.00,0.00,0.00,0.00,0.00,0.00,0.00,0.0000,6.0000,0.00,0.00,0,0,0.00,0.00,0,0
24251,0.00,0.00,0.00,0.00,0.00,0.00,0.00,0.00,0.00,0.0000,6.0000,0.00,0.00,0,0,0.00,0.00,0,0
24451,0.00,0.00,0.00,0.00,0.00,0.00,0.00,0.00,0.00,0.0000,6.0000,0.00,0.00,0,0,0.00,0.00,0,0
24651,0.00,0.00,0.00,0.00,0.00,0.00,0.00,0.00,0.00,0.0000,6.0000,0.00,0.00,0,0,0.00,0.00,0,0
24851,0.00,0.00,0.00,0.00,0.00,0.00,0.00,0.00,0.00,0.0000,6.0000,0.00,0.00,0,0,0.00,0.00,0,0
25051,0.00,0.00,0.00,0.00,0.00,0.00,0.00,0.00,0.00,0.0000,6.0000,0.00,0.00,0,0,0.00,0.00,0,0
25251,0.00,0.00,0.00,0.00,0.00,0.00,0.00,0.00,0.00,0.0000,6.0000,0.00,0.00,0,0,0.00,0.00,0,0
25451,0.00,0.00,0.00,0.00,0.00,0.00,0.00,0.00,0.00,0.0000,6.0000,0.00,0.00,0,0,0.00,0.00,0,0
25651,0.00,0.00,0.00,0.00,0.00,0.00,0.00,0.00,0.00,0.0000,6.0000,0.00,0.00,0,0,0.00,0.00,0,0
25851,0.00,0.00,0.00,0.00,0.00,0.00,0.00,0.00,0.00,0.0000,6.0000,0.00,0.00,0,0,0.00,0.00,0,0
26051,0.00,0.00,0.00,0.00,0.00,0.00,0.00,0.00,0.00,0.0000,6.0000,0.00,0.00,0,0,0.00,0.00,0,0
26251,0.00,0.00,0.00,0.00,0.00,0.00,0.00,0.00,0.00,0.0000,6.0000,0.00,0.00,0,0,0.00,0.00,0,0
26451,0.00,0.00,0.00,0.00,0.00,0.00,0.00,0.00,0.00,0.0000,6.0000,0.00,0.00,0,0,0.00,0.00,0,0
26651,0.00,0.00,0.00,0.00,0.00,0.00,0.00,0.00,0.00,0.0000,6.0000,0.00,0.00,0,0,0.00,0.00,0,0
26851,0.00,0.00,0.00,0.00,0.00,0.00,0.00,0.00,0.00,0.0000,6.0000,0.00,0.00,0,0,0.00,0.00,0,0
27051,0.00,0.00,0.00,0.00,0.00,0.00,0.00,0.00,0.00,0.0000,6.0000,0.00,0.00,0,0,0.00,0.00,0,0
27251,0.00,0.00,0.00,0.00,0.00,0.00,0.00,0.00,0.00,0.0000,6.0000,0.00,0.00,0,0,0.00,0.00,0,0
27451,0.00,0.00,0.00,0.00,0.00,0.00,0.00,0.00,0.00,0.0000,6.0000,0.00,0.00,0,0,0.00,0.00,0,0
27651,0.00,0.00,0.00,0.00,0.00,0.00,0.00,0.00,0.00,0.0000,6.0000,0.00,0.00,0,0,0.00,0.00,0,0
27851,0.00,0.00,0.00,0.00,0.00,0.00,0.00,0.00,0.00,0.0000,6.0000,0.00,0.00,0,0,0.00,0.00,0,0
28051,0.00,0.00,0.00,0.00,0.00,0.00,0.00,0.00,0.00,0.0000,6.0000,0.00,0.00,0,0,0.00,0.00,0,0
28251,0.00,0.00,0.00,0.00,0.00,0.00,0.00,0.00,0.00,0.0000,6.0000,0.00,0.00,0,0,0.00,0.00,0,0
28451,0.00,0.00,0.00,0.00,0.00,0.00,0.00,0.00,0.00,0.0000,6.0000,0.00,0.00,0,0,0.00,0.00,0,0
28651,0.00,0.00,0.00,0.00,0.00,0.00,0.00,0.00,0.00,0.0000,6.0000,0.00,0.00,0,0,0.00,0.00,0,0
28851,0.00,0.00,0.00,0.00,0.00,0.00,0.00,0.00,0.00,0.0000,6.0000,0.00,0.00,0,0,0.00,0.00,0,0
29051,0.00,0.00,0.00,0.00,0.00,0.00,0.00,0.00,0.00,0.0000,6.0000,0.00,0.00,0,0,0.00,0.00,0,0
29251,0.00,0.00,0.00,0.00,0.00,0.00,0.00,0.00,0.00,0.0000,6.0000,0.00,0.00,0,0,0.00,0.00,0,0
29451,0.00,0.00,0.00,0.00,0.00,0.00,0.00,0.00,0.00,0.0000,6.0000,0.00,0.00,0,0,0.00,0.00,0,0
29651,0.00,0.00,0.00,0.00,0.00,0.00,0.00,0.00,0.00,0.0000,6.0000,0.00,0.00,0,0,0.00,0.00,0,0
29851,0.00,0.00,0.00,0.00,0.00,0.00,0.00,0.00,0.00,0.0000,6.0000,0.00,0.00,0,0,0.00,0.00,0,0
30051,0.00,0.00,0.00,0.00,0.00,0.00,0.00,0.00,0.00,0.0000,6.0000,0.00,0.00,0,0,0.00,0.00,0,0
30251,0.00,0.00,0.00,0.00,0.00,0.00,0.00,0.00,0.00,0.0000,6.0000,0.00,0.00,0,0,0.00,0.00,0,0
30451,0.00,0.00,0.00,0.00,0.00,0.00,0.00,0.00,0.00,0.0000,6.0000,0.00,0.00,0,0,0.00,0.00,0,0
30651,0.00,0.00,0.00,0.00,0.00,0.00,0.00,0.00,0.00,0.0000,6.0000,0.00,0.00,0,0,0.00,0.00,0,0
30851,0.00,0.00,0.00,0.00,0.00,0.00,0.00,0.00,0.00,0.0000,6.0000,0.00,0.00,0,0,0.00,0.00,0,0
31051,0.00,0.00,0.00,0.00,0.00,0.00,0.00,0.00,0.00,0.0000,6.0000,0.00,0.00,0,0,0.00,0.00,0,0
31251,0.00,0.00,0.00,0.00,0.00,0.00,0.00,0.00,0.00,0.0000,6.0000,0.00,0.00,0,0,0.00,0.00,0,0
31451,0.00,0.00,0.00,0.00,0.00,0.00,0.00,0.00,0.00,0.0000,6.0000,0.00,0.00,0,0,0.00,0.00,0,0
31651,0.00,0.00,0.00,0.00,0.00,0.00,0.00,0.00,0.00,0.0000,6.0000,0.00,0.00,0,0,0.00,0.00,0,0
31851,0.00,0.00,0.00,0.00,0.00,0.00,0.00,0.00,0.00,0.0000,6.0000,0.00,0.00,0,0,0.00,0.00,0,0
32051,0.00,0.00,0.00,0.00,0.00,0.00,0.00,0.00,0.00,0.0000,6.0000,0.00,0.00,0,0,0.00,0.00,0,0
32251,0.00,0.00,0.00,0.00,0.00,0.00,0.00,0.00,0.00,0.0000,6.0000,0.00,0.00,0,0,0.00,0.00,0,0
32451,0.00,0.00,0.00,0.00,0.00,0.00,0.00,0.00,0.00,0.0000,6.0000,0.00,0.00,0,0,0.00,0.00,0,0
32651,0.00,0.00,0.00,0.00,0.00,0.00,0.00,0.00,0.00,0.0000,6.0000,0.00,0.00,0,0,0.00,0.00,0,0
32851,0.00,0.00,0.00,0.00,0.00,0.00,0.00,0.00,0.00,0.0000,6.0000,0.00,0.00,0,0,0.00,0.00,0,0
33051,0.00,0.00,0.00,0.00,0.00,0.00,0.00,0.00,0.00,0.0000,6.0000,0.00,0.00,0,0,0.00,0.00,0,0
33251,0.00,0.00,0.00,0.00,0.00,0.00,0.00,0.00,0.00,0.0000,6.0000,0.00,0.00,0,0,0.00,0.00,0,0
33451,0.00,0.00,0.00,0.00,0.00,0.00,0.00,0.00,0.00,0.0000,6.0000,0.00,0.00,0,0,0.00,0.00,0,0
33651,0.00,0.00,0.00,0.00,0.00,0.00,0.00,0.00,0.00,0.0000,6.0000,0.00,0.00,0,0,0.00,0.00,0,0
33851,0.00,0.00,0.00,0.00,0.00,0.00,0.00,0.00,0.00,0.0000,6.0000,0.00,0.00,0,0,0.00,0.00,0,0
34051,0.00,0.00,0.00,0.00,0.00,0.00,0.00,0.00,0.00,0.0000,6.0000,0.00,0.00,0,0,0.00,0.00,0,0
34251,0.00,0.00,0.00,0.00,0.00,0.00,0.00,0.00,0.00,0.0000,6.0000,0.00,0.00,0,0,0.00,0.00,0,0
34451,0.00,0.00,0.00,0.00,0.00,0.00,0.00,0.00,0.00,0.0000,6.0000,0.00,0.00,0,0,0.00,0.00,0,0
34651,0.00,0.00,0.00,0.00,0.00,0.00,0.00,0.00,0.00,0.0000,6.0000,0.00,0.00,0,0,0.00,0.00,0,0
34851,0.00,0.00,0.00,0.00,0.00,0.00,0.00,0.00,0.00,0.0000,6.0000,0.00,0.00,0,0,0.00,0.00,0,0
35051,0.00,0.00,0.00,0.00,0.00,0.00,0.00,0.00,0.00,0.0000,6.0000,0.00,0.00,0,0,0.00,0.00,0,0
35251,0.00,0.00,0.00,0.00,0.00,0.00,0.00,0.00,0.00,0.0000,6.0000,0.00,0.00,0,0,0.00,0.00,0,0
35451,0.00,0.00,0.00,0.00,0.00,0.00,0.00,0.00,0.00,0.0000,6.0000,0.00,0.00,0,0,0.00,0.00,0,0
35651,0.00,0.00,0.00,0.00,0.00,0.00,0.00,0.00,0.00,0.0000,6.0000,0.00,0.00,0,0,0.00,0.00,0,0
35851,0.00,0.00,0.00,0.00,0.00,0.00,0.00,0.00,0.00,0.0000,6.0000,0.00,0.00,0,0,0.00,0.00,0,0
36051,0.00,0.00,0.00,0.00,0.00,0.00,0.00,0.00,0.00,0.0000,6.0000,0.00,0.00,0,0,0.00,0.00,0,0
36251,0.00,0.00,0.00,0.00,0.00,0.00,0.00,0.00,0.00,0.0000,6.0000,0.00,0.00,0,0,0.00,0.00,0,0
36451,0.00,0.00,0.00,0.00,0.00,0.00,0.00,0.00,0.00,0.0000,6.0000,0.00,0.00,0,0,0.00,0.00,0,0
36651,0.00,0.00,0.00,0.00,0.00,0.00,0.00,0.00,0.00,0.0000,6.0000,0.00,0.00,0,0,0.00,0.00,0,0
36851,0.00,0.00,0.00,0.00,0.00,0.00,0.00,0.00,0.00,0.0000,6.0000,0.00,0.00,0,0,0.00,0.00,0,0
37051,0.00,0.00,0.00,0.00,0.00,0.00,0.00,0.00,0.00,0.0000,6.0000,0.00,0.00,0,0,0.00,0.00,0,0
37251,0.00,0.00,0.00,0.00,0.00,0.00,0.00,0.00,0.00,0.0000,6.0000,0.00,0.00,0,0,0.00,0.00,0,0
37451,0.00,0.00,0.00,0.00,0.00,0.00,0.00,0.00,0.00,0.0000,6.0000,0.00,0.00,0,0,0.00,0.00,0,0
37651,0.00,0.00,0.00,0.00,0.00,0.00,0.00,0.00,0.00,0.0000,6.0000,0.00,0.00,0,0,0.00,0.00,0,0
37851,0.00,0.00,0.00,0.00,0.00,0.00,0.00,0.00,0.00,0.0000,6.0000,0.00,0.00,0,0,0.00,0.00,0,0
38051,0.00,0.00,0.00,0.00,0.00,0.00,0.00,0.00,0.00,0.0000,6.0000,0.00,0.00,0,0,0.00,0.00,0,0
38251,0.00,0.00,0.00,0.00,0.00,0.00,0.00,0.00,0.00,0.0000,6.0000,0.00,0.00,0,0,0.00,0.00,0,0
38451,0.00,0.00,0.00,0.00,0.00,0.00,0.00,0.00,0.00,0.0000,6.0000,0.00,0.00,0,0,0.00,0.00,0,0
38651,0.00,0.00,0.00,0.00,0.00,0.00,0.00,0.00,0.00,0.0000,6.0000,0.00,0.00,0,0,0.00,0.00,0,0
38851,0.00,0.00,0.00,0.00,0.00,0.00,0.00,0.00,0.00,0.0000,6.0000,0.00,0.00,0,0,0.00,0.00,0,0
39051,0.00,0.00,0.00,0.00,0.00,0.00,0.00,0.00,0.00,0.0000,6.0000,0.00,0.00,0,0,0.00,0.00,0,0
39251,0.00,0.00,0.00,0.00,0.00,0.00,0.00,0.00,0.00,0.0000,6.0000,0.00,0.00,0,0,0.00,0.00,0,0
39451,0.00,0.00,0.00,0.00,0.00,0.00,0.00,0.00,0.00,0.0000,6.0000,0.00,0.00,0,0,0.00,0.00,0,0
39651,0.00,0.00,0.00,0.00,0.00,0.00,0.00,0.00,0.00,0.0000,6.0000,0.00,0.00,0,0,0.00,0.00,0,0
39851,0.00,0.00,0.00,0.00,0.00,0.00,0.00,0.00,0.00,0.0000,6.0000,0.00,0.00,0,0,0.00,0.00,0,0
40051,0.00,0.00,0.00,0.00,0.00,0.00,0.00,0.00,0.00,0.0000,6.0000,0.00,0.00,0,0,0.00,0.00,0,0
40251,0.00,0.00,0.00,0.00,0.00,0.00,0.00,0.00,0.00,0.0000,6.0000,0.00,0.00,0,0,0.00,0.00,0,0
40451,0.00,0.00,0.00,0.00,0.00,0.00,0.00,0.00,0.00,0.0000,6.0000,0.00,0.00,0,0,0.00,0.00,0,0
40651,0.00,0.00,0.00,0.00,0.00,0.00,0.00,0.00,0.00,0.0000,6.0000,0.00,0.00,0,0,0.00,0.00,0,0
40851,0.00,0.00,0.00,0.00,0.00,0.00,0.00,0.00,0.00,0.0000,6.0000,0.00,0.00,0,0,0.00,0.00,0,0
41051,0.00,0.00,0.00,0.00,0.00,0.00,0.00,0.00,0.00,0.0000,6.0000,0.00,0.00,0,0,0.00,0.00,0,0
41251,0.00,0.00,0.00,0.00,0.00,0.00,0.00,0.00,0.00,0.0000,6.0000,0.00,0.00,0,0,0.00,0.00,0,0
41451,0.00,0.00,0.00,0.00,0.00,0.00,0.00,0.00,0.00,0.0000,6.0000,0.00,0.00,0,0,0.00,0.00,0,0
41651,0.00,0.00,0.00,0.00,0.00,0.00,0.00,0.00,0.00,0.0000,6.0000,0.00,0.00,0,0,0.00,0.00,0,0
41851,0.00,0.00,0.00,0.00,0.00,0.00,0.00,0.00,0.00,0.0000,6.0000,0.00,0.00,0,0,0.00,0.00,0,0
42051,0.00,0.00,0.00,0.00,0.00,0.00,0.00,0.00,0.00,0.0000,6.0000,0.00,0.00,0,0,0.00,0.00,0,0
42251,0.00,0.00,0.00,0.00,0.00,0.00,0.00,0.00,0.00,0.0000,6.0000,0.00,0.00,0,0,0.00,0.00,0,0
42451,0.00,0.00,0.00,0.00,0.00,0.00,0.00,0.00,0.00,0.0000,6.0000,0.00,0.00,0,0,0.00,0.00,0,0
42651,0.00,0.00,0.00,0.00,0.00,0.00,0.00,0.00,0.00,0.0000,6.0000,0.00,0.00,0,0,0.00,0.00,0,0
42851,0.00,0.00,0.00,0.00,0.00,0.00,0.00,0.00,0.00,0.0000,6.0000,0.00,0.00,0,0,0.00,0.00,0,0
43051,0.00,0.00,0.00,0.00,0.00,0.00,0.00,0.00,0.00,0.0000,6.0000,0.00,0.00,0,0,0.00,0.00,0,0
43251,0.00,0.00,0.00,0.00,0.00,0.00,0.00,0.00,0.00,0.0000,6.0000,0.00,0.00,0,0,0.00,0.00,0,0
43451,0.00,0.00,0.00,0.00,0.00,0.00,0.00,0.00,0.00,0.0000,6.0000,0.00,0.00,0,0,0.00,0.00,0,0
43651,0.00,0.00,0.00,0.00,0.00,0.00,0.00,0.00,0.00,0.0000,6.0000,0.00,0.00,0,0,0.00,0.00,0,0
43851,0.00,0.00,0.00,0.00,0.00,0.00,0.00,0.00,0.00,0.0000,6.0000,0.00,0.00,0,0,0.00,0.00,0,0
44051,0.00,0.00,0.00,0.00,0.00,0.00,0.00,0.00,0.00,0.0000,6.0000,0.00,0.00,0,0,0.00,0.00,0,0
44251,0.00,0.00,0.00,0.00,0.00,0.00,0.00,0.00,0.00,0.0000,6.0000,0.00,0.00,0,0,0.00,0.00,0,0
44451,0.00,0.00,0.00,0.00,0.00,0.00,0.00,0.00,0.00,0.0000,6.0000,0.00,0.00,0,0,0.00,0.00,0,0
44651,0.00,0.00,0.00,0.00,0.00,0.00,0.00,0.00,0.00,0.0000,6.0000,0.00,0.00,0,0,0.00,0.00,0,0
44851,0.00,0.00,0.00,0.00,0.00,0.00,0.00,0.00,0.00,0.0000,6.0000,0.00,0.00,0,0,0.00,0.00,0,0
45051,0.00,0.00,0.00,0.00,0.00,0.00,0.00,0.00,0.00,0.0000,6.0000,0.00,0.00,0,0,0.00,0.00,0,0
45251,0.00,0.00,0.00,0.00,0.00,0.00,0.00,0.00,0.00,0.0000,6.0000,0.00,0.00,0,0,0.00,0.00,0,0
45451,0.00,0.00,0.00,0.00,0.00,0.00,0.00,0.00,0.00,0.0000,6.0000,0.00,0.00,0,0,0.00,0.00,0,0
45651,0.00,0.00,0.00,0.00,0.00,0.00,0.00,0.00,0.00,0.0000,6.0000,0.00,0.00,0,0,0.00,0.00,0,0
45851,0.00,0.00,0.00,0.00,0.00,0.00,0.00,0.00,0.00,0.0000,6.0000,0.00,0.00,0,0,0.00,0.00,0,0
46051,0.00,0.00,0.00,0.00,0.00,0.00,0.00,0.00,0.00,0.0000,6.0000,0.00,0.00,0,0,0.00,0.00,0,0
46251,0.00,0.00,0.00,0.00,0.00,0.00,0.00,0.00,0.00,0.0000,6.0000,0.00,0.00,0,0,0.00,0.00,0,0
46451,0.00,0.00,0.00,0.00,0.00,0.00,0.00,0.00,0.00,0.0000,6.0000,0.00,0.00,0,0,0.00,0.00,0,0
46651,0.00,0.00,0.00,0.00,0.00,0.00,0.00,0.00,0.00,0.0000,6.0000,0.00,0.00,0,0,0.00,0.00,0,0
46851,0.00,0.00,0.00,0.00,0.00,0.00,0.00,0.00,0.00,0.0000,6.0000,0.00,0.00,0,0,0.00,0.00,0,0
47051,0.00,0.00,0.00,0.00,0.00,0.00,0.00,0.00,0.00,0.0000,6.0000,0.00,0.00,0,0,0.00,0.00,0,0
47251,0.00,0.00,0.00,0.00,0.00,0.00,0.00,0.00,0.00,0.0000,6.0000,0.00,0.00,0,0,0.00,0.00,0,0
47451,0.00,0.00,0.00,0.00,0.00,0.00,0.00,0.00,0.00,0.0000,6.0000,0.00,0.00,0,0,0.00,0.00,0,0
47651,0.00,0.00,0.00,0.00,0.00,0.00,0.00,0.00,0.00,0.0000,6.0000,0.00,0.00,0,0,0.00,0.00,0,0
47851,0.00,0.00,0.00,0.00,0.00,0.00,0.00,0.00,0.00,0.0000,6.0000,0.00,0.00,0,0,0.00,0.00,0,0
48051,0.00,0.00,0.00,0.00,0.00,0.00,0.00,0.00,0.00,0.0000,6.0000,0.00,0.00,0,0,0.00,0.00,0,0
48251,0.00,0.00,0.00,0.00,0.00,0.00,0.00,0.00,0.00,0.0000,6.0000,0.00,0.00,0,0,0.00,0.00,0,0
48451,0.00,0.00,0.00,0.00,0.00,0.00,0.00,0.00,0.00,0.0000,6.0000,0.00,0.00,0,0,0.00,0.00,0,0
48651,0.00,0.00,0.00,0.00,0.00,0.00,0.00,0.00,0.00,0.0000,6.0000,0.00,0.00,0,0,0.00,0.00,0,0
48851,0.00,0.00,0.00,0.00,0.00,0.00,0.00,0.00,0.00,0.0000,6.0000,0.00,0.00,0,0,0.00,0.00,0,0
49051,0.00,0.00,0.00,0.00,0.00,0.00,0.00,0.00,0.00,0.0000,6.0000,0.00,0.00,0,0,0.00,0.00,0,0
49251,0.00,0.00,0.00,0.00,0.00,0.00,0.00,0.00,0.00,0.0000,6.0000,0.00,0.00,0,0,0.00,0.00,0,0
49451,0.00,0.00,0.00,0.00,0.00,0.00,0.00,0.00,0.00,0.0000,6.0000,0.00,0.00,0,0,0.00,0.00,0,0
49651,0.00,0.00,0.00,0.00,0.00,0.00,0.00,0.00,0.00,0.0000,6.0000,0.00,0.00,0,0,0.00,0.00,0,0
49851,0.00,0.00,0.00,0.00,0.00,0.00,0.00,0.00,0.00,0.0000,6.0000,0.00,0.00,0,0,0.00,0.00,0,0
50051,0.00,0.00,0.00,0.00,0.00,0.00,0.00,0.00,0.00,0.0000,6.0000,0.00,0.00,0,0,0.00,0.00,0,0
50251,0.00,0.00,0.00,0.00,0.00,0.00,0.00,0.00,0.00,0.0000,6.0000,0.00,0.00,0,0,0.00,0.00,0,0
50451,0.00,0.00,0.00,0.00,0.00,0.00,0.00,0.00,0.00,0.0000,6.0000,0.00,0.00,0,0,0.00,0.00,0,0
50651,0.00,0.00,0.00,0.00,0.00,0.00,0.00,0.00,0.00,0.0000,6.0000,0.00,0.00,0,0,0.00,0.00,0,0
50851,0.00,0.00,0.00,0.00,0.00,0.00,0.00,0.00,0.00,0.0000,6.0000,0.00,0.00,0,0,0.00,0.00,0,0
51051,0.00,0.00,0.00,0.00,0.00,0.00,0.00,0.00,0.00,0.0000,6.0000,0.00,0.00,0,0,0.00,0.00,0,0
51251,0.00,0.00,0.00,0.00,0.00,0.00,0.00,0.00,0.00,0.0000,6.0000,0.00,0.00,0,0,0.00,0.00,0,0
51451,0.00,0.00,0.00,0.00,0.00,0.00,0.00,0.00,0.00,0.0000,6.0000,0.00,0.00,0,0,0.00,0.00,0,0
51651,0.00,0.00,0.00,0.00,0.00,0.00,0.00,0.00,0.00,0.0000,6.0000,0.00,0.00,0,0,0.00,0.00,0,0
51851,0.00,0.00,0.00,0.00,0.00,0.00,0.00,0.00,0.00,0.0000,6.0000,0.00,0.00,0,0,0.00,0.00,0,0
52051,0.00,0.00,0.00,0.00,0.00,0.00,0.00,0.00,0.00,0.0000,6.0000,0.00,0.00,0,0,0.00,0.00,0,0
52251,0.00,0.00,0.00,0.00,0.00,0.00,0.00,0.00,0.00,0.0000,6.0000,0.00,0.00,0,0,0.00,0.00,0,0
52451,0.00,0.00,0.00,0.00,0.00,0.00,0.00,0.00,0.00,0.0000,6.0000,0.00,0.00,0,0,0.00,0.00,0,0
52651,0.00,0.00,0.00,0.00,0.00,0.00,0.00,0.00,0.00,0.0000,6.0000,0.00,0.00,0,0,0.00,0.00,0,0
52851,0.00,0.00,0.00,0.00,0.00,0.00,0.00,0.00,0.00,0.0000,6.0000,0.00,0.00,0,0,0.00,0.00,0,0
53051,0.00,0.00,0.00,0.00,0.00,0.00,0.00,0.00,0.00,0.0000,6.0000,0.00,0.00,0,0,0.00,0.00,0,0
53251,0.00,0.00,0.00,0.00,0.00,0.00,0.00,0.00,0.00,0.0000,6.0000,0.00,0.00,0,0,0.00,0.00,0,0
53451,0.00,0.00,0.00,0.00,0.00,0.00,0.00,0.00,0.00,0.0000,6.0000,0.00,0.00,0,0,0.00,0.00,0,0
53651,0.00,0.00,0.00,0.00,0.00,0.00,0.00,0.00,0.00,0.0000,6.0000,0.00,0.00,0,0,0.00,0.00,0,0
53851,0.00,0.00,0.00,0.00,0.00,0.00,0.00,0.00,0.00,0.0000,6.0000,0.00,0.00,0,0,0.00,0.00,0,0
54051,0.00,0.00,0.00,0.00,0.00,0.00,0.00,0.00,0.00,0.0000,6.0000,0.00,0.00,0,0,0.00,0.00,0,0
54251,0.00,0.00,0.00,0.00,0.00,0.00,0.00,0.00,0.00,0.0000,6.0000,0.00,0.00,0,0,0.00,0.00,0,0
54451,0.00,0.00,0.00,0.00,0.00,0.00,0.00,0.00,0.00,0.0000,6.0000,0.00,0.00,0,0,0.00,0.00,0,0
54651,0.00,0.00,0.00,0.00,0.00,0.00,0.00,0.00,0.00,0.0000,6.0000,0.00,0.00,0,0,0.00,0.00,0,0
54851,0.00,0.00,0.00,0.00,0.00,0.00,0.00,0.00,0.00,0.0000,6.0000,0.00,0.00,0,0,0.00,0.00,0,0
55051,0.00,0.00,0.00,0.00,0.00,0.00,0.00,0.00,0.00,0.0000,6.0000,0.00,0.00,0,0,0.00,0.00,0,0
55251,0.00,0.00,0.00,0.00,0.00,0.00,0.00,0.00,0.00,0.0000,6.0000,0.00,0.00,0,0,0.00,0.00,0,0
55451,0.00,0.00,0.00,0.00,0.00,0.00,0.00,0.00,0.00,0.0000,6.0000,0.00,0.00,0,0,0.00,0.00,0,0
55651,0.00,0.00,0.00,0.00,0.00,0.00,0.00,0.00,0.00,0.0000,6.0000,32.00,0.00,0,0,0.00,0.00,0,0
55851,0.00,0.00,25.00,100.00,0.00,1.64,0.82,0.00,0.00,0.0000,6.0000,196.79,0.00,0,0,0.00,0.00,0,0
56051,0.00,0.00,18.75,0.00,0.00,1.23,0.61,0.00,0.00,0.0000,6.0000,369.24,0.00,0,0,0.00,0.00,0,0
56251,0.00,0.00,14.06,0.00,0.00,0.92,0.46,0.00,0.00,0.0000,6.0000,321.80,0.00,0,0,0.00,0.00,0,0
56451,0.00,0.00,10.55,0.00,0.00,0.69,0.35,0.00,0.00,0.0000,6.0000,209.89,0.00,0,0,0.00,0.00,0,0
56651,0.00,0.00,7.91,0.00,0.00,0.52,0.26,0.00,0.00,0.0000,6.0000,117.97,0.00,0,0,0.00,0.00,0,0
56851,0.00,0.00,5.93,0.00,0.00,0.39,0.19,0.00,0.00,0.0000,6.0000,48.32,0.00,0,0,0.00,0.00,0,0
57051,0.00,0.00,4.45,0.00,0.00,0.29,0.15,0.00,0.00,0.0000,6.0000,59.79,0.00,0,0,0.00,0.00,0,0
57251,0.00,0.00,3.34,0.00,0.00,0.22,0.11,0.00,0.00,0.0000,6.0000,84.97,0.00,0,0,0.00,0.00,0,0
57451,0.00,0.00,2.50,0.00,0.00,0.16,0.08,0.00,0.00,0.0000,6.0000,336.56,0.00,0,0,0.00,0.00,0,0
57651,0.00,0.00,1.88,0.00,0.00,0.12,0.06,0.00,0.00,0.0000,6.0000,687.30,0.00,0,0,0.00,0.00,0,0
57851,0.00,0.00,1.41,0.00,0.00,0.09,0.05,0.00,0.00,0.0000,6.0000,990.00,0.00,0,0,0.00,0.00,0,0
58051,0.00,0.00,1.06,0.00,0.00,0.07,0.03,0.00,0.00,0.0000,6.0000,1179.58,0.00,0,0,0.00,0.00,0,0
58251,0.00,0.00,0.79,0.00,0.00,0.05,0.03,0.00,0.00,0.0000,6.0000,1329.24,0.00,0,0,0.00,0.00,0,0
58451,0.00,0.00,0.59,0.00,0.00,0.04,0.02,0.00,0.00,0.0000,6.0000,1371.02,0.00,0,0,0.00,0.00,0,0
58651,0.00,0.00,0.45,0.00,0.00,0.03,0.01,0.00,0.00,0.0000,6.0000,1362.53,0.00,0,0,0.00,0.00,0,0
58851,0.00,0.00,25.33,100.00,0.00,1.66,0.83,0.00,0.00,0.0000,6.0000,1359.05,0.00,0,0,0.00,0.00,0,0
59051,0.00,0.00,44.00,100.00,0.00,2.88,1.44,0.00,0.00,0.0000,6.0000,1383.23,0.00,0,0,0.00,0.00,0,0
59251,0.00,0.00,58.00,100.00,0.00,3.80,1.90,0.00,0.00,0.0000,6.0000,1418.73,0.00,0,0,0.00,0.00,0,0
59451,0.00,0.00,68.50,100.00,0.00,4.48,2.24,0.00,0.00,0.0000,6.0000,1460.15,0.00,0,0,0.00,0.00,0,0
59651,0.00,0.00,101.38,200.00,0.00,6.63,3.32,0.00,0.00,0.0000,6.0000,1477.12,0.00,0,0,0.00,0.00,0,0
59851,0.00,0.00,101.03,100.00,0.00,6.61,3.31,0.00,0.00,0.0000,6.0000,1420.07,0.00,0,0,0.00,0.00,0,0
60051,0.00,0.00,75.77,0.00,0.00,4.96,2.48,0.00,0.00,0.0000,6.0000,1408.22,0.00,0,0,0.00,0.00,0,0
60251,0.00,0.00,56.83,0.00,0.00,3.72,1.86,0.00,0.00,0.0000,6.0000,1428.97,0.00,0,0,0.00,0.00,0,0
60451,0.00,0.00,42.62,0.00,0.00,2.79,1.39,0.00,0.00,0.0000,6.0000,1443.86,0.00,0,0,0.00,0.00,0,0
60651,0.00,0.00,31.97,0.00,0.00,2.09,1.05,0.00,0.00,0.0000,6.0000,1449.97,0.00,0,0,0.00,0.00,0,0
60851,0.00,0.00,23.98,0.00,0.00,1.57,0.78,0.00,0.00,0.0000,6.0000,1452.47,0.00,0,0,0.00,0.00,0,0
61051,0.00,0.00,17.98,0.00,0.00,1.18,0.59,0.00,0.00,0.0000,6.0000,1421.49,0.00,0,0,0.00,0.00,0,0
61251,0.00,0.00,38.49,100.00,0.00,2.52,1.26,0.00,0.00,0.0000,6.0000,1448.80,0.00,0,0,0.00,0.00,0,0
61451,0.00,0.00,78.86,200.00,0.00,5.16,2.58,0.00,0.00,0.0000,6.0000,1411.99,0.00,0,0,0.00,0.00,0,0
61651,0.00,0.00,59.15,0.00,0.00,3.87,1.94,0.00,0.00,0.0000,6.0000,1404.91,0.00,0,0,0.00,0.00,0,0
61851,0.00,0.00,44.36,0.00,0.00,2.90,1.45,0.00,0.00,0.0000,6.0000,1402.01,0.00,0,0,0.00,0.00,0,0
62051,0.00,0.00,33.27,0.00,0.00,2.18,1.09,0.00,0.00,0.0000,6.0000,1498.42,0.00,0,0,0.00,0.00,0,0
62251,0.00,0.00,49.95,100.00,0.00,3.27,1.63,0.00,0.00,0.0000,6.0000,1748.47,0.00,0,0,0.00,0.00,0,0
62451,0.00,0.00,37.46,0.00,0.00,2.45,1.23,0.00,0.00,0.0000,6.0000,1922.58,0.00,0,0,0.00,0.00,0,0
62651,0.00,0.00,28.10,0.00,0.00,1.84,0.92,0.00,0.00,0.0000,6.0000,1988.77,0.00,0,0,0.00,0.00,0,0
62851,0.00,0.00,21.07,0.00,0.00,1.38,0.69,0.00,0.00,0.0000,6.0000,2055.88,0.00,0,0,0.00,0.00,717,168
63051,0.00,0.00,40.81,100.00,0.00,2.67,1.34,0.00,0.00,0.0000,6.0000,2022.89,0.00,0,0,0.00,0.00,305,470
63251,0.00,0.00,30.60,0.00,0.00,2.00,1.00,0.00,0.00,0.0000,6.0000,2025.13,0.00,0,0,0.00,0.00,333,417
63451,0.00,0.00,22.95,0.00,0.00,1.50,0.75,0.00,0.00,0.0000,6.0000,2102.77,0.00,0,0,0.00,0.00,1303,594
63651,0.00,0.00,17.22,0.00,0.00,1.13,0.56,0.00,0.00,0.0000,6.0000,2232.18,0.00,0,0,0.00,0.00,2919,1589
63851,0.00,0.00,12.91,0.00,0.00,0.85,0.42,0.00,0.00,0.0000,6.0000,2278.78,0.00,0,0,0.00,0.00,3501,2136
64051,0.00,0.00,9.68,0.00,0.00,0.63,0.32,0.00,0.00,0.0000,6.0000,2297.87,0.00,0,0,0.00,0.00,3739,3252
64251,0.00,0.00,7.26,0.00,0.00,0.48,0.24,0.00,0.00,0.0000,6.0000,2337.69,0.00,0,0,0.00,0.00,4236,3625
64451,0.00,0.00,5.45,0.00,0.00,0.36,0.18,0.00,0.00,0.0000,6.0000,2374.48,0.00,0,0,0.00,0.00,4696,4176
64651,0.00,0.00,4.09,0.00,0.00,0.27,0.13,0.00,0.00,0.0000,6.0000,2442.03,0.00,0,0,0.00,0.00,5539,4792
64851,0.00,0.00,3.06,0.00,0.00,0.20,0.10,0.00,0.00,0.0000,6.0000,2417.21,0.00,0,0,0.00,0.00,5229,5235
65051,0.00,0.00,2.30,0.00,0.00,0.15,0.08,0.00,0.00,0.0022,5.9978,2472.65,0.00,0,0,0.00,0.00,5922,5369
65251,0.00,0.00,1.72,0.00,0.00,0.11,0.06,0.00,0.00,0.0022,5.9978,2455.36,0.00,0,0,0.00,0.00,5706,5879
65451,0.00,0.00,1.29,0.00,0.00,0.08,0.04,0.00,0.00,0.0022,5.9978,2454.68,0.00,0,0,0.00,0.00,5697,5444
65651,0.00,0.00,0.97,0.00,0.00,0.06,0.03,0.00,0.00,0.0022,5.9978,2487.18,0.00,0,0,0.00,0.00,6103,5854
65851,0.00,0.00,0.73,0.00,0.00,0.05,0.02,0.00,0.00,0.0022,5.9978,2485.26,0.00,0,0,0.00,0.00,6079,6076
66051,0.00,0.00,0.55,0.00,0.00,0.04,0.02,0.00,0.00,0.0022,5.9978,2474.92,0.00,0,0,0.00,0.00,5950,5560
66251,12.50,50.00,0.41,0.00,0.82,0.03,0.42,0.00,0.00,0.0022,5.9978,2496.29,0.00,0,0,0.00,0.00,6217,5893
66451,9.38,0.00,0.31,0.00,0.61,0.02,0.32,0.00,0.00,0.0022,5.9978,2459.92,0.00,0,0,0.00,0.00,5763,6150
66651,19.53,50.00,0.23,0.00,1.28,0.02,0.65,0.00,0.00,0.0022,5.9978,2485.02,0.00,0,0,0.00,0.00,6076,5717
66851,14.65,0.00,0.17,0.00,0.96,0.01,0.49,0.00,0.00,0.0022,5.9978,2500.43,0.00,0,0,0.00,0.00,6269,5957
67051,23.49,50.00,0.13,0.00,1.54,0.01,0.77,0.00,0.00,0.0022,5.9978,2441.13,0.00,0,0,0.00,0.00,5528,5653
67251,30.11,50.00,0.10,0.00,1.97,0.01,0.99,0.00,0.00,0.0022,5.9978,2469.33,0.00,0,0,0.00,0.00,5880,5839
67451,22.59,0.00,0.07,0.00,1.48,0.00,0.74,0.00,0.00,0.0044,5.9956,2480.88,0.00,0,0,0.00,0.00,6024,6001
67651,29.44,50.00,0.05,0.00,1.93,0.00,0.97,0.00,0.00,0.0044,5.9956,2493.61,0.00,0,0,0.00,0.00,6183,5944
67851,34.58,50.00,0.04,0.00,2.26,0.00,1.13,0.00,0.00,0.0044,5.9956,2463.94,0.00,0,0,0.00,0.00,5813,6013
68051,38.43,50.00,0.03,0.00,2.52,0.00,1.26,0.00,0.00,0.0044,5.9956,2478.67,0.00,0,0,0.00,0.00,5997,5977
68251,41.33,50.00,0.02,0.00,2.70,0.00,1.35,0.00,0.00,0.0044,5.9956,2484.70,0.00,0,0,0.00,0.00,6072,6109
68451,43.49,50.00,0.02,0.00,2.85,0.00,1.42,0.00,0.00,0.0044,5.9956,2489.39,0.00,0,0,0.00,0.00,6131,5993
68651,45.12,50.00,0.01,0.00,2.95,0.00,1.48,0.00,0.00,0.0044,5.9956,2498.76,0.00,0,0,0.00,0.00,6248,6232
68851,46.34,50.00,0.01,0.00,3.03,0.00,1.52,0.00,0.00,0.0044,5.9956,2451.48,0.00,0,0,0.00,0.00,5657,6230
69051,59.76,100.00,0.01,0.00,3.91,0.00,1.96,0.00,0.00,0.0044,5.9956,2441.57,0.00,0,0,0.00,0.00,5534,5774
69251,57.32,50.00,0.01,0.00,3.75,0.00,1.88,0.00,0.00,0.0044,5.9956,2417.03,0.00,0,0,0.00,0.00,5227,5279
69451,55.49,50.00,0.00,0.00,3.63,0.00,1.82,0.00,0.00,0.0044,5.9956,2406.97,0.00,0,0,0.00,0.00,5102,5121
69651,66.62,100.00,0.00,0.00,4.36,0.00,2.18,0.00,0.00,0.0044,5.9956,2434.86,0.00,0,0,0.00,0.00,5450,5121
69851,62.46,50.00,0.00,0.00,4.09,0.00,2.04,0.00,0.00,0.0044,5.9956,2474.76,0.00,0,0,0.00,0.00,5948,5557
70051,71.85,100.00,0.00,0.00,4.70,0.00,2.35,0.00,0.00,0.0044,5.9956,2398.62,0.00,0,0,0.00,0.00,4997,5685
70251,66.38,50.00,50.00,200.00,4.34,3.27,3.81,0.00,0.00,0.0044,5.9956,2471.44,0.00,0,0,0.00,0.00,5907,5051
70451,74.79,100.00,37.50,0.00,4.89,2.45,3.67,0.00,0.00,0.0044,5.9956,2454.86,0.00,0,0,0.00,0.00,5700,5645
70651,68.59,50.00,28.13,0.00,4.49,1.84,3.17,0.00,0.00,0.0044,5.9956,2453.69,0.00,0,0,0.00,0.00,5685,5846
70851,76.44,100.00,96.09,300.00,5.00,6.29,5.65,0.00,0.00,0.0044,5.9956,2412.27,0.00,0,0,0.00,0.00,5168,4735
71051,82.33,100.00,72.07,0.00,5.39,4.72,5.05,0.00,0.00,0.0044,5.9956,2470.63,0.00,0,0,0.00,0.00,5896,4965
71251,74.25,50.00,54.05,0.00,4.86,3.54,4.20,0.00,0.00,0.0044,5.9956,2454.53,0.00,0,0,0.00,0.00,5695,5439
71451,80.69,100.00,65.54,100.00,5.28,4.29,4.79,0.00,0.00,0.0044,5.9956,2422.34,0.00,0,0,0.00,0.00,5293,5845
71651,73.02,50.00,74.16,100.00,4.78,4.85,4.82,0.00,0.00,0.0044,5.9956,2449.15,0.00,0,0,0.00,0.00,5628,5157
71851,79.76,100.00,55.62,0.00,5.22,3.64,4.43,0.00,0.00,0.0044,5.9956,2485.73,0.00,0,0,0.00,0.00,6085,5679
72051,84.82,100.00,41.71,0.00,5.55,2.73,4.14,0.00,0.00,0.0044,5.9956,2460.72,0.00,0,0,0.00,0.00,5773,5962
72251,76.12,50.00,31.28,0.00,4.98,2.05,3.51,0.00,0.00,0.0044,5.9956,2485.35,0.00,0,0,0.00,0.00,6080,5910
72451,82.09,100.00,23.46,0.00,5.37,1.54,3.45,0.00,0.00,0.0044,5.9956,2460.56,0.00,0,0,0.00,0.00,5771,6196
72651,86.57,100.00,17.60,0.00,5.67,1.15,3.41,0.00,0.00,0.0044,5.9956,2477.29,0.00,0,0,0.00,0.00,5980,5828
72851,89.92,100.00,13.20,0.00,5.89,0.86,3.37,0.00,0.00,0.0044,5.9956,2497.26,0.00,0,0,0.00,0.00,6229,6129
73051,79.94,50.00,9.90,0.00,5.23,0.65,2.94,0.00,0.00,0.0044,5.9956,2505.44,0.00,0,0,0.00,0.00,6331,6289
73251,84.96,100.00,7.42,0.00,5.56,0.49,3.02,0.00,0.00,0.0067,5.9933,2508.35,0.00,0,0,0.00,0.00,6368,6110
73451,88.72,100.00,5.57,0.00,5.81,0.36,3.09,0.00,0.00,0.0067,5.9933,2536.86,0.00,0,0,0.00,0.00,6724,6328
73651,91.54,100.00,4.18,0.00,5.99,0.27,3.13,0.00,0.00,0.0067,5.9933,2107.45,0.00,0,0,0.00,0.00,4577,6363
73851,81.15,50.00,15.63,50.00,5.31,1.02,3.17,0.00,0.00,0.0067,5.9933,2372.65,0.00,0,0,0.00,0.00,4673,4189
74051,85.87,100.00,24.22,50.00,5.62,1.59,3.60,0.00,0.00,0.0067,5.9933,2506.88,0.00,0,0,0.00,0.00,6349,3797
74251,89.40,100.00,18.17,0.00,5.85,1.19,3.52,0.00,0.00,0.0067,5.9933,2593.86,0.00,0,0,0.00,0.00,7435,4251
74451,79.55,50.00,38.63,100.00,5.21,2.53,3.87,0.00,0.00,0.0067,5.9933,2557.48,0.00,0,0,0.00,0.00,6981,5126
74651,72.16,50.00,41.47,50.00,4.72,2.71,3.72,0.00,0.00,0.0067,5.9933,2550.59,0.00,0,0,0.00,0.00,6895,6300
74851,79.12,100.00,56.10,100.00,5.18,3.67,4.43,0.00,0.00,0.0067,5.9933,2501.68,0.00,0,0,0.00,0.00,6284,6181
75051,84.34,100.00,54.58,50.00,5.52,3.57,4.55,0.00,0.00,0.0067,5.9933,2559.73,0.00,0,0,0.00,0.00,7009,6188
75251,88.26,100.00,40.93,0.00,5.78,2.68,4.23,0.00,0.00,0.0067,5.9933,2583.50,0.00,0,0,0.00,0.00,7306,6694
75451,91.19,100.00,30.70,0.00,5.97,2.01,3.99,0.00,0.00,0.0067,5.9933,2593.24,0.00,0,0,0.00,0.00,7428,7336
75651,93.39,100.00,23.02,0.00,6.11,1.51,3.81,0.00,0.00,0.0067,5.9933,2607.06,0.00,0,0,0.00,0.00,7600,7410
75851,95.05,100.00,17.27,0.00,6.22,1.13,3.68,0.00,0.00,0.0067,5.9933,2588.62,0.00,0,0,0.00,0.00,7370,7334
76051,83.78,50.00,12.95,0.00,5.48,0.85,3.17,0.00,0.00,0.0067,5.9933,2627.34,0.00,0,0,0.00,0.00,7853,7494
76251,87.84,100.00,9.71,0.00,5.75,0.64,3.19,0.00,0.00,0.0067,5.9933,2651.20,0.00,0,0,0.00,0.00,8151,7687
76451,103.38,150.00,7.29,0.00,6.77,0.48,3.62,0.00,0.00,0.0067,5.9933,2636.69,0.00,0,0,0.00,0.00,7970,7919
76651,102.53,100.00,5.46,0.00,6.71,0.36,3.53,0.00,0.00,0.0067,5.9933,2628.06,0.00,0,0,0.00,0.00,7862,8050
76851,101.90,100.00,4.10,0.00,6.67,0.27,3.47,0.00,0.00,0.0067,5.9933,2637.09,0.00,0,0,0.00,0.00,7975,7880
77051,101.43,100.00,3.07,0.00,6.64,0.20,3.42,0.00,0.00,0.0089,5.9911,2635.67,0.00,0,0,0.00,0.00,7957,8118
77251,101.07,100.00,2.31,0.00,6.61,0.15,3.38,0.00,0.00,0.0089,5.9911,2640.21,0.00,0,0,0.00,0.00,8014,7994
77451,100.80,100.00,1.73,0.00,6.60,0.11,3.36,0.00,0.00,0.0089,5.9911,2648.47,0.00,0,0,0.00,0.00,8117,7879
77651,100.60,100.00,1.30,0.00,6.58,0.08,3.33,0.00,0.00,0.0089,5.9911,2659.85,0.00,0,0,0.00,0.00,8259,7821
77851,100.45,100.00,0.97,0.00,6.57,0.06,3.32,0.00,0.00,0.0089,5.9911,2664.52,0.00,0,0,0.00,0.00,8318,7938
78051,100.34,100.00,0.73,0.00,6.57,0.05,3.31,0.00,0.00,0.0089,5.9911,2658.43,0.00,0,0,0.00,0.00,8242,8059
78251,100.25,100.00,0.55,0.00,6.56,0.04,3.30,0.00,0.00,0.0089,5.9911,2676.41,0.00,0,0,0.00,0.00,8466,8207
78451,100.19,100.00,0.41,0.00,6.56,0.03,3.29,0.00,0.00,0.0089,5.9911,2717.38,0.00,0,0,0.00,0.00,8978,8517
78651,100.14,100.00,0.31,0.00,6.55,0.02,3.29,0.00,0.00,0.0089,5.9911,2734.16,0.00,0,0,0.00,0.00,9187,9311
78851,112.61,150.00,0.23,0.00,7.37,0.02,3.69,0.00,0.00,0.0089,5.9911,2747.43,0.00,0,0,0.00,0.00,9353,9189
79051,109.46,100.00,0.17,0.00,7.16,0.01,3.59,0.00,0.00,0.0089,5.9911,2757.99,0.00,0,0,0.00,0.00,9485,9325
79251,107.09,100.00,0.13,0.00,7.01,0.01,3.51,0.00,0.00,0.0089,5.9911,2782.79,0.00,0,0,0.00,0.00,9795,9693
79451,117.82,150.00,0.10,0.00,7.71,0.01,3.86,0.00,0.00,0.0089,5.9911,2760.95,0.00,0,0,0.00,0.00,9522,9845
79651,113.36,100.00,25.07,100.00,7.42,1.64,4.53,0.00,0.00,0.0089,5.9911,2784.01,0.00,0,0,0.00,0.00,9810,9717
79851,122.52,150.00,43.80,100.00,8.02,2.87,5.44,0.00,0.00,0.0089,5.9911,2793.45,0.00,0,0,0.00,0.00,9928,9907
80051,116.89,100.00,32.85,0.00,7.65,2.15,4.90,0.00,0.00,0.0089,5.9911,2797.32,0.00,0,0,0.00,0.00,9976,9968
80251,112.67,100.00,24.64,0.00,7.37,1.61,4.49,0.00,0.00,0.0089,5.9911,2768.26,0.00,0,0,0.00,0.00,9613,9725
80451,122.00,150.00,18.48,0.00,7.99,1.21,4.60,0.00,0.00,0.0089,5.9911,2819.00,0.00,0,0,0.00,0.00,10247,9787
80651,116.50,100.00,13.86,0.00,7.62,0.91,4.27,0.00,0.00,0.0089,5.9911,2807.78,0.00,0,0,0.00,0.00,10107,10132
80851,124.88,150.00,10.40,0.00,8.17,0.68,4.43,0.00,0.00,0.0089,5.9911,2791.60,0.00,0,0,0.00,0.00,9905,9876
81051,118.66,100.00,7.80,0.00,7.77,0.51,4.14,0.00,0.00,0.0089,5.9911,2796.56,0.00,0,0,0.00,0.00,9967,9957
81251,126.49,150.00,5.85,0.00,8.28,0.38,4.33,0.00,0.00,0.0089,5.9911,2798.59,0.00,0,0,0.00,0.00,9992,9988
81451,119.87,100.00,4.39,0.00,7.85,0.29,4.07,0.00,0.00,0.0089,5.9911,2778.94,0.00,0,0,0.00,0.00,9747,9604
81651,127.40,150.00,3.29,0.00,8.34,0.22,4.28,0.00,0.00,0.0089,5.9911,2816.98,0.00,0,0,0.00,0.00,10221,9779
81851,120.55,100.00,2.47,0.00,7.89,0.16,4.03,0.00,0.00,0.0089,5.9911,2774.95,0.00,0,0,0.00,0.00,9697,9919
82051,127.91,150.00,1.85,0.00,8.37,0.12,4.25,0.00,0.00,0.0089,5.9911,2789.74,0.00,0,0,0.00,0.00,9881,9837
82251,120.94,100.00,1.39,0.00,7.92,0.09,4.00,0.00,0.00,0.0089,5.9911,2795.80,0.00,0,0,0.00,0.00,9957,9945
82451,115.70,100.00,1.04,0.00,7.57,0.07,3.82,0.00,0.00,0.0089,5.9911,2798.28,0.00,0,0,0.00,0.00,9988,9983
82651,124.28,150.00,0.78,0.00,8.13,0.05,4.09,0.00,0.00,0.0089,5.9911,2799.30,0.00,0,0,0.00,0.00,10001,9998
82851,118.21,100.00,0.59,0.00,7.74,0.04,3.89,0.00,0.00,0.0089,5.9911,2825.31,0.00,0,0,0.00,0.00,10326,10137
83051,126.16,150.00,0.44,0.00,8.26,0.03,4.14,0.00,0.00,0.0089,5.9911,2810.37,0.00,0,0,0.00,0.00,10139,10171
83251,119.62,100.00,0.33,0.00,7.83,0.02,3.93,0.00,0.00,0.0089,5.9911,2805.31,0.00,0,0,0.00,0.00,10076,10092
83451,127.21,150.00,0.25,0.00,8.33,0.02,4.17,0.00,0.00,0.0089,5.9911,2455.01,0.00,0,0,0.00,0.00,8957,10047
83651,120.41,100.00,12.69,50.00,7.88,0.83,4.36,0.00,0.00,0.0089,5.9911,2698.69,0.00,0,0,0.00,0.00,8744,8416
83851,127.81,150.00,47.01,150.00,8.36,3.08,5.72,0.00,0.00,0.0089,5.9911,2829.12,0.00,0,0,0.00,0.00,10373,8298
84051,120.86,100.00,35.26,0.00,7.91,2.31,5.11,0.00,0.00,0.0089,5.9911,2864.41,0.00,0,0,0.00,0.00,10814,9136
84251,115.64,100.00,76.45,200.00,7.57,5.00,6.29,0.00,0.00,0.0089,5.9911,2786.38,0.00,0,0,0.00,0.00,9897,10325
84451,124.23,150.00,57.33,0.00,8.13,3.75,5.94,0.00,0.00,0.0089,5.9911,2761.03,0.00,0,0,0.00,0.00,10148,10626
84651,118.17,100.00,55.50,50.00,7.73,3.63,5.68,0.00,0.00,0.0089,5.9911,2507.82,0.00,0,0,0.00,0.00,8457,9442
84851,126.13,150.00,54.13,50.00,8.26,3.54,5.90,0.00,0.00,0.0089,5.9911,2772.80,0.00,0,0,0.00,0.00,9670,8100
85051,119.60,100.00,40.59,0.00,7.83,2.66,5.24,0.00,0.00,0.0089,5.9911,2881.34,0.00,0,0,0.00,0.00,11025,8368
85251,114.70,100.00,30.45,0.00,7.51,1.99,4.75,0.00,0.00,0.0089,5.9911,2865.32,0.00,0,0,0.00,0.00,10825,8618
85451,123.52,150.00,85.33,250.00,8.08,5.59,6.83,0.00,0.00,0.0089,5.9911,2826.75,0.00,0,0,0.00,0.00,10344,9803
85651,117.64,100.00,139.00,300.00,7.70,9.10,8.40,0.00,0.00,0.0089,5.9911,2785.36,0.00,0,0,0.00,0.00,9933,10363
85851,125.73,150.00,166.75,250.00,8.23,10.91,9.57,0.00,0.00,0.0089,5.9911,2794.00,0.00,0,0,0.00,0.00,9935,9910
86051,119.30,100.00,125.06,0.00,7.81,8.19,8.00,0.00,0.00,0.0089,5.9911,2863.14,0.00,0,0,0.00,0.00,10798,10097
86251,126.97,150.00,93.80,0.00,8.31,6.14,7.22,0.00,0.00,0.0089,5.9911,2812.76,0.00,0,0,0.00,0.00,10169,10512
86451,120.23,100.00,70.35,0.00,7.87,4.60,6.24,0.00,0.00,0.0089,5.9911,2837.23,0.00,0,0,0.00,0.00,10474,10138
86651,127.67,150.00,52.76,0.00,8.36,3.45,5.90,0.00,0.00,0.0089,5.9911,2847.25,0.00,0,0,0.00,0.00,10600,10438
86851,133.25,150.00,64.57,100.00,8.72,4.23,6.47,0.00,0.00,0.0089,5.9911,2851.35,0.00,0,0,0.00,0.00,10651,10712
87051,124.94,100.00,73.43,100.00,8.18,4.81,6.49,0.00,0.00,0.0089,5.9911,2853.03,0.00,0,0,0.00,0.00,10672,10454
87251,131.21,150.00,105.07,200.00,8.59,6.88,7.73,0.00,0.00,0.0089,5.9911,2853.72,0.00,0,0,0.00,0.00,10680,10544
87451,123.40,100.00,78.80,0.00,8.08,5.16,6.62,0.00,0.00,0.0089,5.9911,2839.33,0.00,0,0,0.00,0.00,10501,10752
87651,130.05,150.00,59.10,0.00,8.51,3.87,6.19,0.00,0.00,0.0089,5.9911,2846.34,0.00,0,0,0.00,0.00,10588,10733
87851,135.04,150.00,44.33,0.00,8.84,2.90,5.87,0.00,0.00,0.0089,5.9911,2871.46,0.00,0,0,0.00,0.00,10902,10825
88051,126.28,100.00,58.25,100.00,8.27,3.81,6.04,0.00,0.00,0.0089,5.9911,2310.87,0.00,0,0,0.00,0.00,9305,10684
88251,132.21,150.00,56.18,50.00,8.65,3.68,6.17,0.00,0.00,0.0089,5.9911,2637.50,0.00,0,0,0.00,0.00,8303,9028
88451,136.66,150.00,54.64,50.00,8.94,3.58,6.26,0.00,0.00,0.0089,5.9911,2851.52,0.00,0,0,0.00,0.00,10653,8410
88651,127.49,100.00,53.48,50.00,8.34,3.50,5.92,0.00,0.00,0.0089,5.9911,2907.18,0.00,0,0,0.00,0.00,11348,9651
88851,120.62,100.00,140.11,400.00,7.89,9.17,8.53,0.00,0.00,0.0089,5.9911,2843.90,0.00,0,0,0.00,0.00,10558,10688
89051,127.96,150.00,192.58,350.00,8.38,12.60,10.49,0.00,0.00,0.0089,5.9911,2876.61,0.00,0,0,0.00,0.00,10966,10757
89251,133.47,150.00,144.44,0.00,8.74,9.45,9.09,0.00,0.00,0.0089,5.9911,2883.86,0.00,0,0,0.00,0.00,11057,11046
89451,125.11,100.00,108.33,0.00,8.19,7.09,7.64,0.00,0.00,0.0089,5.9911,2315.95,0.00,0,0,0.00,0.00,9474,10843
89651,131.33,150.00,93.75,50.00,8.60,6.14,7.37,0.00,0.00,0.0089,5.9911,2665.18,0.00,0,0,0.00,0.00,8582,9252
89851,123.50,100.00,82.81,50.00,8.08,5.42,6.75,0.00,0.00,0.0089,5.9911,2888.46,0.00,0,0,0.00,0.00,11114,8557
90051,130.12,150.00,99.61,150.00,8.52,6.52,7.52,0.00,0.00,0.0089,5.9911,2914.31,0.00,0,0,0.00,0.00,11437,9989
90251,122.59,100.00,149.71,300.00,8.02,9.80,8.91,0.00,0.00,0.0089,5.9911,2846.82,0.00,0,0,0.00,0.00,10623,10930
90451,129.44,150.00,124.78,50.00,8.47,8.17,8.32,0.00,0.00,0.0089,5.9911,2864.83,0.00,0,0,0.00,0.00,10819,10680
90651,134.58,150.00,93.58,0.00,8.81,6.13,7.47,0.00,0.00,0.0089,5.9911,2904.64,0.00,0,0,0.00,0.00,11316,10973
90851,138.44,150.00,70.19,0.00,9.06,4.59,6.83,0.00,0.00,0.0089,5.9911,2928.94,0.00,0,0,0.00,0.00,11620,11173
91051,128.83,100.00,52.64,0.00,8.43,3.45,5.94,0.00,0.00,0.0089,5.9911,2918.41,0.00,0,0,0.00,0.00,11488,11333
91251,134.12,150.00,39.48,0.00,8.78,2.58,5.68,0.00,0.00,0.0089,5.9911,2940.98,0.00,0,0,0.00,0.00,11770,11477
91451,138.09,150.00,29.61,0.00,9.04,1.94,5.49,0.00,0.00,0.0089,5.9911,2923.35,0.00,0,0,0.00,0.00,11550,11535
91651,141.07,150.00,22.21,0.00,9.23,1.45,5.34,0.00,0.00,0.0089,5.9911,2936.60,0.00,0,0,0.00,0.00,11715,11637
91851,143.30,150.00,16.66,0.00,9.38,1.09,5.23,0.00,0.00,0.0089,5.9911,2948.43,0.00,0,0,0.00,0.00,11863,11938
92051,144.97,149.99,12.49,0.00,9.49,0.82,5.15,0.00,0.00,0.0089,5.9911,2908.00,0.00,0,0,0.00,0.00,11507,11692
92251,133.73,100.00,9.37,0.00,8.75,0.61,4.68,0.00,0.00,0.0089,5.9911,2922.32,0.00,0,0,0.00,0.00,11537,11643
92451,137.80,150.00,7.03,0.00,9.02,0.46,4.74,0.00,0.00,0.0089,5.9911,2935.93,0.00,0,0,0.00,0.00,11707,11697
92651,140.85,150.00,80.27,300.01,9.22,5.25,7.24,0.00,0.00,0.0089,5.9911,2908.16,0.00,0,0,0.00,0.00,11730,11914
92851,143.14,150.00,85.20,100.00,9.37,5.58,7.47,0.00,0.00,0.0089,5.9911,2889.96,0.00,0,0,0.00,0.00,11324,11545
93051,144.85,150.00,63.90,0.00,9.48,4.18,6.83,0.00,0.00,0.0089,5.9911,2903.66,0.00,0,0,0.00,0.00,11304,11405
93251,146.14,150.00,72.93,100.00,9.56,4.77,7.17,0.00,0.00,0.0089,5.9911,2610.94,0.00,0,0,0.00,0.00,9871,10650
93451,134.60,100.00,79.70,100.00,8.81,5.22,7.01,0.00,0.00,0.0089,5.9911,2788.16,0.00,0,0,0.00,0.00,9862,9200
93651,138.45,150.00,59.77,0.00,9.06,3.91,6.49,0.00,0.00,0.0089,5.9911,2860.75,0.00,0,0,0.00,0.00,10768,9659
93851,128.84,100.00,44.83,0.00,8.43,2.93,5.68,0.00,0.00,0.0089,5.9911,2824.88,0.00,0,0,0.00,0.00,10320,10078
94051,134.13,150.00,33.62,0.00,8.78,2.20,5.49,0.00,0.00,0.0089,5.9911,2764.74,0.00,0,0,0.00,0.00,9789,10260
94251,125.60,100.00,25.22,0.00,8.22,1.65,4.94,0.00,0.00,0.0089,5.9911,2775.14,0.00,0,0,0.00,0.00,9699,9680
94451,131.70,150.00,18.91,0.00,8.62,1.24,4.93,0.00,0.00,0.0089,5.9911,2810.30,0.00,0,0,0.00,0.00,10138,9769
94651,123.77,100.00,14.18,0.00,8.10,0.93,4.51,0.00,0.00,0.0089,5.9911,2824.70,0.00,0,0,0.00,0.00,10318,10153
94851,130.33,150.00,35.64,100.00,8.53,2.33,5.43,0.00,0.00,0.0089,5.9911,2784.52,0.00,0,0,0.00,0.00,9816,9988
95051,122.75,100.00,51.73,100.00,8.03,3.39,5.71,0.00,0.00,0.0089,5.9911,2825.66,0.00,0,0,0.00,0.00,10330,9921
95251,129.56,150.00,51.30,50.00,8.48,3.36,5.92,0.00,0.00,0.0089,5.9911,2836.11,0.00,0,0,0.00,0.00,10460,10475
95451,122.17,100.00,50.97,50.00,8.00,3.34,5.67,0.00,0.00,0.0089,5.9911,2835.27,0.00,0,0,0.00,0.00,10450,10559
95651,129.13,150.00,38.23,0.00,8.45,2.50,5.48,0.00,0.00,0.0089,5.9911,2874.93,0.00,0,0,0.00,0.00,10945,10709
95851,134.35,150.00,28.67,0.00,8.79,1.88,5.33,0.00,0.00,0.0089,5.9911,2862.69,0.00,0,0,0.00,0.00,10792,10625
96051,125.76,100.00,71.50,200.00,8.23,4.68,6.46,0.00,0.00,0.0089,5.9911,2918.16,0.00,0,0,0.00,0.00,11485,10962
96251,131.82,150.00,53.63,0.00,8.63,3.51,6.07,0.00,0.00,0.0089,5.9911,2892.50,0.00,0,0,0.00,0.00,11165,11223
96451,136.36,150.00,40.22,0.00,8.93,2.63,5.78,0.00,0.00,0.0089,5.9911,3623.10,0.00,0,0,0.00,0.00,20000,11389
96651,139.77,150.00,30.17,0.00,9.15,1.97,5.56,0.00,0.00,0.0089,5.9911,3189.62,0.00,0,0,0.00,0.00,14875,11858
96851,142.33,150.00,72.62,200.00,9.32,4.75,7.03,0.00,0.00,0.0089,5.9911,2985.19,0.00,0,0,0.00,0.00,13012,13042
97051,144.25,150.00,104.47,200.00,9.44,6.84,8.14,0.00,0.00,0.0089,5.9911,2941.45,0.00,0,0,0.00,0.00,12635,12753
97251,145.69,150.00,78.35,0.00,9.54,5.13,7.33,0.00,0.00,0.0089,5.9911,2955.54,0.00,0,0,0.00,0.00,12261,12350
97451,146.76,150.00,58.76,0.00,9.61,3.85,6.73,0.00,0.00,0.0089,5.9911,2981.79,0.00,0,0,0.00,0.00,12280,12179
97651,147.57,150.00,44.07,0.00,9.66,2.88,6.27,0.00,0.00,0.0089,5.9911,2956.03,0.00,0,0,0.00,0.00,12124,12212
97851,148.18,150.00,33.05,0.00,9.70,2.16,5.93,0.00,0.00,0.0089,5.9911,2951.89,0.00,0,0,0.00,0.00,11906,11905
98051,148.63,150.00,37.29,50.00,9.73,2.44,6.08,0.00,0.00,0.0089,5.9911,2598.35,0.00,0,0,0.00,0.00,10600,11404
98251,136.48,100.00,27.97,0.00,8.93,1.83,5.38,0.00,0.00,0.0089,5.9911,2815.01,0.00,0,0,0.00,0.00,10197,9701
98451,139.86,150.00,33.48,50.00,9.15,2.19,5.67,0.00,0.00,0.0089,5.9911,2984.71,0.00,0,0,0.00,0.00,12316,9825
98651,142.39,150.00,50.11,100.00,9.32,3.28,6.30,0.00,0.00,0.0089,5.9911,3019.34,0.00,0,0,0.00,0.00,12748,10364
98851,144.29,150.00,62.58,100.00,9.44,4.10,6.77,0.00,0.00,0.0089,5.9911,2982.32,0.00,0,0,0.00,0.00,12286,11253
99051,133.22,100.00,96.94,200.00,8.72,6.34,7.53,0.00,0.00,0.0089,5.9911,2940.28,0.00,0,0,0.00,0.00,11761,11414
99251,137.42,150.00,72.70,0.00,8.99,4.76,6.88,0.00,0.00,0.0089,5.9911,2909.94,0.00,0,0,0.00,0.00,11515,11696
99451,140.56,150.00,54.53,0.00,9.20,3.57,6.38,0.00,0.00,0.0089,5.9911,2963.11,0.00,0,0,0.00,0.00,12046,11628
99651,142.92,150.00,65.89,100.00,9.35,4.31,6.83,0.00,0.00,0.0089,5.9911,2984.89,0.00,0,0,0.00,0.00,12318,12232
99851,144.69,150.00,49.42,0.00,9.47,3.23,6.35,0.00,0.00,0.0089,5.9911,2820.07,0.00,0,0,0.00,0.00,11732,12092
100051,146.02,150.00,37.07,0.00,9.56,2.43,5.99,0.00,0.00,0.0089,5.9911,2966.30,0.00,0,0,0.00,0.00,12086,11349
100251,147.01,150.00,27.80,0.00,9.62,1.82,5.72,0.00,0.00,0.0089,5.9911,3018.20,0.00,0,0,0.00,0.00,12734,11619
100451,147.76,150.00,20.85,0.00,9.67,1.36,5.52,0.00,0.00,0.0089,5.9911,2967.45,0.00,0,0,0.00,0.00,12448,12514
100651,148.32,150.00,15.64,0.00,9.71,1.02,5.37,0.00,0.00,0.0089,5.9911,2954.67,0.00,0,0,0.00,0.00,12440,12531
100851,148.74,150.00,11.73,0.00,9.74,0.77,5.25,0.00,0.00,0.0089,5.9911,2976.79,0.00,0,0,0.00,0.00,12257,12304
101051,149.06,150.00,8.80,0.00,9.76,0.58,5.17,0.00,0.00,0.0089,5.9911,3045.53,0.00,0,0,0.00,0.00,13076,12405
101251,149.29,150.00,6.60,0.00,9.77,0.43,5.10,0.00,0.00,0.0089,5.9911,2978.65,0.00,0,0,0.00,0.00,12818,12861
101451,149.47,150.00,4.95,0.00,9.78,0.32,5.05,0.00,0.00,0.0089,5.9911,2991.25,0.00,0,0,0.00,0.00,12714,12732
101651,149.60,150.00,3.71,0.00,9.79,0.24,5.02,0.00,0.00,0.0089,5.9911,2996.42,0.00,0,0,0.00,0.00,12670,12678
101851,149.70,149.99,2.78,0.00,9.80,0.18,4.99,0.00,0.00,0.0089,5.9911,2998.53,0.00,0,0,0.00,0.00,12652,12655
102051,149.78,150.01,2.09,0.00,9.80,0.14,4.97,0.00,0.00,0.0089,5.9911,2999.40,0.00,0,0,0.00,0.00,12641,12643
102251,149.83,150.00,1.57,0.00,9.81,0.10,4.95,0.00,0.00,0.0089,5.9911,2967.75,0.00,0,0,0.00,0.00,12495,12560
102451,162.37,200.00,1.17,0.00,10.63,0.08,5.35,0.00,0.00,0.0089,5.9911,2986.79,0.00,0,0,0.00,0.00,12342,12361
102651,159.28,150.00,0.88,0.00,10.42,0.06,5.24,0.00,0.00,0.0089,5.9911,2994.59,0.00,0,0,0.00,0.00,12439,12425
102851,156.96,150.00,0.66,0.00,10.27,0.04,5.16,0.00,0.00,0.0089,5.9911,3870.93,0.00,0,0,0.00,0.00,20000,12546
103051,155.22,150.00,0.50,0.00,10.16,0.03,5.10,0.00,0.00,0.0089,5.9911,3316.73,0.00,0,0,0.00,0.00,16462,12975
103251,153.92,150.00,50.37,200.00,10.07,3.30,6.69,0.00,0.00,0.0089,5.9911,3089.73,0.00,0,0,0.00,0.00,13641,13462
103451,152.94,150.00,37.78,0.00,10.01,2.47,6.24,0.00,0.00,0.0089,5.9911,3036.75,0.00,0,0,0.00,0.00,13959,13886
103651,152.20,150.00,28.33,0.00,9.96,1.85,5.91,0.00,0.00,0.0089,5.9911,3040.38,0.00,0,0,0.00,0.00,14003,13923
103851,164.15,200.00,21.25,0.00,10.74,1.39,6.07,0.00,0.00,0.0089,5.9911,2976.54,0.00,0,0,0.00,0.00,14074,14121
104051,160.61,150.00,65.94,200.00,10.51,4.32,7.41,0.00,0.00,0.0089,5.9911,3006.65,0.00,0,0,0.00,0.00,14040,14027
104251,157.96,150.00,49.45,0.00,10.34,3.24,6.79,0.00,0.00,0.0089,5.9911,3875.87,0.00,0,0,0.00,0.00,20000,14138
104451,168.47,200.00,37.09,0.00,11.03,2.43,6.73,0.00,0.00,0.0089,5.9911,3318.76,0.00,0,0,0.00,0.00,16487,14557
104651,163.85,150.00,27.82,0.00,10.72,1.82,6.27,0.00,0.00,0.0089,5.9911,3090.56,0.00,0,0,0.00,0.00,15222,15041
104851,160.39,150.00,45.86,100.00,10.50,3.00,6.75,0.00,0.00,0.0089,5.9911,2997.09,0.00,0,0,0.00,0.00,15457,15463
105051,170.29,200.00,59.40,100.00,11.15,3.89,7.52,0.00,0.00,0.0089,5.9911,2958.81,0.00,0,0,0.00,0.00,15389,15472
105251,177.72,200.00,69.55,100.00,11.63,4.55,8.09,0.00,0.00,0.0089,5.9911,2983.13,0.00,0,0,0.00,0.00,15220,15254
105451,170.79,150.00,52.16,0.00,11.18,3.41,7.30,0.00,0.00,0.0089,5.9911,3013.57,0.00,0,0,0.00,0.00,15369,15342
105651,178.09,200.00,89.12,200.00,11.66,5.83,8.74,0.00,0.00,0.0089,5.9911,2979.96,0.00,0,0,0.00,0.00,15235,15276
105851,171.07,150.00,66.84,0.00,11.20,4.37,7.79,0.00,0.00,0.0089,5.9911,2991.79,0.00,0,0,0.00,0.00,15143,15160
106051,178.30,200.00,50.13,0.00,11.67,3.28,7.48,0.00,0.00,0.0089,5.9911,2996.64,0.00,0,0,0.00,0.00,15100,15107
106251,171.23,150.00,37.60,0.00,11.21,2.46,6.83,0.00,0.00,0.0089,5.9911,2998.62,0.00,0,0,0.00,0.00,15081,15084
106451,178.42,200.00,28.20,0.00,11.68,1.85,6.76,0.00,0.00,0.0089,5.9911,2999.44,0.00,0,0,0.00,0.00,15070,15072
106651,171.31,150.00,21.15,0.00,11.21,1.38,6.30,0.00,0.00,0.0089,5.9911,2974.17,0.00,0,0,0.00,0.00,14903,14955
106851,178.49,200.00,40.86,100.00,11.68,2.67,7.18,0.00,0.00,0.0089,5.9911,2989.42,0.00,0,0,0.00,0.00,14775,14797
107051,171.36,150.00,30.65,0.00,11.22,2.01,6.61,0.00,0.00,0.0089,5.9911,3027.67,0.00,0,0,0.00,0.00,14847,14792
107251,178.52,200.00,35.48,50.00,11.68,2.32,7.00,0.00,0.00,0.0089,5.9911,3008.35,0.00,0,0,0.00,0.00,14926,14910
107451,171.39,150.00,89.11,250.00,11.22,5.83,8.53,0.00,0.00,0.0089,5.9911,2980.92,0.00,0,0,0.00,0.00,14820,14859
107651,178.54,200.00,66.84,0.00,11.69,4.37,8.03,0.00,0.00,0.0089,5.9911,3012.67,0.00,0,0,0.00,0.00,14940,14915
107851,171.41,150.00,50.13,0.00,11.22,3.28,7.25,0.00,0.00,0.0089,5.9911,3019.59,0.00,0,0,0.00,0.00,14881,14842
108051,178.56,200.00,37.59,0.00,11.69,2.46,7.07,0.00,0.00,0.0089,5.9911,3008.02,0.00,0,0,0.00,0.00,14970,14954
108251,171.42,150.00,28.20,0.00,11.22,1.85,6.53,0.00,0.00,0.0089,5.9911,3003.29,0.00,0,0,0.00,0.00,15013,15007
108451,178.56,200.00,21.15,0.00,11.69,1.38,6.54,0.00,0.00,0.0089,5.9911,3001.35,0.00,0,0,0.00,0.00,15026,15024
108651,171.42,150.00,28.36,50.00,11.22,1.86,6.54,0.00,0.00,0.0089,5.9911,3000.55,0.00,0,0,0.00,0.00,15032,15031
108851,178.57,200.00,33.77,50.00,11.69,2.21,6.95,0.00,0.00,0.0089,5.9911,3000.23,0.00,0,0,0.00,0.00,15032,15032
109051,183.92,200.00,25.33,0.00,12.04,1.66,6.85,0.00,0.00,0.0089,5.9911,3000.09,0.00,0,0,0.00,0.00,15032,15032
109251,175.44,150.00,19.00,0.00,11.48,1.24,6.36,0.00,0.00,0.0089,5.9911,2960.04,0.00,0,0,0.00,0.00,14952,15032
109451,169.08,149.99,14.25,0.00,11.07,0.93,6.00,0.00,0.00,0.0089,5.9911,2793.55,0.00,0,0,0.00,0.00,14101,14514
109651,176.81,200.01,48.19,150.01,11.57,3.15,7.36,0.00,0.00,0.0089,5.9911,2711.28,0.00,0,0,0.00,0.00,12521,13099
109851,170.11,150.00,98.64,250.00,11.13,6.46,8.79,0.00,0.00,0.0089,5.9911,2763.66,0.00,0,0,0.00,0.00,11154,11627
110051,152.58,100.00,98.98,100.00,9.99,6.48,8.23,0.00,0.00,0.0089,5.9911,2810.72,0.00,0,0,0.00,0.00,10143,10470
110251,151.94,150.00,99.23,100.00,9.94,6.49,8.22,0.00,0.00,0.0089,5.9911,2804.39,0.00,0,0,0.00,0.00,10064,10076
110451,151.45,150.00,74.43,0.00,9.91,4.87,7.39,0.00,0.00,0.0089,5.9911,2761.80,0.00,0,0,0.00,0.00,9561,10038
110651,138.59,100.00,55.82,0.00,9.07,3.65,6.36,0.00,0.00,0.0089,5.9911,2784.35,0.00,0,0,0.00,0.00,9814,9681
110851,128.94,100.00,41.86,0.00,8.44,2.74,5.59,0.00,0.00,0.0089,5.9911,3895.72,0.00,0,0,0.00,0.00,20000,9774
111051,134.21,150.00,81.40,200.00,8.78,5.33,7.06,0.00,0.00,0.0089,5.9911,3223.21,0.00,0,0,0.00,0.00,15294,10087
111251,125.65,100.00,173.55,450.01,8.22,11.36,9.79,0.00,0.00,0.0089,5.9911,2920.87,0.00,0,0,0.00,0.00,11519,11394
111451,131.74,150.00,267.66,550.00,8.62,17.52,13.07,0.00,0.00,0.0089,5.9911,2691.43,0.00,0,0,0.00,0.00,10477,11095
111651,123.81,100.00,288.25,350.00,8.10,18.87,13.48,0.00,0.00,0.0089,5.9911,2579.85,0.00,0,0,0.00,0.00,8551,9392
111851,117.85,100.00,241.19,100.00,7.71,15.79,11.75,0.00,0.00,0.0089,5.9911,2433.67,0.00,0,0,0.00,0.00,6118,7251
112051,113.39,100.00,255.89,300.00,7.42,16.75,12.08,0.00,0.00,0.0089,5.9911,2381.79,0.00,0,0,0.00,0.00,4787,5035
112251,110.04,100.00,254.42,250.00,7.20,16.65,11.93,0.00,0.00,0.0089,5.9911,2458.14,0.00,0,0,0.00,0.00,5741,4885
112451,107.53,100.00,265.81,300.00,7.04,17.40,12.22,0.00,0.00,0.0089,5.9911,2481.42,0.00,0,0,0.00,0.00,6031,5135
112651,93.15,50.00,199.36,0.00,6.10,13.05,9.57,0.00,0.00,0.0089,5.9911,2479.43,0.00,0,0,0.00,0.00,6006,5993
112851,94.86,100.00,187.02,150.00,6.21,12.24,9.22,0.00,0.00,0.0089,5.9911,2493.01,0.00,0,0,0.00,0.00,6176,5921
113051,96.15,100.00,252.76,450.00,6.29,16.54,11.42,0.00,0.00,0.0089,5.9911,2503.70,0.00,0,0,0.00,0.00,6309,6008
113251,97.11,100.00,239.57,200.00,6.36,15.68,11.02,0.00,0.00,0.0089,5.9911,2534.96,0.00,0,0,0.00,0.00,6700,6283
113451,85.33,50.00,179.68,0.00,5.58,11.76,8.67,0.00,0.00,0.0089,5.9911,2520.88,0.00,0,0,0.00,0.00,6524,6429
113651,89.00,100.00,134.76,0.00,5.82,8.82,7.32,0.00,0.00,0.0089,5.9911,2021.99,0.00,0,0,0.00,0.00,4588,6545
113851,91.75,100.00,113.57,50.00,6.00,7.43,6.72,0.00,0.00,0.0089,5.9911,2368.68,0.00,0,0,0.00,0.00,4623,4993
114051,93.81,100.00,147.68,250.00,6.14,9.67,7.90,0.00,0.00,0.0089,5.9911,2557.73,0.00,0,0,0.00,0.00,6984,4769
114251,82.86,50.00,110.76,0.00,5.42,7.25,6.34,0.00,0.00,0.0089,5.9911,2608.29,0.00,0,0,0.00,0.00,7615,4939
114451,87.14,100.00,108.07,100.00,5.70,7.07,6.39,0.00,0.00,0.0089,5.9911,2628.99,0.00,0,0,0.00,0.00,7874,5197
114651,90.36,100.00,143.55,250.00,5.91,9.40,7.65,0.00,0.00,0.0089,5.9911,2651.88,0.00,0,0,0.00,0.00,8160,6448
114851,92.77,100.00,207.66,400.00,6.07,13.59,9.83,0.00,0.00,0.0089,5.9911,2621.25,0.00,0,0,0.00,0.00,7777,7634
115051,94.58,100.00,168.25,50.00,6.19,11.01,8.60,0.00,0.00,0.0089,5.9911,2669.18,0.00,0,0,0.00,0.00,8376,7967
115251,95.93,100.00,126.19,0.00,6.28,8.26,7.27,0.00,0.00,0.0089,5.9911,2693.94,0.00,0,0,0.00,0.00,8685,8171
115451,96.95,100.00,119.64,100.00,6.35,7.83,7.09,0.00,0.00,0.0089,5.9911,2704.08,0.00,0,0,0.00,0.00,8812,8512
115651,97.71,100.00,89.73,0.00,6.40,5.87,6.13,0.00,0.00,0.0089,5.9911,2668.23,0.00,0,0,0.00,0.00,8364,8577
115851,98.28,100.00,67.30,0.00,6.43,4.40,5.42,0.00,0.00,0.0089,5.9911,2720.43,0.00,0,0,0.00,0.00,9016,8481
116051,111.21,150.00,100.47,200.00,7.28,6.58,6.93,0.00,0.00,0.0089,5.9911,2714.93,0.00,0,0,0.00,0.00,8947,8682
116251,108.41,100.00,150.35,300.00,7.10,9.84,8.47,0.00,0.00,0.0089,5.9911,2675.75,0.00,0,0,0.00,0.00,8458,8928
116451,106.31,100.00,225.27,450.00,6.96,14.74,10.85,0.00,0.00,0.0089,5.9911,2689.36,0.00,0,0,0.00,0.00,8628,8652
116651,104.73,100.00,256.45,350.00,6.85,16.78,11.82,0.00,0.00,0.0089,5.9911,2689.08,0.00,0,0,0.00,0.00,8624,8796
116851,103.55,100.00,242.34,200.00,6.78,15.86,11.32,0.00,0.00,0.0089,5.9911,2688.97,0.00,0,0,0.00,0.00,8623,8527
117051,115.16,150.00,206.75,100.00,7.54,13.53,10.53,0.00,0.00,0.0089,5.9911,2722.52,0.00,0,0,0.00,0.00,9042,8801
117251,111.37,100.00,205.06,200.00,7.29,13.42,10.36,0.00,0.00,0.0089,5.9911,2737.82,0.00,0,0,0.00,0.00,9233,8925
117451,108.53,100.00,228.80,300.00,7.10,14.97,11.04,0.00,0.00,0.0089,5.9911,2715.90,0.00,0,0,0.00,0.00,8959,8980
117651,106.40,100.00,234.10,250.00,6.96,15.32,11.14,0.00,0.00,0.0089,5.9911,2436.92,0.00,0,0,0.00,0.00,6690,7817
117851,104.80,100.00,238.07,250.00,6.86,15.58,11.22,0.00,0.00,0.0089,5.9911,2651.28,0.00,0,0,0.00,0.00,8152,6468
118051,103.60,100.00,178.56,0.00,6.78,11.69,9.23,0.00,0.00,0.0089,5.9911,2739.09,0.00,0,0,0.00,0.00,9249,6746
118251,102.70,100.00,158.92,100.00,6.72,10.40,8.56,0.00,0.00,0.0089,5.9911,2717.45,0.00,0,0,0.00,0.00,8979,6994
118451,102.02,100.00,131.69,50.00,6.68,8.62,7.65,0.00,0.00,0.0089,5.9911,2713.71,0.00,0,0,0.00,0.00,8932,7947
118651,101.52,100.00,173.77,300.00,6.64,11.37,9.01,0.00,0.00,0.0089,5.9911,2712.17,0.00,0,0,0.00,0.00,8913,8640
118851,113.64,150.00,267.82,550.00,7.44,17.53,12.48,0.00,0.00,0.0089,5.9911,2711.55,0.00,0,0,0.00,0.00,8905,8905
119051,110.23,100.00,200.87,0.00,7.21,13.15,10.18,0.00,0.00,0.0089,5.9911,2738.17,0.00,0,0,0.00,0.00,9237,9278
119251,107.67,100.00,150.65,0.00,7.05,9.86,8.45,0.00,0.00,0.0089,5.9911,2742.67,0.00,0,0,0.00,0.00,9294,9470
119451,105.75,100.00,137.99,100.00,6.92,9.03,7.98,0.00,0.00,0.0089,5.9911,2728.02,0.00,0,0,0.00,0.00,9111,9307
119651,116.82,150.00,153.49,200.00,7.65,10.05,8.85,0.00,0.00,0.0089,5.9911,2744.92,0.00,0,0,0.00,0.00,9322,9109
119851,112.61,100.00,190.12,300.00,7.37,12.44,9.91,0.00,0.00,0.0089,5.9911,2737.44,0.00,0,0,0.00,0.00,9228,9422
120051,109.46,100.00,267.59,500.00,7.16,17.51,12.34,0.00,0.00,0.0089,5.9911,2734.37,0.00,0,0,0.00,0.00,9190,9544
120251,119.59,150.00,213.19,50.00,7.83,13.95,10.89,0.00,0.00,0.0089,5.9911,2391.21,0.00,0,0,0.00,0.00,7932,9150
120451,114.70,100.00,172.39,50.00,7.51,11.28,9.39,0.00,0.00,0.0089,5.9911,2632.56,0.00,0,0,0.00,0.00,7919,7367
120651,111.02,100.00,129.30,0.00,7.27,8.46,7.86,0.00,0.00,0.0089,5.9911,2763.42,0.00,0,0,0.00,0.00,9553,8131
120851,108.27,100.00,121.97,100.00,7.09,7.98,7.53,0.00,0.00,0.0089,5.9911,2719.42,0.00,0,0,0.00,0.00,9003,8894
121051,106.20,100.00,191.48,400.00,6.95,12.53,9.74,0.00,0.00,0.0089,5.9911,2686.74,0.00,0,0,0.00,0.00,8595,9087
121251,117.15,150.00,231.11,350.00,7.67,15.13,11.40,0.00,0.00,0.0089,5.9911,2753.67,0.00,0,0,0.00,0.00,9431,9110
121451,112.86,100.00,273.33,400.00,7.39,17.89,12.64,0.00,0.00,0.0089,5.9911,2718.32,0.00,0,0,0.00,0.00,8990,9208
121651,109.65,100.00,292.50,350.00,7.18,19.14,13.16,0.00,0.00,0.0089,5.9911,2734.54,0.00,0,0,0.00,0.00,9192,8990
121851,107.24,100.00,281.87,250.00,7.02,18.45,12.73,0.00,0.00,0.0089,5.9911,2773.19,0.00,0,0,0.00,0.00,9675,9497
122051,117.93,150.00,298.91,350.00,7.72,19.56,13.64,0.00,0.00,0.0089,5.9911,2728.54,0.00,0,0,0.00,0.00,9117,9518
122251,113.44,100.00,274.18,200.00,7.42,17.94,12.68,0.00,0.00,0.0089,5.9911,2770.73,0.00,0,0,0.00,0.00,9644,9453
122451,110.08,100.00,255.63,200.00,7.20,16.73,11.97,0.00,0.00,0.0089,5.9911,2767.53,0.00,0,0,0.00,0.00,9604,9503
122651,120.06,150.00,191.73,0.00,7.86,12.55,10.20,0.00,0.00,0.0089,5.9911,2761.10,0.00,0,0,0.00,0.00,9524,9542
122851,115.05,100.00,281.29,550.00,7.53,18.41,12.97,0.00,0.00,0.0089,5.9911,2753.06,0.00,0,0,0.00,0.00,9423,9510
123051,111.29,100.00,273.47,250.00,7.28,17.90,12.59,0.00,0.00,0.0089,5.9911,2740.78,0.00,0,0,0.00,0.00,9270,9639
123251,120.96,150.00,305.10,400.00,7.92,19.97,13.94,0.00,0.00,0.0089,5.9911,2735.74,0.00,0,0,0.00,0.00,9207,9559
123451,115.72,100.00,328.83,400.00,7.57,21.52,14.55,0.00,0.00,0.0089,5.9911,2773.68,0.00,0,0,0.00,0.00,9681,9509
123651,111.79,100.00,334.12,350.00,7.32,21.87,14.59,0.00,0.00,0.0089,5.9911,2728.74,0.00,0,0,0.00,0.00,9120,9520
123851,121.34,150.00,313.09,250.00,7.94,20.49,14.22,0.00,0.00,0.0089,5.9911,2770.81,0.00,0,0,0.00,0.00,9645,9415
124051,116.01,100.00,334.82,400.00,7.59,21.91,14.75,0.00,0.00,0.0089,5.9911,2756.04,0.00,0,0,0.00,0.00,9461,9756
124251,112.01,100.00,388.61,550.00,7.33,25.43,16.38,0.00,0.00,0.0089,5.9911,2754.16,0.00,0,0,0.00,0.00,9437,9658
124451,121.50,150.00,303.96,50.00,7.95,19.89,13.92,0.00,0.00,0.0089,5.9911,2741.22,0.00,0,0,0.00,0.00,9276,9575
124651,116.13,100.00,227.97,0.00,7.60,14.92,11.26,0.00,0.00,0.0089,5.9911,3674.02,0.00,0,0,0.00,0.00,20000,9664
124851,124.60,150.00,170.98,0.00,8.15,11.19,9.67,0.00,0.00,0.0089,5.9911,3126.00,0.00,0,0,0.00,0.00,14080,9849
125051,118.45,100.00,153.23,100.00,7.75,10.03,8.89,0.00,0.00,0.0089,5.9911,2893.53,0.00,0,0,0.00,0.00,11177,10092
125251,126.34,150.00,189.92,300.00,8.27,12.43,10.35,0.00,0.00,0.0089,5.9911,2798.31,0.00,0,0,0.00,0.00,10377,10781
125451,119.75,100.00,204.94,250.00,7.84,13.41,10.63,0.00,0.00,0.0089,5.9911,2777.56,0.00,0,0,0.00,0.00,9729,9955
125651,127.31,150.00,216.21,250.00,8.33,14.15,11.24,0.00,0.00,0.0089,5.9911,2790.81,0.00,0,0,0.00,0.00,9895,9860
125851,120.49,100.00,162.16,0.00,7.89,10.61,9.25,0.00,0.00,0.0089,5.9911,2796.24,0.00,0,0,0.00,0.00,9962,9950
126051,115.36,100.00,134.12,50.00,7.55,8.78,8.16,0.00,0.00,0.0089,5.9911,2416.55,0.00,0,0,0.00,0.00,8476,9643
126251,124.02,150.00,163.09,250.00,8.12,10.67,9.40,0.00,0.00,0.0089,5.9911,2642.94,0.00,0,0,0.00,0.00,8048,7718
126451,118.02,100.00,122.32,0.00,7.72,8.01,7.86,0.00,0.00,0.0089,5.9911,2756.15,0.00,0,0,0.00,0.00,9462,7854
126651,113.51,100.00,116.74,100.00,7.43,7.64,7.53,0.00,0.00,0.0089,5.9911,2775.64,0.00,0,0,0.00,0.00,9705,8363
126851,110.13,100.00,162.55,300.00,7.21,10.64,8.92,0.00,0.00,0.0089,5.9911,2758.02,0.00,0,0,0.00,0.00,9485,8858
127051,120.10,150.00,146.91,100.00,7.86,9.62,8.74,0.00,0.00,0.0089,5.9911,2722.33,0.00,0,0,0.00,0.00,9040,9228
127251,115.08,100.00,110.19,0.00,7.53,7.21,7.37,0.00,0.00,0.0089,5.9911,2749.09,0.00,0,0,0.00,0.00,9374,9315
127451,111.31,100.00,157.64,300.00,7.29,10.32,8.80,0.00,0.00,0.0089,5.9911,2779.15,0.00,0,0,0.00,0.00,9749,9507
127651,120.98,150.00,143.23,100.00,7.92,9.37,8.65,0.00,0.00,0.0089,5.9911,2770.98,0.00,0,0,0.00,0.00,9647,9664
127851,115.74,100.00,132.42,100.00,7.57,8.67,8.12,0.00,0.00,0.0089,5.9911,2756.11,0.00,0,0,0.00,0.00,9461,9769
128051,111.80,100.00,124.32,100.00,7.32,8.14,7.73,0.00,0.00,0.0089,5.9911,2782.02,0.00,0,0,0.00,0.00,9785,9677
128251,121.35,150.00,93.24,0.00,7.94,6.10,7.02,0.00,0.00,0.0089,5.9911,2792.64,0.00,0,0,0.00,0.00,9918,9889
128451,116.01,100.00,69.93,0.00,7.59,4.58,6.08,0.00,0.00,0.0089,5.9911,2796.98,0.00,0,0,0.00,0.00,9972,9963
128651,124.51,150.00,52.45,0.00,8.15,3.43,5.79,0.00,0.00,0.0089,5.9911,2778.28,0.00,0,0,0.00,0.00,9738,9596
128851,118.38,100.00,39.33,0.00,7.75,2.57,5.16,0.00,0.00,0.0089,5.9911,2831.11,0.00,0,0,0.00,0.00,10398,9851
129051,126.29,150.00,42.00,50.00,8.27,2.75,5.51,0.00,0.00,0.0089,5.9911,2787.14,0.00,0,0,0.00,0.00,9849,10021
129251,119.72,100.00,44.00,50.00,7.84,2.88,5.36,0.00,0.00,0.0089,5.9911,2794.73,0.00,0,0,0.00,0.00,9944,9928
129451,114.79,100.00,33.00,0.00,7.51,2.16,4.84,0.00,0.00,0.0089,5.9911,2224.80,0.00,0,0,0.00,0.00,0,9923
129651,123.59,150.00,37.25,50.00,8.09,2.44,5.26,0.00,0.00,0.0089,5.9911,2610.25,0.00,0,0,0.00,0.00,7838,8618
129851,117.69,100.00,90.44,250.00,7.70,5.92,6.81,0.00,0.00,0.0089,5.9911,2754.28,0.00,0,0,0.00,0.00,9439,8189
130051,125.77,150.00,67.83,0.00,8.23,4.44,6.34,0.00,0.00,0.0089,5.9911,2801.75,0.00,0,0,0.00,0.00,10031,8625
130251,119.33,100.00,100.87,200.00,7.81,6.60,7.21,0.00,0.00,0.0089,5.9911,2760.72,0.00,0,0,0.00,0.00,9519,9789
130451,114.50,100.00,188.15,450.00,7.49,12.31,9.90,0.00,0.00,0.0089,5.9911,2751.91,0.00,0,0,0.00,0.00,9409,9619
130651,123.37,150.00,253.62,450.00,8.07,16.60,12.34,0.00,0.00,0.0089,5.9911,2780.30,0.00,0,0,0.00,0.00,9764,9546
130851,117.53,100.00,215.21,100.00,7.69,14.09,10.89,0.00,0.00,0.0089,5.9911,2791.93,0.00,0,0,0.00,0.00,9909,9871
131051,113.15,100.00,161.41,0.00,7.41,10.56,8.98,0.00,0.00,0.0089,5.9911,2796.70,0.00,0,0,0.00,0.00,9968,9958
131251,122.36,150.00,221.06,400.00,8.01,14.47,11.24,0.00,0.00,0.0089,5.9911,2773.05,0.00,0,0,0.00,0.00,9673,9645
131451,116.77,100.00,165.79,0.00,7.64,10.85,9.25,0.00,0.00,0.0089,5.9911,2820.96,0.00,0,0,0.00,0.00,10271,9759
131651,125.08,150.00,174.34,200.00,8.19,11.41,9.80,0.00,0.00,0.0089,5.9911,2808.59,0.00,0,0,0.00,0.00,10117,10122
131851,118.81,100.00,130.76,0.00,7.78,8.56,8.17,0.00,0.00,0.0089,5.9911,2787.25,0.00,0,0,0.00,0.00,9850,9871
132051,126.61,150.00,98.07,0.00,8.29,6.42,7.35,0.00,0.00,0.0089,5.9911,2794.78,0.00,0,0,0.00,0.00,9944,9928
132251,119.95,100.00,73.55,0.00,7.85,4.81,6.33,0.00,0.00,0.0089,5.9911,2797.86,0.00,0,0,0.00,0.00,9983,9977
132451,127.47,150.00,80.16,100.00,8.34,5.25,6.79,0.00,0.00,0.0089,5.9911,2767.12,0.00,0,0,0.00,0.00,9599,9897
132651,120.60,100.00,60.12,0.00,7.89,3.94,5.91,0.00,0.00,0.0089,5.9911,2786.53,0.00,0,0,0.00,0.00,9841,9744
132851,127.95,150.00,45.09,0.00,8.37,2.95,5.66,0.00,0.00,0.0089,5.9911,2794.48,0.00,0,0,0.00,0.00,9941,9920
133051,120.96,100.00,33.82,0.00,7.92,2.21,5.07,0.00,0.00,0.0089,5.9911,2797.74,0.00,0,0,0.00,0.00,9981,9974
133251,115.72,100.00,50.36,100.00,7.57,3.30,5.44,0.00,0.00,0.0089,5.9911,2819.55,0.00,0,0,0.00,0.00,10254,10259
133451,124.29,150.00,87.77,200.00,8.13,5.74,6.94,0.00,0.00,0.0089,5.9911,2782.41,0.00,0,0,0.00,0.00,9790,9799
133651,118.22,100.00,165.83,400.00,7.74,10.85,9.30,0.00,0.00,0.0089,5.9911,2752.80,0.00,0,0,0.00,0.00,9420,9896
133851,126.16,150.00,161.87,150.00,8.26,10.59,9.43,0.00,0.00,0.0089,5.9911,2610.56,0.00,0,0,0.00,0.00,8769,9548
134051,119.62,100.00,208.90,350.00,7.83,13.67,10.75,0.00,0.00,0.0089,5.9911,2722.41,0.00,0,0,0.00,0.00,9041,8799
134251,114.72,100.00,206.68,200.00,7.51,13.53,10.52,0.00,0.00,0.0089,5.9911,2788.70,0.00,0,0,0.00,0.00,9868,9566
134451,123.54,150.00,230.01,300.00,8.09,15.05,11.57,0.00,0.00,0.0089,5.9911,2763.62,0.00,0,0,0.00,0.00,9555,9879
134651,117.65,100.00,197.51,100.00,7.70,12.93,10.31,0.00,0.00,0.0089,5.9911,2761.69,0.00,0,0,0.00,0.00,9531,9249
134851,113.24,100.00,210.63,250.00,7.41,13.79,10.60,0.00,0.00,0.0089,5.9911,2784.31,0.00,0,0,0.00,0.00,9814,9640
135051,122.43,150.00,257.97,400.00,8.01,16.88,12.45,0.00,0.00,0.0089,5.9911,2753.57,0.00,0,0,0.00,0.00,9430,9907
135251,116.82,100.00,280.98,350.00,7.65,18.39,13.02,0.00,0.00,0.0089,5.9911,2748.98,0.00,0,0,0.00,0.00,9372,9578
135451,125.12,150.00,285.73,300.00,8.19,18.70,13.45,0.00,0.00,0.0089,5.9911,2779.10,0.00,0,0,0.00,0.00,9749,9544
135651,118.84,100.00,289.30,300.00,7.78,18.93,13.36,0.00,0.00,0.0089,5.9911,2759.44,0.00,0,0,0.00,0.00,9503,9675
135851,114.13,100.00,216.98,0.00,7.47,14.20,10.84,0.00,0.00,0.0089,5.9911,2762.82,0.00,0,0,0.00,0.00,9545,9584
136051,123.10,150.00,200.23,150.00,8.06,13.11,10.58,0.00,0.00,0.0089,5.9911,2432.03,0.00,0,0,0.00,0.00,8052,9188
136251,117.32,100.00,212.67,250.00,7.68,13.92,10.80,0.00,0.00,0.0089,5.9911,2689.28,0.00,0,0,0.00,0.00,8627,7559
136451,112.99,100.00,184.51,100.00,7.40,12.08,9.74,0.00,0.00,0.0089,5.9911,2780.25,0.00,0,0,0.00,0.00,9763,8170
136651,109.74,100.00,138.38,0.00,7.18,9.06,8.12,0.00,0.00,0.0089,5.9911,2759.91,0.00,0,0,0.00,0.00,9509,8803
136851,107.31,100.00,203.78,400.00,7.02,13.34,10.18,0.00,0.00,0.0089,5.9911,2717.98,0.00,0,0,0.00,0.00,8985,9529
137051,117.98,150.00,227.84,300.00,7.72,14.91,11.32,0.00,0.00,0.0089,5.9911,2766.40,0.00,0,0,0.00,0.00,9590,9274
137251,113.49,100.00,170.88,0.00,7.43,11.18,9.31,0.00,0.00,0.0089,5.9911,2760.64,0.00,0,0,0.00,0.00,9518,9591
137451,110.11,100.00,153.16,100.00,7.21,10.02,8.62,0.00,0.00,0.0089,5.9911,2783.88,0.00,0,0,0.00,0.00,9808,9681
137651,120.09,150.00,127.37,50.00,7.86,8.34,8.10,0.00,0.00,0.0089,5.9911,2793.40,0.00,0,0,0.00,0.00,9927,9824
137851,115.06,100.00,220.53,500.00,7.53,14.43,10.98,0.00,0.00,0.0089,5.9911,2748.79,0.00,0,0,0.00,0.00,9427,9930
138051,123.80,150.00,327.90,650.00,8.10,21.46,14.78,0.00,0.00,0.0089,5.9911,2779.03,0.00,0,0,0.00,0.00,9748,9577
138251,117.85,100.00,245.92,0.00,7.71,16.10,11.90,0.00,0.00,0.0089,5.9911,2791.41,0.00,0,0,0.00,0.00,9902,9863
138451,113.39,100.00,184.44,0.00,7.42,12.07,9.75,0.00,0.00,0.0089,5.9911,2770.88,0.00,0,0,0.00,0.00,9646,9886
138651,122.54,150.00,163.33,100.00,8.02,10.69,9.36,0.00,0.00,0.0089,5.9911,2788.07,0.00,0,0,0.00,0.00,9861,9772
138851,116.90,100.00,160.00,150.00,7.65,10.47,9.06,0.00,0.00,0.0089,5.9911,2755.11,0.00,0,0,0.00,0.00,9449,9932
139051,125.18,150.00,232.50,450.00,8.19,15.22,11.70,0.00,0.00,0.0089,5.9911,2781.62,0.00,0,0,0.00,0.00,9780,9681
139251,118.88,100.00,174.37,0.00,7.78,11.41,9.60,0.00,0.00,0.0089,5.9911,2792.47,0.00,0,0,0.00,0.00,9915,9854
139451,126.66,150.00,155.78,100.00,8.29,10.20,9.24,0.00,0.00,0.0089,5.9911,2796.92,0.00,0,0,0.00,0.00,9971,9961
139651,120.00,100.00,116.84,0.00,7.85,7.65,7.75,0.00,0.00,0.0089,5.9911,2758.74,0.00,0,0,0.00,0.00,9508,9991
139851,115.00,100.00,137.63,200.00,7.53,9.01,8.27,0.00,0.00,0.0089,5.9911,2783.10,0.00,0,0,0.00,0.00,9798,9646
140051,123.75,150.00,128.22,100.00,8.10,8.39,8.25,0.00,0.00,0.0089,5.9911,2813.56,0.00,0,0,0.00,0.00,10179,9936
140251,117.81,100.00,121.16,100.00,7.71,7.93,7.82,0.00,0.00,0.0089,5.9911,2779.95,0.00,0,0,0.00,0.00,9759,9988
140451,125.86,150.00,115.87,100.00,8.24,7.58,7.91,0.00,0.00,0.0089,5.9911,2791.79,0.00,0,0,0.00,0.00,9907,9878
140651,119.39,100.00,111.91,100.00,7.81,7.32,7.57,0.00,0.00,0.0089,5.9911,2796.64,0.00,0,0,0.00,0.00,9968,9957
140851,127.05,150.00,183.93,400.00,8.32,12.04,10.18,0.00,0.00,0.0089,5.9911,2798.62,0.00,0,0,0.00,0.00,9992,9988
141051,120.28,100.00,137.95,0.00,7.87,9.03,8.45,0.00,0.00,0.0089,5.9911,2799.44,0.00,0,0,0.00,0.00,10002,10002
141251,127.71,150.00,103.46,0.00,8.36,6.77,7.57,0.00,0.00,0.0089,5.9911,2779.29,0.00,0,0,0.00,0.00,9751,9685
141451,120.78,100.00,77.60,0.00,7.91,5.08,6.49,0.00,0.00,0.0089,5.9911,2791.52,0.00,0,0,0.00,0.00,9904,9875
141651,115.59,100.00,108.20,200.00,7.57,7.08,7.32,0.00,0.00,0.0089,5.9911,2796.53,0.00,0,0,0.00,0.00,9966,9956
141851,124.19,150.00,81.15,0.00,8.13,5.31,6.72,0.00,0.00,0.0089,5.9911,2798.58,0.00,0,0,0.00,0.00,9992,9988
142051,118.14,100.00,60.86,0.00,7.73,3.98,5.86,0.00,0.00,0.0089,5.9911,2799.42,0.00,0,0,0.00,0.00,10002,10000
142251,126.11,150.00,45.65,0.00,8.25,2.99,5.62,0.00,0.00,0.0089,5.9911,2831.76,0.00,0,0,0.00,0.00,10406,10025
142451,119.58,100.00,134.23,400.00,7.83,8.79,8.31,0.00,0.00,0.0089,5.9911,2804.73,0.00,0,0,0.00,0.00,10069,10212
142651,127.19,150.00,150.68,200.00,8.32,9.86,9.09,0.00,0.00,0.0089,5.9911,2775.79,0.00,0,0,0.00,0.00,9707,10058
142851,120.39,100.00,163.01,200.00,7.88,10.67,9.27,0.00,0.00,0.0089,5.9911,2790.08,0.00,0,0,0.00,0.00,9886,9846
143051,127.79,150.00,122.25,0.00,8.36,8.00,8.18,0.00,0.00,0.0089,5.9911,2816.42,0.00,0,0,0.00,0.00,10215,10064
143251,120.84,100.00,204.19,450.00,7.91,13.36,10.64,0.00,0.00,0.0089,5.9911,2781.13,0.00,0,0,0.00,0.00,9774,9778
143451,128.13,150.00,215.64,250.00,8.39,14.11,11.25,0.00,0.00,0.0089,5.9911,2832.27,0.00,0,0,0.00,0.00,10412,9888
143651,121.10,100.00,161.73,0.00,7.93,10.59,9.26,0.00,0.00,0.0089,5.9911,2787.62,0.00,0,0,0.00,0.00,9855,9938
143851,128.32,150.00,121.30,0.00,8.40,7.94,8.17,0.00,0.00,0.0089,5.9911,2794.93,0.00,0,0,0.00,0.00,9946,9930
144051,121.24,100.00,90.97,0.00,7.94,5.95,6.94,0.00,0.00,0.0089,5.9911,2797.92,0.00,0,0,0.00,0.00,9984,9977
144251,128.43,150.00,68.23,0.00,8.41,4.47,6.44,0.00,0.00,0.0089,5.9911,2797.92,0.00,0,0,0.00,0.00,9984,9977
144451,121.32,100.00,51.17,0.00,7.94,3.35,5.64,0.00,0.00,0.0089,5.9911,3696.65,0.00,0,0,0.00,0.00,20000,9991
144651,128.49,150.00,38.38,0.00,8.41,2.51,5.46,0.00,0.00,0.0089,5.9911,3192.87,0.00,0,0,0.00,0.00,14915,10513
144851,121.37,100.00,103.78,300.00,7.94,6.79,7.37,0.00,0.00,0.0089,5.9911,2928.92,0.00,0,0,0.00,0.00,11787,11930
145051,128.53,150.00,127.84,200.00,8.41,8.37,8.39,0.00,0.00,0.0089,5.9911,2808.41,0.00,0,0,0.00,0.00,11840,12224
145251,133.90,150.00,108.38,50.00,8.76,7.09,7.93,0.00,0.00,0.0089,5.9911,2771.66,0.00,0,0,0.00,0.00,10936,11393
145451,125.42,100.00,93.78,50.00,8.21,6.14,7.17,0.00,0.00,0.0089,5.9911,2813.99,0.00,0,0,0.00,0.00,10184,10223
145651,131.57,150.00,70.34,0.00,8.61,4.60,6.61,0.00,0.00,0.0089,5.9911,2866.21,0.00,0,0,0.00,0.00,10836,10410
145851,123.67,100.00,52.75,0.00,8.09,3.45,5.77,0.00,0.00,0.0089,5.9911,2833.90,0.00,0,0,0.00,0.00,10433,10700
146051,130.26,150.00,64.57,100.00,8.53,4.23,6.38,0.00,0.00,0.0089,5.9911,2789.18,0.00,0,0,0.00,0.00,9874,9925
146251,122.69,100.00,48.42,0.00,8.03,3.17,5.60,0.00,0.00,0.0089,5.9911,2795.57,0.00,0,0,0.00,0.00,9954,9940
146451,129.52,150.00,61.32,100.00,8.48,4.01,6.25,0.00,0.00,0.0089,5.9911,2797.16,0.00,0,0,0.00,0.00,9974,9965
146651,122.14,100.00,70.99,100.00,7.99,4.65,6.32,0.00,0.00,0.0089,5.9911,2797.16,0.00,0,0,0.00,0.00,9974,9965
146851,129.10,150.00,53.24,0.00,8.45,3.48,5.97,0.00,0.00,0.0089,5.9911,2192.51,0.00,0,0,0.00,0.00,8351,9966
147051,121.83,100.00,52.43,50.00,7.97,3.43,5.70,0.00,0.00,0.0089,5.9911,2525.57,0.00,0,0,0.00,0.00,7406,8355
147251,128.87,150.00,51.82,50.00,8.43,3.39,5.91,0.00,0.00,0.0089,5.9911,2740.07,0.00,0,0,0.00,0.00,9261,7902
147451,121.65,100.00,38.87,0.00,7.96,2.54,5.25,0.00,0.00,0.0089,5.9911,2795.94,0.00,0,0,0.00,0.00,9959,8078
147651,116.24,100.00,54.15,100.00,7.61,3.54,5.58,0.00,0.00,0.0089,5.9911,2798.33,0.00,0,0,0.00,0.00,9989,8311
147851,112.18,100.00,90.61,200.00,7.34,5.93,6.64,0.00,0.00,0.0089,5.9911,2778.84,0.00,0,0,0.00,0.00,9745,9161
148051,121.64,150.00,155.46,349.99,7.96,10.17,9.07,0.00,0.00,0.0089,5.9911,2759.33,0.00,0,0,0.00,0.00,9502,9801
148251,116.23,100.00,179.09,250.00,7.61,11.72,9.66,0.00,0.00,0.0089,5.9911,2802.86,0.00,0,0,0.00,0.00,10045,9286
148451,112.17,100.00,134.32,0.00,7.34,8.79,8.07,0.00,0.00,0.0089,5.9911,2801.17,0.00,0,0,0.00,0.00,10024,9679
148651,121.63,150.00,100.74,0.00,7.96,6.59,7.28,0.00,0.00,0.0089,5.9911,2800.48,0.00,0,0,0.00,0.00,10016,10016
148851,116.22,100.00,88.06,50.00,7.61,5.76,6.68,0.00,0.00,0.0089,5.9911,2774.60,0.00,0,0,0.00,0.00,9692,9732
149051,124.67,150.00,103.54,150.00,8.16,6.78,7.47,0.00,0.00,0.0089,5.9911,2810.07,0.00,0,0,0.00,0.00,10135,9806
149251,118.50,100.00,77.66,0.00,7.76,5.08,6.42,0.00,0.00,0.0089,5.9911,2804.13,0.00,0,0,0.00,0.00,10061,10073
149451,126.37,150.00,83.24,100.00,8.27,5.45,6.86,0.00,0.00,0.0089,5.9911,2801.69,0.00,0,0,0.00,0.00,10031,10036
149651,119.78,100.00,62.43,0.00,7.84,4.09,5.96,0.00,0.00,0.0089,5.9911,2775.09,0.00,0,0,0.00,0.00,9698,9685
149851,127.34,150.00,46.82,0.00,8.33,3.06,5.70,0.00,0.00,0.0089,5.9911,2789.80,0.00,0,0,0.00,0.00,9882,9835
150051,120.50,100.00,97.62,250.00,7.89,6.39,7.14,0.00,0.00,0.0089,5.9911,2795.82,0.00,0,0,0.00,0.00,9957,9944
150251,115.38,100.00,135.71,250.00,7.55,8.88,8.22,0.00,0.00,0.0089,5.9911,2798.29,0.00,0,0,0.00,0.00,9988,9983
150451,124.03,150.00,126.78,100.00,8.12,8.30,8.21,0.00,0.00,0.0089,5.9911,2839.30,0.00,0,0,0.00,0.00,10500,9999
150651,118.02,100.00,95.09,0.00,7.72,6.22,6.97,0.00,0.00,0.0089,5.9911,2816.10,0.00,0,0,0.00,0.00,10211,10339
150851,126.02,150.00,71.32,0.00,8.25,4.67,6.46,0.00,0.00,0.0089,5.9911,2827.07,0.00,0,0,0.00,0.00,10348,10272
151051,132.01,150.00,53.49,0.00,8.64,3.50,6.07,0.00,0.00,0.0089,5.9911,2811.09,0.00,0,0,0.00,0.00,10148,10180
151251,124.01,100.00,40.12,0.00,8.12,2.63,5.37,0.00,0.00,0.0089,5.9911,2836.54,0.00,0,0,0.00,0.00,10466,10163
151451,130.51,150.00,30.09,0.00,8.54,1.97,5.26,0.00,0.00,0.0089,5.9911,2774.97,0.00,0,0,0.00,0.00,9791,10242
151651,122.88,100.00,22.56,0.00,8.04,1.48,4.76,0.00,0.00,0.0089,5.9911,2815.35,0.00,0,0,0.00,0.00,10201,9833
151851,129.66,150.00,16.92,0.00,8.49,1.11,4.80,0.00,0.00,0.0089,5.9911,2831.89,0.00,0,0,0.00,0.00,10408,10342
152051,122.25,100.00,12.69,0.00,8.00,0.83,4.42,0.00,0.00,0.0089,5.9911,2813.06,0.00,0,0,0.00,0.00,10173,10210
152251,129.18,150.00,9.52,0.00,8.46,0.62,4.54,0.00,0.00,0.0089,5.9911,2825.83,0.00,0,0,0.00,0.00,10332,10413
152451,121.89,100.00,69.64,250.00,7.98,4.56,6.27,0.00,0.00,0.0089,5.9911,2871.06,0.00,0,0,0.00,0.00,10897,10494
152651,128.92,150.00,64.73,50.00,8.44,4.24,6.34,0.00,0.00,0.0089,5.9911,2886.71,0.00,0,0,0.00,0.00,11092,10896
152851,134.19,149.99,48.55,0.00,8.78,3.18,5.98,0.00,0.00,0.0089,5.9911,2921.59,0.00,0,0,0.00,0.00,11528,11271
153051,125.64,100.00,98.91,250.01,8.22,6.47,7.35,0.00,0.00,0.0089,5.9911,2915.41,0.00,0,0,0.00,0.00,11451,11323
153251,131.73,150.00,161.68,349.99,8.62,10.58,9.60,0.00,0.00,0.0089,5.9911,2912.87,0.00,0,0,0.00,0.00,11419,11307
153451,136.30,150.00,146.26,100.00,8.92,9.57,9.25,0.00,0.00,0.0089,5.9911,2898.71,0.00,0,0,0.00,0.00,11242,11401
153651,139.72,150.00,109.70,0.00,9.14,7.18,8.16,0.00,0.00,0.0089,5.9911,2926.51,0.00,0,0,0.00,0.00,11589,11560
153851,142.29,150.00,107.27,100.00,9.31,7.02,8.17,0.00,0.00,0.0089,5.9911,3062.68,0.00,0,0,0.00,0.00,13290,11594
154051,131.72,100.00,130.45,200.00,8.62,8.54,8.58,0.00,0.00,0.0089,5.9911,2960.07,0.00,0,0,0.00,0.00,12231,12311
154251,136.29,150.00,97.84,0.00,8.92,6.40,7.66,0.00,0.00,0.0089,5.9911,3010.71,0.00,0,0,0.00,0.00,12641,12231
154451,139.72,150.00,98.38,100.00,9.14,6.44,7.79,0.00,0.00,0.0089,5.9911,2938.79,0.00,0,0,0.00,0.00,12428,12551
154651,142.29,150.00,98.79,100.00,9.31,6.47,7.89,0.00,0.00,0.0089,5.9911,2917.33,0.00,0,0,0.00,0.00,11890,12056
154851,144.22,150.00,199.09,500.00,9.44,13.03,11.23,0.00,0.00,0.0089,5.9911,2934.14,0.00,0,0,0.00,0.00,11729,11861
155051,145.66,150.00,224.32,300.00,9.53,14.68,12.11,0.00,0.00,0.0089,5.9911,2947.42,0.00,0,0,0.00,0.00,11850,11742
155251,146.75,150.00,193.24,100.00,9.60,12.65,11.13,0.00,0.00,0.0089,5.9911,2925.98,0.00,0,0,0.00,0.00,11583,11621
155451,135.06,100.00,169.93,100.00,8.84,11.12,9.98,0.00,0.00,0.0089,5.9911,2326.35,0.00,0,0,0.00,0.00,10112,11460
155651,138.79,150.00,139.95,50.00,9.08,9.16,9.12,0.00,0.00,0.0089,5.9911,2658.47,0.00,0,0,0.00,0.00,9716,10400
155851,141.60,150.00,117.46,50.00,9.27,7.69,8.48,0.00,0.00,0.0089,5.9911,2860.11,0.00,0,0,0.00,0.00,10760,9445
156051,131.20,100.00,88.09,0.00,8.59,5.77,7.18,0.00,0.00,0.0089,5.9911,2910.70,0.00,0,0,0.00,0.00,11392,9742
156251,135.90,150.00,91.07,100.00,8.89,5.96,7.43,0.00,0.00,0.0089,5.9911,2905.82,0.00,0,0,0.00,0.00,11331,10150
156451,126.92,100.00,168.30,400.00,8.31,11.02,9.66,0.00,0.00,0.0089,5.9911,2883.35,0.00,0,0,0.00,0.00,11050,10863
156651,132.69,150.00,201.23,300.00,8.68,13.17,10.93,0.00,0.00,0.0089,5.9911,3187.74,0.00,0,0,0.00,0.00,14851,10912
156851,137.02,150.00,150.92,0.00,8.97,9.88,9.42,0.00,0.00,0.0089,5.9911,3011.30,0.00,0,0,0.00,0.00,12648,11288
157051,127.76,100.00,113.19,0.00,8.36,7.41,7.89,0.00,0.00,0.0089,5.9911,2939.03,0.00,0,0,0.00,0.00,11746,11690
157251,133.32,150.00,84.89,0.00,8.73,5.56,7.14,0.00,0.00,0.0089,5.9911,2917.43,0.00,0,0,0.00,0.00,11791,11957
157451,137.49,150.00,113.67,200.00,9.00,7.44,8.22,0.00,0.00,0.0089,5.9911,2948.47,0.00,0,0,0.00,0.00,11863,11882
157651,140.62,150.00,122.75,150.00,9.20,8.03,8.62,0.00,0.00,0.0089,5.9911,2609.44,0.00,0,0,0.00,0.00,10091,10873
157851,130.46,100.00,154.56,250.00,8.54,10.12,9.33,0.00,0.00,0.0089,5.9911,2840.03,0.00,0,0,0.00,0.00,10509,9400
158051,135.35,150.00,115.92,0.00,8.86,7.59,8.22,0.00,0.00,0.0089,5.9911,2934.47,0.00,0,0,0.00,0.00,11689,9632
158251,126.51,100.00,86.94,0.00,8.28,5.69,6.99,0.00,0.00,0.0089,5.9911,2920.68,0.00,0,0,0.00,0.00,11517,9775
158451,132.38,150.00,77.71,50.00,8.66,5.09,6.88,0.00,0.00,0.0089,5.9911,2875.03,0.00,0,0,0.00,0.00,10946,10103
158651,124.29,100.00,170.78,450.00,8.13,11.18,9.66,0.00,0.00,0.0089,5.9911,2851.21,0.00,0,0,0.00,0.00,10649,10807
158851,130.72,150.00,178.09,200.00,8.56,11.66,10.11,0.00,0.00,0.0089,5.9911,2846.58,0.00,0,0,0.00,0.00,10591,10696
159051,135.54,150.00,183.56,200.00,8.87,12.01,10.44,0.00,0.00,0.0089,5.9911,2871.56,0.00,0,0,0.00,0.00,10903,10839
159251,126.65,100.00,212.67,300.00,8.29,13.92,11.10,0.00,0.00,0.0089,5.9911,2894.91,0.00,0,0,0.00,0.00,11195,10756
159451,132.49,150.00,259.50,400.00,8.67,16.98,12.83,0.00,0.00,0.0089,5.9911,2891.36,0.00,0,0,0.00,0.00,11150,11188
159651,136.87,150.00,219.63,100.00,8.96,14.37,11.67,0.00,0.00,0.0089,5.9911,2915.45,0.00,0,0,0.00,0.00,11451,10888
159851,127.65,100.00,189.72,100.00,8.35,12.42,10.39,0.00,0.00,0.0089,5.9911,2904.89,0.00,0,0,0.00,0.00,11319,11190
160051,133.24,150.00,167.29,100.00,8.72,10.95,9.83,0.00,0.00,0.0089,5.9911,2876.87,0.00,0,0,0.00,0.00,11095,11342
160251,137.43,150.00,212.97,350.01,8.99,13.94,11.47,0.00,0.00,0.0089,5.9911,2820.94,0.00,0,0,0.00,0.00,10271,10579
160451,128.07,100.00,222.23,250.00,8.38,14.54,11.46,0.00,0.00,0.0089,5.9911,2906.18,0.00,0,0,0.00,0.00,11335,10422
160651,133.55,150.00,229.17,250.00,8.74,15.00,11.87,0.00,0.00,0.0089,5.9911,2901.09,0.00,0,0,0.00,0.00,11272,11211
160851,137.67,150.00,234.38,250.00,9.01,15.34,12.18,0.00,0.00,0.0089,5.9911,2873.41,0.00,0,0,0.00,0.00,10926,10932
161051,128.25,100.00,275.78,400.00,8.39,18.05,13.22,0.00,0.00,0.0089,5.9911,2887.67,0.00,0,0,0.00,0.00,11104,10751
161251,133.69,150.00,306.84,400.00,8.75,20.08,14.42,0.00,0.00,0.0089,5.9911,2921.99,0.00,0,0,0.00,0.00,11533,11274
161451,137.76,150.00,317.63,350.00,9.02,20.79,14.90,0.00,0.00,0.0089,5.9911,2922.01,0.00,0,0,0.00,0.00,11533,11181
161651,140.82,150.00,300.72,250.00,9.22,19.68,14.45,0.00,0.00,0.0089,5.9911,2922.02,0.00,0,0,0.00,0.00,11533,11150
161851,130.62,100.00,225.54,0.00,8.55,14.76,11.66,0.00,0.00,0.0089,5.9911,2921.98,0.00,0,0,0.00,0.00,11533,11226
162051,135.46,150.00,169.16,0.00,8.87,11.07,9.97,0.00,0.00,0.0089,5.9911,2882.00,0.00,0,0,0.00,0.00,11034,11153
162251,139.10,150.00,126.87,0.00,9.10,8.30,8.70,0.00,0.00,0.0089,5.9911,2778.28,0.00,0,0,0.00,0.00,10547,10991
162451,129.32,100.00,95.15,0.00,8.46,6.23,7.35,0.00,0.00,0.0089,5.9911,2877.18,0.00,0,0,0.00,0.00,10973,10392
162651,134.49,150.00,146.36,300.00,8.80,9.58,9.19,0.00,0.00,0.0089,5.9911,2877.69,0.00,0,0,0.00,0.00,10980,11214
162851,138.37,150.00,159.77,200.00,9.06,10.46,9.76,0.00,0.00,0.0089,5.9911,2869.21,0.00,0,0,0.00,0.00,10874,10737
163051,141.28,150.00,194.83,300.00,9.25,12.75,11.00,0.00,0.00,0.0089,5.9911,2893.95,0.00,0,0,0.00,0.00,11183,10848
163251,130.96,100.00,246.12,400.00,8.57,16.11,12.34,0.00,0.00,0.0089,5.9911,2864.08,0.00,0,0,0.00,0.00,10810,11010
163451,135.72,150.00,209.59,100.00,8.88,13.72,11.30,0.00,0.00,0.0089,5.9911,2878.73,0.00,0,0,0.00,0.00,10993,10953
163651,139.29,150.00,182.19,100.00,9.12,11.92,10.52,0.00,0.00,0.0089,5.9911,2860.43,0.00,0,0,0.00,0.00,10764,10950
163851,129.47,100.00,186.65,200.00,8.47,12.22,10.34,0.00,0.00,0.0089,5.9911,2851.88,0.00,0,0,0.00,0.00,10657,10827
164051,134.60,150.00,139.98,0.00,8.81,9.16,8.99,0.00,0.00,0.0089,5.9911,2886.85,0.00,0,0,0.00,0.00,11094,10722
164251,138.45,150.00,129.99,100.00,9.06,8.51,8.78,0.00,0.00,0.0089,5.9911,2901.17,0.00,0,0,0.00,0.00,11273,10960
164451,128.84,100.00,97.49,0.00,8.43,6.38,7.41,0.00,0.00,0.0089,5.9911,2873.44,0.00,0,0,0.00,0.00,10927,10787
164651,134.13,150.00,123.12,200.00,8.78,8.06,8.42,0.00,0.00,0.0089,5.9911,2869.60,0.00,0,0,0.00,0.00,10879,10960
164851,138.10,150.00,179.84,350.01,9.04,11.77,10.40,0.00,0.00,0.0089,5.9911,2599.79,0.00,0,0,0.00,0.00,8999,9800
165051,128.57,100.00,222.38,350.00,8.42,14.55,11.48,0.00,0.00,0.0089,5.9911,2855.59,0.00,0,0,0.00,0.00,10704,8478
165251,121.43,100.00,166.79,0.00,7.95,10.92,9.43,0.00,0.00,0.0089,5.9911,2920.37,0.00,0,0,0.00,0.00,11513,9315
165451,128.57,150.00,187.59,250.00,8.42,12.28,10.35,0.00,0.00,0.0089,5.9911,2869.78,0.00,0,0,0.00,0.00,10881,10778
165651,133.93,150.00,228.19,350.00,8.77,14.94,11.85,0.00,0.00,0.0089,5.9911,2828.58,0.00,0,0,0.00,0.00,10366,10454
165851,125.45,100.00,171.14,0.00,8.21,11.20,9.71,0.00,0.00,0.0089,5.9911,2897.79,0.00,0,0,0.00,0.00,11231,10532
166051,131.58,150.00,178.36,200.00,8.61,11.67,10.14,0.00,0.00,0.0089,5.9911,2932.53,0.00,0,0,0.00,0.00,11665,11175
166251,136.19,150.00,183.77,200.00,8.91,12.03,10.47,0.00,0.00,0.0089,5.9911,2919.89,0.00,0,0,0.00,0.00,11507,11357
166451,139.64,150.00,137.83,0.00,9.14,9.02,9.08,0.00,0.00,0.0089,5.9911,2914.71,0.00,0,0,0.00,0.00,11442,11328
166651,129.73,100.00,103.37,0.00,8.49,6.77,7.63,0.00,0.00,0.0089,5.9911,3131.04,0.00,0,0,0.00,0.00,14143,11344
166851,134.80,150.00,77.53,0.00,8.82,5.07,6.95,0.00,0.00,0.0089,5.9911,3001.20,0.00,0,0,0.00,0.00,12522,11634
167051,138.60,150.00,58.15,0.00,9.07,3.81,6.44,0.00,0.00,0.0089,5.9911,2942.89,0.00,0,0,0.00,0.00,11794,11896
167251,141.45,150.00,43.61,0.00,9.26,2.85,6.06,0.00,0.00,0.0089,5.9911,2924.13,0.00,0,0,0.00,0.00,11560,11589
167451,143.59,150.00,32.71,0.00,9.40,2.14,5.77,0.00,0.00,0.0089,5.9911,2936.92,0.00,0,0,0.00,0.00,11719,11687
167651,145.19,150.00,24.53,0.00,9.50,1.61,5.55,0.00,0.00,0.0089,5.9911,2934.23,0.00,0,0,0.00,0.00,11745,11877
167851,146.39,150.00,18.40,0.00,9.58,1.20,5.39,0.00,0.00,0.0089,5.9911,2926.38,0.00,0,0,0.00,0.00,11588,11685
168051,147.29,149.99,13.80,0.00,9.64,0.90,5.27,0.00,0.00,0.0089,5.9911,2949.36,0.00,0,0,0.00,0.00,11875,11544
168251,135.47,100.00,10.35,0.00,8.87,0.68,4.77,0.00,0.00,0.0089,5.9911,2750.36,0.00,0,0,0.00,0.00,11231,11731
168451,139.10,150.00,57.76,200.00,9.10,3.78,6.44,0.00,0.00,0.0089,5.9911,2865.75,0.00,0,0,0.00,0.00,10831,10813
168651,141.83,150.00,93.32,200.00,9.28,6.11,7.70,0.00,0.00,0.0089,5.9911,2950.14,0.00,0,0,0.00,0.00,11884,11094
168851,143.87,150.00,69.99,0.00,9.42,4.58,7.00,0.00,0.00,0.0089,5.9911,2913.98,0.00,0,0,0.00,0.00,11433,11401
169051,145.40,150.00,64.99,50.00,9.52,4.25,6.89,0.00,0.00,0.0089,5.9911,2899.16,0.00,0,0,0.00,0.00,11303,11505
169251,146.55,150.00,161.24,450.00,9.59,10.55,10.07,0.00,0.00,0.0089,5.9911,2551.84,0.00,0,0,0.00,0.00,10265,11162
169451,134.91,100.00,145.93,100.00,8.83,9.55,9.19,0.00,0.00,0.0089,5.9911,2816.43,0.00,0,0,0.00,0.00,10215,9642
169651,138.69,150.00,109.45,0.00,9.08,7.16,8.12,0.00,0.00,0.0089,5.9911,2945.29,0.00,0,0,0.00,0.00,11824,9898
169851,141.51,150.00,82.09,0.00,9.26,5.37,7.32,0.00,0.00,0.0089,5.9911,2977.59,0.00,0,0,0.00,0.00,12227,10710
170051,131.14,100.00,111.57,200.00,8.58,7.30,7.94,0.00,0.00,0.0089,5.9911,2938.34,0.00,0,0,0.00,0.00,11737,11542
170251,135.85,150.00,108.67,100.00,8.89,7.11,8.00,0.00,0.00,0.0089,5.9911,2916.42,0.00,0,0,0.00,0.00,11463,11450
170451,139.39,150.00,106.51,100.00,9.12,6.97,8.05,0.00,0.00,0.0089,5.9911,2965.77,0.00,0,0,0.00,0.00,12080,11554
170651,142.04,150.00,79.88,0.00,9.30,5.23,7.26,0.00,0.00,0.0089,5.9911,2985.98,0.00,0,0,0.00,0.00,12332,12226
170851,144.03,150.00,59.91,0.00,9.43,3.92,6.67,0.00,0.00,0.0089,5.9911,2960.82,0.00,0,0,0.00,0.00,12276,12355
171051,145.52,150.00,44.93,0.00,9.52,2.94,6.23,0.00,0.00,0.0089,5.9911,2969.08,0.00,0,0,0.00,0.00,12121,12057
171251,146.64,150.00,33.70,0.00,9.60,2.21,5.90,0.00,0.00,0.0089,5.9911,2510.55,0.00,0,0,0.00,0.00,10946,11925
171451,147.48,150.00,37.77,50.00,9.65,2.47,6.06,0.00,0.00,0.0089,5.9911,2839.52,0.00,0,0,0.00,0.00,10503,10082
171651,148.11,150.00,40.83,50.00,9.69,2.67,6.18,0.00,0.00,0.0089,5.9911,2999.87,0.00,0,0,0.00,0.00,12505,10269
171851,148.58,150.00,143.12,450.00,9.72,9.37,9.55,0.00,0.00,0.0089,5.9911,2959.95,0.00,0,0,0.00,0.00,12007,11688
172051,148.94,150.00,119.84,50.00,9.75,7.84,8.80,0.00,0.00,0.0089,5.9911,2917.99,0.00,0,0,0.00,0.00,12063,12228
172251,149.20,150.00,139.88,200.00,9.77,9.16,9.46,0.00,0.00,0.0089,5.9911,2973.71,0.00,0,0,0.00,0.00,12179,12004
172451,149.40,150.00,154.91,200.00,9.78,10.14,9.96,0.00,0.00,0.0089,5.9911,2989.23,0.00,0,0,0.00,0.00,12373,12339
172651,149.55,150.00,116.18,0.00,9.79,7.60,8.70,0.00,0.00,0.0089,5.9911,2995.59,0.00,0,0,0.00,0.00,12452,12439
172851,149.66,150.00,87.14,0.00,9.80,5.70,7.75,0.00,0.00,0.0089,5.9911,2943.65,0.00,0,0,0.00,0.00,12361,12474
173051,149.75,150.00,65.35,0.00,9.80,4.28,7.04,0.00,0.00,0.0089,5.9911,2984.80,0.00,0,0,0.00,0.00,12317,12270
173251,149.81,150.00,49.01,0.00,9.81,3.21,6.51,0.00,0.00,0.0089,5.9911,2993.77,0.00,0,0,0.00,0.00,12429,12410
173451,149.86,150.00,61.76,100.00,9.81,4.04,6.93,0.00,0.00,0.0089,5.9911,2997.45,0.00,0,0,0.00,0.00,12475,12467
173651,149.89,150.00,46.32,0.00,9.81,3.03,6.42,0.00,0.00,0.0089,5.9911,2986.69,0.00,0,0,0.00,0.00,12368,12395
173851,149.92,150.00,34.74,0.00,9.81,2.27,6.04,0.00,0.00,0.0089,5.9911,2974.07,0.00,0,0,0.00,0.00,12183,12211
174051,149.94,150.00,51.06,100.00,9.81,3.34,6.58,0.00,0.00,0.0089,5.9911,2989.38,0.00,0,0,0.00,0.00,12374,12339
174251,149.96,150.00,38.29,0.00,9.81,2.51,6.16,0.00,0.00,0.0089,5.9911,2995.65,0.00,0,0,0.00,0.00,12453,12440
174451,149.97,150.00,28.72,0.00,9.82,1.88,5.85,0.00,0.00,0.0089,5.9911,2972.62,0.00,0,0,0.00,0.00,12259,12314
174651,149.97,150.00,21.54,0.00,9.82,1.41,5.61,0.00,0.00,0.0089,5.9911,2988.78,0.00,0,0,0.00,0.00,12367,12329
174851,149.98,150.00,16.15,0.00,9.82,1.06,5.44,0.00,0.00,0.0089,5.9911,2995.41,0.00,0,0,0.00,0.00,12450,12435
175051,149.99,150.00,12.12,0.00,9.82,0.79,5.30,0.00,0.00,0.0089,5.9911,2943.57,0.00,0,0,0.00,0.00,12359,12472
175251,162.49,200.00,9.09,0.00,10.63,0.59,5.61,0.00,0.00,0.0089,5.9911,2984.76,0.00,0,0,0.00,0.00,12317,12269
175451,159.37,150.00,6.82,0.00,10.43,0.45,5.44,0.00,0.00,0.0089,5.9911,2993.76,0.00,0,0,0.00,0.00,12429,12410
175651,157.03,150.00,30.11,100.00,10.28,1.97,6.12,0.00,0.00,0.0089,5.9911,2965.44,0.00,0,0,0.00,0.00,12296,12366
175851,155.27,150.00,22.58,0.00,10.16,1.48,5.82,0.00,0.00,0.0089,5.9911,2985.85,0.00,0,0,0.00,0.00,12330,12273
176051,153.95,150.00,16.94,0.00,10.08,1.11,5.59,0.00,0.00,0.0089,5.9911,2978.82,0.00,0,0,0.00,0.00,12353,12396
176251,152.96,150.00,12.70,0.00,10.01,0.83,5.42,0.00,0.00,0.0089,5.9911,3208.56,0.00,0,0,0.00,0.00,15111,12524
176451,152.22,150.00,9.53,0.00,9.96,0.62,5.29,0.00,0.00,0.0089,5.9911,3085.43,0.00,0,0,0.00,0.00,13574,12835
176651,151.67,150.00,7.15,0.00,9.93,0.47,5.20,0.00,0.00,0.0089,5.9911,3009.39,0.00,0,0,0.00,0.00,12972,12954
176851,151.25,150.00,5.36,0.00,9.90,0.35,5.13,0.00,0.00,0.0089,5.9911,2971.85,0.00,0,0,0.00,0.00,12874,12931
177051,150.94,150.00,91.52,350.00,9.88,5.99,7.93,0.00,0.00,0.0089,5.9911,2604.47,0.00,0,0,0.00,0.00,11675,12467
177251,150.70,150.00,106.14,150.00,9.86,6.95,8.41,0.00,0.00,0.0089,5.9911,2898.47,0.00,0,0,0.00,0.00,11239,10919
177451,150.53,150.00,79.60,0.00,9.85,5.21,7.53,0.00,0.00,0.0089,5.9911,2984.01,0.00,0,0,0.00,0.00,12307,11114
177651,150.40,150.00,59.70,0.00,9.84,3.91,6.88,0.00,0.00,0.0089,5.9911,2993.45,0.00,0,0,0.00,0.00,12425,11498
177851,150.30,150.00,69.78,100.00,9.84,4.57,7.20,0.00,0.00,0.0089,5.9911,2965.32,0.00,0,0,0.00,0.00,12074,11967
178051,150.22,150.00,77.33,100.00,9.83,5.06,7.45,0.00,0.00,0.0089,5.9911,2893.18,0.00,0,0,0.00,0.00,11616,11830
178251,150.17,150.00,83.00,100.00,9.83,5.43,7.63,0.00,0.00,0.0089,5.9911,2956.25,0.00,0,0,0.00,0.00,11961,11578
178451,150.13,150.00,62.25,0.00,9.83,4.07,6.95,0.00,0.00,0.0089,5.9911,2982.08,0.00,0,0,0.00,0.00,12283,12137
178651,150.09,150.00,46.69,0.00,9.82,3.06,6.44,0.00,0.00,0.0089,5.9911,3028.45,0.00,0,0,0.00,0.00,12862,12312
178851,150.07,150.00,60.02,100.00,9.82,3.93,6.88,0.00,0.00,0.0089,5.9911,2948.25,0.00,0,0,0.00,0.00,12095,12199
179051,150.05,150.00,120.01,300.00,9.82,7.85,8.84,0.00,0.00,0.0089,5.9911,2978.80,0.00,0,0,0.00,0.00,12242,12135
179251,150.04,150.00,140.01,200.00,9.82,9.16,9.49,0.00,0.00,0.0089,5.9911,2991.32,0.00,0,0,0.00,0.00,12399,12364
179451,150.03,150.00,130.01,100.00,9.82,8.51,9.16,0.00,0.00,0.0089,5.9911,2964.44,0.00,0,0,0.00,0.00,12274,12346
179651,150.02,150.00,122.50,100.00,9.82,8.02,8.92,0.00,0.00,0.0089,5.9911,2385.44,0.00,0,0,0.00,0.00,11005,12235
179851,150.02,150.00,116.88,100.00,9.82,7.65,8.73,0.00,0.00,0.0089,5.9911,2754.54,0.00,0,0,0.00,0.00,10401,10892
180051,150.01,150.00,87.66,0.00,9.82,5.74,7.78,0.00,0.00,0.0089,5.9911,2951.94,0.00,0,0,0.00,0.00,11907,10467
180251,137.51,100.00,90.74,100.00,9.00,5.94,7.47,0.00,0.00,0.0089,5.9911,2965.92,0.00,0,0,0.00,0.00,12081,11573
180451,140.63,150.00,118.06,200.00,9.20,7.73,8.47,0.00,0.00,0.0089,5.9911,2914.04,0.00,0,0,0.00,0.00,12091,12263
180651,142.97,150.00,88.54,0.00,9.36,5.80,7.58,0.00,0.00,0.0089,5.9911,2939.19,0.00,0,0,0.00,0.00,11748,11867
180851,144.73,150.00,66.41,0.00,9.47,4.35,6.91,0.00,0.00,0.0089,5.9911,3007.09,0.00,0,0,0.00,0.00,12596,12119
181051,146.05,150.00,99.81,200.00,9.56,6.53,8.05,0.00,0.00,0.0089,5.9911,2962.91,0.00,0,0,0.00,0.00,12497,12572
181251,147.04,150.00,74.85,0.00,9.62,4.90,7.26,0.00,0.00,0.0089,5.9911,2984.81,0.00,0,0,0.00,0.00,12317,12342
181451,147.78,150.00,131.14,300.00,9.67,8.58,9.13,0.00,0.00,0.0089,5.9911,2993.78,0.00,0,0,0.00,0.00,12429,12409
181651,148.33,150.00,148.36,200.00,9.71,9.71,9.71,0.00,0.00,0.0089,5.9911,2997.45,0.00,0,0,0.00,0.00,12475,12467
181851,148.75,150.00,111.27,0.00,9.74,7.28,8.51,0.00,0.00,0.0089,5.9911,2998.96,0.00,0,0,0.00,0.00,12494,12491
182051,149.06,150.00,83.45,0.00,9.76,5.46,7.61,0.00,0.00,0.0089,5.9911,2999.57,0.00,0,0,0.00,0.00,12502,12500
182251,161.80,200.00,87.59,100.00,10.59,5.73,8.16,0.00,0.00,0.0089,5.9911,2979.34,0.00,0,0,0.00,0.00,12272,12314
182451,158.85,150.00,65.69,0.00,10.40,4.30,7.35,0.00,0.00,0.0089,5.9911,3017.14,0.00,0,0,0.00,0.00,12721,12486
182651,156.64,150.00,74.27,100.00,10.25,4.86,7.56,0.00,0.00,0.0089,5.9911,2981.42,0.00,0,0,0.00,0.00,12533,12571
182851,154.98,150.00,55.70,0.00,10.14,3.65,6.89,0.00,0.00,0.0089,5.9911,2992.39,0.00,0,0,0.00,0.00,12441,12457
183051,153.73,150.00,41.78,0.00,10.06,2.73,6.40,0.00,0.00,0.0089,5.9911,2996.88,0.00,0,0,0.00,0.00,12468,12459
183251,152.80,150.00,31.33,0.00,10.00,2.05,6.03,0.00,0.00,0.0089,5.9911,2998.72,0.00,0,0,0.00,0.00,12491,12488
183451,152.10,150.00,23.50,0.00,9.95,1.54,5.75,0.00,0.00,0.0089,5.9911,2999.48,0.00,0,0,0.00,0.00,12500,12500
183651,151.57,150.00,17.62,0.00,9.92,1.15,5.54,0.00,0.00,0.0089,5.9911,2999.79,0.00,0,0,0.00,0.00,12504,12504
183851,151.18,150.00,13.22,0.00,9.89,0.87,5.38,0.00,0.00,0.0089,5.9911,2994.48,0.00,0,0,0.00,0.00,0,12505
184051,150.89,150.00,34.91,100.00,9.88,2.29,6.08,0.00,0.00,0.0089,5.9911,3005.62,0.00,0,0,0.00,0.00,12577,12514
184251,150.66,150.00,26.19,0.00,9.86,1.71,5.79,0.00,0.00,0.0089,5.9911,3002.30,0.00,0,0,0.00,0.00,12591,12587
184451,150.50,150.00,19.64,0.00,9.85,1.29,5.57,0.00,0.00,0.0089,5.9911,3000.94,0.00,0,0,0.00,0.00,12600,12599
184651,150.37,150.00,14.73,0.00,9.84,0.96,5.40,0.00,0.00,0.0089,5.9911,3000.39,0.00,0,0,0.00,0.00,12604,12604
184851,162.78,200.00,11.05,0.00,10.65,0.72,5.69,0.00,0.00,0.0089,5.9911,3000.16,0.00,0,0,0.00,0.00,12604,12604
185051,159.59,150.00,8.29,0.00,10.44,0.54,5.49,0.00,0.00,0.0089,5.9911,3000.06,0.00,0,0,0.00,0.00,12603,12603
185251,157.19,150.00,6.21,0.00,10.29,0.41,5.35,0.00,0.00,0.0089,5.9911,3000.03,0.00,0,0,0.00,0.00,12603,12603
185451,155.39,150.00,4.66,0.00,10.17,0.31,5.24,0.00,0.00,0.0089,5.9911,3000.01,0.00,0,0,0.00,0.00,12603,12603
185651,154.04,150.00,3.50,0.00,10.08,0.23,5.16,0.00,0.00,0.0089,5.9911,3000.00,0.00,0,0,0.00,0.00,12603,12603
185851,153.03,150.00,27.62,100.00,10.02,1.81,5.91,0.00,0.00,0.0089,5.9911,3000.00,0.00,0,0,0.00,0.00,12603,12603
186051,152.27,150.00,20.72,0.00,9.97,1.36,5.66,0.00,0.00,0.0089,5.9911,3000.00,0.00,0,0,0.00,0.00,12603,12603
186251,151.71,150.00,15.54,0.00,9.93,1.02,5.47,0.00,0.00,0.0089,5.9911,3000.00,0.00,0,0,0.00,0.00,12603,12603
186451,151.28,150.00,36.65,100.00,9.90,2.40,6.15,0.00,0.00,0.0089,5.9911,3000.00,0.00,0,0,0.00,0.00,12603,12603
186651,150.96,150.00,77.49,200.00,9.88,5.07,7.48,0.00,0.00,0.0089,5.9911,3000.00,0.00,0,0,0.00,0.00,12603,12603
186851,163.22,200.00,83.12,100.00,10.68,5.44,8.06,0.00,0.00,0.0089,5.9911,3032.00,0.00,0,0,0.00,0.00,12907,12650
187051,159.91,150.00,62.34,0.00,10.47,4.08,7.27,0.00,0.00,0.0089,5.9911,3013.11,0.00,0,0,0.00,0.00,12892,12866
187251,157.44,150.00,46.75,0.00,10.30,3.06,6.68,0.00,0.00,0.0089,5.9911,2971.77,0.00,0,0,0.00,0.00,12818,12875
187451,155.58,150.00,35.07,0.00,10.18,2.30,6.24,0.00,0.00,0.0089,5.9911,2988.44,0.00,0,0,0.00,0.00,12688,12712
187651,154.18,150.00,26.30,0.00,10.09,1.72,5.91,0.00,0.00,0.0089,5.9911,3020.86,0.00,0,0,0.00,0.00,12803,12762
187851,153.14,150.00,19.72,0.00,10.02,1.29,5.66,0.00,0.00,0.0089,5.9911,3008.55,0.00,0,0,0.00,0.00,12881,12864
188051,152.35,150.00,39.79,100.00,9.97,2.60,6.29,0.00,0.00,0.0089,5.9911,3003.50,0.00,0,0,0.00,0.00,12919,12912
188251,164.26,200.00,29.84,0.00,10.75,1.95,6.35,0.00,0.00,0.0089,5.9911,2980.95,0.00,0,0,0.00,0.00,12722,12761
188451,160.70,150.00,22.38,0.00,10.52,1.47,5.99,0.00,0.00,0.0089,5.9911,3017.80,0.00,0,0,0.00,0.00,12824,12789
188651,158.02,150.00,16.79,0.00,10.34,1.10,5.72,0.00,0.00,0.0089,5.9911,3007.29,0.00,0,0,0.00,0.00,12897,12883
188851,156.02,150.00,37.59,100.00,10.21,2.46,6.34,0.00,0.00,0.0089,5.9911,3002.99,0.00,0,0,0.00,0.00,12928,12923
189051,154.51,150.00,78.19,200.00,10.11,5.12,7.62,0.00,0.00,0.0089,5.9911,3001.22,0.00,0,0,0.00,0.00,12940,12938
189251,153.39,150.00,58.64,0.00,10.04,3.84,6.94,0.00,0.00,0.0089,5.9911,3000.50,0.00,0,0,0.00,0.00,12944,12943
189451,165.04,200.00,43.98,0.00,10.80,2.88,6.84,0.00,0.00,0.0089,5.9911,3000.21,0.00,0,0,0.00,0.00,12944,12944
189651,161.28,150.00,57.99,100.00,10.56,3.80,7.18,0.00,0.00,0.0089,5.9911,3000.08,0.00,0,0,0.00,0.00,12944,12944
189851,158.46,150.00,43.49,0.00,10.37,2.85,6.61,0.00,0.00,0.0089,5.9911,3000.03,0.00,0,0,0.00,0.00,12944,12944
190051,156.34,150.00,32.62,0.00,10.23,2.13,6.18,0.00,0.00,0.0089,5.9911,3000.01,0.00,0,0,0.00,0.00,12944,12944
190251,154.76,150.00,49.46,100.00,10.13,3.24,6.68,0.00,0.00,0.0089,5.9911,3000.01,0.00,0,0,0.00,0.00,12944,12944
190451,153.57,150.00,62.10,100.00,10.05,4.06,7.06,0.00,0.00,0.0089,5.9911,2974.40,0.00,0,0,0.00,0.00,12755,12807
190651,152.68,150.00,46.57,0.00,9.99,3.05,6.52,0.00,0.00,0.0089,5.9911,3029.52,0.00,0,0,0.00,0.00,12876,12650
190851,164.51,200.00,34.93,0.00,10.77,2.29,6.53,0.00,0.00,0.0089,5.9911,3012.09,0.00,0,0,0.00,0.00,12867,12843
191051,160.88,150.00,26.20,0.00,10.53,1.71,6.12,0.00,0.00,0.0089,5.9911,2972.95,0.00,0,0,0.00,0.00,12790,12845
191251,158.16,150.00,19.65,0.00,10.35,1.29,5.82,0.00,0.00,0.0089,5.9911,2988.92,0.00,0,0,0.00,0.00,12660,12683
191451,156.12,149.99,14.74,0.00,10.22,0.96,5.59,0.00,0.00,0.0089,5.9911,2995.46,0.00,0,0,0.00,0.00,12602,12612
191651,154.59,150.01,11.05,0.00,10.12,0.72,5.42,0.00,0.00,0.0089,5.9911,2998.14,0.00,0,0,0.00,0.00,12576,12580
191851,153.44,150.00,8.29,0.00,10.04,0.54,5.29,0.00,0.00,0.0089,5.9911,3039.24,0.00,0,0,0.00,0.00,12997,12565
192051,152.58,150.00,6.22,0.00,9.99,0.41,5.20,0.00,0.00,0.0089,5.9911,2976.07,0.00,0,0,0.00,0.00,12785,12833
192251,151.94,150.00,29.66,100.00,9.94,1.94,5.94,0.00,0.00,0.0089,5.9911,2990.20,0.00,0,0,0.00,0.00,12670,12690
192451,151.45,150.00,22.25,0.00,9.91,1.46,5.68,0.00,0.00,0.0089,5.9911,2995.99,0.00,0,0,0.00,0.00,12619,12628
192651,151.09,150.00,116.69,400.00,9.89,7.64,8.76,0.00,0.00,0.0089,5.9911,2998.36,0.00,0,0,0.00,0.00,12596,12600
192851,163.32,200.00,87.51,0.00,10.69,5.73,8.21,0.00,0.00,0.0089,5.9911,2999.33,0.00,0,0,0.00,0.00,12584,12586
193051,159.99,150.00,65.64,0.00,10.47,4.30,7.38,0.00,0.00,0.0089,5.9911,3002.49,0.00,0,0,0.00,0.00,12563,12559
193251,157.49,150.00,136.73,350.00,10.31,8.95,9.63,0.00,0.00,0.0089,5.9911,2701.45,0.00,0,0,0.00,0.00,10967,11565
193451,155.62,150.00,140.04,150.00,10.19,9.17,9.68,0.00,0.00,0.0089,5.9911,2943.31,0.00,0,0,0.00,0.00,11799,10687
193651,154.21,150.00,105.03,0.00,10.09,6.87,8.48,0.00,0.00,0.0089,5.9911,2997.26,0.00,0,0,0.00,0.00,12473,11380
193851,140.66,100.00,128.78,200.00,9.21,8.43,8.82,0.00,0.00,0.0089,5.9911,2966.88,0.00,0,0,0.00,0.00,12093,11952
194051,143.00,150.00,96.58,0.00,9.36,6.32,7.84,0.00,0.00,0.0089,5.9911,2951.04,0.00,0,0,0.00,0.00,12105,12203
194251,144.75,150.00,72.44,0.00,9.47,4.74,7.11,0.00,0.00,0.0089,5.9911,2973.72,0.00,0,0,0.00,0.00,12179,12041
194451,146.06,150.00,79.33,100.00,9.56,5.19,7.38,0.00,0.00,0.0089,5.9911,2989.24,0.00,0,0,0.00,0.00,12373,12331
194651,147.04,150.00,59.50,0.00,9.62,3.89,6.76,0.00,0.00,0.0089,5.9911,2995.59,0.00,0,0,0.00,0.00,12452,12439
194851,147.78,150.00,44.62,0.00,9.67,2.92,6.30,0.00,0.00,0.0089,5.9911,2998.19,0.00,0,0,0.00,0.00,12484,12479
195051,148.34,150.00,45.97,50.00,9.71,3.01,6.36,0.00,0.00,0.0089,5.9911,2592.40,0.00,0,0,0.00,0.00,11080,11896
195251,148.75,150.00,46.97,50.00,9.74,3.07,6.41,0.00,0.00,0.0089,5.9911,2898.65,0.00,0,0,0.00,0.00,11241,10312
195451,149.06,150.00,35.23,0.00,9.76,2.31,6.03,0.00,0.00,0.0089,5.9911,2984.09,0.00,0,0,0.00,0.00,12308,11174
195651,149.30,150.00,26.42,0.00,9.77,1.73,5.75,0.00,0.00,0.0089,5.9911,2953.48,0.00,0,0,0.00,0.00,12116,12210
195851,149.47,150.00,44.82,100.00,9.78,2.93,6.36,0.00,0.00,0.0089,5.9911,3113.73,0.00,0,0,0.00,0.00,13927,12127
196051,149.61,150.00,108.61,300.00,9.79,7.11,8.45,0.00,0.00,0.0089,5.9911,3026.10,0.00,0,0,0.00,0.00,12916,12864
196251,149.70,150.00,106.46,100.00,9.80,6.97,8.38,0.00,0.00,0.0089,5.9911,2985.09,0.00,0,0,0.00,0.00,12906,12936
196451,149.78,150.00,79.84,0.00,9.80,5.23,7.51,0.00,0.00,0.0089,5.9911,2993.89,0.00,0,0,0.00,0.00,12832,12845
196651,149.83,150.00,59.88,0.00,9.81,3.92,6.86,0.00,0.00,0.0089,5.9911,3011.90,0.00,0,0,0.00,0.00,12698,12675
196851,149.88,150.00,119.91,300.00,9.81,7.85,8.83,0.00,0.00,0.0089,5.9911,3004.87,0.00,0,0,0.00,0.00,12751,12742
197051,149.91,150.00,89.93,0.00,9.81,5.89,7.85,0.00,0.00,0.0089,5.9911,2976.40,0.00,0,0,0.00,0.00,12580,12628
197251,162.43,200.00,67.45,0.00,10.63,4.41,7.52,0.00,0.00,0.0089,5.9911,2990.33,0.00,0,0,0.00,0.00,12462,12482
197451,159.32,150.00,100.59,200.00,10.43,6.58,8.51,0.00,0.00,0.0089,5.9911,2996.04,0.00,0,0,0.00,0.00,12458,12446
197651,156.99,150.00,75.44,0.00,10.28,4.94,7.61,0.00,0.00,0.0089,5.9911,2997.97,0.00,0,0,0.00,0.00,12482,12475
197851,155.24,150.00,56.58,0.00,10.16,3.70,6.93,0.00,0.00,0.0089,5.9911,3006.25,0.00,0,0,0.00,0.00,12585,12432
198051,153.93,150.00,67.44,100.00,10.07,4.41,7.24,0.00,0.00,0.0089,5.9911,3002.56,0.00,0,0,0.00,0.00,12588,12583
198251,152.95,150.00,75.58,100.00,10.01,4.95,7.48,0.00,0.00,0.0089,5.9911,3001.05,0.00,0,0,0.00,0.00,12601,12599
198451,152.21,150.00,81.68,100.00,9.96,5.35,7.65,0.00,0.00,0.0089,5.9911,3000.43,0.00,0,0,0.00,0.00,12603,12603
198651,151.66,150.00,61.26,0.00,9.93,4.01,6.97,0.00,0.00,0.0089,5.9911,2995.08,0.00,0,0,0.00,0.00,12446,12454
198851,151.24,150.00,133.45,350.00,9.90,8.73,9.32,0.00,0.00,0.0089,5.9911,3023.89,0.00,0,0,0.00,0.00,12805,12476
199051,150.93,150.00,112.58,50.00,9.88,7.37,8.62,0.00,0.00,0.0089,5.9911,3116.58,0.00,0,0,0.00,0.00,13963,12520
199251,150.70,150.00,84.44,0.00,9.86,5.53,7.69,0.00,0.00,0.0089,5.9911,3029.37,0.00,0,0,0.00,0.00,12874,12719
199451,150.52,150.00,63.33,0.00,9.85,4.14,7.00,0.00,0.00,0.0089,5.9911,3012.03,0.00,0,0,0.00,0.00,12927,12903
199651,150.39,150.00,72.50,100.00,9.84,4.74,7.29,0.00,0.00,0.0089,5.9911,2964.93,0.00,0,0,0.00,0.00,12896,12967
199851,162.80,200.00,54.37,0.00,10.65,3.56,7.11,0.00,0.00,0.0089,5.9911,2985.63,0.00,0,0,0.00,0.00,12734,12763
200051,159.60,150.00,178.28,550.00,10.45,11.67,11.06,0.00,0.00,0.0089,5.9911,2994.12,0.00,0,0,0.00,0.00,12663,12675
200251,157.20,150.00,196.21,250.00,10.29,12.84,11.57,0.00,0.00,0.0089,5.9911,2997.59,0.00,0,0,0.00,0.00,12632,12637
200451,155.40,150.00,147.16,0.00,10.17,9.63,9.90,0.00,0.00,0.0089,5.9911,3019.49,0.00,0,0,0.00,0.00,12847,12809
200651,154.05,150.00,135.37,100.00,10.08,8.86,9.47,0.00,0.00,0.0089,5.9911,2982.38,0.00,0,0,0.00,0.00,12725,12761
200851,153.04,150.00,101.53,0.00,10.02,6.64,8.33,0.00,0.00,0.0089,5.9911,3032.78,0.00,0,0,0.00,0.00,12916,12652
201051,152.28,150.00,76.14,0.00,9.97,4.98,7.48,0.00,0.00,0.0089,5.9911,3013.43,0.00,0,0,0.00,0.00,12861,12835
201251,151.71,150.00,57.11,0.00,9.93,3.74,6.83,0.00,0.00,0.0089,5.9911,2979.90,0.00,0,0,0.00,0.00,12731,12772
201451,163.78,200.00,92.83,200.00,10.72,6.08,8.40,0.00,0.00,0.0089,5.9911,2991.77,0.00,0,0,0.00,0.00,12633,12650
201651,160.34,150.00,69.62,0.00,10.49,4.56,7.53,0.00,0.00,0.0089,5.9911,2971.03,0.00,0,0,0.00,0.00,12402,12460
201851,157.75,150.00,77.22,100.00,10.32,5.05,7.69,0.00,0.00,0.0089,5.9911,2988.13,0.00,0,0,0.00,0.00,12359,12321
202051,155.81,150.00,107.91,200.00,10.20,7.06,8.63,0.00,0.00,0.0089,5.9911,2955.14,0.00,0,0,0.00,0.00,12341,12431
202251,154.36,150.00,80.93,0.00,10.10,5.30,7.70,0.00,0.00,0.0089,5.9911,2981.63,0.00,0,0,0.00,0.00,12278,12217
202451,153.27,150.00,60.70,0.00,10.03,3.97,7.00,0.00,0.00,0.0089,5.9911,2937.54,0.00,0,0,0.00,0.00,12150,12275
202651,152.45,150.00,45.53,0.00,9.98,2.98,6.48,0.00,0.00,0.0089,5.9911,2934.42,0.00,0,0,0.00,0.00,11918,12050
202851,151.84,150.00,34.14,0.00,9.94,2.23,6.09,0.00,0.00,0.0089,5.9911,2933.14,0.00,0,0,0.00,0.00,11955,12089
203051,151.38,150.00,25.61,0.00,9.91,1.68,5.79,0.00,0.00,0.0089,5.9911,2932.61,0.00,0,0,0.00,0.00,11904,12039
203251,151.03,150.00,19.21,0.00,9.89,1.26,5.57,0.00,0.00,0.0089,5.9911,2940.40,0.00,0,0,0.00,0.00,11775,11895
203451,150.78,150.00,14.40,0.00,9.87,0.94,5.41,0.00,0.00,0.0089,5.9911,2943.59,0.00,0,0,0.00,0.00,11958,12071
203651,150.58,150.00,48.30,150.00,9.86,3.16,6.51,0.00,0.00,0.0089,5.9911,2468.32,0.00,0,0,0.00,0.00,10946,12010
203851,150.44,150.00,73.73,150.00,9.85,4.83,7.34,0.00,0.00,0.0089,5.9911,2782.22,0.00,0,0,0.00,0.00,9788,10050
204051,150.33,150.00,55.30,0.00,9.84,3.62,6.73,0.00,0.00,0.0089,5.9911,2942.80,0.00,0,0,0.00,0.00,11793,9928
204251,137.75,100.00,91.47,200.00,9.02,5.99,7.50,0.00,0.00,0.0089,5.9911,2944.57,0.00,0,0,0.00,0.00,11815,10790
204451,140.81,150.00,118.60,200.00,9.22,7.76,8.49,0.00,0.00,0.0089,5.9911,2911.70,0.00,0,0,0.00,0.00,11416,11593
204651,143.11,150.00,88.95,0.00,9.37,5.82,7.59,0.00,0.00,0.0089,5.9911,2911.35,0.00,0,0,0.00,0.00,11400,11368
204851,132.33,100.00,141.71,300.00,8.66,9.28,8.97,0.00,0.00,0.0089,5.9911,2911.21,0.00,0,0,0.00,0.00,11398,11305
205051,136.75,150.00,156.29,200.00,8.95,10.23,9.59,0.00,0.00,0.0089,5.9911,2938.03,0.00,0,0,0.00,0.00,11733,11369
205251,140.06,150.00,192.21,300.00,9.17,12.58,10.87,0.00,0.00,0.0089,5.9911,2914.14,0.00,0,0,0.00,0.00,11435,11452
205451,142.55,150.00,194.16,200.00,9.33,12.71,11.02,0.00,0.00,0.0089,5.9911,2916.04,0.00,0,0,0.00,0.00,11459,11503
205651,144.41,150.00,183.12,150.00,9.45,11.99,10.72,0.00,0.00,0.0089,5.9911,2647.00,0.00,0,0,0.00,0.00,10059,10765
205851,145.81,150.00,199.84,250.00,9.54,13.08,11.31,0.00,0.00,0.0089,5.9911,2834.93,0.00,0,0,0.00,0.00,10446,9303
206051,134.36,100.00,149.88,0.00,8.79,9.81,9.30,0.00,0.00,0.0089,5.9911,2932.39,0.00,0,0,0.00,0.00,11663,9672
206251,138.27,150.00,112.41,0.00,9.05,7.36,8.20,0.00,0.00,0.0089,5.9911,2946.71,0.00,0,0,0.00,0.00,11841,10054
206451,141.20,150.00,109.31,100.00,9.24,7.15,8.20,0.00,0.00,0.0089,5.9911,2892.09,0.00,0,0,0.00,0.00,11159,11061
206651,130.90,100.00,181.98,400.00,8.57,11.91,10.24,0.00,0.00,0.0089,5.9911,2837.72,0.00,0,0,0.00,0.00,10481,10685
206851,135.67,150.00,161.49,100.00,8.88,10.57,9.72,0.00,0.00,0.0089,5.9911,2881.05,0.00,0,0,0.00,0.00,11022,10569
207051,126.76,100.00,121.11,0.00,8.30,7.93,8.11,0.00,0.00,0.0089,5.9911,2853.68,0.00,0,0,0.00,0.00,10733,11026
207251,132.57,150.00,140.84,200.00,8.68,9.22,8.95,0.00,0.00,0.0089,5.9911,2703.91,0.00,0,0,0.00,0.00,9410,10003
207451,124.43,100.00,130.63,100.00,8.14,8.55,8.35,0.00,0.00,0.0089,5.9911,2576.96,0.00,0,0,0.00,0.00,7579,8426
207651,118.32,100.00,147.97,200.00,7.74,9.68,8.71,0.00,0.00,0.0089,5.9911,2630.56,0.00,0,0,0.00,0.00,7894,7360
207851,113.74,100.00,160.98,200.00,7.44,10.54,8.99,0.00,0.00,0.0089,5.9911,2698.60,0.00,0,0,0.00,0.00,8743,8032
208051,110.30,100.00,220.73,400.00,7.22,14.45,10.83,0.00,0.00,0.0089,5.9911,2692.87,0.00,0,0,0.00,0.00,8672,8685
208251,120.23,150.00,215.55,200.00,7.87,14.11,10.99,0.00,0.00,0.0089,5.9911,2690.52,0.00,0,0,0.00,0.00,8642,8896
208451,115.17,100.00,174.16,50.00,7.54,11.40,9.47,0.00,0.00,0.0089,5.9911,2723.16,0.00,0,0,0.00,0.00,9050,9144
208651,111.38,100.00,143.12,50.00,7.29,9.37,8.33,0.00,0.00,0.0089,5.9911,2726.71,0.00,0,0,0.00,0.00,9094,9285
208851,108.53,100.00,107.34,0.00,7.10,7.03,7.06,0.00,0.00,0.0089,5.9911,2683.90,0.00,0,0,0.00,0.00,8560,8821
209051,106.40,100.00,105.51,100.00,6.96,6.91,6.93,0.00,0.00,0.0089,5.9911,2686.85,0.00,0,0,0.00,0.00,8596,8586
209251,104.80,100.00,79.13,0.00,6.86,5.18,6.02,0.00,0.00,0.0089,5.9911,2656.05,0.00,0,0,0.00,0.00,8212,8560
209451,103.60,100.00,121.85,250.00,6.78,7.97,7.38,0.00,0.00,0.0089,5.9911,2550.96,0.00,0,0,0.00,0.00,6967,7866
209651,102.70,100.00,116.39,100.00,6.72,7.62,7.17,0.00,0.00,0.0089,5.9911,2409.35,0.00,0,0,0.00,0.00,5131,5828
209851,102.03,100.00,174.79,350.00,6.68,11.44,9.06,0.00,0.00,0.0089,5.9911,2325.75,0.00,0,0,0.00,0.00,4087,4007
210051,89.02,50.00,156.09,100.00,5.83,10.22,8.02,0.00,0.00,0.0089,5.9911,2285.48,0.00,0,0,0.00,0.00,3584,3656
210251,79.26,50.00,154.57,150.00,5.19,10.12,7.65,0.00,0.00,0.0089,5.9911,2450.69,0.00,0,0,0.00,0.00,5648,3966
210451,84.45,100.00,265.93,600.00,5.53,17.40,11.47,0.00,0.00,0.0089,5.9911,2498.84,0.00,0,0,0.00,0.00,6249,5369
210651,75.84,50.00,261.94,250.00,4.96,17.14,11.05,0.00,0.00,0.0089,5.9911,2440.49,0.00,0,0,0.00,0.00,5520,5702
210851,69.38,50.00,283.96,350.00,4.54,18.59,11.56,0.00,0.00,0.0089,5.9911,2469.06,0.00,0,0,0.00,0.00,5877,5830
211051,64.53,50.00,225.47,50.00,4.22,14.76,9.49,0.00,0.00,0.0089,5.9911,2433.53,0.00,0,0,0.00,0.00,5433,5832
211251,73.40,100.00,306.60,550.00,4.80,20.07,12.44,0.00,0.00,0.0089,5.9911,2263.66,0.00,0,0,0.00,0.00,3312,4216
211451,67.55,50.00,304.95,300.00,4.42,19.96,12.19,0.00,0.00,0.0089,5.9911,2133.59,0.00,0,0,0.00,0.00,1688,2313
211651,63.16,50.00,316.21,350.00,4.13,20.70,12.42,0.00,0.00,0.0089,5.9911,2100.40,0.00,0,0,0.00,0.00,1273,1569
211851,59.87,50.00,274.66,150.00,3.92,17.98,10.95,0.00,0.00,0.0089,5.9911,2104.90,0.00,0,0,0.00,0.00,1329,1028
212051,44.90,0.00,218.50,50.00,2.94,14.30,8.62,0.00,0.00,0.0089,5.9911,2279.13,0.00,0,0,0.00,0.00,3505,1621
212251,46.18,50.00,163.87,0.00,3.02,10.73,6.87,0.00,0.00,0.0089,5.9911,2350.49,0.00,0,0,0.00,0.00,4396,2187
212451,34.63,0.00,160.40,150.00,2.27,10.50,6.38,0.00,0.00,0.0089,5.9911,2347.72,0.00,0,0,0.00,0.00,4362,3646
212651,25.98,0.00,232.80,450.00,1.70,15.24,8.47,0.00,0.00,0.0089,5.9911,2418.59,0.00,0,0,0.00,0.00,5247,4507
212851,19.48,0.00,274.60,400.00,1.28,17.97,9.62,0.00,0.00,0.0089,5.9911,2597.69,0.00,0,0,0.00,0.00,7483,4753
213051,14.61,0.00,205.95,0.00,0.96,13.48,7.22,0.00,0.00,0.0089,5.9911,2696.66,0.00,0,0,0.00,0.00,8719,5035
213251,10.96,0.00,154.46,0.00,0.72,10.11,5.41,0.00,0.00,0.0089,5.9911,2869.67,0.00,0,0,0.00,0.00,10880,5679
213451,8.22,0.00,153.35,150.00,0.54,10.04,5.29,0.00,0.00,0.0089,5.9911,2946.62,0.00,0,0,0.00,0.00,11840,7591
213651,6.16,0.00,177.51,250.00,0.40,11.62,6.01,0.00,0.00,0.0089,5.9911,2664.85,0.00,0,0,0.00,0.00,8322,6246
213851,17.12,50.00,133.13,0.00,1.12,8.71,4.92,0.00,0.00,0.0089,5.9911,2554.56,0.00,0,0,0.00,0.00,6945,6440
214051,37.84,100.00,162.35,250.00,2.48,10.63,6.55,0.00,0.00,0.0089,5.9911,1907.78,0.00,0,0,0.00,0.00,0,6478
214251,40.88,50.00,171.76,200.00,2.68,11.24,6.96,0.00,0.00,0.0089,5.9911,2074.23,0.00,0,0,0.00,0.00,1791,3643
214451,43.16,50.00,191.32,250.00,2.82,12.52,7.67,0.00,0.00,0.0089,5.9911,2456.64,0.00,0,0,0.00,0.00,5722,2417
214651,32.37,0.00,168.49,100.00,2.12,11.03,6.57,0.00,0.00,0.0089,5.9911,2566.88,0.00,0,0,0.00,0.00,7098,3703
214851,36.78,50.00,126.37,0.00,2.41,8.27,5.34,0.00,0.00,0.0089,5.9911,2646.91,0.00,0,0,0.00,0.00,8098,4442
215051,27.58,0.00,119.78,100.00,1.81,7.84,4.82,0.00,0.00,0.0089,5.9911,2756.82,0.00,0,0,0.00,0.00,9470,4924
215251,20.69,0.00,89.83,0.00,1.35,5.88,3.62,0.00,0.00,0.0089,5.9911,2814.31,0.00,0,0,0.00,0.00,10188,5397
215451,28.02,50.00,79.87,50.00,1.83,5.23,3.53,0.00,0.00,0.0089,5.9911,2773.86,0.00,0,0,0.00,0.00,9683,7033
215651,33.51,50.00,109.91,200.00,2.19,7.19,4.69,0.00,0.00,0.0089,5.9911,2619.69,0.00,0,0,0.00,0.00,7758,8442
215851,37.63,50.00,94.93,50.00,2.46,6.21,4.34,0.00,0.00,0.0089,5.9911,2346.31,0.00,0,0,0.00,0.00,5796,7104
216051,53.23,100.00,71.20,0.00,3.48,4.66,4.07,0.00,0.00,0.0089,5.9911,2271.45,0.00,0,0,0.00,0.00,3409,4448
216251,64.92,100.00,53.40,0.00,4.25,3.49,3.87,0.00,0.00,0.0089,5.9911,2321.75,0.00,0,0,0.00,0.00,4037,3625
216451,61.19,50.00,40.05,0.00,4.00,2.62,3.31,0.00,0.00,0.0089,5.9911,2310.35,0.00,0,0,0.00,0.00,3895,3809
216651,58.39,50.00,30.04,0.00,3.82,1.97,2.89,0.00,0.00,0.0089,5.9911,2245.20,0.00,0,0,0.00,0.00,3081,3281
216851,68.79,100.00,47.53,100.00,4.50,3.11,3.81,0.00,0.00,0.0089,5.9911,2178.51,0.00,0,0,0.00,0.00,2249,2814
217051,64.10,50.00,35.65,0.00,4.20,2.33,3.26,0.00,0.00,0.0089,5.9911,2125.60,0.00,0,0,0.00,0.00,1588,1980
217251,60.57,50.00,26.73,0.00,3.96,1.75,2.86,0.00,0.00,0.0089,5.9911,2111.93,0.00,0,0,0.00,0.00,1417,1448
217451,57.93,50.00,20.05,0.00,3.79,1.31,2.55,0.00,0.00,0.0089,5.9911,2045.85,0.00,0,0,0.00,0.00,592,735
217651,55.95,50.00,15.04,0.00,3.66,0.98,2.32,0.00,0.00,0.0089,5.9911,2018.78,0.00,0,0,0.00,0.00,254,312
217851,41.96,0.00,11.28,0.00,2.75,0.74,1.74,0.00,0.00,0.0089,5.9911,2007.69,0.00,0,0,0.00,0.00,116,140
218051,43.97,50.00,33.46,100.00,2.88,2.19,2.53,0.00,0.00,0.0089,5.9911,1977.55,0.00,0,0,0.00,0.00,0,0
218251,45.48,50.00,25.09,0.00,2.98,1.64,2.31,0.00,0.00,0.0089,5.9911,2102.80,0.00,0,0,0.00,0.00,1303,46
218451,34.11,0.00,18.82,0.00,2.23,1.23,1.73,0.00,0.00,0.0089,5.9911,2310.27,0.00,0,0,0.00,0.00,3894,366
218651,38.08,50.00,14.12,0.00,2.49,0.92,1.71,0.00,0.00,0.0089,5.9911,2449.33,0.00,0,0,0.00,0.00,5630,1495
218851,28.56,0.00,10.59,0.00,1.87,0.69,1.28,0.00,0.00,0.0089,5.9911,2445.80,0.00,0,0,0.00,0.00,5586,1923
219051,21.42,0.00,7.94,0.00,1.40,0.52,0.96,0.00,0.00,0.0089,5.9911,2479.24,0.00,0,0,0.00,0.00,6004,2408
219251,16.07,0.00,93.45,350.00,1.05,6.12,3.58,0.00,0.00,0.0089,5.9911,2668.62,0.00,0,0,0.00,0.00,8369,4174
219451,12.05,0.00,182.59,450.00,0.79,11.95,6.37,0.00,0.00,0.0089,5.9911,2714.19,0.00,0,0,0.00,0.00,8938,6537
219651,21.54,50.00,249.44,450.00,1.41,16.33,8.87,0.00,0.00,0.0089,5.9911,2581.17,0.00,0,0,0.00,0.00,7277,7803
219851,41.15,100.00,287.08,400.00,2.69,18.79,10.74,0.00,0.00,0.0089,5.9911,2351.86,0.00,0,0,0.00,0.00,6177,7474
220051,43.36,50.00,302.81,350.00,2.84,19.82,11.33,0.00,0.00,0.0089,5.9911,2399.80,0.00,0,0,0.00,0.00,5012,4905
220251,57.52,100.00,227.11,0.00,3.76,14.86,9.31,0.00,0.00,0.0089,5.9911,2558.00,0.00,0,0,0.00,0.00,6988,5197
220451,68.14,100.00,195.33,100.00,4.46,12.78,8.62,0.00,0.00,0.0089,5.9911,2614.80,0.00,0,0,0.00,0.00,7697,6404
220651,63.61,50.00,221.50,300.00,4.16,14.50,9.33,0.00,0.00,0.0089,5.9911,2574.06,0.00,0,0,0.00,0.00,7188,7109
220851,72.71,100.00,216.12,200.00,4.76,14.15,9.45,0.00,0.00,0.0089,5.9911,2589.38,0.00,0,0,0.00,0.00,7379,7342
221051,79.53,100.00,162.09,0.00,5.21,10.61,7.91,0.00,0.00,0.0089,5.9911,2469.57,0.00,0,0,0.00,0.00,5883,6739
221251,84.65,100.00,121.57,0.00,5.54,7.96,6.75,0.00,0.00,0.0089,5.9911,2428.50,0.00,0,0,0.00,0.00,5370,5490
221451,88.48,100.00,116.18,100.00,5.79,7.60,6.70,0.00,0.00,0.0089,5.9911,2391.19,0.00,0,0,0.00,0.00,4905,4877
221651,78.86,50.00,87.13,0.00,5.16,5.70,5.43,0.00,0.00,0.0089,5.9911,2396.39,0.00,0,0,0.00,0.00,4969,4958
221851,84.15,100.00,65.35,0.00,5.51,4.28,4.89,0.00,0.00,0.0111,5.9889,2338.04,0.00,0,0,0.00,0.00,4241,4578
222051,75.61,50.00,49.01,0.00,4.95,3.21,4.08,0.00,0.00,0.0111,5.9889,2368.57,0.00,0,0,0.00,0.00,4622,4523
222251,69.21,50.00,36.76,0.00,4.53,2.41,3.47,0.00,0.00,0.0111,5.9889,2387.13,0.00,0,0,0.00,0.00,4854,4732
222451,64.41,50.00,27.57,0.00,4.22,1.80,3.01,0.00,0.00,0.0111,5.9889,2362.73,0.00,0,0,0.00,0.00,4549,4866
222651,73.30,100.00,20.68,0.00,4.80,1.35,3.08,0.00,0.00,0.0111,5.9889,2384.73,0.00,0,0,0.00,0.00,4824,4753
222851,67.48,50.00,15.51,0.00,4.42,1.01,2.72,0.00,0.00,0.0111,5.9889,2311.96,0.00,0,0,0.00,0.00,3915,4678
223051,63.11,50.00,11.63,0.00,4.13,0.76,2.45,0.00,0.00,0.0111,5.9889,2363.94,0.00,0,0,0.00,0.00,4564,4363
223251,59.83,50.00,8.72,0.00,3.92,0.57,2.24,0.00,0.00,0.0111,5.9889,2345.23,0.00,0,0,0.00,0.00,4331,4760
223451,57.37,50.00,6.54,0.00,3.76,0.43,2.09,0.00,0.00,0.0111,5.9889,2345.57,0.00,0,0,0.00,0.00,4335,4471
223651,55.53,50.00,4.91,0.00,3.63,0.32,1.98,0.00,0.00,0.0111,5.9889,2403.30,0.00,0,0,0.00,0.00,5056,4619
223851,54.15,50.00,3.68,0.00,3.54,0.24,1.89,0.00,0.00,0.0111,5.9889,2386.95,0.00,0,0,0.00,0.00,4852,5106
224051,53.11,50.00,27.76,100.00,3.48,1.82,2.65,0.00,0.00,0.0111,5.9889,2394.66,0.00,0,0,0.00,0.00,4948,4931
224251,52.33,50.00,120.82,400.00,3.43,7.91,5.67,0.00,0.00,0.0111,5.9889,2397.81,0.00,0,0,0.00,0.00,4987,4980
224451,51.75,50.00,115.62,100.00,3.39,7.57,5.48,0.00,0.00,0.0111,5.9889,2399.10,0.00,0,0,0.00,0.00,5003,5001
224651,51.31,50.00,86.71,0.00,3.36,5.68,4.52,0.00,0.00,0.0111,5.9889,2399.63,0.00,0,0,0.00,0.00,5010,5009
224851,50.98,50.00,65.03,0.00,3.34,4.26,3.80,0.00,0.00,0.0111,5.9889,2374.25,0.00,0,0,0.00,0.00,4693,4735
225051,50.74,50.00,48.78,0.00,3.32,3.19,3.26,0.00,0.00,0.0111,5.9889,2444.17,0.00,0,0,0.00,0.00,5566,4737
225251,63.05,100.00,36.58,0.00,4.13,2.39,3.26,0.00,0.00,0.0111,5.9889,2360.49,0.00,0,0,0.00,0.00,4521,4834
225451,59.79,50.00,27.44,0.00,3.91,1.80,2.85,0.00,0.00,0.0111,5.9889,2297.74,0.00,0,0,0.00,0.00,3738,3748
225651,57.34,50.00,20.58,0.00,3.75,1.35,2.55,0.00,0.00,0.0111,5.9889,2326.11,0.00,0,0,0.00,0.00,4092,3858
225851,55.51,50.00,65.43,200.00,3.63,4.28,3.96,0.00,0.00,0.0111,5.9889,2344.14,0.00,0,0,0.00,0.00,4317,3969
226051,54.13,50.00,49.07,0.00,3.54,3.21,3.38,0.00,0.00,0.0111,5.9889,2356.64,0.00,0,0,0.00,0.00,4473,4569
226251,53.10,50.00,36.81,0.00,3.48,2.41,2.94,0.00,0.00,0.0111,5.9889,2278.78,0.00,0,0,0.00,0.00,3501,4014
226451,52.32,50.00,27.60,0.00,3.42,1.81,2.62,0.00,0.00,0.0111,5.9889,2350.35,0.00,0,0,0.00,0.00,4394,3638
226651,51.74,50.00,20.70,0.00,3.39,1.36,2.37,0.00,0.00,0.0111,5.9889,2379.66,0.00,0,0,0.00,0.00,4761,4301
226851,38.81,0.00,65.53,200.00,2.54,4.29,3.41,0.00,0.00,0.0111,5.9889,2391.67,0.00,0,0,0.00,0.00,4910,4870
227051,41.61,50.00,74.15,100.00,2.72,4.85,3.79,0.00,0.00,0.0111,5.9889,2370.99,0.00,0,0,0.00,0.00,4652,4695
227251,43.70,50.00,55.61,0.00,2.86,3.64,3.25,0.00,0.00,0.0111,5.9889,2428.12,0.00,0,0,0.00,0.00,5366,4816
227451,45.28,50.00,41.71,0.00,2.96,2.73,2.85,0.00,0.00,0.0111,5.9889,2411.52,0.00,0,0,0.00,0.00,5158,5065
227651,46.46,50.00,31.28,0.00,3.04,2.05,2.54,0.00,0.00,0.0111,5.9889,2384.24,0.00,0,0,0.00,0.00,4818,4785
227851,47.34,50.00,48.46,100.00,3.10,3.17,3.14,0.00,0.00,0.0111,5.9889,2433.54,0.00,0,0,0.00,0.00,5433,4907
228051,48.01,50.00,86.35,200.00,3.14,5.65,4.40,0.00,0.00,0.0111,5.9889,2413.74,0.00,0,0,0.00,0.00,5186,5060
228251,48.51,50.00,64.76,0.00,3.17,4.24,3.71,0.00,0.00,0.0111,5.9889,2380.03,0.00,0,0,0.00,0.00,4765,4850
228451,48.88,50.00,98.57,200.00,3.20,6.45,4.83,0.00,0.00,0.0111,5.9889,2423.82,0.00,0,0,0.00,0.00,5312,4889
228651,49.16,50.00,73.93,0.00,3.22,4.84,4.03,0.00,0.00,0.0111,5.9889,2409.76,0.00,0,0,0.00,0.00,5136,5166
228851,49.37,50.00,55.45,0.00,3.23,3.63,3.43,0.00,0.00,0.0111,5.9889,2404.00,0.00,0,0,0.00,0.00,5064,5077
229051,49.53,50.00,41.58,0.00,3.24,2.72,2.98,0.00,0.00,0.0111,5.9889,2401.64,0.00,0,0,0.00,0.00,5035,5040
229251,62.15,100.00,131.19,400.00,4.07,8.59,6.33,0.00,0.00,0.0111,5.9889,2368.67,0.00,0,0,0.00,0.00,4623,4941
229451,59.11,50.00,123.39,100.00,3.87,8.08,5.97,0.00,0.00,0.0111,5.9889,2343.96,0.00,0,0,0.00,0.00,4315,4690
229651,56.83,50.00,130.04,150.00,3.72,8.51,6.12,0.00,0.00,0.0133,5.9867,2076.02,0.00,0,0,0.00,0.00,1786,3634
229851,55.12,50.00,160.03,250.00,3.61,10.47,7.04,0.00,0.00,0.0133,5.9867,2174.82,0.00,0,0,0.00,0.00,2203,2038
230051,53.84,50.00,120.02,0.00,3.52,7.86,5.69,0.00,0.00,0.0133,5.9867,2215.29,0.00,0,0,0.00,0.00,2708,2329
230251,52.88,50.00,115.02,100.00,3.46,7.53,5.49,0.00,0.00,0.0133,5.9867,2266.74,0.00,0,0,0.00,0.00,3350,2933
230451,52.16,50.00,86.26,0.00,3.41,5.65,4.53,0.00,0.00,0.0133,5.9867,2259.34,0.00,0,0,0.00,0.00,3258,3201
230651,51.62,50.00,64.70,0.00,3.38,4.23,3.81,0.00,0.00,0.0133,5.9867,2316.79,0.00,0,0,0.00,0.00,3975,3410
230851,38.72,0.00,136.02,350.00,2.53,8.90,5.72,0.00,0.00,0.0133,5.9867,2340.32,0.00,0,0,0.00,0.00,4269,3870
231051,41.54,50.00,227.02,500.00,2.72,14.86,8.79,0.00,0.00,0.0133,5.9867,2343.55,0.00,0,0,0.00,0.00,4310,4535
231251,31.15,0.00,270.26,400.00,2.04,17.69,9.86,0.00,0.00,0.0133,5.9867,2376.88,0.00,0,0,0.00,0.00,4726,4605
231451,35.86,50.00,265.20,250.00,2.35,17.36,9.85,0.00,0.00,0.0133,5.9867,2416.13,0.00,0,0,0.00,0.00,5216,4890
231651,26.90,0.00,198.90,0.00,1.76,13.02,7.39,0.00,0.00,0.0133,5.9867,2408.26,0.00,0,0,0.00,0.00,5118,5125
231851,20.17,0.00,186.67,150.00,1.32,12.22,6.77,0.00,0.00,0.0133,5.9867,2383.09,0.00,0,0,0.00,0.00,4803,4753
232051,27.63,50.00,252.51,450.00,1.81,16.53,9.17,0.00,0.00,0.0133,5.9867,2393.08,0.00,0,0,0.00,0.00,4928,4882
232251,20.72,0.00,189.38,0.00,1.36,12.39,6.88,0.00,0.00,0.0133,5.9867,2397.16,0.00,0,0,0.00,0.00,4979,4970
232451,15.54,0.00,217.03,300.00,1.02,14.20,7.61,0.00,0.00,0.0133,5.9867,2398.84,0.00,0,0,0.00,0.00,5000,4996
232651,24.16,50.00,162.78,0.00,1.58,10.65,6.12,0.00,0.00,0.0133,5.9867,2399.52,0.00,0,0,0.00,0.00,5009,5007
232851,18.12,0.00,147.08,100.00,1.19,9.63,5.41,0.00,0.00,0.0133,5.9867,2399.81,0.00,0,0,0.00,0.00,5012,5011
233051,26.09,50.00,185.31,300.00,1.71,12.13,6.92,0.00,0.00,0.0133,5.9867,2399.92,0.00,0,0,0.00,0.00,5014,5013
233251,19.57,0.00,188.98,200.00,1.28,12.37,6.82,0.00,0.00,0.0133,5.9867,2399.97,0.00,0,0,0.00,0.00,5014,5014
233451,27.17,50.00,166.74,100.00,1.78,10.91,6.35,0.00,0.00,0.0133,5.9867,2399.99,0.00,0,0,0.00,0.00,5014,5014
233651,32.88,50.00,150.05,100.00,2.15,9.82,5.99,0.00,0.00,0.0133,5.9867,2368.00,0.00,0,0,0.00,0.00,4615,4927
233851,24.66,0.00,162.54,200.00,1.61,10.64,6.13,0.00,0.00,0.0133,5.9867,2307.87,0.00,0,0,0.00,0.00,3864,4583
234051,18.50,0.00,209.40,350.00,1.21,13.71,7.46,0.00,0.00,0.0133,5.9867,2329.52,0.00,0,0,0.00,0.00,4134,4103
234251,26.37,50.00,194.55,150.00,1.73,12.73,7.23,0.00,0.00,0.0133,5.9867,2291.11,0.00,0,0,0.00,0.00,3655,4214
234451,19.78,0.00,245.92,400.00,1.29,16.10,8.69,0.00,0.00,0.0133,5.9867,2269.75,0.00,0,0,0.00,0.00,3388,3683
234651,14.83,0.00,359.44,700.00,0.97,23.53,12.25,0.00,0.00,0.0133,5.9867,2228.57,0.00,0,0,0.00,0.00,2874,2964
234851,11.13,0.00,294.58,100.00,0.73,19.28,10.00,0.00,0.00,0.0156,5.9844,2186.10,0.00,0,0,0.00,0.00,2343,2382
235051,8.34,0.00,220.93,0.00,0.55,14.46,7.50,0.00,0.00,0.0156,5.9844,2119.79,0.00,0,0,0.00,0.00,1515,2233
235251,6.26,0.00,240.70,300.00,0.41,15.75,8.08,0.00,0.00,0.0156,5.9844,2118.93,0.00,0,0,0.00,0.00,1505,1765
235451,4.69,0.00,218.02,150.00,0.31,14.27,7.29,0.00,0.00,0.0156,5.9844,1847.59,0.00,0,0,0.00,0.00,0,1089
235651,3.52,0.00,201.02,150.00,0.23,13.16,6.69,0.00,0.00,0.0156,5.9844,1958.05,0.00,0,0,0.00,0.00,0,0
235851,2.64,0.00,200.76,200.00,0.17,13.14,6.66,0.00,0.00,0.0156,5.9844,1957.22,0.00,0,0,0.00,0.00,0,0
236051,1.98,0.00,150.57,0.00,0.13,9.85,4.99,0.00,0.00,0.0156,5.9844,1950.48,0.00,0,0,0.00,0.00,0,0
236251,1.49,0.00,137.93,100.00,0.10,9.03,4.56,0.00,0.00,0.0156,5.9844,1939.72,0.00,0,0,0.00,0.00,0,0
236451,1.11,0.00,103.45,0.00,0.07,6.77,3.42,0.00,0.00,0.0156,5.9844,1975.31,0.00,0,0,0.00,0.00,0,0
236651,0.84,0.00,102.59,100.00,0.05,6.71,3.38,0.00,0.00,0.0156,5.9844,1964.29,0.00,0,0,0.00,0.00,0,0
236851,0.63,0.00,114.44,150.00,0.04,7.49,3.77,0.00,0.00,0.0156,5.9844,1924.89,0.00,0,0,0.00,0.00,0,0
237051,0.47,0.00,173.33,350.00,0.03,11.34,5.69,0.00,0.00,0.0156,5.9844,1937.24,0.00,0,0,0.00,0.00,0,0
237251,0.35,0.00,205.00,300.00,0.02,13.42,6.72,0.00,0.00,0.0156,5.9844,1921.81,0.00,0,0,0.00,0.00,0,0
237451,0.26,0.00,203.75,200.00,0.02,13.34,6.68,0.00,0.00,0.0156,5.9844,1915.49,0.00,0,0,0.00,0.00,0,0
237651,0.20,0.00,177.81,100.00,0.01,11.64,5.83,0.00,0.00,0.0156,5.9844,1879.31,0.00,0,0,0.00,0.00,0,0
237851,0.15,0.00,195.86,250.00,0.01,12.82,6.41,0.00,0.00,0.0156,5.9844,1892.96,0.00,0,0,0.00,0.00,0,0
238051,0.11,0.00,184.39,150.00,0.01,12.07,6.04,0.00,0.00,0.0156,5.9844,1870.08,0.00,0,0,0.00,0.00,0,0
238251,0.08,0.00,175.80,150.00,0.01,11.51,5.76,0.00,0.00,0.0156,5.9844,1854.30,0.00,0,0,0.00,0.00,0,0
238451,0.06,0.00,194.35,250.00,0.00,12.72,6.36,0.00,0.00,0.0156,5.9844,1847.84,0.00,0,0,0.00,0.00,0,0
238651,0.05,0.00,195.76,200.00,0.00,12.81,6.41,0.00,0.00,0.0156,5.9844,1845.20,0.00,0,0,0.00,0.00,0,0
238851,0.04,0.00,221.82,300.00,0.00,14.52,7.26,0.00,0.00,0.0156,5.9844,1850.51,0.00,0,0,0.00,0.00,0,0
239051,0.03,0.00,241.36,300.00,0.00,15.80,7.90,0.00,0.00,0.0156,5.9844,1852.69,0.00,0,0,0.00,0.00,0,0
239251,0.02,0.00,231.02,200.00,0.00,15.12,7.56,0.00,0.00,0.0156,5.9844,1853.58,0.00,0,0,0.00,0.00,0,0
239451,0.01,0.00,173.27,0.00,0.00,11.34,5.67,0.00,0.00,0.0156,5.9844,1853.95,0.00,0,0,0.00,0.00,0,0
239651,0.01,0.00,179.95,200.00,0.00,11.78,5.89,0.00,0.00,0.0156,5.9844,1862.10,0.00,0,0,0.00,0.00,0,0
239851,0.01,0.00,209.96,300.00,0.00,13.74,6.87,0.00,0.00,0.0156,5.9844,1857.43,0.00,0,0,0.00,0.00,0,0
240051,0.01,0.00,157.47,0.00,0.00,10.31,5.15,0.00,0.00,0.0156,5.9844,1849.13,0.00,0,0,0.00,0.00,0,0
240251,0.00,0.00,143.10,100.00,0.00,9.37,4.68,0.00,0.00,0.0156,5.9844,1840.60,0.00,0,0,0.00,0.00,0,0
240451,0.00,0.00,132.33,100.00,0.00,8.66,4.33,0.00,0.00,0.0156,5.9844,1837.11,0.00,0,0,0.00,0.00,0,0
240651,0.00,0.00,99.25,0.00,0.00,6.50,3.25,0.00,0.00,0.0156,5.9844,1875.68,0.00,0,0,0.00,0.00,0,0
240851,0.00,0.00,149.43,300.00,0.00,9.78,4.89,0.00,0.00,0.0156,5.9844,1871.00,0.00,0,0,0.00,0.00,0,0
241051,0.00,0.00,174.58,250.00,0.00,11.43,5.71,0.00,0.00,0.0156,5.9844,1829.08,0.00,0,0,0.00,0.00,0,0
241251,0.00,0.00,193.43,250.00,0.00,12.66,6.33,0.00,0.00,0.0156,5.9844,1851.91,0.00,0,0,0.00,0.00,0,0
241451,0.00,0.00,220.07,300.00,0.00,14.40,7.20,0.00,0.00,0.0156,5.9844,1821.26,0.00,0,0,0.00,0.00,0,0
241651,0.00,0.00,240.06,300.00,0.00,15.71,7.86,0.00,0.00,0.0156,5.9844,1829.19,0.00,0,0,0.00,0.00,0,0
241851,0.00,0.00,205.04,100.00,0.00,13.42,6.71,0.00,0.00,0.0156,5.9844,1843.96,0.00,0,0,0.00,0.00,0,0
242051,0.00,0.00,228.78,300.00,0.00,14.97,7.49,0.00,0.00,0.0156,5.9844,1850.00,0.00,0,0,0.00,0.00,0,0
242251,0.00,0.00,221.59,200.00,0.00,14.50,7.25,0.00,0.00,0.0156,5.9844,1860.48,0.00,0,0,0.00,0.00,0,0
242451,0.00,0.00,241.19,300.00,0.00,15.79,7.89,0.00,0.00,0.0156,5.9844,1864.77,0.00,0,0,0.00,0.00,0,0
242651,0.00,0.00,230.89,200.00,0.00,15.11,7.56,0.00,0.00,0.0156,5.9844,1866.53,0.00,0,0,0.00,0.00,0,0
242851,0.00,0.00,260.67,350.00,0.00,17.06,8.53,0.00,0.00,0.0156,5.9844,1867.25,0.00,0,0,0.00,0.00,0,0
243051,0.00,0.00,233.00,150.00,0.00,15.25,7.62,0.00,0.00,0.0156,5.9844,1859.55,0.00,0,0,0.00,0.00,0,0
243251,0.00,0.00,199.75,100.00,0.00,13.07,6.54,0.00,0.00,0.0156,5.9844,1884.87,0.00,0,0,0.00,0.00,0,0
243451,0.00,0.00,174.81,100.00,0.00,11.44,5.72,0.00,0.00,0.0156,5.9844,1866.76,0.00,0,0,0.00,0.00,0,0
243651,0.00,0.00,181.11,200.00,0.00,11.85,5.93,0.00,0.00,0.0156,5.9844,1852.95,0.00,0,0,0.00,0.00,0,0
243851,0.00,0.00,210.83,300.00,0.00,13.80,6.90,0.00,0.00,0.0156,5.9844,1847.29,0.00,0,0,0.00,0.00,0,0
244051,0.00,0.00,233.12,300.00,0.00,15.26,7.63,0.00,0.00,0.0156,5.9844,1871.85,0.00,0,0,0.00,0.00,0,0
244251,0.00,0.00,249.84,300.00,0.00,16.35,8.18,0.00,0.00,0.0156,5.9844,1895.03,0.00,0,0,0.00,0.00,0,0
244451,0.00,0.00,274.88,350.00,0.00,17.99,9.00,0.00,0.00,0.0156,5.9844,1904.52,0.00,0,0,0.00,0.00,0,0
244651,0.00,0.00,281.16,299.99,0.00,18.40,9.20,0.00,0.00,0.0156,5.9844,1874.81,0.00,0,0,0.00,0.00,0,0
244851,0.00,0.00,285.87,300.01,0.00,18.71,9.36,0.00,0.00,0.0156,5.9844,1862.64,0.00,0,0,0.00,0.00,0,0
245051,0.00,0.00,276.90,250.00,0.00,18.12,9.06,0.00,0.00,0.0156,5.9844,1851.26,0.00,0,0,0.00,0.00,0,0
245251,0.00,0.00,207.68,0.00,0.00,13.59,6.80,0.00,0.00,0.0156,5.9844,1881.48,0.00,0,0,0.00,0.00,0,0
245451,0.00,0.00,230.76,300.00,0.00,15.10,7.55,0.00,0.00,0.0156,5.9844,1873.37,0.00,0,0,0.00,0.00,0,0
245651,0.00,0.00,248.07,299.99,0.00,16.24,8.12,0.00,0.00,0.0156,5.9844,1862.05,0.00,0,0,0.00,0.00,0,0
245851,0.00,0.00,261.05,300.01,0.00,17.09,8.54,0.00,0.00,0.0156,5.9844,1857.42,0.00,0,0,0.00,0.00,0,0
246051,0.00,0.00,270.79,299.99,0.00,17.72,8.86,0.00,0.00,0.0156,5.9844,1849.12,0.00,0,0,0.00,0.00,0,0
246251,0.00,0.00,278.09,300.01,0.00,18.20,9.10,0.00,0.00,0.0156,5.9844,1880.60,0.00,0,0,0.00,0.00,0,0
246451,0.00,0.00,233.57,100.00,0.00,15.29,7.64,0.00,0.00,0.0156,5.9844,1865.01,0.00,0,0,0.00,0.00,0,0
246651,0.00,0.00,250.18,300.00,0.00,16.37,8.19,0.00,0.00,0.0156,5.9844,1892.23,0.00,0,0,0.00,0.00,0,0
246851,0.00,0.00,250.13,250.01,0.00,16.37,8.19,0.00,0.00,0.0156,5.9844,1903.38,0.00,0,0,0.00,0.00,0,0
247051,0.00,0.00,275.10,350.00,0.00,18.01,9.00,0.00,0.00,0.0156,5.9844,1867.94,0.00,0,0,0.00,0.00,0,0
247251,0.00,0.00,256.32,200.00,0.00,16.78,8.39,0.00,0.00,0.0156,5.9844,1880.31,0.00,0,0,0.00,0.00,0,0
247451,0.00,0.00,267.24,300.01,0.00,17.49,8.75,0.00,0.00,0.0156,5.9844,1893.37,0.00,0,0,0.00,0.00,0,0
247651,0.00,0.00,250.43,200.00,0.00,16.39,8.20,0.00,0.00,0.0156,5.9844,1870.25,0.00,0,0,0.00,0.00,0,0
247851,0.00,0.00,262.83,300.00,0.00,17.20,8.60,0.00,0.00,0.0156,5.9844,1854.37,0.00,0,0,0.00,0.00,0,0
248051,0.00,0.00,222.12,100.00,0.00,14.54,7.27,0.00,0.00,0.0156,5.9844,1842.75,0.00,0,0,0.00,0.00,0,0
248251,0.00,0.00,204.09,150.00,0.00,13.36,6.68,0.00,0.00,0.0156,5.9844,1837.99,0.00,0,0,0.00,0.00,0,0
248451,0.00,0.00,228.07,300.00,0.00,14.93,7.46,0.00,0.00,0.0156,5.9844,1841.16,0.00,0,0,0.00,0.00,0,0
248651,0.00,0.00,233.55,250.00,0.00,15.29,7.64,0.00,0.00,0.0156,5.9844,1856.86,0.00,0,0,0.00,0.00,0,0
248851,0.00,0.00,212.66,150.00,0.00,13.92,6.96,0.00,0.00,0.0156,5.9844,1863.29,0.00,0,0,0.00,0.00,0,0
249051,0.00,0.00,247.00,350.00,0.00,16.17,8.08,0.00,0.00,0.0156,5.9844,1851.52,0.00,0,0,0.00,0.00,0,0
249251,0.00,0.00,235.25,200.00,0.00,15.40,7.70,0.00,0.00,0.0156,5.9844,1841.58,0.00,0,0,0.00,0.00,0,0
249451,0.00,0.00,251.44,300.00,0.00,16.46,8.23,0.00,0.00,0.0156,5.9844,1842.63,0.00,0,0,0.00,0.00,0,0
249651,0.00,0.00,238.58,200.00,0.00,15.61,7.81,0.00,0.00,0.0156,5.9844,1849.46,0.00,0,0,0.00,0.00,0,0
249851,0.00,0.00,253.93,300.00,0.00,16.62,8.31,0.00,0.00,0.0156,5.9844,1852.26,0.00,0,0,0.00,0.00,0,0
250051,0.00,0.00,240.45,200.00,0.00,15.74,7.87,0.00,0.00,0.0156,5.9844,1853.41,0.00,0,0,0.00,0.00,0,0
250251,0.00,0.00,205.34,100.00,0.00,13.44,6.72,0.00,0.00,0.0156,5.9844,1861.88,0.00,0,0,0.00,0.00,0,0
250451,0.00,0.00,179.00,100.00,0.00,11.72,5.86,0.00,0.00,0.0156,5.9844,1857.34,0.00,0,0,0.00,0.00,0,0
250651,0.00,0.00,184.25,200.00,0.00,12.06,6.03,0.00,0.00,0.0156,5.9844,1855.49,0.00,0,0,0.00,0.00,0,0
250851,0.00,0.00,200.69,250.00,0.00,13.14,6.57,0.00,0.00,0.0156,5.9844,1854.73,0.00,0,0,0.00,0.00,0,0
251051,0.00,0.00,225.52,300.00,0.00,14.76,7.38,0.00,0.00,0.0156,5.9844,1848.02,0.00,0,0,0.00,0.00,0,0
251251,0.00,0.00,269.14,400.00,0.00,17.62,8.81,0.00,0.00,0.0156,5.9844,1845.27,0.00,0,0,0.00,0.00,0,0
251451,0.00,0.00,289.35,350.00,0.00,18.94,9.47,0.00,0.00,0.0156,5.9844,1818.54,0.00,0,0,0.00,0.00,0,0
251651,0.00,0.00,267.01,200.00,0.00,17.48,8.74,0.00,0.00,0.0156,5.9844,1868.07,0.00,0,0,0.00,0.00,0,0
251851,0.00,0.00,275.26,300.00,0.00,18.02,9.01,0.00,0.00,0.0156,5.9844,1859.88,0.00,0,0,0.00,0.00,0,0
252051,0.00,0.00,206.45,0.00,0.00,13.51,6.76,0.00,0.00,0.0156,5.9844,1850.13,0.00,0,0,0.00,0.00,0,0
252251,0.00,0.00,179.83,100.00,0.00,11.77,5.89,0.00,0.00,0.0156,5.9844,1881.01,0.00,0,0,0.00,0.00,0,0
252451,0.00,0.00,159.88,100.00,0.00,10.46,5.23,0.00,0.00,0.0156,5.9844,1865.18,0.00,0,0,0.00,0.00,0,0
252651,0.00,0.00,157.41,150.00,0.00,10.30,5.15,0.00,0.00,0.0156,5.9844,1852.30,0.00,0,0,0.00,0.00,0,0
252851,0.00,0.00,218.06,400.00,0.00,14.27,7.14,0.00,0.00,0.0156,5.9844,1881.90,0.00,0,0,0.00,0.00,0,0
253051,0.00,0.00,251.04,350.00,0.00,16.43,8.22,0.00,0.00,0.0156,5.9844,1873.55,0.00,0,0,0.00,0.00,0,0
253251,0.00,0.00,213.28,100.00,0.00,13.96,6.98,0.00,0.00,0.0156,5.9844,1870.12,0.00,0,0,0.00,0.00,0,0
253451,0.00,0.00,184.96,100.00,0.00,12.11,6.05,0.00,0.00,0.0156,5.9844,1860.72,0.00,0,0,0.00,0.00,0,0
253651,0.00,0.00,188.72,200.00,0.00,12.35,6.18,0.00,0.00,0.0156,5.9844,1824.87,0.00,0,0,0.00,0.00,0,0
253851,0.00,0.00,191.54,200.00,0.00,12.54,6.27,0.00,0.00,0.0156,5.9844,1810.19,0.00,0,0,0.00,0.00,0,0
254051,0.00,0.00,193.66,200.00,0.00,12.67,6.34,0.00,0.00,0.0156,5.9844,1804.17,0.00,0,0,0.00,0.00,0,0
254251,0.00,0.00,220.24,300.00,0.00,14.41,7.21,0.00,0.00,0.0156,5.9844,1801.71,0.00,0,0,0.00,0.00,0,0
254451,0.00,0.00,240.18,300.00,0.00,15.72,7.86,0.00,0.00,0.0156,5.9844,1760.70,0.00,0,0,0.00,0.00,0,0
254651,0.00,0.00,230.14,200.00,0.00,15.06,7.53,0.00,0.00,0.0156,5.9844,1783.90,0.00,0,0,0.00,0.00,0,0
254851,0.00,0.00,222.60,200.00,0.00,14.57,7.28,0.00,0.00,0.0156,5.9844,1793.41,0.00,0,0,0.00,0.00,0,0
255051,0.00,0.00,216.95,200.00,0.00,14.20,7.10,0.00,0.00,0.0156,5.9844,1817.78,0.00,0,0,0.00,0.00,0,0
255251,0.00,0.00,187.71,100.00,0.00,12.29,6.14,0.00,0.00,0.0156,5.9844,1839.28,0.00,0,0,0.00,0.00,0,0
255451,0.00,0.00,215.79,300.00,0.00,14.12,7.06,0.00,0.00,0.0156,5.9844,1816.09,0.00,0,0,0.00,0.00,0,0
255651,0.00,0.00,236.84,300.00,0.00,15.50,7.75,0.00,0.00,0.0156,5.9844,1806.59,0.00,0,0,0.00,0.00,0,0
255851,0.00,0.00,227.63,200.00,0.00,14.90,7.45,0.00,0.00,0.0156,5.9844,1802.70,0.00,0,0,0.00,0.00,0,0
256051,0.00,0.00,245.72,300.00,0.00,16.08,8.04,0.00,0.00,0.0156,5.9844,1801.11,0.00,0,0,0.00,0.00,0,0
256251,0.00,0.00,234.29,200.00,0.00,15.33,7.67,0.00,0.00,0.0156,5.9844,1760.45,0.00,0,0,0.00,0.00,0,0
256451,0.00,0.00,200.71,99.99,0.00,13.14,6.57,0.00,0.00,0.0156,5.9844,1804.28,0.00,0,0,0.00,0.00,0,0
256651,0.00,0.00,225.55,300.04,0.00,14.76,7.38,0.00,0.00,0.0156,5.9844,1801.75,0.00,0,0,0.00,0.00,0,0
256851,0.00,0.00,244.16,300.00,0.00,15.98,7.99,0.00,0.00,0.0156,5.9844,1780.24,0.00,0,0,0.00,0.00,0,0
257051,0.00,0.00,258.12,300.00,0.00,16.89,8.45,0.00,0.00,0.0156,5.9844,1791.91,0.00,0,0,0.00,0.00,0,0
257251,0.00,0.00,243.59,200.00,0.00,15.94,7.97,0.00,0.00,0.0156,5.9844,1776.20,0.00,0,0,0.00,0.00,0,0
257451,0.00,0.00,232.69,200.00,0.00,15.23,7.61,0.00,0.00,0.0156,5.9844,1790.25,0.00,0,0,0.00,0.00,0,0
257651,0.00,0.00,249.52,300.00,0.00,16.33,8.17,0.00,0.00,0.0156,5.9844,1756.01,0.00,0,0,0.00,0.00,0,0
257851,0.00,0.00,237.14,199.99,0.00,15.52,7.76,0.00,0.00,0.0156,5.9844,1781.98,0.00,0,0,0.00,0.00,0,0
258051,0.00,0.00,227.86,200.01,0.00,14.91,7.46,0.00,0.00,0.0156,5.9844,1772.14,0.00,0,0,0.00,0.00,0,0
258251,0.00,0.00,208.39,150.00,0.00,13.64,6.82,0.00,0.00,0.0156,5.9844,1748.59,0.00,0,0,0.00,0.00,0,0
258451,0.00,0.00,231.29,300.00,0.00,15.14,7.57,0.00,0.00,0.0156,5.9844,1778.94,0.00,0,0,0.00,0.00,0,0
258651,0.00,0.00,273.47,399.99,0.00,17.90,8.95,0.00,0.00,0.0156,5.9844,1751.37,0.00,0,0,0.00,0.00,0,0
258851,0.00,0.00,292.60,350.01,0.00,19.15,9.58,0.00,0.00,0.0156,5.9844,1748.08,0.00,0,0,0.00,0.00,0,0
259051,0.00,0.00,269.45,200.00,0.00,17.64,8.82,0.00,0.00,0.0156,5.9844,1753.14,0.00,0,0,0.00,0.00,0,0
259251,0.00,0.00,252.09,200.00,0.00,16.50,8.25,0.00,0.00,0.0156,5.9844,1748.80,0.00,0,0,0.00,0.00,0,0
259451,0.00,0.00,264.07,300.00,0.00,17.28,8.64,0.00,0.00,0.0156,5.9844,1779.03,0.00,0,0,0.00,0.00,0,0
259651,0.00,0.00,198.05,0.00,0.00,12.96,6.48,0.00,0.00,0.0156,5.9844,1791.41,0.00,0,0,0.00,0.00,0,0
259851,0.00,0.00,223.54,300.00,0.00,14.63,7.32,0.00,0.00,0.0156,5.9844,1796.48,0.00,0,0,0.00,0.00,0,0
260051,0.00,0.00,217.65,200.00,0.00,14.25,7.12,0.00,0.00,0.0156,5.9844,1798.56,0.00,0,0,0.00,0.00,0,0
260251,0.00,0.00,188.24,100.00,0.00,12.32,6.16,0.00,0.00,0.0156,5.9844,1799.41,0.00,0,0,0.00,0.00,0,0
260451,0.00,0.00,216.18,300.00,0.00,14.15,7.07,0.00,0.00,0.0156,5.9844,1799.76,0.00,0,0,0.00,0.00,0,0
260651,0.00,0.00,237.13,300.00,0.00,15.52,7.76,0.00,0.00,0.0156,5.9844,1831.90,0.00,0,0,0.00,0.00,0,0
260851,0.00,0.00,252.85,300.00,0.00,16.55,8.27,0.00,0.00,0.0156,5.9844,1813.07,0.00,0,0,0.00,0.00,0,0
261051,0.00,0.00,214.64,100.00,0.00,14.05,7.02,0.00,0.00,0.0156,5.9844,1805.35,0.00,0,0,0.00,0.00,0,0
261251,0.00,0.00,235.98,300.00,0.00,15.44,7.72,0.00,0.00,0.0156,5.9844,1802.19,0.00,0,0,0.00,0.00,0,0
261451,0.00,0.00,251.98,300.00,0.00,16.49,8.25,0.00,0.00,0.0156,5.9844,1840.90,0.00,0,0,0.00,0.00,0,0
261651,0.00,0.00,263.99,300.00,0.00,17.28,8.64,0.00,0.00,0.0156,5.9844,1816.75,0.00,0,0,0.00,0.00,0,0
261851,0.00,0.00,247.99,200.00,0.00,16.23,8.12,0.00,0.00,0.0156,5.9844,1806.86,0.00,0,0,0.00,0.00,0,0
262051,0.00,0.00,260.99,300.00,0.00,17.08,8.54,0.00,0.00,0.0156,5.9844,1802.81,0.00,0,0,0.00,0.00,0,0
262251,0.00,0.00,295.74,400.00,0.00,19.36,9.68,0.00,0.00,0.0156,5.9844,1801.15,0.00,0,0,0.00,0.00,0,0
262451,0.00,0.00,259.31,150.00,0.00,16.97,8.49,0.00,0.00,0.0156,5.9844,1832.47,0.00,0,0,0.00,0.00,0,0
262651,0.00,0.00,269.48,300.00,0.00,17.64,8.82,0.00,0.00,0.0156,5.9844,1813.30,0.00,0,0,0.00,0.00,0,0
262851,0.00,0.00,302.11,400.00,0.00,19.77,9.89,0.00,0.00,0.0156,5.9844,1825.93,0.00,0,0,0.00,0.00,0,0
263051,0.00,0.00,326.58,400.00,0.00,21.37,10.69,0.00,0.00,0.0156,5.9844,1810.62,0.00,0,0,0.00,0.00,0,0
263251,0.00,0.00,369.94,499.99,0.00,24.21,12.11,0.00,0.00,0.0156,5.9844,1824.83,0.00,0,0,0.00,0.00,0,0
263451,0.00,0.00,377.45,400.00,0.00,24.70,12.35,0.00,0.00,0.0156,5.9844,1842.17,0.00,0,0,0.00,0.00,0,0
263651,0.00,0.00,370.59,350.00,0.00,24.25,12.13,0.00,0.00,0.0156,5.9844,1817.27,0.00,0,0,0.00,0.00,0,0
263851,0.00,0.00,302.94,100.00,0.00,19.83,9.91,0.00,0.00,0.0156,5.9844,1832.68,0.00,0,0,0.00,0.00,0,0
264051,0.00,0.00,302.21,300.00,0.00,19.78,9.89,0.00,0.00,0.0156,5.9844,1813.38,0.00,0,0,0.00,0.00,0,0
264251,0.00,0.00,301.66,300.01,0.00,19.74,9.87,0.00,0.00,0.0156,5.9844,1831.08,0.00,0,0,0.00,0.00,0,0
264451,0.00,0.00,251.24,100.00,0.00,16.44,8.22,0.00,0.00,0.0156,5.9844,1844.73,0.00,0,0,0.00,0.00,0,0
264651,0.00,0.00,238.43,200.00,0.00,15.61,7.80,0.00,0.00,0.0156,5.9844,1858.32,0.00,0,0,0.00,0.00,0,0
264851,0.00,0.00,253.82,300.00,0.00,16.61,8.31,0.00,0.00,0.0156,5.9844,1823.89,0.00,0,0,0.00,0.00,0,0
265051,0.00,0.00,265.37,300.00,0.00,17.37,8.68,0.00,0.00,0.0156,5.9844,1835.38,0.00,0,0,0.00,0.00,0,0
265251,0.00,0.00,249.03,200.00,0.00,16.30,8.15,0.00,0.00,0.0156,5.9844,1834.97,0.00,0,0,0.00,0.00,0,0
265451,0.00,0.00,286.77,400.00,0.00,18.77,9.38,0.00,0.00,0.0156,5.9844,1874.81,0.00,0,0,0.00,0.00,0,0
265651,0.00,0.00,302.58,350.00,0.00,19.80,9.90,0.00,0.00,0.0156,5.9844,1862.64,0.00,0,0,0.00,0.00,0,0
265851,0.00,0.00,314.43,350.00,0.00,20.58,10.29,0.00,0.00,0.0156,5.9844,1851.26,0.00,0,0,0.00,0.00,0,0
266051,0.00,0.00,235.82,0.00,0.00,15.43,7.72,0.00,0.00,0.0156,5.9844,1749.00,0.00,0,0,0.00,0.00,0,0
266251,0.00,0.00,176.87,0.00,0.00,11.58,5.79,0.00,0.00,0.0156,5.9844,1589.03,0.00,0,0,0.00,0.00,0,0
266451,0.00,0.00,132.65,0.00,0.00,8.68,4.34,0.00,0.00,0.0156,5.9844,1405.43,0.00,0,0,0.00,0.00,0,0
266651,0.00,0.00,99.49,0.00,0.00,6.51,3.26,0.00,0.00,0.0156,5.9844,1186.54,0.00,0,0,0.00,0.00,0,0
266851,0.00,0.00,74.62,0.00,0.00,4.88,2.44,0.00,0.00,0.0156,5.9844,1004.41,0.00,0,0,0.00,0.00,0,0
267051,0.00,0.00,55.96,0.00,0.00,3.66,1.83,0.00,0.00,0.0156,5.9844,811.73,0.00,0,0,0.00,0.00,0,0
267251,0.00,0.00,41.97,0.00,0.00,2.75,1.37,0.00,0.00,0.0156,5.9844,621.12,0.00,0,0,0.00,0.00,0,0
267451,0.00,0.00,31.48,0.00,0.00,2.06,1.03,0.00,0.00,0.0156,5.9844,424.97,0.00,0,0,0.00,0.00,0,0
267651,0.00,0.00,23.61,0.00,0.00,1.55,0.77,0.00,0.00,0.0156,5.9844,271.67,0.00,0,0,0.00,0.00,0,0
267851,0.00,0.00,17.71,0.00,0.00,1.16,0.58,0.00,0.00,0.0156,5.9844,136.88,0.00,0,0,0.00,0.00,0,0
268051,0.00,0.00,13.28,0.00,0.00,0.87,0.43,0.00,0.00,0.0156,5.9844,56.06,0.00,0,0,0.00,0.00,0,0
268251,0.00,0.00,9.96,0.00,0.00,0.65,0.33,0.00,0.00,0.0156,5.9844,22.96,0.00,0,0,0.00,0.00,0,0
268451,0.00,0.00,7.47,0.00,0.00,0.49,0.24,0.00,0.00,0.0156,5.9844,9.41,0.00,0,0,0.00,0.00,0,0
268651,0.00,0.00,5.60,0.00,0.00,0.37,0.18,0.00,0.00,0.0156,5.9844,3.85,0.00,0,0,0.00,0.00,0,0
268851,0.00,0.00,4.20,0.00,0.00,0.28,0.14,0.00,0.00,0.0156,5.9844,1.58,0.00,0,0,0.00,0.00,0,0
269051,0.00,0.00,3.15,0.00,0.00,0.21,0.10,0.00,0.00,0.0156,5.9844,0.65,0.00,0,0,0.00,0.00,0,0
269251,0.00,0.00,2.36,0.00,0.00,0.15,0.08,0.00,0.00,0.0156,5.9844,0.26,0.00,0,0,0.00,0.00,0,0
269451,0.00,0.00,1.77,0.00,0.00,0.12,0.06,0.00,0.00,0.0156,5.9844,0.11,0.00,0,0,0.00,0.00,0,0
269651,0.00,0.00,1.33,0.00,0.00,0.09,0.04,0.00,0.00,0.0156,5.9844,0.04,0.00,0,0,0.00,0.00,0,0
269851,0.00,0.00,1.00,0.00,0.00,0.07,0.03,0.00,0.00,0.0156,5.9844,0.02,0.00,0,0,0.00,0.00,0,0
270051,0.00,0.00,0.75,0.00,0.00,0.05,0.02,0.00,0.00,0.0156,5.9844,0.01,0.00,0,0,0.00,0.00,0,0
270251,0.00,0.00,0.56,0.00,0.00,0.04,0.02,0.00,0.00,0.0156,5.9844,0.00,0.00,0,0,0.00,0.00,0,0
270451,0.00,0.00,0.42,0.00,0.00,0.03,0.01,0.00,0.00,0.0156,5.9844,0.00,0.00,0,0,0.00,0.00,0,0
270651,0.00,0.00,0.32,0.00,0.00,0.02,0.01,0.00,0.00,0.0156,5.9844,0.00,0.00,0,0,0.00,0.00,0,0
270851,0.00,0.00,0.24,0.00,0.00,0.02,0.01,0.00,0.00,0.0156,5.9844,0.00,0.00,0,0,0.00,0.00,0,0
271051,0.00,0.00,0.18,0.00,0.00,0.01,0.01,0.00,0.00,0.0156,5.9844,0.00,0.00,0,0,0.00,0.00,0,0
271251,0.00,0.00,0.13,0.00,0.00,0.01,0.00,0.00,0.00,0.0156,5.9844,0.00,0.00,0,0,0.00,0.00,0,0
271451,0.00,0.00,0.10,0.00,0.00,0.01,0.00,0.00,0.00,0.0156,5.9844,0.00,0.00,0,0,0.00,0.00,0,0
271651,0.00,0.00,0.07,0.00,0.00,0.00,0.00,0.00,0.00,0.0156,5.9844,0.00,0.00,0,0,0.00,0.00,0,0
271851,0.00,0.00,0.06,0.00,0.00,0.00,0.00,0.00,0.00,0.0156,5.9844,0.00,0.00,0,0,0.00,0.00,0,0
272051,0.00,0.00,0.04,0.00,0.00,0.00,0.00,0.00,0.00,0.0156,5.9844,0.00,0.00,0,0,0.00,0.00,0,0
272251,0.00,0.00,0.03,0.00,0.00,0.00,0.00,0.00,0.00,0.0156,5.9844,0.00,0.00,0,0,0.00,0.00,0,0
272451,0.00,0.00,0.02,0.00,0.00,0.00,0.00,0.00,0.00,0.0156,5.9844,0.00,0.00,0,0,0.00,0.00,0,0
272651,0.00,0.00,0.02,0.00,0.00,0.00,0.00,0.00,0.00,0.0156,5.9844,0.00,0.00,0,0,0.00,0.00,0,0
272851,0.00,0.00,0.01,0.00,0.00,0.00,0.00,0.00,0.00,0.0156,5.9844,0.00,0.00,0,0,0.00,0.00,0,0
273051,0.00,0.00,0.01,0.00,0.00,0.00,0.00,0.00,0.00,0.0156,5.9844,0.00,0.00,0,0,0.00,0.00,0,0
273251,0.00,0.00,0.01,0.00,0.00,0.00,0.00,0.00,0.00,0.0156,5.9844,0.00,0.00,0,0,0.00,0.00,0,0
273451,0.00,0.00,0.01,0.00,0.00,0.00,0.00,0.00,0.00,0.0156,5.9844,0.00,0.00,0,0,0.00,0.00,0,0
273651,0.00,0.00,0.00,0.00,0.00,0.00,0.00,0.00,0.00,0.0156,5.9844,0.00,0.00,0,0,0.00,0.00,0,0
273851,0.00,0.00,0.00,0.00,0.00,0.00,0.00,0.00,0.00,0.0156,5.9844,0.00,0.00,0,0,0.00,0.00,0,0
274051,0.00,0.00,0.00,0.00,0.00,0.00,0.00,0.00,0.00,0.0156,5.9844,0.00,0.00,0,0,0.00,0.00,0,0
274251,0.00,0.00,0.00,0.00,0.00,0.00,0.00,0.00,0.00,0.0156,5.9844,0.00,0.00,0,0,0.00,0.00,0,0
274451,0.00,0.00,0.00,0.00,0.00,0.00,0.00,0.00,0.00,0.0156,5.9844,0.00,0.00,0,0,0.00,0.00,0,0
274651,0.00,0.00,0.00,0.00,0.00,0.00,0.00,0.00,0.00,0.0156,5.9844,0.00,0.00,0,0,0.00,0.00,0,0
274851,0.00,0.00,0.00,0.00,0.00,0.00,0.00,0.00,0.00,0.0156,5.9844,0.00,0.00,0,0,0.00,0.00,0,0
275051,0.00,0.00,0.00,0.00,0.00,0.00,0.00,0.00,0.00,0.0156,5.9844,0.00,0.00,0,0,0.00,0.00,0,0
275251,0.00,0.00,0.00,0.00,0.00,0.00,0.00,0.00,0.00,0.0156,5.9844,0.00,0.00,0,0,0.00,0.00,0,0
275451,0.00,0.00,0.00,0.00,0.00,0.00,0.00,0.00,0.00,0.0156,5.9844,0.00,0.00,0,0,0.00,0.00,0,0
275651,0.00,0.00,0.00,0.00,0.00,0.00,0.00,0.00,0.00,0.0156,5.9844,0.00,0.00,0,0,0.00,0.00,0,0
275851,0.00,0.00,0.00,0.00,0.00,0.00,0.00,0.00,0.00,0.0156,5.9844,0.00,0.00,0,0,0.00,0.00,0,0
276051,0.00,0.00,0.00,0.00,0.00,0.00,0.00,0.00,0.00,0.0156,5.9844,0.00,0.00,0,0,0.00,0.00,0,0
276251,0.00,0.00,0.00,0.00,0.00,0.00,0.00,0.00,0.00,0.0156,5.9844,0.00,0.00,0,0,0.00,0.00,0,0
276451,0.00,0.00,0.00,0.00,0.00,0.00,0.00,0.00,0.00,0.0156,5.9844,0.00,0.00,0,0,0.00,0.00,0,0
276651,0.00,0.00,0.00,0.00,0.00,0.00,0.00,0.00,0.00,0.0156,5.9844,0.00,0.00,0,0,0.00,0.00,0,0
276851,0.00,0.00,0.00,0.00,0.00,0.00,0.00,0.00,0.00,0.0156,5.9844,0.00,0.00,0,0,0.00,0.00,0,0
277051,0.00,0.00,0.00,0.00,0.00,0.00,0.00,0.00,0.00,0.0156,5.9844,0.00,0.00,0,0,0.00,0.00,0,0
277251,0.00,0.00,0.00,0.00,0.00,0.00,0.00,0.00,0.00,0.0156,5.9844,0.00,0.00,0,0,0.00,0.00,0,0
277451,0.00,0.00,0.00,0.00,0.00,0.00,0.00,0.00,0.00,0.0156,5.9844,0.00,0.00,0,0,0.00,0.00,0,0
277651,0.00,0.00,0.00,0.00,0.00,0.00,0.00,0.00,0.00,0.0156,5.9844,0.00,0.00,0,0,0.00,0.00,0,0
277851,0.00,0.00,0.00,0.00,0.00,0.00,0.00,0.00,0.00,0.0156,5.9844,0.00,0.00,0,0,0.00,0.00,0,0
278051,0.00,0.00,0.00,0.00,0.00,0.00,0.00,0.00,0.00,0.0156,5.9844,0.00,0.00,0,0,0.00,0.00,0,0
278251,0.00,0.00,0.00,0.00,0.00,0.00,0.00,0.00,0.00,0.0156,5.9844,0.00,0.00,0,0,0.00,0.00,0,0
278451,0.00,0.00,0.00,0.00,0.00,0.00,0.00,0.00,0.00,0.0156,5.9844,0.00,0.00,0,0,0.00,0.00,0,0
278651,0.00,0.00,0.00,0.00,0.00,0.00,0.00,0.00,0.00,0.0156,5.9844,0.00,0.00,0,0,0.00,0.00,0,0
278851,0.00,0.00,0.00,0.00,0.00,0.00,0.00,0.00,0.00,0.0156,5.9844,0.00,0.00,0,0,0.00,0.00,0,0
279051,0.00,0.00,0.00,0.00,0.00,0.00,0.00,0.00,0.00,0.0156,5.9844,0.00,0.00,0,0,0.00,0.00,0,0
279251,0.00,0.00,0.00,0.00,0.00,0.00,0.00,0.00,0.00,0.0156,5.9844,0.00,0.00,0,0,0.00,0.00,0,0
279451,0.00,0.00,0.00,0.00,0.00,0.00,0.00,0.00,0.00,0.0156,5.9844,0.00,0.00,0,0,0.00,0.00,0,0
279651,0.00,0.00,0.00,0.00,0.00,0.00,0.00,0.00,0.00,0.0156,5.9844,0.00,0.00,0,0,0.00,0.00,0,0
279851,0.00,0.00,0.00,0.00,0.00,0.00,0.00,0.00,0.00,0.0156,5.9844,0.00,0.00,0,0,0.00,0.00,0,0
280051,0.00,0.00,0.00,0.00,0.00,0.00,0.00,0.00,0.00,0.0156,5.9844,0.00,0.00,0,0,0.00,0.00,0,0
280251,0.00,0.00,0.00,0.00,0.00,0.00,0.00,0.00,0.00,0.0156,5.9844,0.00,0.00,0,0,0.00,0.00,0,0
280451,0.00,0.00,0.00,0.00,0.00,0.00,0.00,0.00,0.00,0.0156,5.9844,0.00,0.00,0,0,0.00,0.00,0,0
280651,0.00,0.00,0.00,0.00,0.00,0.00,0.00,0.00,0.00,0.0156,5.9844,0.00,0.00,0,0,0.00,0.00,0,0
280851,0.00,0.00,0.00,0.00,0.00,0.00,0.00,0.00,0.00,0.0156,5.9844,0.00,0.00,0,0,0.00,0.00,0,0
281051,0.00,0.00,0.00,0.00,0.00,0.00,0.00,0.00,0.00,0.0156,5.9844,0.00,0.00,0,0,0.00,0.00,0,0
281251,0.00,0.00,0.00,0.00,0.00,0.00,0.00,0.00,0.00,0.0156,5.9844,0.00,0.00,0,0,0.00,0.00,0,0
281451,0.00,0.00,0.00,0.00,0.00,0.00,0.00,0.00,0.00,0.0156,5.9844,0.00,0.00,0,0,0.00,0.00,0,0
281651,0.00,0.00,0.00,0.00,0.00,0.00,0.00,0.00,0.00,0.0156,5.9844,0.00,0.00,0,0,0.00,0.00,0,0
281851,0.00,0.00,0.00,0.00,0.00,0.00,0.00,0.00,0.00,0.0156,5.9844,0.00,0.00,0,0,0.00,0.00,0,0
282051,0.00,0.00,0.00,0.00,0.00,0.00,0.00,0.00,0.00,0.0156,5.9844,0.00,0.00,0,0,0.00,0.00,0,0
282251,0.00,0.00,0.00,0.00,0.00,0.00,0.00,0.00,0.00,0.0156,5.9844,0.00,0.00,0,0,0.00,0.00,0,0
282451,0.00,0.00,0.00,0.00,0.00,0.00,0.00,0.00,0.00,0.0156,5.9844,0.00,0.00,0,0,0.00,0.00,0,0
282651,0.00,0.00,0.00,0.00,0.00,0.00,0.00,0.00,0.00,0.0156,5.9844,0.00,0.00,0,0,0.00,0.00,0,0
282851,0.00,0.00,0.00,0.00,0.00,0.00,0.00,0.00,0.00,0.0156,5.9844,0.00,0.00,0,0,0.00,0.00,0,0
283051,0.00,0.00,0.00,0.00,0.00,0.00,0.00,0.00,0.00,0.0156,5.9844,0.00,0.00,0,0,0.00,0.00,0,0
283251,0.00,0.00,0.00,0.00,0.00,0.00,0.00,0.00,0.00,0.0156,5.9844,0.00,0.00,0,0,0.00,0.00,0,0
283451,0.00,0.00,0.00,0.00,0.00,0.00,0.00,0.00,0.00,0.0156,5.9844,0.00,0.00,0,0,0.00,0.00,0,0
283651,0.00,0.00,0.00,0.00,0.00,0.00,0.00,0.00,0.00,0.0156,5.9844,0.00,0.00,0,0,0.00,0.00,0,0
283851,0.00,0.00,0.00,0.00,0.00,0.00,0.00,0.00,0.00,0.0156,5.9844,0.00,0.00,0,0,0.00,0.00,0,0
284051,0.00,0.00,0.00,0.00,0.00,0.00,0.00,0.00,0.00,0.0156,5.9844,0.00,0.00,0,0,0.00,0.00,0,0
284251,0.00,0.00,0.00,0.00,0.00,0.00,0.00,0.00,0.00,0.0156,5.9844,0.00,0.00,0,0,0.00,0.00,0,0
284451,0.00,0.00,0.00,0.00,0.00,0.00,0.00,0.00,0.00,0.0156,5.9844,0.00,0.00,0,0,0.00,0.00,0,0
284651,0.00,0.00,0.00,0.00,0.00,0.00,0.00,0.00,0.00,0.0156,5.9844,0.00,0.00,0,0,0.00,0.00,0,0
284851,0.00,0.00,0.00,0.00,0.00,0.00,0.00,0.00,0.00,0.0156,5.9844,0.00,0.00,0,0,0.00,0.00,0,0
285051,0.00,0.00,0.00,0.00,0.00,0.00,0.00,0.00,0.00,0.0156,5.9844,0.00,0.00,0,0,0.00,0.00,0,0
285251,0.00,0.00,0.00,0.00,0.00,0.00,0.00,0.00,0.00,0.0156,5.9844,0.00,0.00,0,0,0.00,0.00,0,0
285451,0.00,0.00,0.00,0.00,0.00,0.00,0.00,0.00,0.00,0.0156,5.9844,0.00,0.00,0,0,0.00,0.00,0,0
285651,0.00,0.00,0.00,0.00,0.00,0.00,0.00,0.00,0.00,0.0156,5.9844,0.00,0.00,0,0,0.00,0.00,0,0
285851,0.00,0.00,0.00,0.00,0.00,0.00,0.00,0.00,0.00,0.0156,5.9844,0.00,0.00,0,0,0.00,0.00,0,0
286051,0.00,0.00,0.00,0.00,0.00,0.00,0.00,0.00,0.00,0.0156,5.9844,0.00,0.00,0,0,0.00,0.00,0,0
286251,0.00,0.00,0.00,0.00,0.00,0.00,0.00,0.00,0.00,0.0156,5.9844,0.00,0.00,0,0,0.00,0.00,0,0
286451,0.00,0.00,0.00,0.00,0.00,0.00,0.00,0.00,0.00,0.0156,5.9844,0.00,0.00,0,0,0.00,0.00,0,0
286651,0.00,0.00,0.00,0.00,0.00,0.00,0.00,0.00,0.00,0.0156,5.9844,0.00,0.00,0,0,0.00,0.00,0,0
286851,0.00,0.00,0.00,0.00,0.00,0.00,0.00,0.00,0.00,0.0156,5.9844,0.00,0.00,0,0,0.00,0.00,0,0
287051,0.00,0.00,0.00,0.00,0.00,0.00,0.00,0.00,0.00,0.0156,5.9844,0.00,0.00,0,0,0.00,0.00,0,0
287251,0.00,0.00,0.00,0.00,0.00,0.00,0.00,0.00,0.00,0.0156,5.9844,0.00,0.00,0,0,0.00,0.00,0,0
287451,0.00,0.00,0.00,0.00,0.00,0.00,0.00,0.00,0.00,0.0156,5.9844,0.00,0.00,0,0,0.00,0.00,0,0
287651,0.00,0.00,0.00,0.00,0.00,0.00,0.00,0.00,0.00,0.0156,5.9844,0.00,0.00,0,0,0.00,0.00,0,0
287851,0.00,0.00,0.00,0.00,0.00,0.00,0.00,0.00,0.00,0.0156,5.9844,0.00,0.00,0,0,0.00,0.00,0,0
288051,0.00,0.00,0.00,0.00,0.00,0.00,0.00,0.00,0.00,0.0156,5.9844,0.00,0.00,0,0,0.00,0.00,0,0
288251,0.00,0.00,0.00,0.00,0.00,0.00,0.00,0.00,0.00,0.0156,5.9844,0.00,0.00,0,0,0.00,0.00,0,0
288451,0.00,0.00,0.00,0.00,0.00,0.00,0.00,0.00,0.00,0.0156,5.9844,0.00,0.00,0,0,0.00,0.00,0,0
288651,0.00,0.00,0.00,0.00,0.00,0.00,0.00,0.00,0.00,0.0156,5.9844,0.00,0.00,0,0,0.00,0.00,0,0
288851,0.00,0.00,0.00,0.00,0.00,0.00,0.00,0.00,0.00,0.0156,5.9844,0.00,0.00,0,0,0.00,0.00,0,0
289051,0.00,0.00,0.00,0.00,0.00,0.00,0.00,0.00,0.00,0.0156,5.9844,0.00,0.00,0,0,0.00,0.00,0,0
289251,0.00,0.00,0.00,0.00,0.00,0.00,0.00,0.00,0.00,0.0156,5.9844,32.00,0.00,0,0,0.00,0.00,0,0
289451,0.00,0.00,0.00,0.00,0.00,0.00,0.00,0.00,0.00,0.0156,5.9844,91.19,0.00,0,0,0.00,0.00,0,0
289651,0.00,0.00,0.00,0.00,0.00,0.00,0.00,0.00,0.00,0.0156,5.9844,37.35,0.00,0,0,0.00,0.00,0,0
289851,0.00,0.00,0.00,0.00,0.00,0.00,0.00,0.00,0.00,0.0156,5.9844,15.30,0.00,0,0,0.00,0.00,0,0
290051,0.00,0.00,0.00,0.00,0.00,0.00,0.00,0.00,0.00,0.0156,5.9844,6.27,0.00,0,0,0.00,0.00,0,0
290251,0.00,0.00,0.00,0.00,0.00,0.00,0.00,0.00,0.00,0.0156,5.9844,2.57,0.00,0,0,0.00,0.00,0,0
290451,0.00,0.00,0.00,0.00,0.00,0.00,0.00,0.00,0.00,0.0156,5.9844,73.05,0.00,0,0,0.00,0.00,0,0
290651,0.00,0.00,0.00,0.00,0.00,0.00,0.00,0.00,0.00,0.0156,5.9844,306.08,0.00,0,0,0.00,0.00,0,0
290851,0.00,0.00,0.00,0.00,0.00,0.00,0.00,0.00,0.00,0.0156,5.9844,556.73,0.00,0,0,0.00,0.00,0,0
291051,0.00,0.00,0.00,0.00,0.00,0.00,0.00,0.00,0.00,0.0156,5.9844,647.88,0.00,0,0,0.00,0.00,0,0
291251,0.00,0.00,0.00,0.00,0.00,0.00,0.00,0.00,0.00,0.0156,5.9844,790.17,0.00,0,0,0.00,0.00,0,0
291451,0.00,0.00,0.00,0.00,0.00,0.00,0.00,0.00,0.00,0.0156,5.9844,919.17,0.00,0,0,0.00,0.00,0,0
291651,0.00,0.00,0.00,0.00,0.00,0.00,0.00,0.00,0.00,0.0156,5.9844,1064.49,0.00,0,0,0.00,0.00,0,0
291851,0.00,0.00,0.00,0.00,0.00,0.00,0.00,0.00,0.00,0.0156,5.9844,1216.50,0.00,0,0,0.00,0.00,0,0
292051,0.00,0.00,0.00,0.00,0.00,0.00,0.00,0.00,0.00,0.0156,5.9844,1364.84,0.00,0,0,0.00,0.00,0,0
292251,0.00,0.00,25.00,100.00,0.00,1.64,0.82,0.00,0.00,0.0156,5.9844,1457.60,0.00,0,0,0.00,0.00,0,0
292451,0.00,0.00,18.75,0.00,0.00,1.23,0.61,0.00,0.00,0.0156,5.9844,1521.19,0.00,0,0,0.00,0.00,0,0
292651,0.00,0.00,64.06,200.00,0.00,4.19,2.10,0.00,0.00,0.0156,5.9844,1777.32,0.00,0,0,0.00,0.00,0,0
292851,0.00,0.00,98.04,199.99,0.00,6.42,3.21,0.00,0.00,0.0156,5.9844,2098.87,0.00,0,0,0.00,0.00,1254,45
293051,0.00,0.00,123.54,200.01,0.00,8.09,4.04,0.00,0.00,0.0156,5.9844,2276.66,0.00,0,0,0.00,0.00,3474,360
293251,0.00,0.00,142.65,200.00,0.00,9.34,4.67,0.00,0.00,0.0156,5.9844,2349.48,0.00,0,0,0.00,0.00,4384,632
293451,0.00,0.00,144.49,150.00,0.00,9.46,4.73,0.00,0.00,0.0156,5.9844,2419.31,0.00,0,0,0.00,0.00,5256,1663
293651,0.00,0.00,158.37,200.00,0.00,10.37,5.18,0.00,0.00,0.0156,5.9844,2465.51,0.00,0,0,0.00,0.00,5833,3266
293851,0.00,0.00,156.27,150.00,0.00,10.23,5.11,0.00,0.00,0.0156,5.9844,2479.31,0.00,0,0,0.00,0.00,6005,5046
294051,0.00,0.00,167.21,200.00,0.00,10.94,5.47,0.00,0.00,0.0156,5.9844,2432.49,0.00,0,0,0.00,0.00,5420,5528
294251,0.00,0.00,150.40,100.00,0.00,9.84,4.92,0.00,0.00,0.0156,5.9844,2413.31,0.00,0,0,0.00,0.00,5181,5221
294451,12.50,50.00,187.80,300.00,0.82,12.29,6.55,0.00,0.00,0.0156,5.9844,2437.45,0.00,0,0,0.00,0.00,5482,5171
294651,9.38,0.00,165.85,100.00,0.61,10.86,5.73,0.00,0.00,0.0156,5.9844,2415.34,0.00,0,0,0.00,0.00,5206,5258
294851,19.53,50.00,149.39,100.00,1.28,9.78,5.53,0.00,0.00,0.0156,5.9844,2406.28,0.00,0,0,0.00,0.00,5093,5113
295051,14.65,0.00,137.04,100.00,0.96,8.97,4.96,0.00,0.00,0.0156,5.9844,2362.57,0.00,0,0,0.00,0.00,4547,5055
295251,23.49,50.00,152.78,200.00,1.54,10.00,5.77,0.00,0.00,0.0156,5.9844,2214.11,0.00,0,0,0.00,0.00,2845,4417
295451,30.11,50.00,214.59,400.00,1.97,14.04,8.01,0.00,0.00,0.0156,5.9844,2087.70,0.00,0,0,0.00,0.00,1115,1884
295651,22.59,0.00,285.94,500.00,1.48,18.71,10.10,0.00,0.00,0.0156,5.9844,2035.92,0.00,0,0,0.00,0.00,468,596
295851,16.94,0.00,239.45,100.00,1.11,15.67,8.39,0.00,0.00,0.0156,5.9844,1982.71,0.00,0,0,0.00,0.00,0,216
296051,25.20,50.00,229.59,200.00,1.65,15.03,8.34,0.00,0.00,0.0156,5.9844,2090.52,0.00,0,0,0.00,0.00,1150,122
296251,18.90,0.00,272.19,400.00,1.24,17.82,9.53,0.00,0.00,0.0156,5.9844,2155.16,0.00,0,0,0.00,0.00,1957,495
296451,14.18,0.00,254.14,200.00,0.93,16.63,8.78,0.00,0.00,0.0156,5.9844,2141.63,0.00,0,0,0.00,0.00,1788,1682
296651,10.63,0.00,190.61,0.00,0.70,12.48,6.59,0.00,0.00,0.0156,5.9844,2190.49,0.00,0,0,0.00,0.00,2398,1744
296851,7.97,0.00,192.96,200.00,0.52,12.63,6.58,0.00,0.00,0.0156,5.9844,2293.71,0.00,0,0,0.00,0.00,3687,2052
297051,5.98,0.00,294.72,600.00,0.39,19.29,9.84,0.00,0.00,0.0156,5.9844,2388.46,0.00,0,0,0.00,0.00,4870,3335
297251,4.49,0.00,246.04,100.00,0.29,16.10,8.20,0.00,0.00,0.0156,5.9844,2395.27,0.00,0,0,0.00,0.00,4955,3653
297451,3.36,0.00,197.03,50.00,0.22,12.90,6.56,0.00,0.00,0.0156,5.9844,2463.66,0.00,0,0,0.00,0.00,5810,4418
297651,2.52,0.00,210.27,250.00,0.17,13.76,6.96,0.00,0.00,0.0156,5.9844,2426.08,0.00,0,0,0.00,0.00,5340,5394
297851,14.39,50.00,307.70,600.00,0.94,20.14,10.54,0.00,0.00,0.0156,5.9844,2260.60,0.00,0,0,0.00,0.00,3274,4499
298051,10.79,0.00,330.78,400.00,0.71,21.65,11.18,0.00,0.00,0.0156,5.9844,2132.34,0.00,0,0,0.00,0.00,1672,2289
298251,8.10,0.00,323.08,300.00,0.53,21.15,10.84,0.00,0.00,0.0156,5.9844,2054.21,0.00,0,0,0.00,0.00,696,884
298451,6.07,0.00,267.31,100.00,0.40,17.50,8.95,0.00,0.00,0.0156,5.9844,1996.60,0.00,0,0,0.00,0.00,0,89
298651,4.55,0.00,275.48,300.00,0.30,18.03,9.16,0.00,0.00,0.0156,5.9844,1933.01,0.00,0,0,0.00,0.00,0,0
298851,3.42,0.00,206.61,0.00,0.22,13.52,6.87,0.00,0.00,0.0156,5.9844,1940.56,0.00,0,0,0.00,0.00,0,0
299051,2.56,0.00,254.96,400.00,0.17,16.69,8.43,0.00,0.00,0.0156,5.9844,1923.17,0.00,0,0,0.00,0.00,0,0
299251,1.92,0.00,241.22,200.00,0.13,15.79,7.96,0.00,0.00,0.0156,5.9844,1876.05,0.00,0,0,0.00,0.00,0,0
299451,1.44,0.00,230.91,200.00,0.09,15.11,7.60,0.00,0.00,0.0156,5.9844,1891.63,0.00,0,0,0.00,0.00,0,0
299651,1.08,0.00,198.19,100.00,0.07,12.97,6.52,0.00,0.00,0.0156,5.9844,1837.53,0.00,0,0,0.00,0.00,0,0
299851,0.81,0.00,173.64,100.00,0.05,11.36,5.71,0.00,0.00,0.0156,5.9844,1835.85,0.00,0,0,0.00,0.00,0,0
300051,0.61,0.00,205.23,300.00,0.04,13.43,6.74,0.00,0.00,0.0156,5.9844,1835.17,0.00,0,0,0.00,0.00,0,0
300251,0.46,0.00,153.92,0.00,0.03,10.07,5.05,0.00,0.00,0.0156,5.9844,2199.68,0.00,0,0,0.00,0.00,2513,46
300451,0.34,0.00,115.44,0.00,0.02,7.56,3.79,0.00,0.00,0.0156,5.9844,2501.63,0.00,0,0,0.00,0.00,6284,360
300651,0.26,0.00,86.58,0.00,0.02,5.67,2.84,0.00,0.00,0.0156,5.9844,2625.31,0.00,0,0,0.00,0.00,7828,1478
300851,0.19,0.00,152.44,350.00,0.01,9.98,4.99,0.00,0.00,0.0156,5.9844,2667.97,0.00,0,0,0.00,0.00,8361,3461
301051,0.14,0.00,226.83,450.00,0.01,14.85,7.43,0.00,0.00,0.0156,5.9844,2713.92,0.00,0,0,0.00,0.00,8935,6007
301251,0.11,0.00,220.12,200.00,0.01,14.41,7.21,0.00,0.00,0.0156,5.9844,2739.14,0.00,0,0,0.00,0.00,9250,6585
301451,12.58,50.00,290.09,500.00,0.82,18.99,9.90,0.00,0.00,0.0156,5.9844,2709.47,0.00,0,0,0.00,0.00,8879,6856
301651,21.94,50.00,217.57,0.00,1.44,14.24,7.84,0.00,0.00,0.0156,5.9844,2625.32,0.00,0,0,0.00,0.00,7828,7995
301851,41.45,100.00,288.18,500.00,2.71,18.86,10.79,0.00,0.00,0.0156,5.9844,2532.29,0.00,0,0,0.00,0.00,6666,6633
302051,56.09,100.00,241.13,100.00,3.67,15.78,9.73,0.00,0.00,0.0156,5.9844,2612.27,0.00,0,0,0.00,0.00,7665,6676
302251,67.07,100.00,355.85,700.00,4.39,23.29,13.84,0.00,0.00,0.0156,5.9844,2691.10,0.00,0,0,0.00,0.00,8650,7360
302451,75.30,100.00,341.89,300.00,4.93,22.38,13.65,0.00,0.00,0.0156,5.9844,2723.40,0.00,0,0,0.00,0.00,9053,8495
302651,81.48,100.00,331.41,300.00,5.33,21.69,13.51,0.00,0.00,0.0156,5.9844,2768.62,0.00,0,0,0.00,0.00,9618,9386
302851,86.11,100.00,323.56,300.00,5.64,21.18,13.41,0.00,0.00,0.0156,5.9844,2919.63,0.00,0,0,0.00,0.00,11503,9807
303051,102.08,150.00,242.67,0.00,6.68,15.88,11.28,0.00,0.00,0.0156,5.9844,3085.16,0.00,0,0,0.00,0.00,13570,10335
303251,114.06,150.00,182.00,0.00,7.47,11.91,9.69,0.00,0.00,0.0156,5.9844,3239.04,0.00,0,0,0.00,0.00,15492,11042
303451,123.04,150.00,136.50,0.00,8.05,8.93,8.49,0.00,0.00,0.0156,5.9844,3374.07,0.00,0,0,0.00,0.00,17178,11331
303651,129.78,150.00,102.38,0.00,8.49,6.70,7.60,0.00,0.00,0.0156,5.9844,3421.38,0.00,0,0,0.00,0.00,17769,11748
303851,147.34,200.00,126.78,200.00,9.64,8.30,8.97,0.00,0.00,0.0156,5.9844,3434.36,0.00,0,0,0.00,0.00,17931,13339
304051,160.50,200.00,145.09,200.00,10.50,9.50,10.00,0.00,0.00,0.0156,5.9844,3382.07,0.00,0,0,0.00,0.00,17278,15570
304251,170.38,200.00,183.82,300.00,11.15,12.03,11.59,0.00,0.00,0.0156,5.9844,3306.58,0.00,0,0,0.00,0.00,17445,16832
304451,177.78,200.00,162.86,100.00,11.64,10.66,11.15,0.00,0.00,0.0156,5.9844,3283.65,0.00,0,0,0.00,0.00,18288,17721
304651,183.34,200.00,122.15,0.00,12.00,7.99,10.00,0.00,0.00,0.0156,5.9844,3299.86,0.00,0,0,0.00,0.00,18941,18342
304851,200.00,250.00,91.61,0.00,13.09,6.00,9.54,0.00,0.00,0.0156,5.9844,3266.50,0.00,0,0,0.00,0.00,19792,19259
305051,200.00,200.00,68.71,0.00,13.09,4.50,8.79,0.00,0.00,0.0156,5.9844,3259.24,0.00,0,0,0.00,0.00,20322,19804
305251,212.50,250.00,126.53,300.00,13.91,8.28,11.09,0.00,0.00,0.0156,5.9844,3184.26,0.00,0,0,0.00,0.00,20787,20419
305451,221.88,250.00,94.90,0.00,14.52,6.21,10.37,0.00,0.00,0.0156,5.9844,3193.55,0.00,0,0,0.00,0.00,21217,20830
305651,228.90,249.99,71.17,0.00,14.98,4.66,9.82,0.00,0.00,0.0156,5.9844,3197.36,0.00,0,0,0.00,0.00,21468,21074
305851,234.18,250.01,53.38,0.00,15.33,3.49,9.41,0.00,0.00,0.0156,5.9844,3198.92,0.00,0,0,0.00,0.00,22092,21695
306051,238.14,250.00,40.04,0.00,15.59,2.62,9.10,0.00,0.00,0.0156,5.9844,3133.96,0.00,0,0,0.00,0.00,22667,22400
306251,241.10,250.00,30.03,0.00,15.78,1.97,8.87,0.00,0.00,0.0156,5.9844,3115.35,0.00,0,0,0.00,0.00,23037,22807
306451,255.83,300.00,22.52,0.00,16.74,1.47,9.11,0.00,0.00,0.0156,5.9844,3079.25,0.00,0,0,0.00,0.00,23465,23307
306651,254.37,250.00,16.89,0.00,16.65,1.11,8.88,0.00,0.00,0.0156,5.9844,3058.06,0.00,0,0,0.00,0.00,23839,23723
306851,265.78,300.00,12.67,0.00,17.40,0.83,9.11,0.00,0.00,0.0156,5.9844,3023.78,0.00,0,0,0.00,0.00,24025,23978
307051,261.83,250.00,9.50,0.00,17.14,0.62,8.88,0.00,0.00,0.0156,5.9844,3009.74,0.00,0,0,0.00,0.00,24119,24100
307251,271.37,300.00,7.13,0.00,17.76,0.47,9.11,0.00,0.00,0.0156,5.9844,3003.99,0.00,0,0,0.00,0.00,24164,24157
307451,266.03,250.00,5.34,0.00,17.41,0.35,8.88,0.00,0.00,0.0156,5.9844,3001.63,0.00,0,0,0.00,0.00,24182,24179
307651,274.52,300.00,4.01,0.00,17.97,0.26,9.11,0.00,0.00,0.0156,5.9844,3021.15,0.00,0,0,0.00,0.00,24367,24325
307851,268.39,250.00,3.01,0.00,17.57,0.20,8.88,0.00,0.00,0.0156,5.9844,3034.26,0.00,0,0,0.00,0.00,24575,24507
308051,276.29,300.00,2.25,0.00,18.08,0.15,9.12,0.00,0.00,0.0156,5.9844,3046.03,0.00,0,0,0.00,0.00,24810,24718
308251,282.22,300.00,1.69,0.00,18.47,0.11,9.29,0.00,0.00,0.0156,5.9844,3018.86,0.00,0,0,0.00,0.00,25003,24966
308451,286.67,300.00,1.27,0.00,18.76,0.08,9.42,0.00,0.00,0.0156,5.9844,3007.72,0.00,0,0,0.00,0.00,25092,25077
308651,277.50,250.00,0.95,0.00,18.16,0.06,9.11,0.00,0.00,0.0156,5.9844,3028.76,0.00,0,0,0.00,0.00,25290,25233
308851,283.12,300.00,0.71,0.00,18.53,0.05,9.29,0.00,0.00,0.0156,5.9844,2971.78,0.00,0,0,0.00,0.00,25315,25372
309051,287.34,300.00,0.54,0.00,18.81,0.04,9.42,0.00,0.00,0.0156,5.9844,3020.87,0.00,0,0,0.00,0.00,25476,25435
309251,290.51,300.00,0.40,0.00,19.01,0.03,9.52,0.00,0.00,0.0156,5.9844,3040.55,0.00,0,0,0.00,0.00,25618,25537
309451,292.88,299.99,0.30,0.00,19.17,0.02,9.59,0.00,0.00,0.0156,5.9844,3056.61,0.00,0,0,0.00,0.00,25818,25705
309651,294.66,300.01,0.23,0.00,19.29,0.01,9.65,0.00,0.00,0.0156,5.9844,3055.19,0.00,0,0,0.00,0.00,26020,25910
309851,308.50,350.00,0.17,0.00,20.19,0.01,10.10,0.00,0.00,0.0156,5.9844,3054.60,0.00,0,0,0.00,0.00,26286,26177
310051,306.37,300.00,25.13,100.00,20.05,1.64,10.85,0.00,0.00,0.0156,5.9844,3047.97,0.00,0,0,0.00,0.00,26640,26545
310251,304.78,300.00,18.85,0.00,19.95,1.23,10.59,0.00,0.00,0.0156,5.9844,3059.65,0.00,0,0,0.00,0.00,26905,26786
310451,316.08,350.00,39.13,100.00,20.69,2.56,11.62,0.00,0.00,0.0156,5.9844,3024.43,0.00,0,0,0.00,0.00,27087,27039
310651,312.06,300.00,29.35,0.00,20.42,1.92,11.17,0.00,0.00,0.0156,5.9844,3042.01,0.00,0,0,0.00,0.00,27257,27173
310851,321.55,350.00,22.01,0.00,21.05,1.44,11.24,0.00,0.00,0.0156,5.9844,3017.21,0.00,0,0,0.00,0.00,27398,27364
311051,316.16,300.00,16.51,0.00,20.69,1.08,10.89,0.00,0.00,0.0156,5.9844,3007.05,0.00,0,0,0.00,0.00,27470,27456
311251,324.62,350.00,12.38,0.00,21.25,0.81,11.03,0.00,0.00,0.0156,5.9844,3020.52,0.00,0,0,0.00,0.00,27591,27550
311451,330.97,350.00,9.29,0.00,21.66,0.61,11.13,0.00,0.00,0.0156,5.9844,3040.41,0.00,0,0,0.00,0.00,27751,27671
311651,323.22,300.00,6.96,0.00,21.15,0.46,10.81,0.00,0.00,0.0156,5.9844,3056.55,0.00,0,0,0.00,0.00,28002,27889
311851,329.92,350.00,5.22,0.00,21.59,0.34,10.97,0.00,0.00,0.0156,5.9844,3023.16,0.00,0,0,0.00,0.00,28178,28132
312051,322.44,300.00,3.92,0.00,21.10,0.26,10.68,0.00,0.00,0.0156,5.9844,2819.41,1.00,0,0,0.00,0.00,0,27592
312251,316.83,300.00,15.44,50.00,20.74,1.01,10.87,0.00,0.00,0.0156,5.9844,2669.39,1.00,0,0,0.00,0.00,0,23572
312451,300.12,250.00,24.08,50.00,19.64,1.58,10.61,0.00,0.00,0.0156,5.9844,2654.02,1.00,0,0,0.00,0.00,0,21999
312651,275.09,200.00,55.56,150.00,18.00,3.64,10.82,0.00,0.00,0.0156,5.9844,2642.61,1.00,0,0,0.00,0.00,0,18057
312851,243.82,150.00,41.67,0.00,15.96,2.73,9.34,0.00,0.00,0.0156,5.9844,2591.85,1.00,0,0,0.00,0.00,0,12613
313051,220.36,150.00,118.75,350.00,14.42,7.77,11.10,0.00,0.00,0.0156,5.9844,2564.66,1.00,0,0,0.00,0.00,0,8350
313251,202.77,150.00,89.06,0.00,13.27,5.83,9.55,0.00,0.00,0.0156,5.9844,2553.53,0.00,0,0,0.00,0.00,6932,7064
313451,177.08,100.00,66.80,0.00,11.59,4.37,7.98,0.00,0.00,0.0156,5.9844,2548.96,0.00,0,0,0.00,0.00,6875,7172
313651,157.81,100.00,50.10,0.00,10.33,3.28,6.80,0.00,0.00,0.0156,5.9844,2513.50,0.00,0,0,0.00,0.00,6432,6834
313851,143.36,100.00,37.57,0.00,9.38,2.46,5.92,0.00,0.00,0.0156,5.9844,2105.56,0.00,0,0,0.00,0.00,4592,6381
314051,132.52,100.00,78.18,200.00,8.67,5.12,6.90,0.00,0.00,0.0156,5.9844,2305.00,0.00,0,0,0.00,0.00,3828,4026
314251,111.89,50.00,58.64,0.00,7.32,3.84,5.58,0.00,0.00,0.0156,5.9844,2361.09,0.00,0,0,0.00,0.00,4529,4271
314451,108.92,100.00,43.98,0.00,7.13,2.88,5.00,0.00,0.00,0.0156,5.9844,2352.06,0.00,0,0,0.00,0.00,4416,4698
314651,94.19,50.00,32.98,0.00,6.16,2.16,4.16,0.00,0.00,0.0156,5.9844,2314.76,0.00,0,0,0.00,0.00,3950,4307
314851,95.64,100.00,24.74,0.00,6.26,1.62,3.94,0.00,0.00,0.0156,5.9844,2332.61,0.00,0,0,0.00,0.00,4173,3945
315051,84.23,50.00,43.55,100.00,5.51,2.85,4.18,0.00,0.00,0.0156,5.9844,2520.24,0.00,0,0,0.00,0.00,6516,4771
315251,75.67,50.00,32.66,0.00,4.95,2.14,3.55,0.00,0.00,0.0156,5.9844,2527.33,0.00,0,0,0.00,0.00,6605,5052
315451,81.75,100.00,24.50,0.00,5.35,1.60,3.48,0.00,0.00,0.0156,5.9844,2512.63,0.00,0,0,0.00,0.00,6421,5393
315651,73.82,50.00,18.37,0.00,4.83,1.20,3.02,0.00,0.00,0.0156,5.9844,2406.14,0.00,0,0,0.00,0.00,5091,5880
315851,80.36,100.00,13.78,0.00,5.26,0.90,3.08,0.00,0.00,0.0156,5.9844,2304.91,0.00,0,0,0.00,0.00,3827,4580
316051,72.77,50.00,35.34,100.00,4.76,2.31,3.54,0.00,0.00,0.0156,5.9844,2210.97,0.00,0,0,0.00,0.00,2654,3207
316251,79.58,100.00,26.50,0.00,5.21,1.73,3.47,0.00,0.00,0.0156,5.9844,2172.49,0.00,0,0,0.00,0.00,2174,2565
316451,72.18,50.00,19.88,0.00,4.72,1.30,3.01,0.00,0.00,0.0156,5.9844,2153.90,0.00,0,0,0.00,0.00,1941,2170
316651,66.64,50.00,14.91,0.00,4.36,0.98,2.67,0.00,0.00,0.0178,5.9822,2221.90,0.00,0,0,0.00,0.00,2790,2126
316851,62.48,50.00,61.18,200.00,4.09,4.00,4.05,0.00,0.00,0.0178,5.9822,2341.45,0.00,0,0,0.00,0.00,4283,3073
317051,59.36,50.00,45.89,0.00,3.89,3.00,3.44,0.00,0.00,0.0178,5.9822,2441.62,0.00,0,0,0.00,0.00,5534,3560
317251,57.02,50.00,34.41,0.00,3.73,2.25,2.99,0.00,0.00,0.0178,5.9822,2482.65,0.00,0,0,0.00,0.00,6047,3850
317451,55.26,50.00,38.31,50.00,3.62,2.51,3.06,0.00,0.00,0.0178,5.9822,2465.85,0.00,0,0,0.00,0.00,5837,4867
317651,53.95,50.00,66.23,150.00,3.53,4.33,3.93,0.00,0.00,0.0178,5.9822,2426.97,0.00,0,0,0.00,0.00,5351,5561
317851,52.96,50.00,49.67,0.00,3.47,3.25,3.36,0.00,0.00,0.0178,5.9822,2451.05,0.00,0,0,0.00,0.00,5652,5198
318051,52.22,50.00,37.26,0.00,3.42,2.44,2.93,0.00,0.00,0.0178,5.9822,2420.91,0.00,0,0,0.00,0.00,5276,5340
318251,51.67,50.00,52.94,100.00,3.38,3.47,3.42,0.00,0.00,0.0178,5.9822,2330.49,0.00,0,0,0.00,0.00,4146,4236
318451,51.25,50.00,39.71,0.00,3.35,2.60,2.98,0.00,0.00,0.0178,5.9822,2298.81,0.00,0,0,0.00,0.00,3751,4046
318651,63.44,100.00,29.78,0.00,4.15,1.95,3.05,0.00,0.00,0.0178,5.9822,2061.23,0.00,0,0,0.00,0.00,1500,3378
318851,60.08,50.00,22.33,0.00,3.93,1.46,2.70,0.00,0.00,0.0178,5.9822,2195.64,0.00,0,0,0.00,0.00,2463,2455
319051,57.56,50.00,66.75,200.00,3.77,4.37,4.07,0.00,0.00,0.0178,5.9822,2316.29,0.00,0,0,0.00,0.00,3969,3054
319251,43.17,0.00,125.06,300.00,2.83,8.19,5.51,0.00,0.00,0.0178,5.9822,2365.71,0.00,0,0,0.00,0.00,4586,3860
319451,44.88,50.00,93.80,0.00,2.94,6.14,4.54,0.00,0.00,0.0178,5.9822,2360.36,0.00,0,0,0.00,0.00,4519,4657
319651,33.66,0.00,70.35,0.00,2.20,4.60,3.40,0.00,0.00,0.0178,5.9822,2343.76,0.00,0,0,0.00,0.00,4312,4732
319851,37.74,50.00,77.76,100.00,2.47,5.09,3.78,0.00,0.00,0.0178,5.9822,2397.45,0.00,0,0,0.00,0.00,4983,4914
320051,28.31,0.00,58.32,0.00,1.85,3.82,2.83,0.00,0.00,0.0178,5.9822,2419.43,0.00,0,0,0.00,0.00,5257,5152
320251,33.73,50.00,43.74,0.00,2.21,2.86,2.54,0.00,0.00,0.0178,5.9822,2407.96,0.00,0,0,0.00,0.00,5114,5138
320451,25.30,0.00,32.81,0.00,1.66,2.15,1.90,0.00,0.00,0.0178,5.9822,2403.26,0.00,0,0,0.00,0.00,5055,5065
320651,31.47,50.00,49.60,100.00,2.06,3.25,2.65,0.00,0.00,0.0178,5.9822,2401.34,0.00,0,0,0.00,0.00,5031,5035
320851,23.61,0.00,37.20,0.00,1.54,2.43,1.99,0.00,0.00,0.0178,5.9822,2400.55,0.00,0,0,0.00,0.00,5021,5023
321051,17.70,0.00,27.90,0.00,1.16,1.83,1.49,0.00,0.00,0.0178,5.9822,2400.22,0.00,0,0,0.00,0.00,5017,5017
321251,25.78,50.00,20.93,0.00,1.69,1.37,1.53,0.00,0.00,0.0178,5.9822,2334.49,0.00,0,0,0.00,0.00,4196,4692
321451,19.33,0.00,40.70,100.00,1.27,2.66,1.96,0.00,0.00,0.0178,5.9822,2320.69,0.00,0,0,0.00,0.00,4024,3777
321651,27.00,50.00,30.52,0.00,1.77,2.00,1.88,0.00,0.00,0.0178,5.9822,2281.43,0.00,0,0,0.00,0.00,3534,3963
321851,20.25,0.00,22.89,0.00,1.33,1.50,1.41,0.00,0.00,0.0178,5.9822,2233.36,0.00,0,0,0.00,0.00,2934,3046
322051,15.19,0.00,17.17,0.00,0.99,1.12,1.06,0.00,0.00,0.0178,5.9822,2153.71,0.00,0,0,0.00,0.00,1939,2835
322251,11.39,0.00,62.88,200.00,0.75,4.12,2.43,0.00,0.00,0.0178,5.9822,2120.56,0.00,0,0,0.00,0.00,1525,1767
322451,8.54,0.00,47.16,0.00,0.56,3.09,1.82,0.00,0.00,0.0178,5.9822,2109.86,0.00,0,0,0.00,0.00,1391,1414
322651,6.41,0.00,35.37,0.00,0.42,2.31,1.37,0.00,0.00,0.0178,5.9822,2093.68,0.00,0,0,0.00,0.00,1189,1307
322851,4.81,0.00,26.53,0.00,0.31,1.74,1.03,0.00,0.00,0.0178,5.9822,2046.90,0.00,0,0,0.00,0.00,605,758
323051,3.60,0.00,19.89,0.00,0.24,1.30,0.77,0.00,0.00,0.0178,5.9822,2044.81,0.00,0,0,0.00,0.00,579,639
323251,2.70,0.00,14.92,0.00,0.18,0.98,0.58,0.00,0.00,0.0178,5.9822,2050.30,0.00,0,0,0.00,0.00,648,705
323451,2.03,0.00,98.69,350.00,0.13,6.46,3.30,0.00,0.00,0.0178,5.9822,2020.60,0.00,0,0,0.00,0.00,277,343
323651,1.52,0.00,86.52,50.00,0.10,5.66,2.88,0.00,0.00,0.0178,5.9822,2060.92,0.00,0,0,0.00,0.00,780,553
323851,1.14,0.00,64.89,0.00,0.07,4.25,2.16,0.00,0.00,0.0178,5.9822,2082.55,0.00,0,0,0.00,0.00,1050,875
324051,0.86,0.00,48.67,0.00,0.06,3.19,1.62,0.00,0.00,0.0178,5.9822,2119.89,0.00,0,0,0.00,0.00,1517,1266
324251,0.64,0.00,36.50,0.00,0.04,2.39,1.22,0.00,0.00,0.0178,5.9822,2127.19,0.00,0,0,0.00,0.00,1608,1585
324451,0.48,0.00,27.37,0.00,0.03,1.79,0.91,0.00,0.00,0.0178,5.9822,2149.32,0.00,0,0,0.00,0.00,1884,1617
324651,0.36,0.00,45.53,100.00,0.02,2.98,1.50,0.00,0.00,0.0178,5.9822,2204.84,0.00,0,0,0.00,0.00,2577,1916
324851,0.27,0.00,34.15,0.00,0.02,2.24,1.13,0.00,0.00,0.0178,5.9822,2294.46,0.00,0,0,0.00,0.00,3697,2785
325051,0.20,0.00,75.61,200.00,0.01,4.95,2.48,0.00,0.00,0.0178,5.9822,2336.29,0.00,0,0,0.00,0.00,4219,3529
325251,0.15,0.00,81.71,100.00,0.01,5.35,2.68,0.00,0.00,0.0178,5.9822,2373.91,0.00,0,0,0.00,0.00,4689,4364
325451,0.11,0.00,111.28,200.00,0.01,7.28,3.65,0.00,0.00,0.0178,5.9822,2409.79,0.00,0,0,0.00,0.00,5137,4923
325651,0.09,0.00,83.46,0.00,0.01,5.46,2.73,0.00,0.00,0.0178,5.9822,2404.01,0.00,0,0,0.00,0.00,5065,5076
325851,0.06,0.00,62.60,0.00,0.00,4.10,2.05,0.00,0.00,0.0178,5.9822,2422.12,0.00,0,0,0.00,0.00,5291,5181
326051,0.05,0.00,121.95,300.00,0.00,7.98,3.99,0.00,0.00,0.0178,5.9822,2441.06,0.00,0,0,0.00,0.00,5527,5246
326251,0.04,0.00,141.46,200.00,0.00,9.26,4.63,0.00,0.00,0.0178,5.9822,2398.36,0.00,0,0,0.00,0.00,4994,5339
326451,12.53,50.00,156.10,200.00,0.82,10.22,5.52,0.00,0.00,0.0178,5.9822,2347.62,0.00,0,0,0.00,0.00,4360,4814
326651,9.40,0.00,217.07,400.00,0.61,14.21,7.41,0.00,0.00,0.0178,5.9822,2378.55,0.00,0,0,0.00,0.00,4747,4617
326851,7.05,0.00,162.80,0.00,0.46,10.66,5.56,0.00,0.00,0.0178,5.9822,2351.21,0.00,0,0,0.00,0.00,4405,4871
327051,5.28,0.00,222.10,400.00,0.35,14.54,7.44,0.00,0.00,0.0178,5.9822,2380.02,0.00,0,0,0.00,0.00,4765,4668
327251,16.46,50.00,166.58,0.00,1.08,10.90,5.99,0.00,0.00,0.0178,5.9822,2366.22,0.00,0,0,0.00,0.00,4593,4679
327451,12.35,0.00,124.93,0.00,0.81,8.18,4.49,0.00,0.00,0.0200,5.9800,2341.42,0.00,0,0,0.00,0.00,4283,4649
327651,9.26,0.00,118.70,100.00,0.61,7.77,4.19,0.00,0.00,0.0200,5.9800,2346.88,0.00,0,0,0.00,0.00,4351,4174
327851,6.95,0.00,89.02,0.00,0.45,5.83,3.14,0.00,0.00,0.0200,5.9800,2346.24,0.00,0,0,0.00,0.00,4343,4585
328051,5.21,0.00,91.77,100.00,0.34,6.01,3.17,0.00,0.00,0.0200,5.9800,2345.98,0.00,0,0,0.00,0.00,4340,4578
328251,3.91,0.00,93.83,100.00,0.26,6.14,3.20,0.00,0.00,0.0200,5.9800,2357.39,0.00,0,0,0.00,0.00,4482,4221
328451,2.93,0.00,82.87,50.00,0.19,5.42,2.81,0.00,0.00,0.0200,5.9800,2322.07,0.00,0,0,0.00,0.00,4041,4518
328651,2.20,0.00,149.65,350.00,0.14,9.79,4.97,0.00,0.00,0.0200,5.9800,2336.08,0.00,0,0,0.00,0.00,4216,4332
328851,1.65,0.00,187.24,300.00,0.11,12.25,6.18,0.00,0.00,0.0200,5.9800,2413.82,0.00,0,0,0.00,0.00,5187,4526
329051,1.24,0.00,165.43,100.00,0.08,10.83,5.45,0.00,0.00,0.0200,5.9800,2523.74,0.00,0,0,0.00,0.00,6560,4964
329251,0.93,0.00,124.07,0.00,0.06,8.12,4.09,0.00,0.00,0.0200,5.9800,2568.76,0.00,0,0,0.00,0.00,7122,5482
329451,0.70,0.00,218.05,500.00,0.05,14.27,7.16,0.00,0.00,0.0200,5.9800,2521.61,0.00,0,0,0.00,0.00,6533,6642
329651,13.02,50.00,238.54,300.00,0.85,15.61,8.23,0.00,0.00,0.0200,5.9800,2457.29,0.00,0,0,0.00,0.00,5730,6571
329851,22.27,50.00,228.91,200.00,1.46,14.98,8.22,0.00,0.00,0.0200,5.9800,2370.98,0.00,0,0,0.00,0.00,4652,4884
330051,29.20,50.00,221.68,200.00,1.91,14.51,8.21,0.00,0.00,0.0200,5.9800,2420.12,0.00,0,0,0.00,0.00,5266,4815
330251,34.40,50.00,253.76,350.00,2.25,16.61,9.43,0.00,0.00,0.0200,5.9800,2526.32,0.00,0,0,0.00,0.00,6592,5125
330451,38.30,50.00,302.82,450.00,2.51,19.82,11.16,0.00,0.00,0.0200,5.9800,2569.82,0.00,0,0,0.00,0.00,7135,6123
330651,41.22,50.00,302.11,300.00,2.70,19.77,11.24,0.00,0.00,0.0200,5.9800,2555.64,0.00,0,0,0.00,0.00,6958,6819
330851,55.92,100.00,301.59,300.00,3.66,19.74,11.70,0.00,0.00,0.0200,5.9800,2555.41,0.00,0,0,0.00,0.00,6955,6964
331051,66.94,100.00,276.19,200.00,4.38,18.08,11.23,0.00,0.00,0.0200,5.9800,2561.25,0.00,0,0,0.00,0.00,7028,6778
331251,62.70,50.00,232.14,100.00,4.10,15.19,9.65,0.00,0.00,0.0200,5.9800,2604.61,0.00,0,0,0.00,0.00,7570,7401
331451,72.03,100.00,174.11,0.00,4.71,11.40,8.05,0.00,0.00,0.0200,5.9800,2622.37,0.00,0,0,0.00,0.00,7791,7800
331651,79.02,100.00,230.58,400.00,5.17,15.09,10.13,0.00,0.00,0.0200,5.9800,2641.16,0.00,0,0,0.00,0.00,8026,7712
331851,84.27,100.00,222.93,200.00,5.52,14.59,10.05,0.00,0.00,0.0200,5.9800,2682.46,0.00,0,0,0.00,0.00,8542,8039
332051,88.20,100.00,192.20,100.00,5.77,12.58,9.18,0.00,0.00,0.0200,5.9800,2673.78,0.00,0,0,0.00,0.00,8433,8189
332251,103.65,150.00,194.15,200.00,6.78,12.71,9.75,0.00,0.00,0.0200,5.9800,2126.22,0.00,0,0,0.00,0.00,6480,8228
332451,102.74,100.00,170.61,100.00,6.72,11.17,8.95,0.00,0.00,0.0200,5.9800,2443.37,0.00,0,0,0.00,0.00,5598,6712
332651,102.05,100.00,177.96,200.00,6.68,11.65,9.16,0.00,0.00,0.0200,5.9800,2588.33,0.00,0,0,0.00,0.00,7366,6479
332851,89.04,50.00,133.47,0.00,5.83,8.74,7.28,0.00,0.00,0.0200,5.9800,2615.70,0.00,0,0,0.00,0.00,7708,6909
333051,91.78,100.00,175.10,300.00,6.01,11.46,8.73,0.00,0.00,0.0200,5.9800,2626.91,0.00,0,0,0.00,0.00,7848,7871
333251,93.83,100.00,231.33,400.00,6.14,15.14,10.64,0.00,0.00,0.0200,5.9800,2611.02,0.00,0,0,0.00,0.00,7650,7684
333451,95.38,100.00,198.50,100.00,6.24,12.99,9.62,0.00,0.00,0.0200,5.9800,2670.11,0.00,0,0,0.00,0.00,8388,7741
333651,96.53,100.00,173.87,100.00,6.32,11.38,8.85,0.00,0.00,0.0200,5.9800,2694.32,0.00,0,0,0.00,0.00,8690,8183
333851,109.90,150.00,155.40,100.00,7.19,10.17,8.68,0.00,0.00,0.0200,5.9800,2670.63,0.00,0,0,0.00,0.00,8394,8483
334051,107.42,100.00,141.55,100.00,7.03,9.26,8.15,0.00,0.00,0.0200,5.9800,2694.23,0.00,0,0,0.00,0.00,8689,8357
334251,105.57,100.00,106.16,0.00,6.91,6.95,6.93,0.00,0.00,0.0200,5.9800,2704.20,0.00,0,0,0.00,0.00,8813,8514
334451,104.18,100.00,104.62,100.00,6.82,6.85,6.83,0.00,0.00,0.0200,5.9800,2700.28,0.00,0,0,0.00,0.00,8764,8783
334651,103.13,100.00,103.47,100.00,6.75,6.77,6.76,0.00,0.00,0.0200,5.9800,2693.55,0.00,0,0,0.00,0.00,8680,8971
334851,102.35,100.00,127.60,200.00,6.70,8.35,7.53,0.00,0.00,0.0200,5.9800,2690.80,0.00,0,0,0.00,0.00,8646,8578
335051,101.76,100.00,145.70,200.00,6.66,9.54,8.10,0.00,0.00,0.0200,5.9800,2689.67,0.00,0,0,0.00,0.00,8632,8913
335251,113.82,150.00,134.28,100.00,7.45,8.79,8.12,0.00,0.00,0.0200,5.9800,2722.81,0.00,0,0,0.00,0.00,9046,8625
335451,110.37,100.00,100.71,0.00,7.22,6.59,6.91,0.00,0.00,0.0200,5.9800,2736.38,0.00,0,0,0.00,0.00,9215,9364
335651,107.77,100.00,138.03,250.00,7.05,9.03,8.04,0.00,0.00,0.0200,5.9800,2358.49,0.00,0,0,0.00,0.00,7817,9101
335851,105.83,100.00,191.02,350.00,6.93,12.50,9.71,0.00,0.00,0.0200,5.9800,2598.68,0.00,0,0,0.00,0.00,7495,7239
336051,104.37,100.00,143.27,0.00,6.83,9.38,8.10,0.00,0.00,0.0200,5.9800,2717.54,0.00,0,0,0.00,0.00,8980,6896
336251,115.78,149.99,107.45,0.00,7.58,7.03,7.31,0.00,0.00,0.0200,5.9800,2734.22,0.00,0,0,0.00,0.00,9188,8204
336451,111.83,100.00,80.59,0.00,7.32,5.27,6.30,0.00,0.00,0.0200,5.9800,2680.58,0.00,0,0,0.00,0.00,8518,8769
336651,108.88,100.00,85.44,100.00,7.13,5.59,6.36,0.00,0.00,0.0200,5.9800,2685.49,0.00,0,0,0.00,0.00,8579,8614
336851,106.66,100.00,64.08,0.00,6.98,4.19,5.59,0.00,0.00,0.0200,5.9800,2721.09,0.00,0,0,0.00,0.00,9024,8778
337051,104.99,100.00,73.06,100.00,6.87,4.78,5.83,0.00,0.00,0.0200,5.9800,2735.68,0.00,0,0,0.00,0.00,9206,9352
337251,103.74,100.00,129.80,300.00,6.79,8.50,7.64,0.00,0.00,0.0200,5.9800,2718.38,0.00,0,0,0.00,0.00,8990,9191
337451,115.31,150.00,97.35,0.00,7.55,6.37,6.96,0.00,0.00,0.0200,5.9800,2734.57,0.00,0,0,0.00,0.00,9192,9337
337651,111.48,100.00,73.01,0.00,7.30,4.78,6.04,0.00,0.00,0.0200,5.9800,2680.72,0.00,0,0,0.00,0.00,8520,8996
337851,108.61,100.00,54.76,0.00,7.11,3.58,5.35,0.00,0.00,0.0200,5.9800,2642.80,0.00,0,0,0.00,0.00,8046,8650
338051,106.46,100.00,41.07,0.00,6.97,2.69,4.83,0.00,0.00,0.0200,5.9800,2641.87,0.00,0,0,0.00,0.00,8035,8272
338251,104.84,100.00,30.80,0.00,6.86,2.02,4.44,0.00,0.00,0.0200,5.9800,2597.63,0.00,0,0,0.00,0.00,7482,8099
338451,103.63,100.00,23.10,0.00,6.78,1.51,4.15,0.00,0.00,0.0200,5.9800,2501.43,0.00,0,0,0.00,0.00,6281,6789
338651,102.72,100.00,17.33,0.00,6.72,1.13,3.93,0.00,0.00,0.0200,5.9800,2441.55,0.00,0,0,0.00,0.00,5533,5659
338851,102.04,100.00,37.99,100.00,6.68,2.49,4.58,0.00,0.00,0.0200,5.9800,2417.02,0.00,0,0,0.00,0.00,5227,5278
339051,89.03,50.00,53.50,100.00,5.83,3.50,4.66,0.00,0.00,0.0200,5.9800,2446.97,0.00,0,0,0.00,0.00,5601,5123
339251,91.77,100.00,65.12,100.00,6.01,4.26,5.13,0.00,0.00,0.0200,5.9800,2476.84,0.00,0,0,0.00,0.00,5974,5727
339451,81.33,50.00,111.34,250.00,5.32,7.29,6.31,0.00,0.00,0.0200,5.9800,1987.95,0.00,0,0,0.00,0.00,0,6026
339651,86.00,100.00,133.51,200.00,5.63,8.74,7.18,0.00,0.00,0.0200,5.9800,2268.24,0.00,0,0,0.00,0.00,3369,4698
339851,89.50,100.00,112.63,50.00,5.86,7.37,6.61,0.00,0.00,0.0200,5.9800,2331.08,0.00,0,0,0.00,0.00,4154,4222
340051,79.62,50.00,84.47,0.00,5.21,5.53,5.37,0.00,0.00,0.0200,5.9800,2331.77,0.00,0,0,0.00,0.00,4163,4510
340251,72.22,50.00,63.35,0.00,4.73,4.15,4.44,0.00,0.00,0.0200,5.9800,2274.45,0.00,0,0,0.00,0.00,3447,3792
340451,66.66,50.00,47.52,0.00,4.36,3.11,3.74,0.00,0.00,0.0200,5.9800,2278.12,0.00,0,0,0.00,0.00,3493,3125
340651,62.50,50.00,35.64,0.00,4.09,2.33,3.21,0.00,0.00,0.0200,5.9800,2256.97,0.00,0,0,0.00,0.00,3228,3297
340851,59.37,50.00,26.73,0.00,3.89,1.75,2.82,0.00,0.00,0.0200,5.9800,2283.81,0.00,0,0,0.00,0.00,3564,3361
341051,57.03,50.00,20.05,0.00,3.73,1.31,2.52,0.00,0.00,0.0200,5.9800,2266.33,0.00,0,0,0.00,0.00,3345,3190
341251,55.27,50.00,15.03,0.00,3.62,0.98,2.30,0.00,0.00,0.0222,5.9778,2227.17,0.00,0,0,0.00,0.00,2856,2939
341451,53.95,50.00,61.28,200.00,3.53,4.01,3.77,0.00,0.00,0.0222,5.9778,2185.53,0.00,0,0,0.00,0.00,2336,2324
341651,52.97,50.00,70.96,100.00,3.47,4.64,4.06,0.00,0.00,0.0222,5.9778,2124.45,0.00,0,0,0.00,0.00,1574,2228
341851,39.72,0.00,153.22,400.00,2.60,10.03,6.31,0.00,0.00,0.0222,5.9778,2082.98,0.00,0,0,0.00,0.00,1056,940
342051,42.29,50.00,164.91,200.00,2.77,10.79,6.78,0.00,0.00,0.0222,5.9778,2059.59,0.00,0,0,0.00,0.00,764,1193
342251,31.72,0.00,123.68,0.00,2.08,8.10,5.09,0.00,0.00,0.0222,5.9778,2024.41,0.00,0,0,0.00,0.00,324,407
342451,23.79,0.00,92.76,0.00,1.56,6.07,3.81,0.00,0.00,0.0222,5.9778,2010.00,0.00,0,0,0.00,0.00,144,178
342651,30.34,50.00,69.57,0.00,1.99,4.55,3.27,0.00,0.00,0.0222,5.9778,1964.09,0.00,0,0,0.00,0.00,0,83
342851,22.76,0.00,102.18,200.00,1.49,6.69,4.09,0.00,0.00,0.0222,5.9778,1985.29,0.00,0,0,0.00,0.00,0,0
343051,17.07,0.00,101.63,100.00,1.12,6.65,3.88,0.00,0.00,0.0222,5.9778,1973.50,0.00,0,0,0.00,0.00,0,0
343251,12.80,0.00,76.23,0.00,0.84,4.99,2.91,0.00,0.00,0.0222,5.9778,1963.54,0.00,0,0,0.00,0.00,0,0
343451,9.60,0.00,82.17,100.00,0.63,5.38,3.00,0.00,0.00,0.0222,5.9778,1964.59,0.00,0,0,0.00,0.00,0,0
343651,7.20,0.00,86.63,100.00,0.47,5.67,3.07,0.00,0.00,0.0222,5.9778,1925.02,0.00,0,0,0.00,0.00,0,0
343851,5.40,0.00,64.97,0.00,0.35,4.25,2.30,0.00,0.00,0.0222,5.9778,1929.29,0.00,0,0,0.00,0.00,0,0
344051,4.05,0.00,48.73,0.00,0.27,3.19,1.73,0.00,0.00,0.0222,5.9778,1939.04,0.00,0,0,0.00,0.00,0,0
344251,3.04,0.00,36.55,0.00,0.20,2.39,1.30,0.00,0.00,0.0222,5.9778,1943.03,0.00,0,0,0.00,0.00,0,0
344451,2.28,0.00,27.41,0.00,0.15,1.79,0.97,0.00,0.00,0.0222,5.9778,1916.18,0.00,0,0,0.00,0.00,0,0
344651,1.71,0.00,20.56,0.00,0.11,1.35,0.73,0.00,0.00,0.0222,5.9778,1925.67,0.00,0,0,0.00,0.00,0,0
344851,1.28,0.00,15.42,0.00,0.08,1.01,0.55,0.00,0.00,0.0222,5.9778,1929.55,0.00,0,0,0.00,0.00,0,0
345051,0.96,0.00,11.56,0.00,0.06,0.76,0.41,0.00,0.00,0.0222,5.9778,1939.15,0.00,0,0,0.00,0.00,0,0
345251,0.72,0.00,8.67,0.00,0.05,0.57,0.31,0.00,0.00,0.0222,5.9778,1935.07,0.00,0,0,0.00,0.00,0,0
345451,0.54,0.00,31.50,100.00,0.04,2.06,1.05,0.00,0.00,0.0222,5.9778,1973.41,0.00,0,0,0.00,0.00,0,0
345651,0.41,0.00,36.13,50.00,0.03,2.36,1.20,0.00,0.00,0.0222,5.9778,1928.63,0.00,0,0,0.00,0.00,0,0
345851,0.30,0.00,39.60,50.00,0.02,2.59,1.31,0.00,0.00,0.0222,5.9778,1945.17,0.00,0,0,0.00,0.00,0,0
346051,0.23,0.00,54.70,100.00,0.01,3.58,1.80,0.00,0.00,0.0222,5.9778,1925.06,0.00,0,0,0.00,0.00,0,0
346251,0.17,0.00,41.02,0.00,0.01,2.68,1.35,0.00,0.00,0.0222,5.9778,1943.70,0.00,0,0,0.00,0.00,0,0
346451,0.13,0.00,80.77,200.00,0.01,5.29,2.65,0.00,0.00,0.0222,5.9778,1924.46,0.00,0,0,0.00,0.00,0,0
346651,0.10,0.00,135.58,300.00,0.01,8.87,4.44,0.00,0.00,0.0222,5.9778,1908.58,0.00,0,0,0.00,0.00,0,0
346851,0.07,0.00,176.68,300.00,0.00,11.56,5.78,0.00,0.00,0.0222,5.9778,1930.55,0.00,0,0,0.00,0.00,0,0
347051,0.05,0.00,157.51,100.00,0.00,10.31,5.16,0.00,0.00,0.0222,5.9778,1939.56,0.00,0,0,0.00,0.00,0,0
347251,0.04,0.00,118.13,0.00,0.00,7.73,3.87,0.00,0.00,0.0222,5.9778,1943.24,0.00,0,0,0.00,0.00,0,0
347451,0.03,0.00,163.60,300.00,0.00,10.71,5.35,0.00,0.00,0.0222,5.9778,1951.15,0.00,0,0,0.00,0.00,0,0
347651,0.02,0.00,172.70,200.00,0.00,11.30,5.65,0.00,0.00,0.0222,5.9778,1919.51,0.00,0,0,0.00,0.00,0,0
347851,0.02,0.00,129.53,0.00,0.00,8.48,4.24,0.00,0.00,0.0222,5.9778,1935.03,0.00,0,0,0.00,0.00,0,0
348051,0.01,0.00,122.14,100.00,0.00,7.99,4.00,0.00,0.00,0.0222,5.9778,1947.79,0.00,0,0,0.00,0.00,0,0
348251,0.01,0.00,91.61,0.00,0.00,6.00,3.00,0.00,0.00,0.0222,5.9778,1953.01,0.00,0,0,0.00,0.00,0,0
348451,0.01,0.00,93.71,100.00,0.00,6.13,3.07,0.00,0.00,0.0222,5.9778,1920.27,0.00,0,0,0.00,0.00,0,0
348651,0.01,0.00,70.28,0.00,0.00,4.60,2.30,0.00,0.00,0.0222,5.9778,1935.34,0.00,0,0,0.00,0.00,0,0
348851,0.00,0.00,52.71,0.00,0.00,3.45,1.73,0.00,0.00,0.0222,5.9778,1913.04,0.00,0,0,0.00,0.00,0,0
349051,0.00,0.00,64.53,100.00,0.00,4.22,2.11,0.00,0.00,0.0222,5.9778,1898.78,0.00,0,0,0.00,0.00,0,0
349251,0.00,0.00,73.40,100.00,0.00,4.80,2.40,0.00,0.00,0.0222,5.9778,1926.54,0.00,0,0,0.00,0.00,0,0
349451,0.00,0.00,55.05,0.00,0.00,3.60,1.80,0.00,0.00,0.0222,5.9778,1883.83,0.00,0,0,0.00,0.00,0,0
349651,0.00,0.00,116.29,300.01,0.00,7.61,3.81,0.00,0.00,0.0222,5.9778,1886.82,0.00,0,0,0.00,0.00,0,0
349851,0.00,0.00,87.22,0.00,0.00,5.71,2.85,0.00,0.00,0.0222,5.9778,1896.04,0.00,0,0,0.00,0.00,0,0
350051,0.00,0.00,115.41,200.00,0.00,7.55,3.78,0.00,0.00,0.0222,5.9778,1879.34,0.00,0,0,0.00,0.00,0,0
350251,0.00,0.00,86.56,0.00,0.00,5.67,2.83,0.00,0.00,0.0222,5.9778,1864.50,0.00,0,0,0.00,0.00,0,0
350451,0.00,0.00,114.92,200.00,0.00,7.52,3.76,0.00,0.00,0.0222,5.9778,1892.02,0.00,0,0,0.00,0.00,0,0
350651,0.00,0.00,136.19,200.00,0.00,8.91,4.46,0.00,0.00,0.0222,5.9778,1869.69,0.00,0,0,0.00,0.00,0,0
350851,0.00,0.00,102.14,0.00,0.00,6.69,3.34,0.00,0.00,0.0222,5.9778,1881.03,0.00,0,0,0.00,0.00,0,0
351051,0.00,0.00,101.61,100.00,0.00,6.65,3.33,0.00,0.00,0.0222,5.9778,1898.79,0.00,0,0,0.00,0.00,0,0
351251,0.00,0.00,126.20,200.00,0.00,8.26,4.13,0.00,0.00,0.0222,5.9778,1906.06,0.00,0,0,0.00,0.00,0,0
351451,0.00,0.00,94.65,0.00,0.00,6.20,3.10,0.00,0.00,0.0222,5.9778,1869.04,0.00,0,0,0.00,0.00,0,0
351651,0.00,0.00,70.99,0.00,0.00,4.65,2.32,0.00,0.00,0.0222,5.9778,1880.76,0.00,0,0,0.00,0.00,0,0
351851,0.00,0.00,103.24,200.00,0.00,6.76,3.38,0.00,0.00,0.0222,5.9778,1858.68,0.00,0,0,0.00,0.00,0,0
352051,0.00,0.00,152.43,300.00,0.00,9.98,4.99,0.00,0.00,0.0222,5.9778,1884.52,0.00,0,0,0.00,0.00,0,0
352251,0.00,0.00,114.32,0.00,0.00,7.48,3.74,0.00,0.00,0.0222,5.9778,1866.62,0.00,0,0,0.00,0.00,0,0
352451,0.00,0.00,135.74,200.00,0.00,8.88,4.44,0.00,0.00,0.0222,5.9778,1879.77,0.00,0,0,0.00,0.00,0,0
352651,0.00,0.00,101.81,0.00,0.00,6.66,3.33,0.00,0.00,0.0222,5.9778,1858.27,0.00,0,0,0.00,0.00,0,0
352851,0.00,0.00,76.36,0.00,0.00,5.00,2.50,0.00,0.00,0.0222,5.9778,1844.35,0.00,0,0,0.00,0.00,0,0
353051,0.00,0.00,57.27,0.00,0.00,3.75,1.87,0.00,0.00,0.0222,5.9778,1843.77,0.00,0,0,0.00,0.00,0,0
353251,0.00,0.00,42.95,0.00,0.00,2.81,1.41,0.00,0.00,0.0222,5.9778,1843.53,0.00,0,0,0.00,0.00,0,0
353451,0.00,0.00,57.21,100.00,0.00,3.74,1.87,0.00,0.00,0.0222,5.9778,1843.43,0.00,0,0,0.00,0.00,0,0
353651,0.00,0.00,117.91,300.00,0.00,7.72,3.86,0.00,0.00,0.0222,5.9778,1878.27,0.00,0,0,0.00,0.00,0,0
353851,0.00,0.00,113.43,100.00,0.00,7.42,3.71,0.00,0.00,0.0222,5.9778,1864.06,0.00,0,0,0.00,0.00,0,0
354051,0.00,0.00,110.07,100.00,0.00,7.20,3.60,0.00,0.00,0.0222,5.9778,1891.84,0.00,0,0,0.00,0.00,0,0
354251,0.00,0.00,107.56,100.00,0.00,7.04,3.52,0.00,0.00,0.0222,5.9778,1869.62,0.00,0,0,0.00,0.00,0,0
354451,0.00,0.00,105.67,100.00,0.00,6.92,3.46,0.00,0.00,0.0222,5.9778,1860.52,0.00,0,0,0.00,0.00,0,0
354651,0.00,0.00,116.75,150.00,0.00,7.64,3.82,0.00,0.00,0.0222,5.9778,1864.79,0.00,0,0,0.00,0.00,0,0
354851,0.00,0.00,175.06,350.00,0.00,11.46,5.73,0.00,0.00,0.0222,5.9778,1866.54,0.00,0,0,0.00,0.00,0,0
355051,0.00,0.00,156.30,100.00,0.00,10.23,5.11,0.00,0.00,0.0222,5.9778,1859.25,0.00,0,0,0.00,0.00,0,0
355251,0.00,0.00,142.22,100.00,0.00,9.31,4.65,0.00,0.00,0.0222,5.9778,1889.87,0.00,0,0,0.00,0.00,0,0
355451,0.00,0.00,106.67,0.00,0.00,6.98,3.49,0.00,0.00,0.0222,5.9778,1868.81,0.00,0,0,0.00,0.00,0,0
355651,0.00,0.00,105.00,100.00,0.00,6.87,3.44,0.00,0.00,0.0222,5.9778,1853.79,0.00,0,0,0.00,0.00,0,0
355851,0.00,0.00,103.75,100.00,0.00,6.79,3.40,0.00,0.00,0.0222,5.9778,1847.63,0.00,0,0,0.00,0.00,0,0
356051,0.00,0.00,152.81,300.00,0.00,10.00,5.00,0.00,0.00,0.0222,5.9778,1839.99,0.00,0,0,0.00,0.00,0,0
356251,0.00,0.00,189.61,300.00,0.00,12.41,6.20,0.00,0.00,0.0222,5.9778,1836.86,0.00,0,0,0.00,0.00,0,0
356451,0.00,0.00,192.21,200.00,0.00,12.58,6.29,0.00,0.00,0.0222,5.9778,1835.58,0.00,0,0,0.00,0.00,0,0
356651,0.00,0.00,144.16,0.00,0.00,9.43,4.72,0.00,0.00,0.0222,5.9778,1875.05,0.00,0,0,0.00,0.00,0,0
356851,0.00,0.00,108.12,0.00,0.00,7.08,3.54,0.00,0.00,0.0222,5.9778,1870.74,0.00,0,0,0.00,0.00,0,0
357051,0.00,0.00,106.09,100.00,0.00,6.94,3.47,0.00,0.00,0.0222,5.9778,1860.98,0.00,0,0,0.00,0.00,0,0
357251,0.00,0.00,129.57,200.00,0.00,8.48,4.24,0.00,0.00,0.0222,5.9778,1850.58,0.00,0,0,0.00,0.00,0,0
357451,0.00,0.00,147.17,200.00,0.00,9.63,4.82,0.00,0.00,0.0222,5.9778,1841.20,0.00,0,0,0.00,0.00,0,0
357651,0.00,0.00,135.38,100.00,0.00,8.86,4.43,0.00,0.00,0.0222,5.9778,1877.35,0.00,0,0,0.00,0.00,0,0
357851,0.00,0.00,151.54,200.00,0.00,9.92,4.96,0.00,0.00,0.0222,5.9778,1857.28,0.00,0,0,0.00,0.00,0,0
358051,0.00,0.00,163.65,200.00,0.00,10.71,5.36,0.00,0.00,0.0222,5.9778,1883.94,0.00,0,0,0.00,0.00,0,0
358251,0.00,0.00,172.74,200.00,0.00,11.31,5.65,0.00,0.00,0.0222,5.9778,1859.98,0.00,0,0,0.00,0.00,0,0
358451,0.00,0.00,154.55,100.00,0.00,10.12,5.06,0.00,0.00,0.0222,5.9778,1885.05,0.00,0,0,0.00,0.00,0,0
358651,0.00,0.00,165.92,200.00,0.00,10.86,5.43,0.00,0.00,0.0222,5.9778,1874.84,0.00,0,0,0.00,0.00,0,0
358851,0.00,0.00,199.44,300.00,0.00,13.05,6.53,0.00,0.00,0.0222,5.9778,1856.25,0.00,0,0,0.00,0.00,0,0
359051,0.00,0.00,199.58,200.00,0.00,13.06,6.53,0.00,0.00,0.0222,5.9778,1883.52,0.00,0,0,0.00,0.00,0,0
359251,0.00,0.00,224.68,300.00,0.00,14.71,7.35,0.00,0.00,0.0222,5.9778,1899.81,0.00,0,0,0.00,0.00,0,0
359451,0.00,0.00,168.51,0.00,0.00,11.03,5.51,0.00,0.00,0.0222,5.9778,1872.88,0.00,0,0,0.00,0.00,0,0
359651,0.00,0.00,151.38,100.00,0.00,9.91,4.95,0.00,0.00,0.0222,5.9778,1882.33,0.00,0,0,0.00,0.00,0,0
359851,0.00,0.00,151.04,150.00,0.00,9.89,4.94,0.00,0.00,0.0222,5.9778,1894.20,0.00,0,0,0.00,0.00,0,0
360051,0.00,0.00,200.78,350.00,0.00,13.14,6.57,0.00,0.00,0.0222,5.9778,1870.59,0.00,0,0,0.00,0.00,0,0
360251,0.00,0.00,175.58,100.00,0.00,11.49,5.75,0.00,0.00,0.0222,5.9778,1854.51,0.00,0,0,0.00,0.00,0,0
360451,0.00,0.00,206.69,300.00,0.00,13.53,6.76,0.00,0.00,0.0222,5.9778,1882.81,0.00,0,0,0.00,0.00,0,0
360651,0.00,0.00,155.02,0.00,0.00,10.15,5.07,0.00,0.00,0.0222,5.9778,1859.52,0.00,0,0,0.00,0.00,0,0
360851,0.00,0.00,191.26,300.00,0.00,12.52,6.26,0.00,0.00,0.0222,5.9778,1876.86,0.00,0,0,0.00,0.00,0,0
361051,0.00,0.00,168.45,100.00,0.00,11.02,5.51,0.00,0.00,0.0222,5.9778,1891.96,0.00,0,0,0.00,0.00,0,0
361251,0.00,0.00,176.33,200.00,0.00,11.54,5.77,0.00,0.00,0.0222,5.9778,1869.67,0.00,0,0,0.00,0.00,0,0
361451,0.00,0.00,182.25,200.00,0.00,11.93,5.96,0.00,0.00,0.0222,5.9778,1854.14,0.00,0,0,0.00,0.00,0,0
361651,0.00,0.00,174.19,150.00,0.00,11.40,5.70,0.00,0.00,0.0222,5.9778,1882.65,0.00,0,0,0.00,0.00,0,0
361851,0.00,0.00,180.64,200.00,0.00,11.82,5.91,0.00,0.00,0.0222,5.9778,1859.46,0.00,0,0,0.00,0.00,0,0
362051,0.00,0.00,197.98,250.00,0.00,12.96,6.48,0.00,0.00,0.0222,5.9778,1876.83,0.00,0,0,0.00,0.00,0,0
362251,0.00,0.00,173.49,100.00,0.00,11.35,5.68,0.00,0.00,0.0222,5.9778,1883.95,0.00,0,0,0.00,0.00,0,0
362451,0.00,0.00,155.11,100.00,0.00,10.15,5.08,0.00,0.00,0.0222,5.9778,1926.87,0.00,0,0,0.00,0.00,0,0
362651,0.00,0.00,166.34,200.00,0.00,10.89,5.44,0.00,0.00,0.0222,5.9778,1917.56,0.00,0,0,0.00,0.00,0,0
362851,0.00,0.00,174.75,200.00,0.00,11.44,5.72,0.00,0.00,0.0222,5.9778,1913.75,0.00,0,0,0.00,0.00,0,0
363051,0.00,0.00,181.06,200.00,0.00,11.85,5.93,0.00,0.00,0.0222,5.9778,1899.07,0.00,0,0,0.00,0.00,0,0
363251,0.00,0.00,210.80,300.00,0.00,13.80,6.90,0.00,0.00,0.0222,5.9778,1926.66,0.00,0,0,0.00,0.00,0,0
363451,0.00,0.00,233.10,300.00,0.00,15.26,7.63,0.00,0.00,0.0222,5.9778,1909.48,0.00,0,0,0.00,0.00,0,0
363651,0.00,0.00,249.82,300.00,0.00,16.35,8.18,0.00,0.00,0.0222,5.9778,1897.32,0.00,0,0,0.00,0.00,0,0
363851,0.00,0.00,249.87,250.00,0.00,16.35,8.18,0.00,0.00,0.0222,5.9778,1892.34,0.00,0,0,0.00,0.00,0,0
364051,0.00,0.00,274.90,350.00,0.00,17.99,9.00,0.00,0.00,0.0222,5.9778,1923.90,0.00,0,0,0.00,0.00,0,0
364251,0.00,0.00,256.18,200.00,0.00,16.77,8.38,0.00,0.00,0.0222,5.9778,1916.35,0.00,0,0,0.00,0.00,0,0
364451,0.00,0.00,217.13,100.00,0.00,14.21,7.11,0.00,0.00,0.0222,5.9778,1933.74,0.00,0,0,0.00,0.00,0,0
364651,0.00,0.00,162.85,0.00,0.00,10.66,5.33,0.00,0.00,0.0222,5.9778,1940.86,0.00,0,0,0.00,0.00,0,0
364851,0.00,0.00,147.14,100.00,0.00,9.63,4.82,0.00,0.00,0.0222,5.9778,1950.18,0.00,0,0,0.00,0.00,0,0
365051,0.00,0.00,135.35,100.00,0.00,8.86,4.43,0.00,0.00,0.0222,5.9778,1953.99,0.00,0,0,0.00,0.00,0,0
365251,0.00,0.00,151.51,200.00,0.00,9.92,4.96,0.00,0.00,0.0222,5.9778,1920.68,0.00,0,0,0.00,0.00,0,0
365451,0.00,0.00,163.64,200.00,0.00,10.71,5.35,0.00,0.00,0.0222,5.9778,1935.51,0.00,0,0,0.00,0.00,0,0
365651,0.00,0.00,122.73,0.00,0.00,8.03,4.02,0.00,0.00,0.0222,5.9778,1913.10,0.00,0,0,0.00,0.00,0,0
365851,0.00,0.00,167.05,300.00,0.00,10.93,5.47,0.00,0.00,0.0222,5.9778,1932.41,0.00,0,0,0.00,0.00,0,0
366051,0.00,0.00,150.28,100.00,0.00,9.84,4.92,0.00,0.00,0.0222,5.9778,1911.83,0.00,0,0,0.00,0.00,0,0
366251,0.00,0.00,162.71,200.00,0.00,10.65,5.32,0.00,0.00,0.0222,5.9778,1898.29,0.00,0,0,0.00,0.00,0,0
366451,0.00,0.00,197.03,300.00,0.00,12.90,6.45,0.00,0.00,0.0222,5.9778,1926.34,0.00,0,0,0.00,0.00,0,0
366651,0.00,0.00,147.78,0.00,0.00,9.67,4.84,0.00,0.00,0.0222,5.9778,1917.35,0.00,0,0,0.00,0.00,0,0
366851,0.00,0.00,123.33,50.00,0.00,8.07,4.04,0.00,0.00,0.0222,5.9778,1900.55,0.00,0,0,0.00,0.00,0,0
367051,0.00,0.00,155.00,250.00,0.00,10.14,5.07,0.00,0.00,0.0222,5.9778,1906.78,0.00,0,0,0.00,0.00,0,0
367251,0.00,0.00,166.25,200.00,0.00,10.88,5.44,0.00,0.00,0.0222,5.9778,1875.74,0.00,0,0,0.00,0.00,0,0
367451,0.00,0.00,149.69,100.00,0.00,9.80,4.90,0.00,0.00,0.0222,5.9778,1883.50,0.00,0,0,0.00,0.00,0,0
367651,0.00,0.00,162.27,200.00,0.00,10.62,5.31,0.00,0.00,0.0222,5.9778,1886.68,0.00,0,0,0.00,0.00,0,0
367851,0.00,0.00,121.70,0.00,0.00,7.97,3.98,0.00,0.00,0.0222,5.9778,1887.99,0.00,0,0,0.00,0.00,0,0
368051,0.00,0.00,166.27,300.00,0.00,10.88,5.44,0.00,0.00,0.0222,5.9778,1888.52,0.00,0,0,0.00,0.00,0,0
368251,0.00,0.00,174.71,200.00,0.00,11.43,5.72,0.00,0.00,0.0222,5.9778,1888.74,0.00,0,0,0.00,0.00,0,0
368451,0.00,0.00,131.03,0.00,0.00,8.58,4.29,0.00,0.00,0.0222,5.9778,1922.43,0.00,0,0,0.00,0.00,0,0
368651,0.00,0.00,148.27,200.00,0.00,9.70,4.85,0.00,0.00,0.0222,5.9778,1915.75,0.00,0,0,0.00,0.00,0,0
368851,0.00,0.00,136.20,100.00,0.00,8.91,4.46,0.00,0.00,0.0222,5.9778,1939.89,0.00,0,0,0.00,0.00,0,0
369051,0.00,0.00,152.15,200.00,0.00,9.96,4.98,0.00,0.00,0.0222,5.9778,1914.90,0.00,0,0,0.00,0.00,0,0
369251,0.00,0.00,189.11,300.00,0.00,12.38,6.19,0.00,0.00,0.0222,5.9778,1933.14,0.00,0,0,0.00,0.00,0,0
369451,0.00,0.00,166.84,100.00,0.00,10.92,5.46,0.00,0.00,0.0222,5.9778,1947.02,0.00,0,0,0.00,0.00,0,0
369651,0.00,0.00,200.13,299.99,0.00,13.10,6.55,0.00,0.00,0.0222,5.9778,1917.82,0.00,0,0,0.00,0.00,0,0
369851,0.00,0.00,212.60,250.01,0.00,13.91,6.96,0.00,0.00,0.0222,5.9778,1940.74,0.00,0,0,0.00,0.00,0,0
370051,0.00,0.00,171.95,50.00,0.00,11.25,5.63,0.00,0.00,0.0222,5.9778,1923.25,0.00,0,0,0.00,0.00,0,0
370251,0.00,0.00,178.96,200.00,0.00,11.71,5.86,0.00,0.00,0.0222,5.9778,1902.96,0.00,0,0,0.00,0.00,0,0
370451,0.00,0.00,159.22,100.00,0.00,10.42,5.21,0.00,0.00,0.0222,5.9778,1934.65,0.00,0,0,0.00,0.00,0,0
370651,0.00,0.00,144.41,100.00,0.00,9.45,4.73,0.00,0.00,0.0222,5.9778,1920.75,0.00,0,0,0.00,0.00,0,0
370851,0.00,0.00,170.81,250.00,0.00,11.18,5.59,0.00,0.00,0.0222,5.9778,1901.94,0.00,0,0,0.00,0.00,0,0
371051,0.00,0.00,178.11,200.00,0.00,11.66,5.83,0.00,0.00,0.0222,5.9778,1927.84,0.00,0,0,0.00,0.00,0,0
371251,0.00,0.00,171.08,150.00,0.00,11.20,5.60,0.00,0.00,0.0222,5.9778,1944.84,0.00,0,0,0.00,0.00,0,0
371451,0.00,0.00,178.31,200.00,0.00,11.67,5.84,0.00,0.00,0.0222,5.9778,1945.41,0.00,0,0,0.00,0.00,0,0
371651,0.00,0.00,183.73,200.00,0.00,12.03,6.01,0.00,0.00,0.0222,5.9778,1952.04,0.00,0,0,0.00,0.00,0,0
371851,0.00,0.00,175.30,150.00,0.00,11.47,5.74,0.00,0.00,0.0222,5.9778,1927.88,0.00,0,0,0.00,0.00,0,0
372051,0.00,0.00,218.97,350.00,0.00,14.33,7.17,0.00,0.00,0.0222,5.9778,1917.98,0.00,0,0,0.00,0.00,0,0
372251,0.00,0.00,189.23,100.00,0.00,12.39,6.19,0.00,0.00,0.0222,5.9778,1900.80,0.00,0,0,0.00,0.00,0,0
372451,0.00,0.00,141.92,0.00,0.00,9.29,4.64,0.00,0.00,0.0222,5.9778,1927.37,0.00,0,0,0.00,0.00,0,0
372651,0.00,0.00,131.44,100.00,0.00,8.60,4.30,0.00,0.00,0.0222,5.9778,1917.77,0.00,0,0,0.00,0.00,0,0
372851,0.00,0.00,98.58,0.00,0.00,6.45,3.23,0.00,0.00,0.0222,5.9778,1940.72,0.00,0,0,0.00,0.00,0,0
373051,0.00,0.00,73.94,0.00,0.00,4.84,2.42,0.00,0.00,0.0222,5.9778,1923.24,0.00,0,0,0.00,0.00,0,0
373251,0.00,0.00,80.45,100.00,0.00,5.27,2.63,0.00,0.00,0.0222,5.9778,1908.08,0.00,0,0,0.00,0.00,0,0
373451,0.00,0.00,110.34,200.00,0.00,7.22,3.61,0.00,0.00,0.0222,5.9778,1936.75,0.00,0,0,0.00,0.00,0,0
373651,0.00,0.00,132.75,200.00,0.00,8.69,4.34,0.00,0.00,0.0222,5.9778,1921.61,0.00,0,0,0.00,0.00,0,0
373851,0.00,0.00,99.57,0.00,0.00,6.52,3.26,0.00,0.00,0.0222,5.9778,1942.29,0.00,0,0,0.00,0.00,0,0
374051,0.00,0.00,99.67,100.00,0.00,6.52,3.26,0.00,0.00,0.0222,5.9778,1923.88,0.00,0,0,0.00,0.00,0,0
374251,0.00,0.00,74.76,0.00,0.00,4.89,2.45,0.00,0.00,0.0222,5.9778,1943.22,0.00,0,0,0.00,0.00,0,0
374451,0.00,0.00,81.07,100.00,0.00,5.31,2.65,0.00,0.00,0.0222,5.9778,1916.26,0.00,0,0,0.00,0.00,0,0
374651,0.00,0.00,135.80,300.00,0.00,8.89,4.44,0.00,0.00,0.0222,5.9778,1965.70,0.00,0,0,0.00,0.00,0,0
374851,0.00,0.00,126.85,100.00,0.00,8.30,4.15,0.00,0.00,0.0222,5.9778,1960.35,0.00,0,0,0.00,0.00,0,0
375051,0.00,0.00,145.14,200.00,0.00,9.50,4.75,0.00,0.00,0.0222,5.9778,1951.76,0.00,0,0,0.00,0.00,0,0
375251,0.00,0.00,108.85,0.00,0.00,7.12,3.56,0.00,0.00,0.0222,5.9778,1940.24,0.00,0,0,0.00,0.00,0,0
375451,0.00,0.00,106.64,100.00,0.00,6.98,3.49,0.00,0.00,0.0222,5.9778,1975.52,0.00,0,0,0.00,0.00,0,0
375651,0.00,0.00,129.98,200.00,0.00,8.51,4.25,0.00,0.00,0.0222,5.9778,1964.37,0.00,0,0,0.00,0.00,0,0
375851,0.00,0.00,122.48,100.00,0.00,8.02,4.01,0.00,0.00,0.0222,5.9778,1985.41,0.00,0,0,0.00,0.00,0,0
376051,0.00,0.00,141.86,200.00,0.00,9.28,4.64,0.00,0.00,0.0222,5.9778,1933.54,0.00,0,0,0.00,0.00,0,0
376251,0.00,0.00,156.40,200.00,0.00,10.24,5.12,0.00,0.00,0.0222,5.9778,1947.18,0.00,0,0,0.00,0.00,0,0
376451,0.00,0.00,142.30,100.00,0.00,9.31,4.66,0.00,0.00,0.0222,5.9778,1925.88,0.00,0,0,0.00,0.00,0,0
376651,0.00,0.00,131.72,100.00,0.00,8.62,4.31,0.00,0.00,0.0222,5.9778,1909.16,0.00,0,0,0.00,0.00,0,0
376851,0.00,0.00,148.79,200.00,0.00,9.74,4.87,0.00,0.00,0.0222,5.9778,1930.79,0.00,0,0,0.00,0.00,0,0
377051,0.00,0.00,136.59,100.00,0.00,8.94,4.47,0.00,0.00,0.0222,5.9778,1946.05,0.00,0,0,0.00,0.00,0,0
377251,0.00,0.00,177.45,300.00,0.00,11.61,5.81,0.00,0.00,0.0222,5.9778,1925.42,0.00,0,0,0.00,0.00,0,0
377451,0.00,0.00,208.08,300.00,0.00,13.62,6.81,0.00,0.00,0.0222,5.9778,1937.45,0.00,0,0,0.00,0.00,0,0
377651,0.00,0.00,206.06,200.00,0.00,13.49,6.74,0.00,0.00,0.0222,5.9778,1934.38,0.00,0,0,0.00,0.00,0,0
377851,0.00,0.00,154.55,0.00,0.00,10.12,5.06,0.00,0.00,0.0222,5.9778,1973.12,0.00,0,0,0.00,0.00,0,0
378051,0.00,0.00,140.91,100.00,0.00,9.22,4.61,0.00,0.00,0.0222,5.9778,1963.39,0.00,0,0,0.00,0.00,0,0
378251,0.00,0.00,105.68,0.00,0.00,6.92,3.46,0.00,0.00,0.0222,5.9778,1945.01,0.00,0,0,0.00,0.00,0,0
378451,0.00,0.00,129.26,200.00,0.00,8.46,4.23,0.00,0.00,0.0222,5.9778,1945.47,0.00,0,0,0.00,0.00,0,0
378651,0.00,0.00,184.45,350.00,0.00,12.07,6.04,0.00,0.00,0.0222,5.9778,1937.67,0.00,0,0,0.00,0.00,0,0
378851,0.00,0.00,163.34,100.00,0.00,10.69,5.35,0.00,0.00,0.0222,5.9778,1942.47,0.00,0,0,0.00,0.00,0,0
379051,0.00,0.00,185.00,250.00,0.00,12.11,6.05,0.00,0.00,0.0222,5.9778,1944.43,0.00,0,0,0.00,0.00,0,0
379251,0.00,0.00,163.75,100.00,0.00,10.72,5.36,0.00,0.00,0.0222,5.9778,1977.24,0.00,0,0,0.00,0.00,0,0
379451,0.00,0.00,197.81,300.00,0.00,12.95,6.47,0.00,0.00,0.0222,5.9778,1958.68,0.00,0,0,0.00,0.00,0,0
379651,0.00,0.00,173.36,100.00,0.00,11.35,5.67,0.00,0.00,0.0222,5.9778,1943.07,0.00,0,0,0.00,0.00,0,0
379851,0.00,0.00,155.02,100.00,0.00,10.15,5.07,0.00,0.00,0.0222,5.9778,1936.68,0.00,0,0,0.00,0.00,0,0
380051,0.00,0.00,116.26,0.00,0.00,7.61,3.80,0.00,0.00,0.0222,5.9778,1974.07,0.00,0,0,0.00,0.00,0,0
380251,0.00,0.00,99.70,50.00,0.00,6.53,3.26,0.00,0.00,0.0222,5.9778,1968.90,0.00,0,0,0.00,0.00,0,0
380451,0.00,0.00,112.27,150.00,0.00,7.35,3.67,0.00,0.00,0.0222,5.9778,1961.66,0.00,0,0,0.00,0.00,0,0
380651,0.00,0.00,109.21,100.00,0.00,7.15,3.57,0.00,0.00,0.0222,5.9778,1984.30,0.00,0,0,0.00,0.00,0,0
380851,0.00,0.00,106.90,100.00,0.00,7.00,3.50,0.00,0.00,0.0222,5.9778,1973.09,0.00,0,0,0.00,0.00,0,0
381051,0.00,0.00,130.18,200.00,0.00,8.52,4.26,0.00,0.00,0.0222,5.9778,1968.50,0.00,0,0,0.00,0.00,0,0
381251,0.00,0.00,147.63,200.00,0.00,9.66,4.83,0.00,0.00,0.0222,5.9778,1961.50,0.00,0,0,0.00,0.00,0,0
381451,0.00,0.00,135.73,100.00,0.00,8.88,4.44,0.00,0.00,0.0222,5.9778,1984.23,0.00,0,0,0.00,0.00,0,0
381651,0.00,0.00,126.79,100.00,0.00,8.30,4.15,0.00,0.00,0.0222,5.9778,1933.06,0.00,0,0,0.00,0.00,0,0
381851,0.00,0.00,157.60,250.00,0.00,10.31,5.16,0.00,0.00,0.0222,5.9778,1932.58,0.00,0,0,0.00,0.00,0,0
382051,0.00,0.00,205.70,350.00,0.00,13.46,6.73,0.00,0.00,0.0222,5.9778,1972.39,0.00,0,0,0.00,0.00,0,0
382251,0.00,0.00,204.27,200.00,0.00,13.37,6.68,0.00,0.00,0.0222,5.9778,1968.21,0.00,0,0,0.00,0.00,0,0
382451,0.00,0.00,228.20,300.00,0.00,14.94,7.47,0.00,0.00,0.0222,5.9778,1966.50,0.00,0,0,0.00,0.00,0,0
382651,0.00,0.00,196.15,100.00,0.00,12.84,6.42,0.00,0.00,0.0222,5.9778,1960.68,0.00,0,0,0.00,0.00,0,0
382851,0.00,0.00,172.11,100.00,0.00,11.26,5.63,0.00,0.00,0.0222,5.9778,1963.41,0.00,0,0,0.00,0.00,0,0
383051,0.00,0.00,154.09,100.00,0.00,10.08,5.04,0.00,0.00,0.0222,5.9778,1964.53,0.00,0,0,0.00,0.00,0,0
383251,0.00,0.00,115.56,0.00,0.00,7.56,3.78,0.00,0.00,0.0222,5.9778,1924.99,0.00,0,0,0.00,0.00,0,0
383451,0.00,0.00,111.67,100.00,0.00,7.31,3.65,0.00,0.00,0.0222,5.9778,1969.28,0.00,0,0,0.00,0.00,0,0
383651,0.00,0.00,108.76,100.00,0.00,7.12,3.56,0.00,0.00,0.0222,5.9778,1961.82,0.00,0,0,0.00,0.00,0,0
383851,0.00,0.00,131.57,200.00,0.00,8.61,4.31,0.00,0.00,0.0222,5.9778,1984.36,0.00,0,0,0.00,0.00,0,0
384051,0.00,0.00,161.17,250.00,0.00,10.55,5.27,0.00,0.00,0.0222,5.9778,1967.99,0.00,0,0,0.00,0.00,0,0
384251,0.00,0.00,183.38,250.00,0.00,12.00,6.00,0.00,0.00,0.0222,5.9778,1986.89,0.00,0,0,0.00,0.00,0,0
384451,0.00,0.00,212.54,300.00,0.00,13.91,6.96,0.00,0.00,0.0222,5.9778,1969.03,0.00,0,0,0.00,0.00,0,0
384651,0.00,0.00,221.90,250.00,0.00,14.52,7.26,0.00,0.00,0.0222,5.9778,1947.31,0.00,0,0,0.00,0.00,0,0
384851,0.00,0.00,178.93,50.00,0.00,11.71,5.86,0.00,0.00,0.0222,5.9778,1938.42,0.00,0,0,0.00,0.00,0,0
385051,0.00,0.00,159.19,100.00,0.00,10.42,5.21,0.00,0.00,0.0222,5.9778,1974.78,0.00,0,0,0.00,0.00,0,0
385251,0.00,0.00,169.40,200.00,0.00,11.09,5.54,0.00,0.00,0.0222,5.9778,1964.07,0.00,0,0,0.00,0.00,0,0
385451,0.00,0.00,177.05,200.00,0.00,11.59,5.79,0.00,0.00,0.0222,5.9778,1945.28,0.00,0,0,0.00,0.00,0,0
385651,0.00,0.00,207.79,300.00,0.00,13.60,6.80,0.00,0.00,0.0222,5.9778,1937.59,0.00,0,0,0.00,0.00,0,0
385851,0.00,0.00,230.84,300.00,0.00,15.11,7.55,0.00,0.00,0.0222,5.9778,1942.44,0.00,0,0,0.00,0.00,0,0
386051,0.00,0.00,248.13,300.00,0.00,16.24,8.12,0.00,0.00,0.0222,5.9778,1944.42,0.00,0,0,0.00,0.00,0,0
386251,0.00,0.00,261.10,300.00,0.00,17.09,8.54,0.00,0.00,0.0222,5.9778,1945.24,0.00,0,0,0.00,0.00,0,0
386451,0.00,0.00,195.82,0.00,0.00,12.82,6.41,0.00,0.00,0.0222,5.9778,1951.97,0.00,0,0,0.00,0.00,0,0
386651,0.00,0.00,196.87,200.00,0.00,12.88,6.44,0.00,0.00,0.0222,5.9778,1927.85,0.00,0,0,0.00,0.00,0,0
386851,0.00,0.00,147.65,0.00,0.00,9.66,4.83,0.00,0.00,0.0222,5.9778,1944.85,0.00,0,0,0.00,0.00,0,0
387051,0.00,0.00,160.74,200.00,0.00,10.52,5.26,0.00,0.00,0.0222,5.9778,1916.93,0.00,0,0,0.00,0.00,0,0
387251,0.00,0.00,145.55,100.00,0.00,9.53,4.76,0.00,0.00,0.0222,5.9778,1940.37,0.00,0,0,0.00,0.00,0,0
387451,0.00,0.00,109.16,0.00,0.00,7.14,3.57,0.00,0.00,0.0222,5.9778,1915.10,0.00,0,0,0.00,0.00,0,0
387651,0.00,0.00,131.87,200.00,0.00,8.63,4.32,0.00,0.00,0.0222,5.9778,1925.22,0.00,0,0,0.00,0.00,0,0
387851,0.00,0.00,123.91,100.00,0.00,8.11,4.05,0.00,0.00,0.0222,5.9778,1929.37,0.00,0,0,0.00,0.00,0,0
388051,0.00,0.00,117.93,100.00,0.00,7.72,3.86,0.00,0.00,0.0222,5.9778,1931.07,0.00,0,0,0.00,0.00,0,0
388251,0.00,0.00,88.45,0.00,0.00,5.79,2.89,0.00,0.00,0.0222,5.9778,1971.77,0.00,0,0,0.00,0.00,0,0
388451,0.00,0.00,66.34,0.00,0.00,4.34,2.17,0.00,0.00,0.0222,5.9778,1962.84,0.00,0,0,0.00,0.00,0,0
388651,0.00,0.00,99.75,200.00,0.00,6.53,3.26,0.00,0.00,0.0222,5.9778,1959.18,0.00,0,0,0.00,0.00,0,0
388851,0.00,0.00,124.81,200.00,0.00,8.17,4.08,0.00,0.00,0.0222,5.9778,1922.80,0.00,0,0,0.00,0.00,0,0
389051,0.00,0.00,143.61,200.00,0.00,9.40,4.70,0.00,0.00,0.0222,5.9778,1936.38,0.00,0,0,0.00,0.00,0,0
389251,0.00,0.00,157.71,200.00,0.00,10.32,5.16,0.00,0.00,0.0222,5.9778,1941.94,0.00,0,0,0.00,0.00,0,0
389451,0.00,0.00,118.28,0.00,0.00,7.74,3.87,0.00,0.00,0.0222,5.9778,1944.22,0.00,0,0,0.00,0.00,0,0
389651,0.00,0.00,126.21,150.00,0.00,8.26,4.13,0.00,0.00,0.0222,5.9778,1951.55,0.00,0,0,0.00,0.00,0,0
389851,0.00,0.00,119.66,100.00,0.00,7.83,3.92,0.00,0.00,0.0222,5.9778,1959.68,0.00,0,0,0.00,0.00,0,0
390051,0.00,0.00,102.24,50.00,0.00,6.69,3.35,0.00,0.00,0.0222,5.9778,1923.00,0.00,0,0,0.00,0.00,0,0
390251,0.00,0.00,151.68,299.99,0.00,9.93,4.96,0.00,0.00,0.0222,5.9778,1936.46,0.00,0,0,0.00,0.00,0,0
390451,0.00,0.00,138.76,100.00,0.00,9.08,4.54,0.00,0.00,0.0222,5.9778,1948.37,0.00,0,0,0.00,0.00,0,0
390651,0.00,0.00,179.07,300.00,0.00,11.72,5.86,0.00,0.00,0.0222,5.9778,1953.25,0.00,0,0,0.00,0.00,0,0
390851,0.00,0.00,134.30,0.00,0.00,8.79,4.40,0.00,0.00,0.0222,5.9778,1955.25,0.00,0,0,0.00,0.00,0,0
391051,0.00,0.00,125.73,100.00,0.00,8.23,4.11,0.00,0.00,0.0222,5.9778,1956.07,0.00,0,0,0.00,0.00,0,0
391251,0.00,0.00,144.30,200.00,0.00,9.44,4.72,0.00,0.00,0.0222,5.9778,1921.53,0.00,0,0,0.00,0.00,0,0
391451,0.00,0.00,183.22,300.00,0.00,11.99,6.00,0.00,0.00,0.0222,5.9778,1942.26,0.00,0,0,0.00,0.00,0,0
391651,0.00,0.00,162.42,100.00,0.00,10.63,5.32,0.00,0.00,0.0222,5.9778,1923.87,0.00,0,0,0.00,0.00,0,0
391851,0.00,0.00,121.81,0.00,0.00,7.97,3.99,0.00,0.00,0.0222,5.9778,1903.22,0.00,0,0,0.00,0.00,0,0
392051,0.00,0.00,166.36,300.00,0.00,10.89,5.44,0.00,0.00,0.0222,5.9778,1928.36,0.00,0,0,0.00,0.00,0,0
392251,0.00,0.00,149.77,100.00,0.00,9.80,4.90,0.00,0.00,0.0222,5.9778,1905.06,0.00,0,0,0.00,0.00,0,0
392451,0.00,0.00,112.33,0.00,0.00,7.35,3.68,0.00,0.00,0.0222,5.9778,1935.51,0.00,0,0,0.00,0.00,0,0
392651,0.00,0.00,134.25,200.00,0.00,8.79,4.39,0.00,0.00,0.0222,5.9778,1921.11,0.00,0,0,0.00,0.00,0,0
392851,0.00,0.00,150.68,200.00,0.00,9.86,4.93,0.00,0.00,0.0222,5.9778,1915.20,0.00,0,0,0.00,0.00,0,0
393051,0.00,0.00,113.01,0.00,0.00,7.40,3.70,0.00,0.00,0.0222,5.9778,1904.79,0.00,0,0,0.00,0.00,0,0
393251,0.00,0.00,109.76,100.00,0.00,7.18,3.59,0.00,0.00,0.0222,5.9778,1895.40,0.00,0,0,0.00,0.00,0,0
393451,0.00,0.00,82.32,0.00,0.00,5.39,2.69,0.00,0.00,0.0222,5.9778,1891.56,0.00,0,0,0.00,0.00,0,0
393651,0.00,0.00,99.24,150.00,0.00,6.50,3.25,0.00,0.00,0.0222,5.9778,1889.98,0.00,0,0,0.00,0.00,0,0
393851,0.00,0.00,111.93,150.00,0.00,7.33,3.66,0.00,0.00,0.0222,5.9778,1889.34,0.00,0,0,0.00,0.00,0,0
394051,0.00,0.00,83.95,0.00,0.00,5.49,2.75,0.00,0.00,0.0222,5.9778,1889.07,0.00,0,0,0.00,0.00,0,0
394251,0.00,0.00,112.96,200.00,0.00,7.39,3.70,0.00,0.00,0.0222,5.9778,1896.96,0.00,0,0,0.00,0.00,0,0
394451,0.00,0.00,84.72,0.00,0.00,5.54,2.77,0.00,0.00,0.0222,5.9778,1865.32,0.00,0,0,0.00,0.00,0,0
394651,0.00,0.00,101.04,150.00,0.00,6.61,3.31,0.00,0.00,0.0222,5.9778,1919.23,0.00,0,0,0.00,0.00,0,0
394851,0.00,0.00,113.28,150.00,0.00,7.41,3.71,0.00,0.00,0.0222,5.9778,2027.40,0.00,0,0,0.00,0.00,362,0
395051,0.00,0.00,109.96,100.00,0.00,7.20,3.60,0.00,0.00,0.0222,5.9778,2043.22,0.00,0,0,0.00,0.00,559,223
395251,0.00,0.00,107.47,100.00,0.00,7.03,3.52,0.00,0.00,0.0222,5.9778,2070.18,0.00,0,0,0.00,0.00,896,745
395451,0.00,0.00,118.10,150.00,0.00,7.73,3.86,0.00,0.00,0.0222,5.9778,2146.83,0.00,0,0,0.00,0.00,1853,1407
395651,0.00,0.00,138.58,200.00,0.00,9.07,4.53,0.00,0.00,0.0222,5.9778,2270.70,0.00,0,0,0.00,0.00,3400,1941
395851,0.00,0.00,191.43,350.00,0.00,12.53,6.26,0.00,0.00,0.0222,5.9778,2367.52,0.00,0,0,0.00,0.00,4609,3134
396051,0.00,0.00,256.07,450.00,0.00,16.76,8.38,0.00,0.00,0.0222,5.9778,2378.70,0.00,0,0,0.00,0.00,4748,4482
396251,0.00,0.00,204.56,50.00,0.00,13.39,6.69,0.00,0.00,0.0222,5.9778,2391.27,0.00,0,0,0.00,0.00,4906,4871
396451,0.00,0.00,240.92,350.00,0.00,15.77,7.88,0.00,0.00,0.0222,5.9778,2364.43,0.00,0,0,0.00,0.00,4570,4889
396651,12.50,50.00,193.19,50.00,0.82,12.64,6.73,0.00,0.00,0.0222,5.9778,2425.43,0.00,0,0,0.00,0.00,5332,4733
396851,9.38,0.00,182.39,150.00,0.61,11.94,6.28,0.00,0.00,0.0222,5.9778,2476.02,0.00,0,0,0.00,0.00,5964,4893
397051,7.03,0.00,199.29,250.00,0.46,13.04,6.75,0.00,0.00,0.0222,5.9778,2491.62,0.00,0,0,0.00,0.00,6159,5135
397251,5.27,0.00,199.47,200.00,0.35,13.06,6.70,0.00,0.00,0.0222,5.9778,2437.53,0.00,0,0,0.00,0.00,5483,5599
397451,3.96,0.00,174.60,100.00,0.26,11.43,5.84,0.00,0.00,0.0222,5.9778,2435.85,0.00,0,0,0.00,0.00,5462,5573
397651,15.47,50.00,155.95,100.00,1.01,10.21,5.61,0.00,0.00,0.0222,5.9778,2475.17,0.00,0,0,0.00,0.00,5953,5562
397851,24.10,50.00,191.96,300.00,1.58,12.56,7.07,0.00,0.00,0.0222,5.9778,2470.79,0.00,0,0,0.00,0.00,5898,5825
398051,30.57,50.00,193.97,200.00,2.00,12.70,7.35,0.00,0.00,0.0222,5.9778,2457.79,0.00,0,0,0.00,0.00,5736,5895
398251,35.43,50.00,195.48,200.00,2.32,12.79,7.56,0.00,0.00,0.0222,5.9778,2453.26,0.00,0,0,0.00,0.00,5680,5400
398451,39.07,50.00,246.61,400.00,2.56,16.14,9.35,0.00,0.00,0.0222,5.9778,2487.42,0.00,0,0,0.00,0.00,6106,5489
398651,54.30,100.00,222.46,150.00,3.55,14.56,9.06,0.00,0.00,0.0222,5.9778,2461.41,0.00,0,0,0.00,0.00,5781,5972
398851,65.73,100.00,216.84,200.00,4.30,14.19,9.25,0.00,0.00,0.0222,5.9778,2465.15,0.00,0,0,0.00,0.00,5828,5407
399051,61.80,50.00,200.13,150.00,4.04,13.10,8.57,0.00,0.00,0.0222,5.9778,2492.29,0.00,0,0,0.00,0.00,6167,5832
399251,71.35,100.00,150.10,0.00,4.67,9.82,7.25,0.00,0.00,0.0222,5.9778,2469.80,0.00,0,0,0.00,0.00,5886,5710
399451,78.51,100.00,112.57,0.00,5.14,7.37,6.25,0.00,0.00,0.0222,5.9778,2486.19,0.00,0,0,0.00,0.00,6091,6131
399651,71.38,50.00,84.43,0.00,4.67,5.53,5.10,0.00,0.00,0.0222,5.9778,2435.30,0.00,0,0,0.00,0.00,5455,5564
399851,78.54,100.00,63.32,0.00,5.14,4.14,4.64,0.00,0.00,0.0222,5.9778,2328.38,0.00,0,0,0.00,0.00,4120,4575
400051,83.90,100.00,47.49,0.00,5.49,3.11,4.30,0.00,0.00,0.0244,5.9756,2252.59,0.00,0,0,0.00,0.00,3174,3382
400251,75.43,50.00,35.62,0.00,4.94,2.33,3.63,0.00,0.00,0.0244,5.9756,2221.54,0.00,0,0,0.00,0.00,2786,2860
400451,69.07,50.00,26.71,0.00,4.52,1.75,3.13,0.00,0.00,0.0244,5.9756,2148.34,0.00,0,0,0.00,0.00,1872,2335
400651,76.80,100.00,20.04,0.00,5.03,1.31,3.17,0.00,0.00,0.0244,5.9756,2113.24,0.00,0,0,0.00,0.00,1434,1787
400851,70.10,50.00,15.03,0.00,4.59,0.98,2.79,0.00,0.00,0.0244,5.9756,2066.86,0.00,0,0,0.00,0.00,854,1298
401051,65.08,50.00,11.27,0.00,4.26,0.74,2.50,0.00,0.00,0.0244,5.9756,2047.87,0.00,0,0,0.00,0.00,617,985
401251,61.31,50.00,8.45,0.00,4.01,0.55,2.28,0.00,0.00,0.0244,5.9756,2126.27,0.00,0,0,0.00,0.00,1596,967
401451,58.48,50.00,6.34,0.00,3.83,0.41,2.12,0.00,0.00,0.0244,5.9756,2039.05,0.00,0,0,0.00,0.00,507,1317
401651,43.86,0.00,29.75,100.00,2.87,1.95,2.41,0.00,0.00,0.0244,5.9756,1813.22,0.00,0,0,0.00,0.00,0,264
401851,45.40,50.00,22.32,0.00,2.97,1.46,2.22,0.00,0.00,0.0244,5.9756,1883.50,0.00,0,0,0.00,0.00,0,0
402051,46.55,50.00,29.24,50.00,3.05,1.91,2.48,0.00,0.00,0.0244,5.9756,1952.28,0.00,0,0,0.00,0.00,0,0
402251,34.91,0.00,59.43,150.00,2.28,3.89,3.09,0.00,0.00,0.0244,5.9756,1959.97,0.00,0,0,0.00,0.00,0,0
402451,26.18,0.00,69.57,100.00,1.71,4.55,3.13,0.00,0.00,0.0244,5.9756,1951.61,0.00,0,0,0.00,0.00,0,0
402651,32.14,50.00,52.18,0.00,2.10,3.42,2.76,0.00,0.00,0.0244,5.9756,1980.18,0.00,0,0,0.00,0.00,0,0
402851,24.10,0.00,39.13,0.00,1.58,2.56,2.07,0.00,0.00,0.0244,5.9756,1971.40,0.00,0,0,0.00,0.00,0,0
403051,18.08,0.00,29.35,0.00,1.18,1.92,1.55,0.00,0.00,0.0244,5.9756,1927.81,0.00,0,0,0.00,0.00,0,0
403251,13.56,0.00,22.01,0.00,0.89,1.44,1.16,0.00,0.00,0.0244,5.9756,1938.43,0.00,0,0,0.00,0.00,0,0
403451,10.17,0.00,41.51,100.00,0.67,2.72,1.69,0.00,0.00,0.0244,5.9756,1954.30,0.00,0,0,0.00,0.00,0,0
403651,7.63,0.00,56.13,100.00,0.50,3.67,2.09,0.00,0.00,0.0244,5.9756,1928.80,0.00,0,0,0.00,0.00,0,0
403851,5.72,0.00,42.10,0.00,0.37,2.76,1.56,0.00,0.00,0.0244,5.9756,1918.36,0.00,0,0,0.00,0.00,0,0
404051,4.29,0.00,31.57,0.00,0.28,2.07,1.17,0.00,0.00,0.0244,5.9756,1914.08,0.00,0,0,0.00,0.00,0,0
404251,3.22,0.00,23.68,0.00,0.21,1.55,0.88,0.00,0.00,0.0244,5.9756,1872.33,0.00,0,0,0.00,0.00,0,0
404451,2.41,0.00,42.76,100.00,0.16,2.80,1.48,0.00,0.00,0.0244,5.9756,1882.11,0.00,0,0,0.00,0.00,0,0
404651,1.81,0.00,82.07,200.00,0.12,5.37,2.74,0.00,0.00,0.0244,5.9756,1899.23,0.00,0,0,0.00,0.00,0,0
404851,1.36,0.00,111.55,200.00,0.09,7.30,3.69,0.00,0.00,0.0244,5.9756,1872.64,0.00,0,0,0.00,0.00,0,0
405051,1.02,0.00,108.66,100.00,0.07,7.11,3.59,0.00,0.00,0.0244,5.9756,1895.36,0.00,0,0,0.00,0.00,0,0
405251,0.76,0.00,94.00,50.00,0.05,6.15,3.10,0.00,0.00,0.0244,5.9756,1904.66,0.00,0,0,0.00,0.00,0,0
405451,0.57,0.00,83.00,50.00,0.04,5.43,2.73,0.00,0.00,0.0244,5.9756,1874.87,0.00,0,0,0.00,0.00,0,0
405651,0.43,0.00,62.25,0.00,0.03,4.07,2.05,0.00,0.00,0.0244,5.9756,1851.15,0.00,0,0,0.00,0.00,0,0
405851,0.32,0.00,46.69,0.00,0.02,3.06,1.54,0.00,0.00,0.0244,5.9756,1881.43,0.00,0,0,0.00,0.00,0,0
406051,0.24,0.00,85.02,200.00,0.02,5.56,2.79,0.00,0.00,0.0244,5.9756,1858.95,0.00,0,0,0.00,0.00,0,0
406251,0.18,0.00,63.76,0.00,0.01,4.17,2.09,0.00,0.00,0.0244,5.9756,1876.63,0.00,0,0,0.00,0.00,0,0
406451,0.14,0.00,72.82,100.00,0.01,4.77,2.39,0.00,0.00,0.0244,5.9756,1863.39,0.00,0,0,0.00,0.00,0,0
406651,0.10,0.00,79.62,100.00,0.01,5.21,2.61,0.00,0.00,0.0244,5.9756,1891.56,0.00,0,0,0.00,0.00,0,0
406851,0.08,0.00,59.71,0.00,0.01,3.91,1.96,0.00,0.00,0.0244,5.9756,1869.50,0.00,0,0,0.00,0.00,0,0
407051,0.06,0.00,44.78,0.00,0.00,2.93,1.47,0.00,0.00,0.0244,5.9756,1854.07,0.00,0,0,0.00,0.00,0,0
407251,0.04,0.00,33.59,0.00,0.00,2.20,1.10,0.00,0.00,0.0244,5.9756,1874.63,0.00,0,0,0.00,0.00,0,0
407451,0.03,0.00,25.19,0.00,0.00,1.65,0.83,0.00,0.00,0.0244,5.9756,1896.17,0.00,0,0,0.00,0.00,0,0
407651,0.02,0.00,18.89,0.00,0.00,1.24,0.62,0.00,0.00,0.0244,5.9756,1864.99,0.00,0,0,0.00,0.00,0,0
407851,0.02,0.00,14.17,0.00,0.00,0.93,0.46,0.00,0.00,0.0244,5.9756,1887.10,0.00,0,0,0.00,0.00,0,0
408051,0.01,0.00,35.63,100.00,0.00,2.33,1.17,0.00,0.00,0.0244,5.9756,1875.68,0.00,0,0,0.00,0.00,0,0
408251,0.01,0.00,26.72,0.00,0.00,1.75,0.87,0.00,0.00,0.0244,5.9756,1863.00,0.00,0,0,0.00,0.00,0,0
408451,0.01,0.00,70.04,200.00,0.00,4.58,2.29,0.00,0.00,0.0244,5.9756,1846.28,0.00,0,0,0.00,0.00,0,0
408651,0.01,0.00,77.53,100.00,0.00,5.07,2.54,0.00,0.00,0.0244,5.9756,1879.44,0.00,0,0,0.00,0.00,0,0
408851,0.00,0.00,108.15,200.00,0.00,7.08,3.54,0.00,0.00,0.0244,5.9756,1858.14,0.00,0,0,0.00,0.00,0,0
409051,0.00,0.00,131.11,200.00,0.00,8.58,4.29,0.00,0.00,0.0244,5.9756,1884.29,0.00,0,0,0.00,0.00,0,0
409251,0.00,0.00,123.33,100.00,0.00,8.07,4.04,0.00,0.00,0.0244,5.9756,1866.53,0.00,0,0,0.00,0.00,0,0
409451,0.00,0.00,92.50,0.00,0.00,6.05,3.03,0.00,0.00,0.0244,5.9756,1892.85,0.00,0,0,0.00,0.00,0,0
409651,0.00,0.00,69.37,0.00,0.00,4.54,2.27,0.00,0.00,0.0244,5.9756,1903.63,0.00,0,0,0.00,0.00,0,0
409851,0.00,0.00,52.03,0.00,0.00,3.41,1.70,0.00,0.00,0.0244,5.9756,1874.45,0.00,0,0,0.00,0.00,0,0
410051,0.00,0.00,89.02,200.00,0.00,5.83,2.91,0.00,0.00,0.0244,5.9756,1890.97,0.00,0,0,0.00,0.00,0,0
410251,0.00,0.00,91.77,100.00,0.00,6.01,3.00,0.00,0.00,0.0244,5.9756,1902.86,0.00,0,0,0.00,0.00,0,0
410451,0.00,0.00,143.83,300.00,0.00,9.41,4.71,0.00,0.00,0.0244,5.9756,1874.13,0.00,0,0,0.00,0.00,0,0
410651,0.00,0.00,132.87,100.00,0.00,8.70,4.35,0.00,0.00,0.0244,5.9756,1855.96,0.00,0,0,0.00,0.00,0,0
410851,0.00,0.00,99.65,0.00,0.00,6.52,3.26,0.00,0.00,0.0244,5.9756,1875.40,0.00,0,0,0.00,0.00,0,0
411051,0.00,0.00,124.74,200.00,0.00,8.16,4.08,0.00,0.00,0.0244,5.9756,1862.89,0.00,0,0,0.00,0.00,0,0
411251,0.00,0.00,93.55,0.00,0.00,6.12,3.06,0.00,0.00,0.0244,5.9756,1851.36,0.00,0,0,0.00,0.00,0,0
411451,0.00,0.00,70.17,0.00,0.00,4.59,2.30,0.00,0.00,0.0244,5.9756,1873.52,0.00,0,0,0.00,0.00,0,0
411651,0.00,0.00,115.12,250.00,0.00,7.53,3.77,0.00,0.00,0.0244,5.9756,1895.71,0.00,0,0,0.00,0.00,0,0
411851,0.00,0.00,123.84,150.00,0.00,8.11,4.05,0.00,0.00,0.0244,5.9756,1904.80,0.00,0,0,0.00,0.00,0,0
412051,0.00,0.00,92.88,0.00,0.00,6.08,3.04,0.00,0.00,0.0244,5.9756,2006.13,0.00,0,0,0.00,0.00,96,0
412251,0.00,0.00,69.66,0.00,0.00,4.56,2.28,0.00,0.00,0.0244,5.9756,2152.59,0.00,0,0,0.00,0.00,1925,270
412451,0.00,0.00,77.25,100.00,0.00,5.06,2.53,0.00,0.00,0.0244,5.9756,2212.58,0.00,0,0,0.00,0.00,2674,550
412651,0.00,0.00,132.93,300.00,0.00,8.70,4.35,0.00,0.00,0.0244,5.9756,2205.15,0.00,0,0,0.00,0.00,2581,1534
412851,0.00,0.00,124.70,100.00,0.00,8.16,4.08,0.00,0.00,0.0244,5.9756,2202.11,0.00,0,0,0.00,0.00,2543,2482
413051,0.00,0.00,93.53,0.00,0.00,6.12,3.06,0.00,0.00,0.0244,5.9756,2200.87,0.00,0,0,0.00,0.00,2528,2531
413251,0.00,0.00,95.14,100.00,0.00,6.23,3.11,0.00,0.00,0.0244,5.9756,2225.95,0.00,0,0,0.00,0.00,2841,2784
413451,0.00,0.00,71.36,0.00,0.00,4.67,2.34,0.00,0.00,0.0244,5.9756,2296.71,0.00,0,0,0.00,0.00,3725,3115
413651,0.00,0.00,103.52,200.00,0.00,6.78,3.39,0.00,0.00,0.0244,5.9756,2409.21,0.00,0,0,0.00,0.00,5130,3510
413851,0.00,0.00,127.64,200.00,0.00,8.35,4.18,0.00,0.00,0.0244,5.9756,2521.85,0.00,0,0,0.00,0.00,6536,4450
414051,0.00,0.00,145.73,200.00,0.00,9.54,4.77,0.00,0.00,0.0244,5.9756,2475.51,0.00,0,0,0.00,0.00,5957,5930
414251,0.00,0.00,234.30,500.00,0.00,15.33,7.67,0.00,0.00,0.0244,5.9756,2378.45,0.00,0,0,0.00,0.00,4745,4978
414451,12.50,50.00,200.72,100.00,0.82,13.14,6.98,0.00,0.00,0.0244,5.9756,2423.17,0.00,0,0,0.00,0.00,5304,4834
414651,9.38,0.00,150.54,0.00,0.61,9.85,5.23,0.00,0.00,0.0244,5.9756,2441.49,0.00,0,0,0.00,0.00,5533,5067
414851,7.03,0.00,187.91,300.00,0.46,12.30,6.38,0.00,0.00,0.0244,5.9756,2417.00,0.00,0,0,0.00,0.00,5227,5278
415051,5.27,0.00,190.93,200.00,0.35,12.50,6.42,0.00,0.00,0.0244,5.9756,2499.44,0.00,0,0,0.00,0.00,6256,5616
415251,16.46,50.00,193.20,200.00,1.08,12.64,6.86,0.00,0.00,0.0244,5.9756,2493.21,0.00,0,0,0.00,0.00,6178,6253
415451,24.84,50.00,169.90,100.00,1.63,11.12,6.37,0.00,0.00,0.0244,5.9756,2438.18,0.00,0,0,0.00,0.00,5491,5604
415651,31.13,50.00,252.42,500.00,2.04,16.52,9.28,0.00,0.00,0.0244,5.9756,2355.82,0.00,0,0,0.00,0.00,4463,4864
415851,35.85,50.00,264.32,300.00,2.35,17.30,9.82,0.00,0.00,0.0244,5.9756,1921.54,0.00,0,0,0.00,0.00,0,4450
416051,26.89,0.00,198.24,0.00,1.76,12.97,7.37,0.00,0.00,0.0244,5.9756,2314.71,0.00,0,0,0.00,0.00,3949,3475
416251,32.66,50.00,148.68,0.00,2.14,9.73,5.93,0.00,0.00,0.0244,5.9756,2417.55,0.00,0,0,0.00,0.00,5234,4471
416451,37.00,50.00,186.51,300.00,2.42,12.21,7.31,0.00,0.00,0.0244,5.9756,2459.67,0.00,0,0,0.00,0.00,5760,5278
416651,40.25,50.00,164.88,100.00,2.63,10.79,6.71,0.00,0.00,0.0244,5.9756,2542.52,0.00,0,0,0.00,0.00,6794,6274
416851,42.69,50.00,261.16,550.00,2.79,17.09,9.94,0.00,0.00,0.0244,5.9756,2510.86,0.00,0,0,0.00,0.00,6399,6594
417051,44.51,50.00,233.37,150.00,2.91,15.27,9.09,0.00,0.00,0.0244,5.9756,2439.36,0.00,0,0,0.00,0.00,5506,5857
417251,58.39,100.00,225.03,200.00,3.82,14.73,9.27,0.00,0.00,0.0244,5.9756,2476.60,0.00,0,0,0.00,0.00,5971,5757
417451,56.29,50.00,193.77,100.00,3.68,12.68,8.18,0.00,0.00,0.0244,5.9756,2456.98,0.00,0,0,0.00,0.00,5726,6132
417651,67.22,100.00,145.33,0.00,4.40,9.51,6.96,0.00,0.00,0.0244,5.9756,2475.82,0.00,0,0,0.00,0.00,5961,5939
417851,75.41,100.00,109.00,0.00,4.94,7.13,6.03,0.00,0.00,0.0244,5.9756,2523.54,0.00,0,0,0.00,0.00,6557,6075
418051,69.06,50.00,106.75,100.00,4.52,6.99,5.75,0.00,0.00,0.0244,5.9756,2516.20,0.00,0,0,0.00,0.00,6466,6280
418251,76.79,100.00,80.06,0.00,5.03,5.24,5.13,0.00,0.00,0.0244,5.9756,2493.20,0.00,0,0,0.00,0.00,6178,6322
418451,82.60,100.00,85.05,100.00,5.41,5.57,5.49,0.00,0.00,0.0244,5.9756,2503.69,0.00,0,0,0.00,0.00,6309,6296
418651,86.95,100.00,63.78,0.00,5.69,4.17,4.93,0.00,0.00,0.0244,5.9756,2534.95,0.00,0,0,0.00,0.00,6700,6340
418851,77.71,50.00,47.84,0.00,5.09,3.13,4.11,0.00,0.00,0.0244,5.9756,2500.88,0.00,0,0,0.00,0.00,6274,6459
419051,83.28,100.00,35.88,0.00,5.45,2.35,3.90,0.00,0.00,0.0267,5.9733,2496.45,0.00,0,0,0.00,0.00,6219,6300
419251,87.46,100.00,26.91,0.00,5.72,1.76,3.74,0.00,0.00,0.0267,5.9733,2619.60,0.00,0,0,0.00,0.00,7757,6362
419451,90.60,100.00,95.18,300.00,5.93,6.23,6.08,0.00,0.00,0.0267,5.9733,2576.03,0.00,0,0,0.00,0.00,7213,6648
419651,92.95,100.00,71.39,0.00,6.08,4.67,5.38,0.00,0.00,0.0267,5.9733,2497.70,0.00,0,0,0.00,0.00,6235,6860
419851,82.21,50.00,78.54,100.00,5.38,5.14,5.26,0.00,0.00,0.0267,5.9733,2507.62,0.00,0,0,0.00,0.00,6358,6508
420051,86.66,100.00,83.90,100.00,5.67,5.49,5.58,0.00,0.00,0.0267,5.9733,2502.25,0.00,0,0,0.00,0.00,6291,5985
420251,89.99,100.00,112.93,200.00,5.89,7.39,6.64,0.00,0.00,0.0267,5.9733,2534.36,0.00,0,0,0.00,0.00,6692,6273
420451,92.50,100.00,84.70,0.00,6.05,5.54,5.80,0.00,0.00,0.0267,5.9733,2573.12,0.00,0,0,0.00,0.00,7176,6467
420651,94.37,100.00,63.52,0.00,6.18,4.16,5.17,0.00,0.00,0.0267,5.9733,2568.51,0.00,0,0,0.00,0.00,7119,6655
420851,95.78,100.00,47.64,0.00,6.27,3.12,4.69,0.00,0.00,0.0267,5.9733,2587.10,0.00,0,0,0.00,0.00,7351,7181
421051,84.33,50.00,48.23,50.00,5.52,3.16,4.34,0.00,0.00,0.0267,5.9733,2594.72,0.00,0,0,0.00,0.00,7446,7431
421251,88.25,100.00,48.67,50.00,5.78,3.19,4.48,0.00,0.00,0.0267,5.9733,2615.26,0.00,0,0,0.00,0.00,7703,7459
421451,91.19,100.00,61.51,100.00,5.97,4.03,5.00,0.00,0.00,0.0267,5.9733,2617.34,0.00,0,0,0.00,0.00,7729,7783
421651,93.39,100.00,71.13,100.00,6.11,4.66,5.38,0.00,0.00,0.0267,5.9733,2607.10,0.00,0,0,0.00,0.00,7601,7621
421851,95.04,100.00,53.35,0.00,6.22,3.49,4.86,0.00,0.00,0.0267,5.9733,2642.91,0.00,0,0,0.00,0.00,8048,7557
422051,96.28,100.00,40.01,0.00,6.30,2.62,4.46,0.00,0.00,0.0267,5.9733,2617.58,0.00,0,0,0.00,0.00,7731,7776
422251,97.21,100.00,30.01,0.00,6.36,1.96,4.16,0.00,0.00,0.0267,5.9733,2626.57,0.00,0,0,0.00,0.00,7844,7909
422451,97.91,100.00,72.51,200.00,6.41,4.75,5.58,0.00,0.00,0.0267,5.9733,2537.32,0.00,0,0,0.00,0.00,6729,7345
422651,98.43,100.00,79.38,100.00,6.44,5.20,5.82,0.00,0.00,0.0267,5.9733,2202.22,0.00,0,0,0.00,0.00,5032,6628
422851,98.82,100.00,109.53,200.00,6.47,7.17,6.82,0.00,0.00,0.0267,5.9733,2502.67,0.00,0,0,0.00,0.00,6297,5313
423051,99.12,100.00,132.15,200.00,6.49,8.65,7.57,0.00,0.00,0.0267,5.9733,2625.73,0.00,0,0,0.00,0.00,7833,6456
423251,99.34,100.00,149.11,200.00,6.50,9.76,8.13,0.00,0.00,0.0267,5.9733,2610.54,0.00,0,0,0.00,0.00,7644,7443
423451,99.50,100.00,136.83,100.00,6.51,8.96,7.73,0.00,0.00,0.0267,5.9733,2604.32,0.00,0,0,0.00,0.00,7566,7578
423651,99.63,100.00,127.63,100.00,6.52,8.35,7.44,0.00,0.00,0.0267,5.9733,2662.25,0.00,0,0,0.00,0.00,8289,7850
423851,99.72,100.00,95.72,0.00,6.53,6.26,6.40,0.00,0.00,0.0267,5.9733,2657.50,0.00,0,0,0.00,0.00,8230,8050
424051,99.79,100.00,121.79,200.00,6.53,7.97,7.25,0.00,0.00,0.0267,5.9733,2684.03,0.00,0,0,0.00,0.00,8561,8197
424251,99.84,100.00,116.34,100.00,6.53,7.61,7.07,0.00,0.00,0.0267,5.9733,2672.45,0.00,0,0,0.00,0.00,8417,8245
424451,99.88,100.00,87.26,0.00,6.54,5.71,6.12,0.00,0.00,0.0267,5.9733,2682.15,0.00,0,0,0.00,0.00,8538,8548
424651,99.91,100.00,65.44,0.00,6.54,4.28,5.41,0.00,0.00,0.0267,5.9733,2654.13,0.00,0,0,0.00,0.00,8188,8454
424851,112.43,150.00,49.08,0.00,7.36,3.21,5.29,0.00,0.00,0.0267,5.9733,2714.65,0.00,0,0,0.00,0.00,8944,8358
425051,109.33,100.00,36.81,0.00,7.16,2.41,4.78,0.00,0.00,0.0267,5.9733,2678.96,0.00,0,0,0.00,0.00,8498,8730
425251,106.99,100.00,52.61,100.00,7.00,3.44,5.22,0.00,0.00,0.0267,5.9733,2318.27,0.00,0,0,0.00,0.00,6896,8260
425451,105.25,100.00,164.46,500.00,6.89,10.76,8.83,0.00,0.00,0.0267,5.9733,2577.08,0.00,0,0,0.00,0.00,7226,6493
425651,103.93,100.00,123.34,0.00,6.80,8.07,7.44,0.00,0.00,0.0267,5.9733,2668.69,0.00,0,0,0.00,0.00,8370,6815
425851,102.95,100.00,92.51,0.00,6.74,6.05,6.40,0.00,0.00,0.0267,5.9733,2680.62,0.00,0,0,0.00,0.00,8519,7934
426051,102.21,100.00,69.38,0.00,6.69,4.54,5.62,0.00,0.00,0.0267,5.9733,2658.62,0.00,0,0,0.00,0.00,8244,8228
426251,101.66,100.00,102.04,200.00,6.65,6.68,6.67,0.00,0.00,0.0267,5.9733,2689.61,0.00,0,0,0.00,0.00,8631,8146
426451,101.24,100.00,101.53,100.00,6.63,6.64,6.64,0.00,0.00,0.0267,5.9733,2689.19,0.00,0,0,0.00,0.00,8626,8490
426651,100.93,100.00,101.14,100.00,6.61,6.62,6.61,0.00,0.00,0.0267,5.9733,2689.01,0.00,0,0,0.00,0.00,8624,8644
426851,113.20,150.00,125.86,200.00,7.41,8.24,7.82,0.00,0.00,0.0267,5.9733,2688.94,0.00,0,0,0.00,0.00,8623,8864
427051,109.90,100.00,94.39,0.00,7.19,6.18,6.69,0.00,0.00,0.0267,5.9733,2884.95,0.00,0,0,0.00,0.00,11070,8933
427251,107.43,100.00,120.80,200.00,7.03,7.91,7.47,0.00,0.00,0.0267,5.9733,2769.20,0.00,0,0,0.00,0.00,9625,9753
427451,105.57,100.00,115.60,100.00,6.91,7.57,7.24,0.00,0.00,0.0267,5.9733,2178.65,0.00,0,0,0.00,0.00,8228,9871
427651,116.68,150.00,249.20,650.00,7.64,16.31,11.97,0.00,0.00,0.0267,5.9733,2525.75,0.00,0,0,0.00,0.00,7804,8753
427851,112.51,100.00,274.40,350.00,7.36,17.96,12.66,0.00,0.00,0.0267,5.9733,2667.19,0.00,0,0,0.00,0.00,8351,7488
428051,109.38,100.00,205.80,0.00,7.16,13.47,10.31,0.00,0.00,0.0267,5.9733,2745.60,0.00,0,0,0.00,0.00,9330,8205
428251,107.04,100.00,154.35,0.00,7.01,10.10,8.55,0.00,0.00,0.0267,5.9733,2725.24,0.00,0,0,0.00,0.00,9076,8816
428451,105.28,100.00,215.76,400.00,6.89,14.12,10.51,0.00,0.00,0.0267,5.9733,2676.90,0.00,0,0,0.00,0.00,8472,8907
428651,116.46,150.00,236.82,300.00,7.62,15.50,11.56,0.00,0.00,0.0267,5.9733,2723.98,0.00,0,0,0.00,0.00,9060,8550
428851,112.34,100.00,177.62,0.00,7.35,11.62,9.49,0.00,0.00,0.0267,5.9733,2708.38,0.00,0,0,0.00,0.00,8865,9013
429051,109.26,100.00,158.21,100.00,7.15,10.35,8.75,0.00,0.00,0.0267,5.9733,2730.47,0.00,0,0,0.00,0.00,9141,8939
429251,106.94,100.00,118.66,0.00,7.00,7.77,7.38,0.00,0.00,0.0267,5.9733,2711.04,0.00,0,0,0.00,0.00,8899,9139
429451,105.21,100.00,88.99,0.00,6.89,5.82,6.36,0.00,0.00,0.0267,5.9733,2731.56,0.00,0,0,0.00,0.00,9155,9187
429651,116.41,150.00,66.75,0.00,7.62,4.37,5.99,0.00,0.00,0.0267,5.9733,2732.96,0.00,0,0,0.00,0.00,9172,9282
429851,112.30,100.00,75.06,100.00,7.35,4.91,6.13,0.00,0.00,0.0267,5.9733,2756.67,0.00,0,0,0.00,0.00,9468,8807
430051,109.23,100.00,56.29,0.00,7.15,3.68,5.42,0.00,0.00,0.0267,5.9733,2756.65,0.00,0,0,0.00,0.00,9468,9202
430251,119.42,150.00,42.22,0.00,7.82,2.76,5.29,0.00,0.00,0.0267,5.9733,2756.65,0.00,0,0,0.00,0.00,9468,9532
430451,114.57,100.00,56.67,100.00,7.50,3.71,5.60,0.00,0.00,0.0267,5.9733,2761.76,0.00,0,0,0.00,0.00,9532,9301
430651,110.92,100.00,42.50,0.00,7.26,2.78,5.02,0.00,0.00,0.0267,5.9733,2677.46,0.00,0,0,0.00,0.00,8597,9243
430851,120.69,150.00,31.87,0.00,7.90,2.09,4.99,0.00,0.00,0.0267,5.9733,2749.81,0.00,0,0,0.00,0.00,9383,9051
431051,115.52,100.00,23.91,0.00,7.56,1.56,4.56,0.00,0.00,0.0267,5.9733,2747.44,0.00,0,0,0.00,0.00,9353,9574
431251,111.64,100.00,17.93,0.00,7.31,1.17,4.24,0.00,0.00,0.0267,5.9733,2752.87,0.00,0,0,0.00,0.00,9421,9273
431451,121.23,150.00,13.45,0.00,7.93,0.88,4.41,0.00,0.00,0.0267,5.9733,2755.10,0.00,0,0,0.00,0.00,9449,9498
431651,115.92,100.00,60.09,200.00,7.59,3.93,5.76,0.00,0.00,0.0267,5.9733,2196.01,0.00,0,0,0.00,0.00,7927,9535
431851,111.94,100.00,107.56,250.00,7.33,7.04,7.18,0.00,0.00,0.0267,5.9733,2532.86,0.00,0,0,0.00,0.00,6927,7862
432051,108.96,100.00,93.17,50.00,7.13,6.10,6.61,0.00,0.00,0.0267,5.9733,2730.58,0.00,0,0,0.00,0.00,9143,7650
432251,106.72,100.00,69.88,0.00,6.98,4.57,5.78,0.00,0.00,0.0267,5.9733,2705.96,0.00,0,0,0.00,0.00,8835,8468
432451,117.54,150.00,52.41,0.00,7.69,3.43,5.56,0.00,0.00,0.0267,5.9733,2695.88,0.00,0,0,0.00,0.00,8709,8818
432651,113.15,100.00,89.31,200.00,7.41,5.85,6.63,0.00,0.00,0.0267,5.9733,2725.35,0.00,0,0,0.00,0.00,9077,9182
432851,109.87,100.00,91.98,100.00,7.19,6.02,6.61,0.00,0.00,0.0267,5.9733,2320.05,0.00,0,0,0.00,0.00,7860,9220
433051,107.40,100.00,93.99,100.00,7.03,6.15,6.59,0.00,0.00,0.0267,5.9733,2582.93,0.00,0,0,0.00,0.00,7299,6907
433251,105.55,100.00,70.49,0.00,6.91,4.61,5.76,0.00,0.00,0.0267,5.9733,2731.57,0.00,0,0,0.00,0.00,9155,6803
433451,104.16,100.00,52.87,0.00,6.82,3.46,5.14,0.00,0.00,0.0267,5.9733,2731.97,0.00,0,0,0.00,0.00,9160,8023
433651,115.62,150.01,64.65,100.00,7.57,4.23,5.90,0.00,0.00,0.0267,5.9733,2706.54,0.00,0,0,0.00,0.00,8842,9050
433851,111.72,100.00,73.49,100.00,7.31,4.81,6.06,0.00,0.00,0.0267,5.9733,2165.24,0.00,0,0,0.00,0.00,7643,9313
434051,108.79,100.00,67.62,50.00,7.12,4.43,5.77,0.00,0.00,0.0267,5.9733,2520.25,0.00,0,0,0.00,0.00,6641,7601
434251,106.59,100.00,113.21,250.00,6.98,7.41,7.19,0.00,0.00,0.0267,5.9733,2685.42,0.00,0,0,0.00,0.00,8579,6716
434451,104.94,100.00,84.91,0.00,6.87,5.56,6.21,0.00,0.00,0.0267,5.9733,2747.95,0.00,0,0,0.00,0.00,9359,7464
434651,103.71,100.00,63.68,0.00,6.79,4.17,5.48,0.00,0.00,0.0267,5.9733,2713.08,0.00,0,0,0.00,0.00,8924,8267
434851,102.78,100.00,72.76,100.00,6.73,4.76,5.74,0.00,0.00,0.0267,5.9733,2738.80,0.00,0,0,0.00,0.00,9245,8567
435051,114.59,150.00,54.57,0.00,7.50,3.57,5.54,0.00,0.00,0.0267,5.9733,2714.45,0.00,0,0,0.00,0.00,8941,9039
435251,110.94,100.00,65.93,100.00,7.26,4.31,5.79,0.00,0.00,0.0267,5.9733,2724.96,0.00,0,0,0.00,0.00,9072,9350
435451,108.20,100.00,49.45,0.00,7.08,3.24,5.16,0.00,0.00,0.0267,5.9733,2758.42,0.00,0,0,0.00,0.00,9490,9426
435651,106.15,100.00,62.08,100.00,6.95,4.06,5.51,0.00,0.00,0.0267,5.9733,2742.97,0.00,0,0,0.00,0.00,9297,9639
435851,117.11,150.00,46.56,0.00,7.67,3.05,5.36,0.00,0.00,0.0267,5.9733,2776.39,0.00,0,0,0.00,0.00,9715,9496
436051,112.84,100.00,34.92,0.00,7.39,2.29,4.84,0.00,0.00,0.0267,5.9733,3892.46,0.00,0,0,0.00,0.00,20000,9582
436251,122.13,150.00,51.19,100.00,7.99,3.35,5.67,0.00,0.00,0.0267,5.9733,3215.47,0.00,0,0,0.00,0.00,15198,9821
436451,116.60,100.00,38.39,0.00,7.63,2.51,5.07,0.00,0.00,0.0267,5.9733,2938.18,0.00,0,0,0.00,0.00,11735,10342
436651,112.45,100.00,78.80,200.00,7.36,5.16,6.26,0.00,0.00,0.0267,5.9733,2791.00,0.00,0,0,0.00,0.00,10558,10977
436851,121.83,150.00,84.10,100.00,7.97,5.50,6.74,0.00,0.00,0.0267,5.9733,2770.71,0.00,0,0,0.00,0.00,9644,9800
437051,116.38,100.00,63.07,0.00,7.62,4.13,5.87,0.00,0.00,0.0267,5.9733,2788.00,0.00,0,0,0.00,0.00,9860,9801
437251,124.78,150.00,47.30,0.00,8.17,3.10,5.63,0.00,0.00,0.0267,5.9733,2763.09,0.00,0,0,0.00,0.00,9549,9824
437451,118.59,100.00,35.48,0.00,7.76,2.32,5.04,0.00,0.00,0.0267,5.9733,2784.88,0.00,0,0,0.00,0.00,9821,9659
437651,126.44,150.00,26.61,0.00,8.28,1.74,5.01,0.00,0.00,0.0267,5.9733,2768.21,0.00,0,0,0.00,0.00,9612,9785
437851,119.83,100.00,19.96,0.00,7.84,1.31,4.57,0.00,0.00,0.0267,5.9733,2751.72,0.00,0,0,0.00,0.00,0,9666
438051,127.37,150.00,14.97,0.00,8.34,0.98,4.66,0.00,0.00,0.0267,5.9733,2740.23,0.00,0,0,0.00,0.00,9263,9642
438251,120.53,100.00,11.23,0.00,7.89,0.73,4.31,0.00,0.00,0.0267,5.9733,2393.61,0.00,0,0,0.00,0.00,8151,9364
438451,115.40,100.00,58.42,200.00,7.55,3.82,5.69,0.00,0.00,0.0267,5.9733,2633.54,0.00,0,0,0.00,0.00,7931,7413
438651,111.55,100.00,43.81,0.00,7.30,2.87,5.08,0.00,0.00,0.0267,5.9733,2731.82,0.00,0,0,0.00,0.00,9158,8010
438851,121.16,150.00,32.86,0.00,7.93,2.15,5.04,0.00,0.00,0.0267,5.9733,2751.59,0.00,0,0,0.00,0.00,9405,8579
439051,115.87,100.00,24.65,0.00,7.58,1.61,4.60,0.00,0.00,0.0267,5.9733,2727.69,0.00,0,0,0.00,0.00,9107,9224
439251,111.90,100.00,43.48,100.00,7.32,2.85,5.09,0.00,0.00,0.0267,5.9733,2684.30,0.00,0,0,0.00,0.00,8565,8829
439451,108.93,100.00,32.61,0.00,7.13,2.13,4.63,0.00,0.00,0.0267,5.9733,2720.61,0.00,0,0,0.00,0.00,9018,8764
439651,119.20,150.00,24.46,0.00,7.80,1.60,4.70,0.00,0.00,0.0267,5.9733,2741.88,0.00,0,0,0.00,0.00,9284,8940
439851,114.40,100.00,18.34,0.00,7.49,1.20,4.34,0.00,0.00,0.0267,5.9733,2704.64,0.00,0,0,0.00,0.00,8819,9353
440051,110.80,100.00,88.76,300.00,7.25,5.81,6.53,0.00,0.00,0.0267,5.9733,2649.66,0.00,0,0,0.00,0.00,8132,8183
440251,108.10,100.00,66.57,0.00,7.08,4.36,5.72,0.00,0.00,0.0267,5.9733,2712.82,0.00,0,0,0.00,0.00,8921,8264
440451,118.57,150.00,49.93,0.00,7.76,3.27,5.51,0.00,0.00,0.0267,5.9733,2698.69,0.00,0,0,0.00,0.00,8744,8844
440651,113.93,100.00,87.45,200.00,7.46,5.72,6.59,0.00,0.00,0.0267,5.9733,2692.90,0.00,0,0,0.00,0.00,8672,8946
440851,110.45,100.00,65.58,0.00,7.23,4.29,5.76,0.00,0.00,0.0267,5.9733,2702.39,0.00,0,0,0.00,0.00,8791,8600
441051,107.84,100.00,74.19,100.00,7.06,4.86,5.96,0.00,0.00,0.0267,5.9733,2700.79,0.00,0,0,0.00,0.00,8771,8539
441251,105.88,100.00,80.64,100.00,6.93,5.28,6.10,0.00,0.00,0.0267,5.9733,2693.76,0.00,0,0,0.00,0.00,8683,8975
441451,104.41,100.00,60.48,0.00,6.83,3.96,5.40,0.00,0.00,0.0267,5.9733,2689.16,0.00,0,0,0.00,0.00,8625,8723
441651,115.81,150.00,70.36,100.00,7.58,4.61,6.09,0.00,0.00,0.0267,5.9733,2694.12,0.00,0,0,0.00,0.00,8687,8521
441851,111.85,100.00,52.77,0.00,7.32,3.45,5.39,0.00,0.00,0.0267,5.9733,2691.03,0.00,0,0,0.00,0.00,8649,8701
442051,108.89,100.00,39.58,0.00,7.13,2.59,4.86,0.00,0.00,0.0267,5.9733,2668.94,0.00,0,0,0.00,0.00,8373,8644
442251,106.67,100.00,29.68,0.00,6.98,1.94,4.46,0.00,0.00,0.0267,5.9733,2680.72,0.00,0,0,0.00,0.00,8520,8518
442451,105.00,100.00,22.26,0.00,6.87,1.46,4.16,0.00,0.00,0.0267,5.9733,2658.66,0.00,0,0,0.00,0.00,8245,8383
442651,103.75,100.00,41.70,100.00,6.79,2.73,4.76,0.00,0.00,0.0267,5.9733,2656.03,0.00,0,0,0.00,0.00,8212,8003
442851,102.81,100.00,31.27,0.00,6.73,2.05,4.39,0.00,0.00,0.0267,5.9733,2654.95,0.00,0,0,0.00,0.00,8198,7971
443051,102.11,100.00,23.45,0.00,6.68,1.54,4.11,0.00,0.00,0.0267,5.9733,2622.51,0.00,0,0,0.00,0.00,7793,7862
443251,101.58,100.00,42.59,100.00,6.65,2.79,4.72,0.00,0.00,0.0267,5.9733,2649.22,0.00,0,0,0.00,0.00,8127,7656
443451,101.19,100.00,81.94,200.00,6.62,5.36,5.99,0.00,0.00,0.0267,5.9733,2620.16,0.00,0,0,0.00,0.00,7764,7898
443651,100.89,100.00,61.46,0.00,6.60,4.02,5.31,0.00,0.00,0.0267,5.9733,2580.39,0.00,0,0,0.00,0.00,7267,7635
443851,100.67,100.00,46.09,0.00,6.59,3.02,4.80,0.00,0.00,0.0267,5.9733,2591.97,0.00,0,0,0.00,0.00,7412,7389
444051,100.50,100.00,34.57,0.00,6.58,2.26,4.42,0.00,0.00,0.0267,5.9733,2556.71,0.00,0,0,0.00,0.00,6971,7461
444251,100.38,100.00,25.93,0.00,6.57,1.70,4.13,0.00,0.00,0.0267,5.9733,2484.67,0.00,0,0,0.00,0.00,6072,6892
444451,87.78,50.00,106.95,350.00,5.75,7.00,6.37,0.00,0.00,0.0267,5.9733,2382.20,0.00,0,0,0.00,0.00,4792,5032
444651,90.84,100.00,92.71,50.00,5.95,6.07,6.01,0.00,0.00,0.0267,5.9733,2274.63,0.00,0,0,0.00,0.00,3449,3841
444851,80.63,50.00,94.53,100.00,5.28,6.19,5.73,0.00,0.00,0.0267,5.9733,2251.05,0.00,0,0,0.00,0.00,3154,3458
445051,72.97,50.00,70.90,0.00,4.78,4.64,4.71,0.00,0.00,0.0267,5.9733,2200.43,0.00,0,0,0.00,0.00,2522,2525
445251,79.73,100.00,65.67,50.00,5.22,4.30,4.76,0.00,0.00,0.0267,5.9733,2168.18,0.00,0,0,0.00,0.00,2120,2389
445451,72.30,50.00,86.76,150.00,4.73,5.68,5.20,0.00,0.00,0.0267,5.9733,2134.49,0.00,0,0,0.00,0.00,1699,1768
445651,54.22,0.00,65.07,0.00,3.55,4.26,3.90,0.00,0.00,0.0267,5.9733,2080.69,0.00,0,0,0.00,0.00,1027,1557
445851,53.17,50.00,98.80,200.00,3.48,6.47,4.97,0.00,0.00,0.0267,5.9733,2053.53,0.00,0,0,0.00,0.00,688,894
446051,52.37,50.00,74.10,0.00,3.43,4.85,4.14,0.00,0.00,0.0267,5.9733,2082.41,0.00,0,0,0.00,0.00,1049,868
446251,39.28,0.00,55.58,0.00,2.57,3.64,3.10,0.00,0.00,0.0267,5.9733,2033.75,0.00,0,0,0.00,0.00,441,978
446451,41.96,50.00,41.68,0.00,2.75,2.73,2.74,0.00,0.00,0.0267,5.9733,2034.31,0.00,0,0,0.00,0.00,448,905
446651,31.47,0.00,31.26,0.00,2.06,2.05,2.05,0.00,0.00,0.0267,5.9733,2014.05,0.00,0,0,0.00,0.00,195,238
446851,23.60,0.00,23.45,0.00,1.54,1.53,1.54,0.00,0.00,0.0267,5.9733,1985.28,0.00,0,0,0.00,0.00,0,0
447051,17.70,0.00,17.58,0.00,1.16,1.15,1.15,0.00,0.00,0.0267,5.9733,1968.37,0.00,0,0,0.00,0.00,0,0
447251,13.28,0.00,13.19,0.00,0.87,0.86,0.87,0.00,0.00,0.0267,5.9733,1947.04,0.00,0,0,0.00,0.00,0,0
447451,9.96,0.00,34.89,100.00,0.65,2.28,1.47,0.00,0.00,0.0267,5.9733,1978.31,0.00,0,0,0.00,0.00,0,0
447651,7.47,0.00,51.17,100.00,0.49,3.35,1.92,0.00,0.00,0.0267,5.9733,1965.52,0.00,0,0,0.00,0.00,0,0
447851,5.60,0.00,63.38,100.00,0.37,4.15,2.26,0.00,0.00,0.0267,5.9733,1945.88,0.00,0,0,0.00,0.00,0,0
448051,4.20,0.00,47.53,0.00,0.27,3.11,1.69,0.00,0.00,0.0267,5.9733,1937.83,0.00,0,0,0.00,0.00,0,0
448251,3.15,0.00,35.65,0.00,0.21,2.33,1.27,0.00,0.00,0.0267,5.9733,1942.54,0.00,0,0,0.00,0.00,0,0
448451,2.36,0.00,26.74,0.00,0.15,1.75,0.95,0.00,0.00,0.0267,5.9733,1910.86,0.00,0,0,0.00,0.00,0,0
448651,1.77,0.00,20.05,0.00,0.12,1.31,0.71,0.00,0.00,0.0267,5.9733,1931.49,0.00,0,0,0.00,0.00,0,0
448851,1.33,0.00,40.04,100.00,0.09,2.62,1.35,0.00,0.00,0.0267,5.9733,1946.34,0.00,0,0,0.00,0.00,0,0
449051,1.00,0.00,55.03,100.00,0.07,3.60,1.83,0.00,0.00,0.0267,5.9733,1917.54,0.00,0,0,0.00,0.00,0,0
449251,0.75,0.00,41.27,0.00,0.05,2.70,1.38,0.00,0.00,0.0267,5.9733,1934.22,0.00,0,0,0.00,0.00,0,0
449451,0.56,0.00,30.95,0.00,0.04,2.03,1.03,0.00,0.00,0.0267,5.9733,1941.06,0.00,0,0,0.00,0.00,0,0
449651,0.42,0.00,48.22,100.00,0.03,3.16,1.59,0.00,0.00,0.0267,5.9733,1943.86,0.00,0,0,0.00,0.00,0,0
449851,0.32,0.00,36.16,0.00,0.02,2.37,1.19,0.00,0.00,0.0267,5.9733,1951.40,0.00,0,0,0.00,0.00,0,0
450051,0.24,0.00,39.62,50.00,0.02,2.59,1.30,0.00,0.00,0.0267,5.9733,2012.10,0.00,0,0,0.00,0.00,171,44
450251,0.18,0.00,42.22,50.00,0.01,2.76,1.39,0.00,0.00,0.0267,5.9733,2057.43,0.00,0,0,0.00,0.00,737,357
450451,0.13,0.00,31.66,0.00,0.01,2.07,1.04,0.00,0.00,0.0267,5.9733,2076.01,0.00,0,0,0.00,0.00,969,966
450651,0.10,0.00,23.75,0.00,0.01,1.55,0.78,0.00,0.00,0.0267,5.9733,2083.61,0.00,0,0,0.00,0.00,1064,1100
450851,0.07,0.00,17.81,0.00,0.00,1.17,0.59,0.00,0.00,0.0267,5.9733,2126.73,0.00,0,0,0.00,0.00,1602,1121
451051,0.06,0.00,13.36,0.00,0.00,0.87,0.44,0.00,0.00,0.0267,5.9733,2169.99,0.00,0,0,0.00,0.00,2142,1707
451251,0.04,0.00,10.02,0.00,0.00,0.66,0.33,0.00,0.00,0.0267,5.9733,2208.19,0.00,0,0,0.00,0.00,2619,2253
451451,0.03,0.00,32.51,100.00,0.00,2.13,1.07,0.00,0.00,0.0267,5.9733,2235.35,0.00,0,0,0.00,0.00,2958,2679
451651,0.02,0.00,24.39,0.00,0.00,1.60,0.80,0.00,0.00,0.0267,5.9733,2312.08,0.00,0,0,0.00,0.00,3917,2955
451851,0.02,0.00,18.29,0.00,0.00,1.20,0.60,0.00,0.00,0.0267,5.9733,2395.99,0.00,0,0,0.00,0.00,4964,3260
452051,0.01,0.00,13.72,0.00,0.00,0.90,0.45,0.00,0.00,0.0267,5.9733,2398.36,0.00,0,0,0.00,0.00,4994,3615
452251,0.01,0.00,60.29,200.00,0.00,3.95,1.97,0.00,0.00,0.0267,5.9733,2424.93,0.00,0,0,0.00,0.00,5326,4748
452451,0.01,0.00,95.22,200.00,0.00,6.23,3.12,0.00,0.00,0.0267,5.9733,2435.81,0.00,0,0,0.00,0.00,5462,5465
452651,0.01,0.00,171.41,399.99,0.00,11.22,5.61,0.00,0.00,0.0267,5.9733,2475.15,0.00,0,0,0.00,0.00,5953,5742
452851,12.50,50.00,203.56,300.01,0.82,13.32,7.07,0.00,0.00,0.0267,5.9733,2462.78,0.00,0,0,0.00,0.00,5798,5992
453051,9.38,0.00,240.17,350.00,0.61,15.72,8.17,0.00,0.00,0.0267,5.9733,2425.72,0.00,0,0,0.00,0.00,5336,5588
453251,19.53,50.00,230.13,200.00,1.28,15.06,8.17,0.00,0.00,0.0267,5.9733,2471.01,0.00,0,0,0.00,0.00,5901,5499
453451,14.65,0.00,210.09,150.00,0.96,13.75,7.35,0.00,0.00,0.0267,5.9733,2469.09,0.00,0,0,0.00,0.00,5877,5671
453651,23.49,50.00,157.57,0.00,1.54,10.31,5.93,0.00,0.00,0.0267,5.9733,2428.30,0.00,0,0,0.00,0.00,5368,5561
453851,30.12,50.00,118.18,0.00,1.97,7.73,4.85,0.00,0.00,0.0267,5.9733,2432.07,0.00,0,0,0.00,0.00,5415,5675
454051,35.09,50.00,113.63,100.00,2.30,7.44,4.87,0.00,0.00,0.0267,5.9733,2346.09,0.00,0,0,0.00,0.00,4504,5812
454251,38.82,50.00,210.23,500.00,2.54,13.76,8.15,0.00,0.00,0.0267,5.9733,2352.32,0.00,0,0,0.00,0.00,4419,4271
454451,54.11,100.00,157.67,0.00,3.54,10.32,6.93,0.00,0.00,0.0267,5.9733,2380.47,0.00,0,0,0.00,0.00,4771,4668
454651,40.58,0.00,118.25,0.00,2.66,7.74,5.20,0.00,0.00,0.0267,5.9733,2352.00,0.00,0,0,0.00,0.00,4415,4885
454851,42.94,50.00,151.19,250.00,2.81,9.90,6.35,0.00,0.00,0.0267,5.9733,2380.34,0.00,0,0,0.00,0.00,4769,4676
455051,44.70,50.00,200.89,350.00,2.93,13.15,8.04,0.00,0.00,0.0289,5.9711,2423.95,0.00,0,0,0.00,0.00,5314,4883
455251,46.03,50.00,150.67,0.00,3.01,9.86,6.44,0.00,0.00,0.0289,5.9711,2462.29,0.00,0,0,0.00,0.00,5792,5175
455451,47.02,50.00,113.00,0.00,3.08,7.40,5.24,0.00,0.00,0.0289,5.9711,2445.99,0.00,0,0,0.00,0.00,5589,5731
455651,35.27,0.00,159.75,299.99,2.31,10.46,6.38,0.00,0.00,0.0289,5.9711,2444.44,0.00,0,0,0.00,0.00,5569,5603
455851,51.45,100.00,169.81,200.00,3.37,11.11,7.24,0.00,0.00,0.0289,5.9711,2478.68,0.00,0,0,0.00,0.00,5997,5796
456051,51.09,50.00,227.36,400.00,3.34,14.88,9.11,0.00,0.00,0.0289,5.9711,2432.23,0.00,0,0,0.00,0.00,5417,5884
456251,50.82,50.00,220.52,200.00,3.33,14.43,8.88,0.00,0.00,0.0289,5.9711,2360.72,0.00,0,0,0.00,0.00,4524,4753
456451,50.61,50.00,165.39,0.00,3.31,10.82,7.07,0.00,0.00,0.0289,5.9711,2383.91,0.00,0,0,0.00,0.00,4814,4703
456651,50.46,50.00,124.04,0.00,3.30,8.12,5.71,0.00,0.00,0.0289,5.9711,2353.41,0.00,0,0,0.00,0.00,4433,4909
456851,50.34,50.00,93.03,0.00,3.29,6.09,4.69,0.00,0.00,0.0289,5.9711,2348.92,0.00,0,0,0.00,0.00,4377,4447
457051,50.26,50.00,69.77,0.00,3.29,4.57,3.93,0.00,0.00,0.0311,5.9689,2379.08,0.00,0,0,0.00,0.00,4753,4608
457251,50.19,50.00,77.33,100.00,3.29,5.06,4.17,0.00,0.00,0.0311,5.9689,2391.43,0.00,0,0,0.00,0.00,4907,4876
457451,50.15,50.00,83.00,100.00,3.28,5.43,4.36,0.00,0.00,0.0311,5.9689,2416.01,0.00,0,0,0.00,0.00,5214,4536
457651,37.61,0.00,87.25,100.00,2.46,5.71,4.09,0.00,0.00,0.0311,5.9689,2472.16,0.00,0,0,0.00,0.00,5916,4711
457851,40.71,50.00,65.44,0.00,2.66,4.28,3.47,0.00,0.00,0.0311,5.9689,2482.04,0.00,0,0,0.00,0.00,6039,4955
458051,30.53,0.00,74.08,100.00,2.00,4.85,3.42,0.00,0.00,0.0311,5.9689,2486.08,0.00,0,0,0.00,0.00,6089,5387
458251,35.40,50.00,180.56,500.00,2.32,11.82,7.07,0.00,0.00,0.0311,5.9689,2460.86,0.00,0,0,0.00,0.00,5774,5962
458451,39.05,50.00,160.42,100.00,2.56,10.50,6.53,0.00,0.00,0.0311,5.9689,2485.41,0.00,0,0,0.00,0.00,6081,5771
458651,41.79,50.00,157.81,150.00,2.73,10.33,6.53,0.00,0.00,0.0311,5.9689,2145.86,0.00,0,0,0.00,0.00,3423,5132
458851,31.34,0.00,130.86,50.00,2.05,8.56,5.31,0.00,0.00,0.0311,5.9689,2388.38,0.00,0,0,0.00,0.00,4869,3390
459051,36.00,50.00,98.15,0.00,2.36,6.42,4.39,0.00,0.00,0.0311,5.9689,2441.32,0.00,0,0,0.00,0.00,5531,3785
459251,39.50,50.00,123.61,200.00,2.59,8.09,5.34,0.00,0.00,0.0311,5.9689,2397.41,0.00,0,0,0.00,0.00,4982,5112
459451,29.63,0.00,117.71,100.00,1.94,7.70,4.82,0.00,0.00,0.0311,5.9689,2413.34,0.00,0,0,0.00,0.00,5181,4668
459651,34.72,50.00,88.28,0.00,2.27,5.78,4.03,0.00,0.00,0.0311,5.9689,2503.06,0.00,0,0,0.00,0.00,6302,4734
459851,26.04,0.00,66.21,0.00,1.70,4.33,3.02,0.00,0.00,0.0311,5.9689,2528.30,0.00,0,0,0.00,0.00,6617,4970
460051,32.03,50.00,74.66,100.00,2.10,4.89,3.49,0.00,0.00,0.0311,5.9689,2452.55,0.00,0,0,0.00,0.00,5671,5428
460251,24.02,0.00,80.99,100.00,1.57,5.30,3.44,0.00,0.00,0.0311,5.9689,2442.00,0.00,0,0,0.00,0.00,5539,5701
460451,30.52,50.00,60.75,0.00,2.00,3.98,2.99,0.00,0.00,0.0311,5.9689,2417.21,0.00,0,0,0.00,0.00,5229,5282
460651,35.39,50.00,45.56,0.00,2.32,2.98,2.65,0.00,0.00,0.0311,5.9689,2248.97,0.00,0,0,0.00,0.00,3128,4478
460851,39.04,50.00,59.17,100.00,2.56,3.87,3.21,0.00,0.00,0.0311,5.9689,2122.46,0.00,0,0,0.00,0.00,1549,2246
461051,41.78,50.00,44.38,0.00,2.73,2.90,2.82,0.00,0.00,0.0311,5.9689,2070.64,0.00,0,0,0.00,0.00,902,1575
461251,43.84,50.00,33.28,0.00,2.87,2.18,2.52,0.00,0.00,0.0311,5.9689,2028.93,0.00,0,0,0.00,0.00,381,483
461451,32.88,0.00,24.96,0.00,2.15,1.63,1.89,0.00,0.00,0.0311,5.9689,1971.85,0.00,0,0,0.00,0.00,0,203
461651,37.16,50.00,18.72,0.00,2.43,1.23,1.83,0.00,0.00,0.0311,5.9689,1988.47,0.00,0,0,0.00,0.00,0,0
461851,27.87,0.00,14.04,0.00,1.82,0.92,1.37,0.00,0.00,0.0311,5.9689,1995.28,0.00,0,0,0.00,0.00,0,0
462051,33.40,50.00,48.03,150.00,2.19,3.14,2.66,0.00,0.00,0.0311,5.9689,1977.59,0.00,0,0,0.00,0.00,0,0
462251,25.05,0.00,48.52,50.00,1.64,3.18,2.41,0.00,0.00,0.0311,5.9689,1990.82,0.00,0,0,0.00,0.00,0,0
462451,31.29,50.00,61.39,100.00,2.05,4.02,3.03,0.00,0.00,0.0311,5.9689,1964.24,0.00,0,0,0.00,0.00,0,0
462651,23.47,0.00,46.04,0.00,1.54,3.01,2.27,0.00,0.00,0.0311,5.9689,1985.35,0.00,0,0,0.00,0.00,0,0
462851,17.60,0.00,34.53,0.00,1.15,2.26,1.71,0.00,0.00,0.0311,5.9689,1968.40,0.00,0,0,0.00,0.00,0,0
463051,13.20,0.00,25.90,0.00,0.86,1.70,1.28,0.00,0.00,0.0311,5.9689,1955.06,0.00,0,0,0.00,0.00,0,0
463251,22.40,50.00,19.42,0.00,1.47,1.27,1.37,0.00,0.00,0.0311,5.9689,1949.59,0.00,0,0,0.00,0.00,0,0
463451,16.80,0.00,52.07,150.00,1.10,3.41,2.25,0.00,0.00,0.0311,5.9689,1979.35,0.00,0,0,0.00,0.00,0,0
463651,12.60,0.00,51.55,50.00,0.82,3.37,2.10,0.00,0.00,0.0311,5.9689,1951.54,0.00,0,0,0.00,0.00,0,0
463851,9.45,0.00,38.66,0.00,0.62,2.53,1.57,0.00,0.00,0.0311,5.9689,2020.15,0.00,0,0,0.00,0.00,271,0
464051,7.09,0.00,54.00,100.00,0.46,3.53,2.00,0.00,0.00,0.0311,5.9689,2065.85,0.00,0,0,0.00,0.00,842,271
464251,5.32,0.00,40.50,0.00,0.35,2.65,1.50,0.00,0.00,0.0311,5.9689,2113.05,0.00,0,0,0.00,0.00,1431,907
464451,3.99,0.00,30.37,0.00,0.26,1.99,1.12,0.00,0.00,0.0311,5.9689,2078.31,0.00,0,0,0.00,0.00,997,828
464651,2.99,0.00,22.78,0.00,0.20,1.49,0.84,0.00,0.00,0.0311,5.9689,2064.07,0.00,0,0,0.00,0.00,820,1020
464851,2.24,0.00,17.09,0.00,0.15,1.12,0.63,0.00,0.00,0.0311,5.9689,2026.25,0.00,0,0,0.00,0.00,347,642
465051,1.68,0.00,37.81,100.00,0.11,2.47,1.29,0.00,0.00,0.0311,5.9689,1978.75,0.00,0,0,0.00,0.00,0,146
465251,1.26,0.00,28.36,0.00,0.08,1.86,0.97,0.00,0.00,0.0311,5.9689,1991.30,0.00,0,0,0.00,0.00,0,0
465451,0.95,0.00,21.27,0.00,0.06,1.39,0.73,0.00,0.00,0.0311,5.9689,1996.43,0.00,0,0,0.00,0.00,0,0
465651,0.71,0.00,90.95,300.00,0.05,5.95,3.00,0.00,0.00,0.0311,5.9689,1998.54,0.00,0,0,0.00,0.00,0,0
465851,0.53,0.00,93.21,100.00,0.03,6.10,3.07,0.00,0.00,0.0311,5.9689,2019.88,0.00,0,0,0.00,0.00,268,189
466051,0.40,0.00,69.91,0.00,0.03,4.58,2.30,0.00,0.00,0.0311,5.9689,2008.14,0.00,0,0,0.00,0.00,121,147
466251,0.30,0.00,52.43,0.00,0.02,3.43,1.73,0.00,0.00,0.0311,5.9689,1982.86,0.00,0,0,0.00,0.00,0,0
466451,0.22,0.00,89.32,200.00,0.01,5.85,2.93,0.00,0.00,0.0311,5.9689,1967.38,0.00,0,0,0.00,0.00,0,0
466651,0.17,0.00,66.99,0.00,0.01,4.38,2.20,0.00,0.00,0.0311,5.9689,1926.16,0.00,0,0,0.00,0.00,0,0
466851,0.13,0.00,75.24,100.00,0.01,4.92,2.47,0.00,0.00,0.0311,5.9689,1904.15,0.00,0,0,0.00,0.00,0,0
467051,0.09,0.00,131.43,300.00,0.01,8.60,4.30,0.00,0.00,0.0311,5.9689,1928.74,0.00,0,0,0.00,0.00,0,0
467251,0.07,0.00,98.57,0.00,0.00,6.45,3.23,0.00,0.00,0.0311,5.9689,1910.33,0.00,0,0,0.00,0.00,0,0
467451,0.05,0.00,98.93,100.00,0.00,6.48,3.24,0.00,0.00,0.0311,5.9689,1897.67,0.00,0,0,0.00,0.00,0,0
467651,0.04,0.00,74.20,0.00,0.00,4.86,2.43,0.00,0.00,0.0311,5.9689,1926.09,0.00,0,0,0.00,0.00,0,0
467851,0.03,0.00,80.65,100.00,0.00,5.28,2.64,0.00,0.00,0.0311,5.9689,1904.13,0.00,0,0,0.00,0.00,0,0
468051,0.02,0.00,85.49,100.00,0.00,5.60,2.80,0.00,0.00,0.0311,5.9689,1928.73,0.00,0,0,0.00,0.00,0,0
468251,0.02,0.00,114.11,200.00,0.00,7.47,3.73,0.00,0.00,0.0311,5.9689,1945.21,0.00,0,0,0.00,0.00,0,0
468451,0.01,0.00,110.59,100.00,0.00,7.24,3.62,0.00,0.00,0.0311,5.9689,1925.08,0.00,0,0,0.00,0.00,0,0
468651,0.01,0.00,132.94,200.00,0.00,8.70,4.35,0.00,0.00,0.0311,5.9689,1876.83,0.00,0,0,0.00,0.00,0,0
468851,0.01,0.00,124.70,100.00,0.00,8.16,4.08,0.00,0.00,0.0311,5.9689,1891.95,0.00,0,0,0.00,0.00,0,0
469051,0.01,0.00,93.53,0.00,0.00,6.12,3.06,0.00,0.00,0.0311,5.9689,1863.26,0.00,0,0,0.00,0.00,0,0
469251,0.00,0.00,70.15,0.00,0.00,4.59,2.30,0.00,0.00,0.0311,5.9689,1878.39,0.00,0,0,0.00,0.00,0,0
469451,0.00,0.00,77.61,100.00,0.00,5.08,2.54,0.00,0.00,0.0311,5.9689,1897.71,0.00,0,0,0.00,0.00,0,0
469651,0.00,0.00,83.21,100.00,0.00,5.45,2.72,0.00,0.00,0.0311,5.9689,1905.62,0.00,0,0,0.00,0.00,0,0
469851,0.00,0.00,87.41,100.00,0.00,5.72,2.86,0.00,0.00,0.0311,5.9689,1875.26,0.00,0,0,0.00,0.00,0,0
470051,0.00,0.00,90.55,100.00,0.00,5.93,2.96,0.00,0.00,0.0311,5.9689,1916.91,0.00,0,0,0.00,0.00,0,0
470251,0.00,0.00,67.92,0.00,0.00,4.45,2.22,0.00,0.00,0.0311,5.9689,1913.49,0.00,0,0,0.00,0.00,0,0
470451,0.00,0.00,50.94,0.00,0.00,3.33,1.67,0.00,0.00,0.0311,5.9689,1938.96,0.00,0,0,0.00,0.00,0,0
470651,0.00,0.00,63.20,100.00,0.00,4.14,2.07,0.00,0.00,0.0311,5.9689,1914.52,0.00,0,0,0.00,0.00,0,0
470851,0.00,0.00,72.40,100.00,0.00,4.74,2.37,0.00,0.00,0.0311,5.9689,1932.99,0.00,0,0,0.00,0.00,0,0
471051,0.00,0.00,54.30,0.00,0.00,3.55,1.78,0.00,0.00,0.0311,5.9689,1912.07,0.00,0,0,0.00,0.00,0,0
471251,0.00,0.00,65.73,100.00,0.00,4.30,2.15,0.00,0.00,0.0311,5.9689,1938.38,0.00,0,0,0.00,0.00,0,0
471451,0.00,0.00,49.29,0.00,0.00,3.23,1.61,0.00,0.00,0.0311,5.9689,1914.28,0.00,0,0,0.00,0.00,0,0
471651,0.00,0.00,86.97,200.00,0.00,5.69,2.85,0.00,0.00,0.0311,5.9689,1899.29,0.00,0,0,0.00,0.00,0,0
471851,0.00,0.00,65.23,0.00,0.00,4.27,2.13,0.00,0.00,0.0311,5.9689,1926.75,0.00,0,0,0.00,0.00,0,0
472051,0.00,0.00,73.92,100.00,0.00,4.84,2.42,0.00,0.00,0.0311,5.9689,1917.52,0.00,0,0,0.00,0.00,0,0
472251,0.00,0.00,80.44,100.00,0.00,5.26,2.63,0.00,0.00,0.0311,5.9689,1905.73,0.00,0,0,0.00,0.00,0,0
472451,0.00,0.00,110.33,200.00,0.00,7.22,3.61,0.00,0.00,0.0311,5.9689,1895.79,0.00,0,0,0.00,0.00,0,0
472651,0.00,0.00,107.75,100.00,0.00,7.05,3.53,0.00,0.00,0.0311,5.9689,1891.72,0.00,0,0,0.00,0.00,0,0
472851,0.00,0.00,105.81,100.00,0.00,6.93,3.46,0.00,0.00,0.0311,5.9689,1863.17,0.00,0,0,0.00,0.00,0,0
473051,0.00,0.00,104.36,100.00,0.00,6.83,3.42,0.00,0.00,0.0311,5.9689,1886.35,0.00,0,0,0.00,0.00,0,0
473251,0.00,0.00,78.27,0.00,0.00,5.12,2.56,0.00,0.00,0.0311,5.9689,1860.97,0.00,0,0,0.00,0.00,0,0
473451,0.00,0.00,58.70,0.00,0.00,3.84,1.92,0.00,0.00,0.0311,5.9689,1877.45,0.00,0,0,0.00,0.00,0,0
473651,0.00,0.00,94.03,200.00,0.00,6.15,3.08,0.00,0.00,0.0311,5.9689,1897.32,0.00,0,0,0.00,0.00,0,0
473851,0.00,0.00,70.52,0.00,0.00,4.62,2.31,0.00,0.00,0.0311,5.9689,1905.46,0.00,0,0,0.00,0.00,0,0
474051,0.00,0.00,102.89,200.00,0.00,6.73,3.37,0.00,0.00,0.0311,5.9689,1908.80,0.00,0,0,0.00,0.00,0,0
474251,0.00,0.00,127.17,200.00,0.00,8.32,4.16,0.00,0.00,0.0311,5.9689,1916.56,0.00,0,0,0.00,0.00,0,0
474451,0.00,0.00,120.38,100.00,0.00,7.88,3.94,0.00,0.00,0.0311,5.9689,1913.34,0.00,0,0,0.00,0.00,0,0
474651,0.00,0.00,140.28,200.00,0.00,9.18,4.59,0.00,0.00,0.0311,5.9689,1912.03,0.00,0,0,0.00,0.00,0,0
474851,0.00,0.00,155.21,200.00,0.00,10.16,5.08,0.00,0.00,0.0311,5.9689,1903.49,0.00,0,0,0.00,0.00,0,0
475051,0.00,0.00,141.41,100.00,0.00,9.26,4.63,0.00,0.00,0.0311,5.9689,1894.87,0.00,0,0,0.00,0.00,0,0
475251,0.00,0.00,131.06,100.00,0.00,8.58,4.29,0.00,0.00,0.0311,5.9689,1924.94,0.00,0,0,0.00,0.00,0,0
475451,0.00,0.00,98.29,0.00,0.00,6.43,3.22,0.00,0.00,0.0311,5.9689,1908.77,0.00,0,0,0.00,0.00,0,0
475651,0.00,0.00,98.72,100.00,0.00,6.46,3.23,0.00,0.00,0.0311,5.9689,1897.03,0.00,0,0,0.00,0.00,0,0
475851,0.00,0.00,74.04,0.00,0.00,4.85,2.42,0.00,0.00,0.0311,5.9689,1892.23,0.00,0,0,0.00,0.00,0,0
476051,0.00,0.00,55.53,0.00,0.00,3.63,1.82,0.00,0.00,0.0311,5.9689,1895.38,0.00,0,0,0.00,0.00,0,0
476251,0.00,0.00,41.65,0.00,0.00,2.73,1.36,0.00,0.00,0.0311,5.9689,1904.67,0.00,0,0,0.00,0.00,0,0
476451,0.00,0.00,31.24,0.00,0.00,2.04,1.02,0.00,0.00,0.0311,5.9689,1874.87,0.00,0,0,0.00,0.00,0,0
476651,0.00,0.00,48.43,100.00,0.00,3.17,1.58,0.00,0.00,0.0311,5.9689,1883.15,0.00,0,0,0.00,0.00,0,0
476851,0.00,0.00,61.32,100.00,0.00,4.01,2.01,0.00,0.00,0.0311,5.9689,1886.54,0.00,0,0,0.00,0.00,0,0
477051,0.00,0.00,70.99,100.00,0.00,4.65,2.32,0.00,0.00,0.0311,5.9689,1881.53,0.00,0,0,0.00,0.00,0,0
477251,0.00,0.00,78.24,100.00,0.00,5.12,2.56,0.00,0.00,0.0311,5.9689,1919.47,0.00,0,0,0.00,0.00,0,0
477451,0.00,0.00,83.68,100.00,0.00,5.48,2.74,0.00,0.00,0.0311,5.9689,1914.54,0.00,0,0,0.00,0.00,0,0
477651,0.00,0.00,75.26,50.00,0.00,4.93,2.46,0.00,0.00,0.0311,5.9689,1912.51,0.00,0,0,0.00,0.00,0,0
477851,0.00,0.00,68.95,50.00,0.00,4.51,2.26,0.00,0.00,0.0311,5.9689,1871.69,0.00,0,0,0.00,0.00,0,0
478051,0.00,0.00,51.71,0.00,0.00,3.38,1.69,0.00,0.00,0.0311,5.9689,1881.84,0.00,0,0,0.00,0.00,0,0
478251,0.00,0.00,63.78,100.00,0.00,4.17,2.09,0.00,0.00,0.0311,5.9689,1886.00,0.00,0,0,0.00,0.00,0,0
478451,0.00,0.00,72.84,100.00,0.00,4.77,2.38,0.00,0.00,0.0311,5.9689,1887.71,0.00,0,0,0.00,0.00,0,0
478651,0.00,0.00,104.63,200.00,0.00,6.85,3.42,0.00,0.00,0.0311,5.9689,1928.40,0.00,0,0,0.00,0.00,0,0
478851,0.00,0.00,103.47,100.00,0.00,6.77,3.39,0.00,0.00,0.0311,5.9689,1910.19,0.00,0,0,0.00,0.00,0,0
479051,0.00,0.00,102.60,100.00,0.00,6.72,3.36,0.00,0.00,0.0311,5.9689,1931.22,0.00,0,0,0.00,0.00,0,0
479251,0.00,0.00,101.95,100.00,0.00,6.67,3.34,0.00,0.00,0.0311,5.9689,1911.35,0.00,0,0,0.00,0.00,0,0
479451,0.00,0.00,101.46,100.00,0.00,6.64,3.32,0.00,0.00,0.0311,5.9689,1923.69,0.00,0,0,0.00,0.00,0,0
479651,0.00,0.00,126.10,200.00,0.00,8.25,4.13,0.00,0.00,0.0311,5.9689,1936.74,0.00,0,0,0.00,0.00,0,0
479851,0.00,0.00,94.57,0.00,0.00,6.19,3.09,0.00,0.00,0.0311,5.9689,1948.49,0.00,0,0,0.00,0.00,0,0
480051,0.00,0.00,70.93,0.00,0.00,4.64,2.32,0.00,0.00,0.0311,5.9689,1953.30,0.00,0,0,0.00,0.00,0,0
480251,0.00,0.00,53.20,0.00,0.00,3.48,1.74,0.00,0.00,0.0311,5.9689,1955.27,0.00,0,0,0.00,0.00,0,0
480451,0.00,0.00,89.90,200.00,0.00,5.88,2.94,0.00,0.00,0.0311,5.9689,1921.20,0.00,0,0,0.00,0.00,0,0
480651,0.00,0.00,117.42,200.00,0.00,7.69,3.84,0.00,0.00,0.0311,5.9689,1935.72,0.00,0,0,0.00,0.00,0,0
480851,0.00,0.00,113.07,100.00,0.00,7.40,3.70,0.00,0.00,0.0311,5.9689,1913.19,0.00,0,0,0.00,0.00,0,0
481051,0.00,0.00,109.80,100.00,0.00,7.19,3.59,0.00,0.00,0.0311,5.9689,1924.44,0.00,0,0,0.00,0.00,0,0
481251,0.00,0.00,82.35,0.00,0.00,5.39,2.69,0.00,0.00,0.0311,5.9689,1969.05,0.00,0,0,0.00,0.00,0,0
481451,0.00,0.00,111.76,200.00,0.00,7.31,3.66,0.00,0.00,0.0311,5.9689,1966.84,0.00,0,0,0.00,0.00,0,0
481651,0.00,0.00,108.82,100.00,0.00,7.12,3.56,0.00,0.00,0.0311,5.9689,1986.42,0.00,0,0,0.00,0.00,0,0
481851,0.00,0.00,81.62,0.00,0.00,5.34,2.67,0.00,0.00,0.0311,5.9689,1973.96,0.00,0,0,0.00,0.00,0,0
482051,0.00,0.00,86.21,100.00,0.00,5.64,2.82,0.00,0.00,0.0311,5.9689,1963.73,0.00,0,0,0.00,0.00,0,0
482251,0.00,0.00,89.66,100.00,0.00,5.87,2.93,0.00,0.00,0.0311,5.9689,1959.55,0.00,0,0,0.00,0.00,0,0
482451,0.00,0.00,92.24,100.00,0.00,6.04,3.02,0.00,0.00,0.0311,5.9689,1922.95,0.00,0,0,0.00,0.00,0,0
482651,0.00,0.00,94.18,100.00,0.00,6.16,3.08,0.00,0.00,0.0311,5.9689,1936.44,0.00,0,0,0.00,0.00,0,0
482851,0.00,0.00,70.64,0.00,0.00,4.62,2.31,0.00,0.00,0.0311,5.9689,1948.37,0.00,0,0,0.00,0.00,0,0
483051,0.00,0.00,52.98,0.00,0.00,3.47,1.73,0.00,0.00,0.0311,5.9689,1953.25,0.00,0,0,0.00,0.00,0,0
483251,0.00,0.00,89.73,200.00,0.00,5.87,2.94,0.00,0.00,0.0311,5.9689,1955.25,0.00,0,0,0.00,0.00,0,0
483451,0.00,0.00,92.30,100.00,0.00,6.04,3.02,0.00,0.00,0.0311,5.9689,1956.07,0.00,0,0,0.00,0.00,0,0
483651,0.00,0.00,94.23,100.00,0.00,6.17,3.08,0.00,0.00,0.0311,5.9689,1929.53,0.00,0,0,0.00,0.00,0,0
483851,0.00,0.00,70.67,0.00,0.00,4.63,2.31,0.00,0.00,0.0311,5.9689,1945.53,0.00,0,0,0.00,0.00,0,0
484051,0.00,0.00,103.00,200.01,0.00,6.74,3.37,0.00,0.00,0.0311,5.9689,1917.21,0.00,0,0,0.00,0.00,0,0
484251,0.00,0.00,77.25,0.00,0.00,5.06,2.53,0.00,0.00,0.0311,5.9689,1900.49,0.00,0,0,0.00,0.00,0,0
484451,0.00,0.00,82.94,100.00,0.00,5.43,2.71,0.00,0.00,0.0311,5.9689,1927.24,0.00,0,0,0.00,0.00,0,0
484651,0.00,0.00,62.20,0.00,0.00,4.07,2.04,0.00,0.00,0.0311,5.9689,1909.72,0.00,0,0,0.00,0.00,0,0
484851,0.00,0.00,46.65,0.00,0.00,3.05,1.53,0.00,0.00,0.0311,5.9689,1931.02,0.00,0,0,0.00,0.00,0,0
485051,0.00,0.00,84.99,200.00,0.00,5.56,2.78,0.00,0.00,0.0311,5.9689,1946.15,0.00,0,0,0.00,0.00,0,0
485251,0.00,0.00,113.74,200.00,0.00,7.44,3.72,0.00,0.00,0.0311,5.9689,1952.34,0.00,0,0,0.00,0.00,0,0
485451,0.00,0.00,147.81,250.00,0.00,9.67,4.84,0.00,0.00,0.0311,5.9689,2012.48,0.00,0,0,0.00,0.00,175,46
485651,0.00,0.00,148.36,150.00,0.00,9.71,4.85,0.00,0.00,0.0311,5.9689,2155.19,0.00,0,0,0.00,0.00,1957,358
485851,0.00,0.00,136.27,100.00,0.00,8.92,4.46,0.00,0.00,0.0311,5.9689,2207.25,0.00,0,0,0.00,0.00,2607,1411
486051,0.00,0.00,177.20,300.00,0.00,11.60,5.80,0.00,0.00,0.0311,5.9689,2234.97,0.00,0,0,0.00,0.00,2954,2550
486251,0.00,0.00,132.90,0.00,0.00,8.70,4.35,0.00,0.00,0.0311,5.9689,2254.32,0.00,0,0,0.00,0.00,3195,2739
486451,0.00,0.00,99.67,0.00,0.00,6.52,3.26,0.00,0.00,0.0311,5.9689,2222.25,0.00,0,0,0.00,0.00,2795,2860
486651,0.00,0.00,99.76,100.00,0.00,6.53,3.26,0.00,0.00,0.0311,5.9689,2187.13,0.00,0,0,0.00,0.00,2356,2318
486851,0.00,0.00,99.82,100.00,0.00,6.53,3.27,0.00,0.00,0.0311,5.9689,2215.21,0.00,0,0,0.00,0.00,2707,2646
487051,0.00,0.00,74.86,0.00,0.00,4.90,2.45,0.00,0.00,0.0311,5.9689,2238.23,0.00,0,0,0.00,0.00,2994,2682
487251,0.00,0.00,56.15,0.00,0.00,3.67,1.84,0.00,0.00,0.0311,5.9689,2313.26,0.00,0,0,0.00,0.00,3931,2992
487451,0.00,0.00,117.11,300.00,0.00,7.66,3.83,0.00,0.00,0.0333,5.9667,2522.55,0.00,0,0,0.00,0.00,6545,3369
487651,0.00,0.00,112.83,100.00,0.00,7.38,3.69,0.00,0.00,0.0333,5.9667,2307.57,0.00,0,0,0.00,0.00,3860,3436
487851,0.00,0.00,134.62,200.00,0.00,8.81,4.41,0.00,0.00,0.0333,5.9667,2394.14,0.00,0,0,0.00,0.00,4941,3592
488051,0.00,0.00,175.97,300.00,0.00,11.52,5.76,0.00,0.00,0.0333,5.9667,2429.60,0.00,0,0,0.00,0.00,5384,4639
488251,0.00,0.00,206.98,300.00,0.00,13.55,6.77,0.00,0.00,0.0333,5.9667,2437.72,0.00,0,0,0.00,0.00,5486,5465
488451,0.00,0.00,230.23,300.00,0.00,15.07,7.53,0.00,0.00,0.0333,5.9667,2455.45,0.00,0,0,0.00,0.00,5707,5254
488651,0.00,0.00,222.67,200.00,0.00,14.57,7.29,0.00,0.00,0.0333,5.9667,2488.31,0.00,0,0,0.00,0.00,6117,5702
488851,12.50,50.00,229.51,250.00,0.82,15.02,7.92,0.00,0.00,0.0333,5.9667,2394.32,0.00,0,0,0.00,0.00,4944,5875
489051,9.38,0.00,259.63,350.00,0.61,16.99,8.80,0.00,0.00,0.0333,5.9667,2377.19,0.00,0,0,0.00,0.00,4730,4578
489251,19.53,50.00,219.72,100.00,1.28,14.38,7.83,0.00,0.00,0.0333,5.9667,2390.66,0.00,0,0,0.00,0.00,4898,4860
489451,14.65,0.00,164.79,0.00,0.96,10.79,5.87,0.00,0.00,0.0333,5.9667,2330.57,0.00,0,0,0.00,0.00,4148,4652
489651,23.49,50.00,248.59,500.00,1.54,16.27,8.90,0.00,0.00,0.0333,5.9667,2285.48,0.00,0,0,0.00,0.00,3584,3561
489851,17.61,0.00,211.45,100.00,1.15,13.84,7.50,0.00,0.00,0.0356,5.9644,2353.09,0.00,0,0,0.00,0.00,4429,3893
490051,25.71,50.00,158.58,0.00,1.68,10.38,6.03,0.00,0.00,0.0356,5.9644,2355.19,0.00,0,0,0.00,0.00,4455,4589
490251,19.28,0.00,193.94,300.00,1.26,12.69,6.98,0.00,0.00,0.0356,5.9644,2402.12,0.00,0,0,0.00,0.00,5041,4682
490451,14.46,0.00,170.45,100.00,0.95,11.16,6.05,0.00,0.00,0.0356,5.9644,2453.35,0.00,0,0,0.00,0.00,5681,5027
490651,23.35,50.00,202.84,300.00,1.53,13.28,7.40,0.00,0.00,0.0356,5.9644,2447.45,0.00,0,0,0.00,0.00,5607,5603
490851,17.51,0.00,177.13,100.00,1.15,11.59,6.37,0.00,0.00,0.0356,5.9644,2451.44,0.00,0,0,0.00,0.00,5657,5426
491051,25.63,50.00,132.85,0.00,1.68,8.69,5.19,0.00,0.00,0.0356,5.9644,2441.55,0.00,0,0,0.00,0.00,5533,5845
491251,31.72,50.00,149.64,200.00,2.08,9.79,5.93,0.00,0.00,0.0356,5.9644,2377.02,0.00,0,0,0.00,0.00,4728,5312
491451,36.29,50.00,187.23,300.00,2.38,12.25,7.31,0.00,0.00,0.0356,5.9644,2258.11,0.00,0,0,0.00,0.00,3243,4292
491651,39.72,50.00,190.42,200.00,2.60,12.46,7.53,0.00,0.00,0.0356,5.9644,2223.80,0.00,0,0,0.00,0.00,2814,2888
491851,29.79,0.00,167.82,100.00,1.95,10.98,6.47,0.00,0.00,0.0356,5.9644,2149.27,0.00,0,0,0.00,0.00,1883,2347
492051,34.84,50.00,125.86,0.00,2.28,8.24,5.26,0.00,0.00,0.0356,5.9644,2106.79,0.00,0,0,0.00,0.00,1353,1690
492251,38.63,50.00,94.40,0.00,2.53,6.18,4.35,0.00,0.00,0.0356,5.9644,2081.07,0.00,0,0,0.00,0.00,1032,1526
492451,28.97,0.00,108.30,150.00,1.90,7.09,4.49,0.00,0.00,0.0356,5.9644,2138.80,0.00,0,0,0.00,0.00,1753,627
492651,34.23,50.00,268.72,750.00,2.24,17.59,9.91,0.00,0.00,0.0356,5.9644,2522.13,0.00,0,0,0.00,0.00,6540,1687
492851,25.67,0.00,201.54,0.00,1.68,13.19,7.44,0.00,0.00,0.0356,5.9644,2738.67,0.00,0,0,0.00,0.00,9244,2047
493051,31.75,50.00,163.66,50.00,2.08,10.71,6.39,0.00,0.00,0.0356,5.9644,2682.40,0.00,0,0,0.00,0.00,8541,2933
493251,23.82,0.00,272.74,600.00,1.56,17.85,9.70,0.00,0.00,0.0356,5.9644,2561.75,0.00,0,0,0.00,0.00,7034,4763
493451,17.86,0.00,267.06,250.00,1.17,17.48,9.32,0.00,0.00,0.0356,5.9644,2381.13,0.00,0,0,0.00,0.00,4779,5971
493651,25.90,50.00,250.29,200.00,1.69,16.38,9.04,0.00,0.00,0.0356,5.9644,2136.59,0.00,0,0,0.00,0.00,2137,3864
493851,19.42,0.00,287.72,400.00,1.27,18.83,10.05,0.00,0.00,0.0356,5.9644,2015.95,0.00,0,0,0.00,0.00,219,1117
494051,27.07,50.00,290.79,300.00,1.77,19.03,10.40,0.00,0.00,0.0356,5.9644,2006.53,0.00,0,0,0.00,0.00,101,121
494251,20.30,0.00,218.09,0.00,1.33,14.27,7.80,0.00,0.00,0.0356,5.9644,1977.08,0.00,0,0,0.00,0.00,0,0
494451,15.23,0.00,263.57,400.00,1.00,17.25,9.12,0.00,0.00,0.0356,5.9644,2128.21,0.00,0,0,0.00,0.00,1621,114
494651,11.42,0.00,197.68,0.00,0.75,12.94,6.84,0.00,0.00,0.0356,5.9644,2588.84,0.00,0,0,0.00,0.00,7373,476
494851,8.56,0.00,173.26,100.00,0.56,11.34,5.95,0.00,0.00,0.0356,5.9644,2701.99,0.00,0,0,0.00,0.00,8786,910
495051,6.42,0.00,179.94,200.00,0.42,11.78,6.10,0.00,0.00,0.0356,5.9644,2641.77,0.00,0,0,0.00,0.00,8034,1782
495251,4.82,0.00,184.96,200.00,0.32,12.11,6.21,0.00,0.00,0.0356,5.9644,2519.51,0.00,0,0,0.00,0.00,6507,2883
495451,3.61,0.00,238.72,400.00,0.24,15.62,7.93,0.00,0.00,0.0356,5.9644,2443.83,0.00,0,0,0.00,0.00,5562,4722
495651,2.71,0.00,204.04,100.00,0.18,13.35,6.77,0.00,0.00,0.0356,5.9644,2299.87,0.00,0,0,0.00,0.00,3764,4678
495851,2.03,0.00,203.03,200.00,0.13,13.29,6.71,0.00,0.00,0.0356,5.9644,2175.31,0.00,0,0,0.00,0.00,2209,2902
496051,1.52,0.00,177.27,100.00,0.10,11.60,5.85,0.00,0.00,0.0356,5.9644,2132.29,0.00,0,0,0.00,0.00,1671,1738
496251,1.14,0.00,132.95,0.00,0.07,8.70,4.39,0.00,0.00,0.0356,5.9644,2054.19,0.00,0,0,0.00,0.00,696,928
496451,0.86,0.00,99.72,0.00,0.06,6.53,3.29,0.00,0.00,0.0356,5.9644,2042.67,0.00,0,0,0.00,0.00,552,862
496651,0.64,0.00,74.79,0.00,0.04,4.89,2.47,0.00,0.00,0.0356,5.9644,2017.48,0.00,0,0,0.00,0.00,238,438
496851,0.48,0.00,56.09,0.00,0.03,3.67,1.85,0.00,0.00,0.0356,5.9644,2007.16,0.00,0,0,0.00,0.00,109,132
497051,0.36,0.00,42.07,0.00,0.02,2.75,1.39,0.00,0.00,0.0356,5.9644,2002.93,0.00,0,0,0.00,0.00,56,64
497251,0.27,0.00,31.55,0.00,0.02,2.06,1.04,0.00,0.00,0.0356,5.9644,1975.60,0.00,0,0,0.00,0.00,0,0
497451,0.20,0.00,23.66,0.00,0.01,1.55,0.78,0.00,0.00,0.0356,5.9644,1990.01,0.00,0,0,0.00,0.00,0,0
497651,0.15,0.00,17.75,0.00,0.01,1.16,0.59,0.00,0.00,0.0356,5.9644,1970.31,0.00,0,0,0.00,0.00,0,0
497851,0.11,0.00,38.31,100.00,0.01,2.51,1.26,0.00,0.00,0.0356,5.9644,1947.84,0.00,0,0,0.00,0.00,0,0
498051,0.09,0.00,53.73,100.00,0.01,3.52,1.76,0.00,0.00,0.0356,5.9644,1946.63,0.00,0,0,0.00,0.00,0,0
498251,0.06,0.00,40.30,0.00,0.00,2.64,1.32,0.00,0.00,0.0356,5.9644,1946.14,0.00,0,0,0.00,0.00,0,0
498451,0.05,0.00,55.22,100.00,0.00,3.61,1.81,0.00,0.00,0.0356,5.9644,1952.34,0.00,0,0,0.00,0.00,0,0
498651,0.04,0.00,91.42,200.00,0.00,5.98,2.99,0.00,0.00,0.0356,5.9644,1954.88,0.00,0,0,0.00,0.00,0,0
498851,0.03,0.00,68.56,0.00,0.00,4.49,2.24,0.00,0.00,0.0356,5.9644,1921.04,0.00,0,0,0.00,0.00,0,0
499051,0.02,0.00,76.42,100.00,0.00,5.00,2.50,0.00,0.00,0.0356,5.9644,1935.66,0.00,0,0,0.00,0.00,0,0
499251,0.02,0.00,82.32,100.00,0.00,5.39,2.69,0.00,0.00,0.0356,5.9644,1948.05,0.00,0,0,0.00,0.00,0,0
499451,0.01,0.00,86.74,100.00,0.00,5.68,2.84,0.00,0.00,0.0356,5.9644,1953.12,0.00,0,0,0.00,0.00,0,0
499651,0.01,0.00,90.05,100.00,0.00,5.89,2.95,0.00,0.00,0.0356,5.9644,1920.32,0.00,0,0,0.00,0.00,0,0
499851,0.01,0.00,117.54,200.00,0.00,7.69,3.85,0.00,0.00,0.0356,5.9644,1935.36,0.00,0,0,0.00,0.00,0,0
500051,0.00,0.00,88.16,0.00,0.00,5.77,2.89,0.00,0.00,0.0356,5.9644,1921.04,0.00,0,0,0.00,0.00,0,0
500251,0.00,0.00,91.12,100.00,0.00,5.96,2.98,0.00,0.00,0.0356,5.9644,1907.18,0.00,0,0,0.00,0.00,0,0
500451,0.00,0.00,68.34,0.00,0.00,4.47,2.24,0.00,0.00,0.0356,5.9644,1961.98,0.00,0,0,0.00,0.00,0,0
500651,0.00,0.00,51.25,0.00,0.00,3.35,1.68,0.00,0.00,0.0356,5.9644,1958.83,0.00,0,0,0.00,0.00,0,0
500851,0.00,0.00,88.44,200.00,0.00,5.79,2.89,0.00,0.00,0.0356,5.9644,1983.14,0.00,0,0,0.00,0.00,0,0
501051,0.00,0.00,91.33,100.00,0.00,5.98,2.99,0.00,0.00,0.0356,5.9644,1953.09,0.00,0,0,0.00,0.00,0,0
501251,0.00,0.00,93.50,100.00,0.00,6.12,3.06,0.00,0.00,0.0356,5.9644,1980.79,0.00,0,0,0.00,0.00,0,0
501451,0.00,0.00,95.12,100.00,0.00,6.23,3.11,0.00,0.00,0.0356,5.9644,1992.13,0.00,0,0,0.00,0.00,0,0
501651,0.00,0.00,146.34,300.00,0.00,9.58,4.79,0.00,0.00,0.0356,5.9644,2017.26,0.00,0,0,0.00,0.00,235,185
501851,0.00,0.00,159.76,200.00,0.00,10.46,5.23,0.00,0.00,0.0356,5.9644,2007.07,0.00,0,0,0.00,0.00,108,130
502051,0.00,0.00,119.82,0.00,0.00,7.84,3.92,0.00,0.00,0.0356,5.9644,2002.90,0.00,0,0,0.00,0.00,56,65
502251,0.00,0.00,114.86,100.00,0.00,7.52,3.76,0.00,0.00,0.0356,5.9644,2041.19,0.00,0,0,0.00,0.00,534,38
502451,0.00,0.00,86.15,0.00,0.00,5.64,2.82,0.00,0.00,0.0356,5.9644,2016.87,0.00,0,0,0.00,0.00,230,280
502651,0.00,0.00,64.61,0.00,0.00,4.23,2.11,0.00,0.00,0.0356,5.9644,2006.91,0.00,0,0,0.00,0.00,106,127
502851,0.00,0.00,48.46,0.00,0.00,3.17,1.59,0.00,0.00,0.0356,5.9644,2034.83,0.00,0,0,0.00,0.00,454,102
503051,0.00,0.00,61.34,100.00,0.00,4.01,2.01,0.00,0.00,0.0356,5.9644,2017.83,0.00,0,0,0.00,0.00,242,261
503251,0.00,0.00,46.01,0.00,0.00,3.01,1.51,0.00,0.00,0.0356,5.9644,1846.27,0.00,0,0,0.00,0.00,0,0
503451,0.00,0.00,59.51,100.00,0.00,3.89,1.95,0.00,0.00,0.0356,5.9644,1937.03,0.00,0,0,0.00,0.00,0,0
503651,0.00,0.00,44.63,0.00,0.00,2.92,1.46,0.00,0.00,0.0356,5.9644,2014.21,0.00,0,0,0.00,0.00,197,0
503851,0.00,0.00,33.47,0.00,0.00,2.19,1.10,0.00,0.00,0.0356,5.9644,2005.82,0.00,0,0,0.00,0.00,92,110
504051,0.00,0.00,50.10,100.00,0.00,3.28,1.64,0.00,0.00,0.0356,5.9644,2027.98,0.00,0,0,0.00,0.00,369,192
504251,0.00,0.00,37.58,0.00,0.00,2.46,1.23,0.00,0.00,0.0356,5.9644,2011.46,0.00,0,0,0.00,0.00,163,199
504451,0.00,0.00,28.18,0.00,0.00,1.84,0.92,0.00,0.00,0.0356,5.9644,2030.29,0.00,0,0,0.00,0.00,398,250
504651,0.00,0.00,21.14,0.00,0.00,1.38,0.69,0.00,0.00,0.0356,5.9644,2044.41,0.00,0,0,0.00,0.00,574,315
504851,0.00,0.00,15.85,0.00,0.00,1.04,0.52,0.00,0.00,0.0356,5.9644,2059.12,0.00,0,0,0.00,0.00,758,432
505051,0.00,0.00,11.89,0.00,0.00,0.78,0.39,0.00,0.00,0.0356,5.9644,2044.69,0.00,0,0,0.00,0.00,578,717
505251,0.00,0.00,8.92,0.00,0.00,0.58,0.29,0.00,0.00,0.0356,5.9644,2058.31,0.00,0,0,0.00,0.00,748,306
505451,0.00,0.00,6.69,0.00,0.00,0.44,0.22,0.00,0.00,0.0356,5.9644,2023.88,0.00,0,0,0.00,0.00,318,395
505651,0.00,0.00,30.02,100.00,0.00,1.96,0.98,0.00,0.00,0.0356,5.9644,2030.26,0.00,0,0,0.00,0.00,397,492
505851,0.00,0.00,97.51,300.00,0.00,6.38,3.19,0.00,0.00,0.0356,5.9644,2044.40,0.00,0,0,0.00,0.00,574,284
506051,0.00,0.00,73.13,0.00,0.00,4.79,2.39,0.00,0.00,0.0356,5.9644,2050.13,0.00,0,0,0.00,0.00,646,506
506251,0.00,0.00,79.85,100.00,0.00,5.23,2.61,0.00,0.00,0.0356,5.9644,2020.53,0.00,0,0,0.00,0.00,276,426
506451,0.00,0.00,59.89,0.00,0.00,3.92,1.96,0.00,0.00,0.0356,5.9644,2028.89,0.00,0,0,0.00,0.00,380,470
506651,0.00,0.00,69.92,100.00,0.00,4.58,2.29,0.00,0.00,0.0356,5.9644,2037.43,0.00,0,0,0.00,0.00,487,398
506851,0.00,0.00,52.44,0.00,0.00,3.43,1.72,0.00,0.00,0.0356,5.9644,2047.33,0.00,0,0,0.00,0.00,611,342
507051,0.00,0.00,64.33,100.00,0.00,4.21,2.11,0.00,0.00,0.0356,5.9644,3619.39,0.00,0,0,0.00,0.00,20000,495
507251,0.00,0.00,48.25,0.00,0.00,3.16,1.58,0.00,0.00,0.0356,5.9644,2678.58,0.00,0,0,0.00,0.00,8493,1126
507451,0.00,0.00,61.18,100.00,0.00,4.00,2.00,0.00,0.00,0.0356,5.9644,2277.95,0.00,0,0,0.00,0.00,3490,2790
507651,0.00,0.00,95.89,200.00,0.00,6.28,3.14,0.00,0.00,0.0356,5.9644,2134.33,0.00,0,0,0.00,0.00,1697,3220
507851,0.00,0.00,146.92,300.00,0.00,9.62,4.81,0.00,0.00,0.0356,5.9644,2080.62,0.00,0,0,0.00,0.00,1026,1479
508051,0.00,0.00,185.19,300.00,0.00,12.12,6.06,0.00,0.00,0.0356,5.9644,2073.02,0.00,0,0,0.00,0.00,931,550
508251,0.00,0.00,163.89,100.00,0.00,10.73,5.36,0.00,0.00,0.0356,5.9644,2029.91,0.00,0,0,0.00,0.00,393,490
508451,0.00,0.00,122.92,0.00,0.00,8.04,4.02,0.00,0.00,0.0356,5.9644,2032.73,0.00,0,0,0.00,0.00,428,530
508651,0.00,0.00,92.19,0.00,0.00,6.03,3.02,0.00,0.00,0.0356,5.9644,2078.81,0.00,0,0,0.00,0.00,1004,495
508851,0.00,0.00,69.14,0.00,0.00,4.53,2.26,0.00,0.00,0.0356,5.9644,2057.88,0.00,0,0,0.00,0.00,742,907
509051,0.00,0.00,76.86,100.00,0.00,5.03,2.52,0.00,0.00,0.0356,5.9644,2063.71,0.00,0,0,0.00,0.00,815,416
509251,0.00,0.00,57.64,0.00,0.00,3.77,1.89,0.00,0.00,0.0356,5.9644,2066.09,0.00,0,0,0.00,0.00,845,435
509451,0.00,0.00,43.23,0.00,0.00,2.83,1.41,0.00,0.00,0.0356,5.9644,2059.07,0.00,0,0,0.00,0.00,757,594
509651,0.00,0.00,32.42,0.00,0.00,2.12,1.06,0.00,0.00,0.0356,5.9644,2056.20,0.00,0,0,0.00,0.00,721,826
509851,0.00,0.00,24.32,0.00,0.00,1.59,0.80,0.00,0.00,0.0356,5.9644,2039.86,0.00,0,0,0.00,0.00,517,1002
510051,0.00,0.00,18.24,0.00,0.00,1.19,0.60,0.00,0.00,0.0356,5.9644,2047.10,0.00,0,0,0.00,0.00,608,335
510251,0.00,0.00,13.68,0.00,0.00,0.90,0.45,0.00,0.00,0.0356,5.9644,2059.29,0.00,0,0,0.00,0.00,760,462
510451,0.00,0.00,35.26,100.00,0.00,2.31,1.15,0.00,0.00,0.0356,5.9644,2056.29,0.00,0,0,0.00,0.00,722,550
510651,0.00,0.00,26.44,0.00,0.00,1.73,0.87,0.00,0.00,0.0356,5.9644,1639.05,0.00,0,0,0.00,0.00,0,772
510851,0.00,0.00,44.83,100.00,0.00,2.93,1.47,0.00,0.00,0.0356,5.9644,1921.94,0.00,0,0,0.00,0.00,0,3
511051,0.00,0.00,33.62,0.00,0.00,2.20,1.10,0.00,0.00,0.0356,5.9644,2000.03,0.00,0,0,0.00,0.00,20,20
511251,0.00,0.00,25.22,0.00,0.00,1.65,0.83,0.00,0.00,0.0356,5.9644,2032.01,0.00,0,0,0.00,0.00,419,63
511451,0.00,0.00,18.91,0.00,0.00,1.24,0.62,0.00,0.00,0.0356,5.9644,2016.39,0.00,0,0,0.00,0.00,224,267
511651,0.00,0.00,39.19,100.00,0.00,2.56,1.28,0.00,0.00,0.0356,5.9644,2046.96,0.00,0,0,0.00,0.00,606,393
511851,0.00,0.00,79.39,200.00,0.00,5.20,2.60,0.00,0.00,0.0356,5.9644,2079.71,0.00,0,0,0.00,0.00,1015,808
512051,0.00,0.00,84.54,100.00,0.00,5.53,2.77,0.00,0.00,0.0356,5.9644,2098.25,0.00,0,0,0.00,0.00,1246,928
512251,0.00,0.00,113.41,200.00,0.00,7.42,3.71,0.00,0.00,0.0356,5.9644,2065.84,0.00,0,0,0.00,0.00,842,1047
512451,0.00,0.00,110.05,100.00,0.00,7.20,3.60,0.00,0.00,0.0356,5.9644,2174.07,0.00,0,0,0.00,0.00,2193,905
512651,0.00,0.00,82.54,0.00,0.00,5.40,2.70,0.00,0.00,0.0356,5.9644,2103.30,0.00,0,0,0.00,0.00,1309,1454
512851,0.00,0.00,61.91,0.00,0.00,4.05,2.03,0.00,0.00,0.0356,5.9644,1803.08,0.00,0,0,0.00,0.00,0,1007
513051,0.00,0.00,121.43,300.00,0.00,7.95,3.97,0.00,0.00,0.0356,5.9644,1944.94,0.00,0,0,0.00,0.00,0,0
513251,0.00,0.00,91.07,0.00,0.00,5.96,2.98,0.00,0.00,0.0356,5.9644,2037.93,0.00,0,0,0.00,0.00,493,0
513451,0.00,0.00,80.80,50.00,0.00,5.29,2.64,0.00,0.00,0.0356,5.9644,2047.54,0.00,0,0,0.00,0.00,613,271
513651,0.00,0.00,98.10,150.00,0.00,6.42,3.21,0.00,0.00,0.0356,5.9644,2079.95,0.00,0,0,0.00,0.00,1018,641
513851,0.00,0.00,98.58,100.00,0.00,6.45,3.23,0.00,0.00,0.0356,5.9644,2058.35,0.00,0,0,0.00,0.00,748,930
514051,0.00,0.00,73.93,0.00,0.00,4.84,2.42,0.00,0.00,0.0356,5.9644,2084.38,0.00,0,0,0.00,0.00,1073,860
514251,0.00,0.00,55.45,0.00,0.00,3.63,1.81,0.00,0.00,0.0356,5.9644,2065.72,0.00,0,0,0.00,0.00,840,939
514451,0.00,0.00,116.59,300.00,0.00,7.63,3.82,0.00,0.00,0.0356,5.9644,2092.52,0.00,0,0,0.00,0.00,1175,809
514651,0.00,0.00,87.44,0.00,0.00,5.72,2.86,0.00,0.00,0.0356,5.9644,2069.90,0.00,0,0,0.00,0.00,892,710
514851,0.00,0.00,115.58,200.00,0.00,7.56,3.78,0.00,0.00,0.0356,5.9644,2089.11,0.00,0,0,0.00,0.00,1132,850
515051,0.00,0.00,86.69,0.00,0.00,5.67,2.84,0.00,0.00,0.0356,5.9644,2062.10,0.00,0,0,0.00,0.00,795,989
515251,0.00,0.00,65.01,0.00,0.00,4.26,2.13,0.00,0.00,0.0356,5.9644,2045.92,0.00,0,0,0.00,0.00,593,894
515451,0.00,0.00,48.76,0.00,0.00,3.19,1.60,0.00,0.00,0.0356,5.9644,2079.29,0.00,0,0,0.00,0.00,1010,628
515651,0.00,0.00,36.57,0.00,0.00,2.39,1.20,0.00,0.00,0.0356,5.9644,2058.08,0.00,0,0,0.00,0.00,745,926
515851,0.00,0.00,27.43,0.00,0.00,1.80,0.90,0.00,0.00,0.0356,5.9644,2084.27,0.00,0,0,0.00,0.00,1072,912
516051,0.00,0.00,20.57,0.00,0.00,1.35,0.67,0.00,0.00,0.0356,5.9644,2060.12,0.00,0,0,0.00,0.00,770,1206
516251,0.00,0.00,15.43,0.00,0.00,1.01,0.50,0.00,0.00,0.0356,5.9644,1746.07,0.00,0,0,0.00,0.00,0,1038
516451,0.00,0.00,11.57,0.00,0.00,0.76,0.38,0.00,0.00,0.0356,5.9644,1921.59,0.00,0,0,0.00,0.00,0,0
516651,0.00,0.00,8.68,0.00,0.00,0.57,0.28,0.00,0.00,0.0356,5.9644,2028.36,0.00,0,0,0.00,0.00,374,0
516851,0.00,0.00,6.51,0.00,0.00,0.43,0.21,0.00,0.00,0.0356,5.9644,2043.62,0.00,0,0,0.00,0.00,564,272
517051,0.00,0.00,29.88,100.00,0.00,1.96,0.98,0.00,0.00,0.0356,5.9644,2043.47,0.00,0,0,0.00,0.00,562,603
517251,0.00,0.00,22.41,0.00,0.00,1.47,0.73,0.00,0.00,0.0356,5.9644,2038.28,0.00,0,0,0.00,0.00,498,798
517451,0.00,0.00,41.81,100.00,0.00,2.74,1.37,0.00,0.00,0.0356,5.9644,2058.46,0.00,0,0,0.00,0.00,750,500
517651,0.00,0.00,31.36,0.00,0.00,2.05,1.03,0.00,0.00,0.0356,5.9644,2049.55,0.00,0,0,0.00,0.00,638,743
517851,0.00,0.00,23.52,0.00,0.00,1.54,0.77,0.00,0.00,0.0356,5.9644,2080.77,0.00,0,0,0.00,0.00,1028,1117
518051,0.00,0.00,17.64,0.00,0.00,1.15,0.58,0.00,0.00,0.0356,5.9644,2133.45,0.00,0,0,0.00,0.00,1686,1238
518251,0.00,0.00,13.23,0.00,0.00,0.87,0.43,0.00,0.00,0.0356,5.9644,2093.93,0.00,0,0,0.00,0.00,1192,1675
518451,0.00,0.00,34.92,100.00,0.00,2.29,1.14,0.00,0.00,0.0356,5.9644,2066.02,0.00,0,0,0.00,0.00,844,1170
518651,0.00,0.00,26.19,0.00,0.00,1.71,0.86,0.00,0.00,0.0356,5.9644,2087.52,0.00,0,0,0.00,0.00,1112,882
518851,0.00,0.00,19.64,0.00,0.00,1.29,0.64,0.00,0.00,0.0356,5.9644,2067.85,0.00,0,0,0.00,0.00,867,682
519051,0.00,0.00,14.73,0.00,0.00,0.96,0.48,0.00,0.00,0.0356,5.9644,2053.39,0.00,0,0,0.00,0.00,686,849
519251,0.00,0.00,11.05,0.00,0.00,0.72,0.36,0.00,0.00,0.0356,5.9644,2074.35,0.00,0,0,0.00,0.00,948,917
519451,0.00,0.00,33.29,100.00,0.00,2.18,1.09,0.00,0.00,0.0356,5.9644,2148.53,0.00,0,0,0.00,0.00,1874,1428
519651,0.00,0.00,74.97,200.00,0.00,4.91,2.45,0.00,0.00,0.0378,5.9622,2257.00,0.00,0,0,0.00,0.00,3229,1990
519851,0.00,0.00,56.22,0.00,0.00,3.68,1.84,0.00,0.00,0.0378,5.9622,2341.43,0.00,0,0,0.00,0.00,4283,3215
520051,0.00,0.00,117.17,300.00,0.00,7.67,3.83,0.00,0.00,0.0378,5.9622,2315.53,0.00,0,0,0.00,0.00,3960,4120
520251,0.00,0.00,162.88,300.00,0.00,10.66,5.33,0.00,0.00,0.0378,5.9622,2333.40,0.00,0,0,0.00,0.00,4183,4278
520451,0.00,0.00,197.16,300.00,0.00,12.90,6.45,0.00,0.00,0.0378,5.9622,3320.70,0.00,0,0,0.00,0.00,16512,4445
520651,0.00,0.00,222.87,300.00,0.00,14.59,7.29,0.00,0.00,0.0378,5.9622,2777.12,0.00,0,0,0.00,0.00,9724,5010
520851,0.00,0.00,254.65,350.00,0.00,16.67,8.33,0.00,0.00,0.0378,5.9622,2586.47,0.00,0,0,0.00,0.00,7343,5726
521051,12.50,50.00,303.49,450.00,0.82,19.86,10.34,0.00,0.00,0.0378,5.9622,2496.86,0.00,0,0,0.00,0.00,6224,6826
521251,21.88,50.00,277.62,200.00,1.43,18.17,9.80,0.00,0.00,0.0378,5.9622,2150.55,0.00,0,0,0.00,0.00,4754,6453
521451,16.41,0.00,283.21,300.00,1.07,18.54,9.80,0.00,0.00,0.0378,5.9622,2625.51,0.00,0,0,0.00,0.00,7831,4500
521651,24.80,50.00,212.41,0.00,1.62,13.90,7.76,0.00,0.00,0.0378,5.9622,2996.69,0.00,0,0,0.00,0.00,12466,4798
521851,31.10,50.00,159.31,0.00,2.04,10.43,6.23,0.00,0.00,0.0378,5.9622,3142.32,0.00,0,0,0.00,0.00,14284,5063
522051,35.83,50.00,119.48,0.00,2.34,7.82,5.08,0.00,0.00,0.0378,5.9622,3176.38,0.00,0,0,0.00,0.00,14709,5253
522251,51.87,100.00,89.61,0.00,3.39,5.86,4.63,0.00,0.00,0.0378,5.9622,2960.24,0.00,0,0,0.00,0.00,12011,6425
522451,51.40,50.00,92.21,100.00,3.36,6.03,4.70,0.00,0.00,0.0378,5.9622,2592.36,0.00,0,0,0.00,0.00,7417,7907
522651,63.55,100.00,144.16,300.00,4.16,9.43,6.80,0.00,0.00,0.0378,5.9622,2595.91,0.00,0,0,0.00,0.00,7461,7152
522851,72.66,100.00,108.12,0.00,4.76,7.08,5.92,0.00,0.00,0.0378,5.9622,2854.00,0.00,0,0,0.00,0.00,10684,6827
523051,79.50,100.00,118.59,150.00,5.20,7.76,6.48,0.00,0.00,0.0378,5.9622,3005.80,0.00,0,0,0.00,0.00,12579,8096
523251,97.12,150.00,126.44,150.00,6.36,8.28,7.32,0.00,0.00,0.0378,5.9622,3094.86,0.00,0,0,0.00,0.00,13692,10046
523451,110.34,150.00,169.83,300.00,7.22,11.12,9.17,0.00,0.00,0.0378,5.9622,3091.33,0.00,0,0,0.00,0.00,13648,12273
523651,120.26,150.00,152.37,100.00,7.87,9.97,8.92,0.00,0.00,0.0378,5.9622,3103.01,0.00,0,0,0.00,0.00,13793,13332
523851,127.69,150.00,114.28,0.00,8.36,7.48,7.92,0.00,0.00,0.0378,5.9622,3139.79,0.00,0,0,0.00,0.00,14253,13932
524051,145.77,200.00,160.71,300.00,9.54,10.52,10.03,0.00,0.00,0.0378,5.9622,3235.82,0.00,0,0,0.00,0.00,15452,14508
524251,146.83,150.00,120.53,0.00,9.61,7.89,8.75,0.00,0.00,0.0378,5.9622,3312.27,0.00,0,0,0.00,0.00,16406,14992
524451,160.12,200.00,165.40,300.00,10.48,10.83,10.65,0.00,0.00,0.0378,5.9622,3396.07,0.00,0,0,0.00,0.00,17453,16278
524651,182.59,250.00,174.05,200.00,11.95,11.39,11.67,0.00,0.00,0.0378,5.9622,3372.79,0.00,0,0,0.00,0.00,18068,17323
524851,186.94,200.00,155.54,100.00,12.24,10.18,11.21,0.00,0.00,0.0378,5.9622,3363.25,0.00,0,0,0.00,0.00,18725,17999
525051,202.71,250.00,141.65,100.00,13.27,9.27,11.27,0.00,0.00,0.0378,5.9622,3324.47,0.00,0,0,0.00,0.00,19655,19007
525251,202.03,200.00,106.24,0.00,13.22,6.95,10.09,0.00,0.00,0.0378,5.9622,3316.58,0.00,0,0,0.00,0.00,20285,19652
525451,214.02,250.00,79.68,0.00,14.01,5.22,9.61,0.00,0.00,0.0378,5.9622,3279.75,0.00,0,0,0.00,0.00,21159,20600
525651,223.02,250.00,59.76,0.00,14.60,3.91,9.25,0.00,0.00,0.0378,5.9622,3258.27,0.00,0,0,0.00,0.00,21733,21217
525851,229.76,250.00,44.82,0.00,15.04,2.93,8.99,0.00,0.00,0.0378,5.9622,3191.87,0.00,0,0,0.00,0.00,22462,22079
526051,247.32,300.00,33.61,0.00,16.19,2.20,9.19,0.00,0.00,0.0378,5.9622,3196.67,0.00,0,0,0.00,0.00,22833,22440
526251,247.99,250.00,25.21,0.00,16.23,1.65,8.94,0.00,0.00,0.0378,5.9622,3178.16,0.00,0,0,0.00,0.00,22980,22624
526451,260.99,300.00,18.91,0.00,17.08,1.24,9.16,0.00,0.00,0.0378,5.9622,3191.05,0.00,0,0,0.00,0.00,23488,23106
526651,258.25,250.00,39.18,100.00,16.90,2.56,9.73,0.00,0.00,0.0378,5.9622,3196.34,0.00,0,0,0.00,0.00,24262,23870
526851,268.68,300.00,29.39,0.00,17.59,1.92,9.75,0.00,0.00,0.0378,5.9622,3172.90,0.00,0,0,0.00,0.00,24688,24343
527051,276.51,300.00,22.04,0.00,18.10,1.44,9.77,0.00,0.00,0.0378,5.9622,3136.42,0.00,0,0,0.00,0.00,25245,24973
527251,282.38,300.00,16.53,0.00,18.48,1.08,9.78,0.00,0.00,0.0378,5.9622,3087.88,0.00,0,0,0.00,0.00,25649,25474
527451,286.79,300.00,12.40,0.00,18.77,0.81,9.79,0.00,0.00,0.0378,5.9622,3035.99,0.00,0,0,0.00,0.00,25869,25798
527651,290.09,300.00,9.30,0.00,18.99,0.61,9.80,0.00,0.00,0.0378,5.9622,3014.74,0.00,0,0,0.00,0.00,26001,25972
527851,292.57,300.00,6.97,0.00,19.15,0.46,9.80,0.00,0.00,0.0378,5.9622,3026.52,0.00,0,0,0.00,0.00,26197,26144
528051,294.43,300.00,5.23,0.00,19.27,0.34,9.81,0.00,0.00,0.0378,5.9622,3039.43,0.00,0,0,0.00,0.00,26336,26258
528251,295.82,300.00,3.92,0.00,19.36,0.26,9.81,0.00,0.00,0.0378,5.9622,3016.15,0.00,0,0,0.00,0.00,26439,26407
528451,309.36,350.00,2.94,0.00,20.25,0.19,10.22,0.00,0.00,0.0378,5.9622,3038.62,0.00,0,0,0.00,0.00,26620,26543
528651,307.02,300.00,2.21,0.00,20.09,0.14,10.12,0.00,0.00,0.0378,5.9622,3041.42,0.00,0,0,0.00,0.00,26914,26832
528851,305.27,300.00,1.65,0.00,19.98,0.11,10.04,0.00,0.00,0.0378,5.9622,3048.96,0.00,0,0,0.00,0.00,27131,27034
529051,316.45,350.00,1.24,0.00,20.71,0.08,10.40,0.00,0.00,0.0378,5.9622,3020.06,0.00,0,0,0.00,0.00,27292,27252
529251,312.34,300.00,0.93,0.00,20.44,0.06,10.25,0.00,0.00,0.0378,5.9622,3008.22,0.00,0,0,0.00,0.00,27373,27357
529451,321.75,350.00,0.70,0.00,21.06,0.05,10.55,0.00,0.00,0.0378,5.9622,3043.36,0.00,0,0,0.00,0.00,27491,27405
529651,328.82,350.00,0.52,0.00,21.52,0.03,10.78,0.00,0.00,0.0378,5.9622,3017.76,0.00,0,0,0.00,0.00,27632,27597
529851,321.61,300.00,0.39,0.00,21.05,0.03,10.54,0.00,0.00,0.0378,5.9622,3047.28,0.00,0,0,0.00,0.00,27788,27694
530051,328.71,350.00,0.29,0.00,21.51,0.02,10.77,0.00,0.00,0.0378,5.9622,3019.36,0.00,0,0,0.00,0.00,27934,27896
530251,334.03,350.00,0.22,0.00,21.86,0.01,10.94,0.00,0.00,0.0378,5.9622,3007.93,0.00,0,0,0.00,0.00,28023,28008
530451,325.52,300.00,0.17,0.00,21.31,0.01,10.66,0.00,0.00,0.0378,5.9622,3008.37,0.00,0,0,0.00,0.00,28017,28001
530651,331.64,350.00,0.12,0.00,21.71,0.01,10.86,0.00,0.00,0.0378,5.9622,3037.09,0.00,0,0,0.00,0.00,28157,28083
530851,336.23,350.00,0.09,0.00,22.01,0.01,11.01,0.00,0.00,0.0378,5.9622,3015.19,0.00,0,0,0.00,0.00,28305,28275
531051,339.67,350.00,0.07,0.00,22.23,0.00,11.12,0.00,0.00,0.0378,5.9622,3006.22,0.00,0,0,0.00,0.00,28379,28367
531251,342.26,350.00,0.05,0.00,22.40,0.00,11.20,0.00,0.00,0.0378,5.9622,4103.98,0.00,0,0,0.00,0.00,30496,28289
531451,344.19,350.00,0.04,0.00,22.53,0.00,11.26,0.00,0.00,0.0378,5.9622,3477.79,0.00,0,0,0.00,0.00,29497,28542
531651,333.14,300.00,0.03,0.00,21.80,0.00,10.90,0.00,0.00,0.0378,5.9622,3145.52,1.00,0,0,0.00,0.00,0,29245
531851,337.36,350.00,0.02,0.00,22.08,0.00,11.04,0.00,0.00,0.0378,5.9622,2705.25,1.00,0,0,0.00,0.00,0,28675
532051,315.52,250.00,137.52,550.00,20.65,9.00,14.83,0.00,0.00,0.0378,5.9622,2525.03,1.00,0,0,0.00,0.00,0,24635
532251,299.14,250.00,128.14,100.00,19.58,8.39,13.98,0.00,0.00,0.0378,5.9622,2491.21,1.00,0,0,0.00,0.00,0,20463
532451,261.85,150.00,96.10,0.00,17.14,6.29,11.71,0.00,0.00,0.0378,5.9622,2437.36,1.00,0,0,0.00,0.00,0,15313
532651,233.89,150.00,97.08,100.00,15.31,6.35,10.83,0.00,0.00,0.0378,5.9622,2322.82,1.00,0,0,0.00,0.00,0,12792
532851,187.92,50.00,97.81,100.00,12.30,6.40,9.35,0.00,0.00,0.0378,5.9622,2218.31,1.00,0,0,0.00,0.00,0,7106
533051,153.44,50.00,73.36,0.00,10.04,4.80,7.42,0.00,0.00,0.0378,5.9622,2089.42,1.00,0,0,0.00,0.00,0,1728
533251,115.08,0.00,67.52,50.00,7.53,4.42,5.98,0.00,0.00,0.0378,5.9622,2036.63,1.00,0,0,0.00,0.00,0,0
533451,86.31,0.00,50.64,0.00,5.65,3.31,4.48,0.00,0.00,0.0378,5.9622,2015.00,1.00,0,0,0.00,0.00,0,0
533651,64.73,0.00,37.98,0.00,4.24,2.49,3.36,0.00,0.00,0.0378,5.9622,1980.54,1.00,0,0,0.00,0.00,0,0
533851,48.55,0.00,28.48,0.00,3.18,1.86,2.52,0.00,0.00,0.0378,5.9622,1960.03,1.00,0,0,0.00,0.00,0,0
534051,36.41,0.00,21.36,0.00,2.38,1.40,1.89,0.00,0.00,0.0378,5.9622,1983.63,1.00,0,0,0.00,0.00,0,0
534251,27.31,0.00,16.02,0.00,1.79,1.05,1.42,0.00,0.00,0.0378,5.9622,1961.29,1.00,0,0,0.00,0.00,0,0
534451,20.48,0.00,12.02,0.00,1.34,0.79,1.06,0.00,0.00,0.0378,5.9622,1944.15,0.00,0,0,0.00,0.00,0,0
534651,15.36,0.00,9.01,0.00,1.01,0.59,0.80,0.00,0.00,0.0378,5.9622,1945.12,0.00,0,0,0.00,0.00,0,0
534851,11.52,0.00,6.76,0.00,0.75,0.44,0.60,0.00,0.00,0.0378,5.9622,1951.92,0.00,0,0,0.00,0.00,0,0
535051,8.64,0.00,5.07,0.00,0.57,0.33,0.45,0.00,0.00,0.0378,5.9622,1954.71,0.00,0,0,0.00,0.00,0,0
535251,6.48,0.00,3.80,0.00,0.42,0.25,0.34,0.00,0.00,0.0378,5.9622,1949.45,0.00,0,0,0.00,0.00,0,0
535451,4.86,0.00,2.85,0.00,0.32,0.19,0.25,0.00,0.00,0.0378,5.9622,1939.29,0.00,0,0,0.00,0.00,0,0
535651,3.65,0.00,2.14,0.00,0.24,0.14,0.19,0.00,0.00,0.0378,5.9622,1975.14,0.00,0,0,0.00,0.00,0,0
535851,2.73,0.00,1.60,0.00,0.18,0.10,0.14,0.00,0.00,0.0378,5.9622,1969.34,0.00,0,0,0.00,0.00,0,0
536051,2.05,0.00,1.20,0.00,0.13,0.08,0.11,0.00,0.00,0.0378,5.9622,1961.84,0.00,0,0,0.00,0.00,0,0
536251,1.54,0.00,0.90,0.00,0.10,0.06,0.08,0.00,0.00,0.0378,5.9622,1952.37,0.00,0,0,0.00,0.00,0,0
536451,1.15,0.00,0.68,0.00,0.08,0.04,0.06,0.00,0.00,0.0378,5.9622,1948.49,0.00,0,0,0.00,0.00,0,0
536651,0.87,0.00,0.51,0.00,0.06,0.03,0.04,0.00,0.00,0.0378,5.9622,1953.30,0.00,0,0,0.00,0.00,0,0
536851,0.65,0.00,0.38,0.00,0.04,0.02,0.03,0.00,0.00,0.0378,5.9622,1948.87,0.00,0,0,0.00,0.00,0,0
537051,0.49,0.00,0.29,0.00,0.03,0.02,0.03,0.00,0.00,0.0378,5.9622,1947.06,0.00,0,0,0.00,0.00,0,0
537251,0.36,0.00,0.21,0.00,0.02,0.01,0.02,0.00,0.00,0.0378,5.9622,1946.32,0.00,0,0,0.00,0.00,0,0
537451,0.27,0.00,0.16,0.00,0.02,0.01,0.01,0.00,0.00,0.0378,5.9622,1946.01,0.00,0,0,0.00,0.00,0,0
537651,0.21,0.00,25.12,100.00,0.01,1.64,0.83,0.00,0.00,0.0378,5.9622,1945.89,0.00,0,0,0.00,0.00,0,0
537851,0.15,0.00,18.84,0.00,0.01,1.23,0.62,0.00,0.00,0.0378,5.9622,1945.83,0.00,0,0,0.00,0.00,0,0
538051,0.12,0.00,14.13,0.00,0.01,0.92,0.47,0.00,0.00,0.0378,5.9622,1937.81,0.00,0,0,0.00,0.00,0,0
538251,0.09,0.00,10.60,0.00,0.01,0.69,0.35,0.00,0.00,0.0378,5.9622,1934.53,0.00,0,0,0.00,0.00,0,0
538451,0.06,0.00,7.95,0.00,0.00,0.52,0.26,0.00,0.00,0.0378,5.9622,1941.18,0.00,0,0,0.00,0.00,0,0
538651,0.05,0.00,30.96,100.00,0.00,2.03,1.01,0.00,0.00,0.0378,5.9622,1950.31,0.00,0,0,0.00,0.00,0,0
538851,0.04,0.00,23.22,0.00,0.00,1.52,0.76,0.00,0.00,0.0378,5.9622,1954.05,0.00,0,0,0.00,0.00,0,0
539051,0.03,0.00,17.42,0.00,0.00,1.14,0.57,0.00,0.00,0.0378,5.9622,1941.18,0.00,0,0,0.00,0.00,0,0
539251,0.02,0.00,13.06,0.00,0.00,0.85,0.43,0.00,0.00,0.0378,5.9622,1975.91,0.00,0,0,0.00,0.00,0,0
539451,0.02,0.00,9.80,0.00,0.00,0.64,0.32,0.00,0.00,0.0378,5.9622,1990.13,0.00,0,0,0.00,0.00,0,0
539651,0.01,0.00,32.35,100.00,0.00,2.12,1.06,0.00,0.00,0.0378,5.9622,1995.96,0.00,0,0,0.00,0.00,0,0
539851,0.01,0.00,24.26,0.00,0.00,1.59,0.79,0.00,0.00,0.0378,5.9622,1966.34,0.00,0,0,0.00,0.00,0,0
540051,0.01,0.00,18.20,0.00,0.00,1.19,0.60,0.00,0.00,0.0378,5.9622,1986.21,0.00,0,0,0.00,0.00,0,0
540251,0.00,0.00,13.65,0.00,0.00,0.89,0.45,0.00,0.00,0.0378,5.9622,1968.75,0.00,0,0,0.00,0.00,0,0
540451,0.00,0.00,10.23,0.00,0.00,0.67,0.34,0.00,0.00,0.0378,5.9622,1966.72,0.00,0,0,0.00,0.00,0,0
540651,0.00,0.00,32.68,100.00,0.00,2.14,1.07,0.00,0.00,0.0378,5.9622,1965.89,0.00,0,0,0.00,0.00,0,0
540851,0.00,0.00,49.51,100.00,0.00,3.24,1.62,0.00,0.00,0.0378,5.9622,1965.55,0.00,0,0,0.00,0.00,0,0
541051,0.00,0.00,37.13,0.00,0.00,2.43,1.22,0.00,0.00,0.0378,5.9622,1953.89,0.00,0,0,0.00,0.00,0,0
541251,0.00,0.00,27.85,0.00,0.00,1.82,0.91,0.00,0.00,0.0378,5.9622,1941.11,0.00,0,0,0.00,0.00,0,0
541451,0.00,0.00,20.89,0.00,0.00,1.37,0.68,0.00,0.00,0.0378,5.9622,1975.88,0.00,0,0,0.00,0.00,0,0
541651,0.00,0.00,15.66,0.00,0.00,1.03,0.51,0.00,0.00,0.0378,5.9622,1964.52,0.00,0,0,0.00,0.00,0,0
541851,0.00,0.00,11.75,0.00,0.00,0.77,0.38,0.00,0.00,0.0378,5.9622,1959.87,0.00,0,0,0.00,0.00,0,0
542051,0.00,0.00,8.81,0.00,0.00,0.58,0.29,0.00,0.00,0.0378,5.9622,1963.08,0.00,0,0,0.00,0.00,0,0
542251,0.00,0.00,31.61,100.00,0.00,2.07,1.03,0.00,0.00,0.0378,5.9622,1959.28,0.00,0,0,0.00,0.00,0,0
542451,0.00,0.00,23.71,0.00,0.00,1.55,0.78,0.00,0.00,0.0378,5.9622,1962.84,0.00,0,0,0.00,0.00,0,0
542651,0.00,0.00,17.78,0.00,0.00,1.16,0.58,0.00,0.00,0.0378,5.9622,1952.78,0.00,0,0,0.00,0.00,0,0
542851,0.00,0.00,13.33,0.00,0.00,0.87,0.44,0.00,0.00,0.0378,5.9622,1980.66,0.00,0,0,0.00,0.00,0,0
543051,0.00,0.00,35.00,100.00,0.00,2.29,1.15,0.00,0.00,0.0378,5.9622,1966.48,0.00,0,0,0.00,0.00,0,0
543251,0.00,0.00,26.25,0.00,0.00,1.72,0.86,0.00,0.00,0.0378,5.9622,1960.67,0.00,0,0,0.00,0.00,0,0
543451,0.00,0.00,44.69,100.00,0.00,2.92,1.46,0.00,0.00,0.0378,5.9622,1951.89,0.00,0,0,0.00,0.00,0,0
543651,0.00,0.00,83.52,200.00,0.00,5.47,2.73,0.00,0.00,0.0378,5.9622,1980.29,0.00,0,0,0.00,0.00,0,0
543851,0.00,0.00,87.64,100.00,0.00,5.74,2.87,0.00,0.00,0.0378,5.9622,2023.93,0.00,0,0,0.00,0.00,318,44
544051,0.00,0.00,90.73,100.00,0.00,5.94,2.97,0.00,0.00,0.0378,5.9622,2102.28,0.00,0,0,0.00,0.00,1297,356
544251,0.00,0.00,118.05,200.00,0.00,7.73,3.86,0.00,0.00,0.0378,5.9622,2220.45,0.00,0,0,0.00,0.00,2772,1373
544451,0.00,0.00,138.53,200.00,0.00,9.07,4.53,0.00,0.00,0.0378,5.9622,2233.98,0.00,0,0,0.00,0.00,2941,2330
544651,0.00,0.00,103.90,0.00,0.00,6.80,3.40,0.00,0.00,0.0378,5.9622,2266.40,0.00,0,0,0.00,0.00,3346,3192
544851,0.00,0.00,102.93,100.00,0.00,6.74,3.37,0.00,0.00,0.0378,5.9622,2277.08,0.00,0,0,0.00,0.00,3480,3393
545051,0.00,0.00,102.19,100.00,0.00,6.69,3.34,0.00,0.00,0.0378,5.9622,2311.02,0.00,0,0,0.00,0.00,3903,3353
545251,0.00,0.00,101.65,100.00,0.00,6.65,3.33,0.00,0.00,0.0378,5.9622,2456.03,0.00,0,0,0.00,0.00,5714,3621
545451,0.00,0.00,151.23,300.00,0.00,9.90,4.95,0.00,0.00,0.0378,5.9622,2515.43,0.00,0,0,0.00,0.00,6456,4859
545651,0.00,0.00,113.43,0.00,0.00,7.42,3.71,0.00,0.00,0.0378,5.9622,2467.76,0.00,0,0,0.00,0.00,5861,5230
545851,0.00,0.00,110.07,100.00,0.00,7.20,3.60,0.00,0.00,0.0378,5.9622,2448.24,0.00,0,0,0.00,0.00,5617,5751
546051,12.50,50.00,195.05,450.00,0.82,12.77,6.79,0.00,0.00,0.0378,5.9622,2130.63,0.00,0,0,0.00,0.00,3436,5175
546251,9.38,0.00,208.79,250.00,0.61,13.67,7.14,0.00,0.00,0.0378,5.9622,2415.75,0.00,0,0,0.00,0.00,5211,3816
546451,19.53,50.00,306.59,600.00,1.28,20.07,10.67,0.00,0.00,0.0378,5.9622,2524.53,0.00,0,0,0.00,0.00,6570,5118
546651,14.65,0.00,254.94,100.00,0.96,16.69,8.82,0.00,0.00,0.0378,5.9622,2476.61,0.00,0,0,0.00,0.00,5971,6186
546851,23.49,50.00,191.21,0.00,1.54,12.51,7.03,0.00,0.00,0.0378,5.9622,2414.42,0.00,0,0,0.00,0.00,5195,5952
547051,17.61,0.00,143.41,0.00,1.15,9.39,5.27,0.00,0.00,0.0378,5.9622,2308.31,0.00,0,0,0.00,0.00,3869,4666
547251,25.71,50.00,270.05,650.00,1.68,17.68,9.68,0.00,0.00,0.0378,5.9622,2178.76,0.00,0,0,0.00,0.00,2252,2985
547451,31.78,50.00,265.04,250.00,2.08,17.35,9.71,0.00,0.00,0.0378,5.9622,2159.30,0.00,0,0,0.00,0.00,2009,2208
547651,23.84,0.00,198.78,0.00,1.56,13.01,7.29,0.00,0.00,0.0378,5.9622,2097.25,0.00,0,0,0.00,0.00,1234,1571
547851,17.88,0.00,174.09,100.00,1.17,11.39,6.28,0.00,0.00,0.0378,5.9622,2065.43,0.00,0,0,0.00,0.00,837,863
548051,25.91,50.00,130.56,0.00,1.70,8.55,5.12,0.00,0.00,0.0378,5.9622,2058.80,0.00,0,0,0.00,0.00,754,603
548251,19.43,0.00,97.92,0.00,1.27,6.41,3.84,0.00,0.00,0.0378,5.9622,2024.09,0.00,0,0,0.00,0.00,320,500
548451,14.57,0.00,73.44,0.00,0.95,4.81,2.88,0.00,0.00,0.0378,5.9622,2009.87,0.00,0,0,0.00,0.00,143,174
548651,10.93,0.00,80.08,100.00,0.72,5.24,2.98,0.00,0.00,0.0378,5.9622,2004.04,0.00,0,0,0.00,0.00,70,83
548851,8.20,0.00,85.06,100.00,0.54,5.57,3.05,0.00,0.00,0.0378,5.9622,2001.66,0.00,0,0,0.00,0.00,40,44
549051,6.15,0.00,63.80,0.00,0.40,4.18,2.29,0.00,0.00,0.0378,5.9622,2000.68,0.00,0,0,0.00,0.00,28,30
549251,4.61,0.00,72.85,100.00,0.30,4.77,2.53,0.00,0.00,0.0378,5.9622,1974.68,0.00,0,0,0.00,0.00,0,0
549451,3.46,0.00,79.64,100.00,0.23,5.21,2.72,0.00,0.00,0.0378,5.9622,1949.63,0.00,0,0,0.00,0.00,0,0
549651,2.59,0.00,59.73,0.00,0.17,3.91,2.04,0.00,0.00,0.0378,5.9622,1979.37,0.00,0,0,0.00,0.00,0,0
549851,1.95,0.00,69.79,100.00,0.13,4.57,2.35,0.00,0.00,0.0378,5.9622,1959.55,0.00,0,0,0.00,0.00,0,0
550051,1.46,0.00,52.35,0.00,0.10,3.43,1.76,0.00,0.00,0.0378,5.9622,1983.43,0.00,0,0,0.00,0.00,0,0
550251,1.09,0.00,89.26,200.00,0.07,5.84,2.96,0.00,0.00,0.0378,5.9622,2090.81,0.00,0,0,0.00,0.00,1154,110
550451,0.82,0.00,66.94,0.00,0.05,4.38,2.22,0.00,0.00,0.0378,5.9622,2175.76,0.00,0,0,0.00,0.00,2214,471
550651,0.62,0.00,50.21,0.00,0.04,3.29,1.66,0.00,0.00,0.0378,5.9622,2190.07,0.00,0,0,0.00,0.00,2393,1689
550851,0.46,0.00,137.66,400.00,0.03,9.01,4.52,0.00,0.00,0.0378,5.9622,2293.53,0.00,0,0,0.00,0.00,3685,2742
551051,0.35,0.00,153.24,200.00,0.02,10.03,5.03,0.00,0.00,0.0378,5.9622,2381.99,0.00,0,0,0.00,0.00,4790,3635
551251,0.26,0.00,114.93,0.00,0.02,7.52,3.77,0.00,0.00,0.0378,5.9622,2418.22,0.00,0,0,0.00,0.00,5242,4829
551451,0.19,0.00,111.20,100.00,0.01,7.28,3.65,0.00,0.00,0.0378,5.9622,2363.40,0.00,0,0,0.00,0.00,4557,5192
551651,12.65,50.00,108.40,100.00,0.83,7.09,3.96,0.00,0.00,0.0378,5.9622,2376.96,0.00,0,0,0.00,0.00,4727,4848
551851,9.48,0.00,131.30,200.00,0.62,8.59,4.61,0.00,0.00,0.0378,5.9622,2411.04,0.00,0,0,0.00,0.00,5152,4907
552051,7.11,0.00,98.47,0.00,0.47,6.45,3.46,0.00,0.00,0.0378,5.9622,2404.52,0.00,0,0,0.00,0.00,5071,5085
552251,5.34,0.00,98.86,100.00,0.35,6.47,3.41,0.00,0.00,0.0378,5.9622,2401.85,0.00,0,0,0.00,0.00,5038,5043
552451,4.00,0.00,99.14,100.00,0.26,6.49,3.38,0.00,0.00,0.0378,5.9622,2453.24,0.00,0,0,0.00,0.00,5679,5269
552651,3.00,0.00,136.86,250.01,0.20,8.96,4.58,0.00,0.00,0.0378,5.9622,2421.81,0.00,0,0,0.00,0.00,5287,5493
552851,14.75,50.00,140.14,150.00,0.97,9.17,5.07,0.00,0.00,0.0378,5.9622,2429.41,0.00,0,0,0.00,0.00,5382,5474
553051,11.06,0.00,130.11,100.00,0.72,8.52,4.62,0.00,0.00,0.0378,5.9622,2437.65,0.00,0,0,0.00,0.00,5485,5420
553251,20.80,50.00,147.58,200.00,1.36,9.66,5.51,0.00,0.00,0.0378,5.9622,2461.32,0.00,0,0,0.00,0.00,5780,5536
553451,15.60,0.00,160.69,200.00,1.02,10.52,5.77,0.00,0.00,0.0378,5.9622,2465.12,0.00,0,0,0.00,0.00,5828,5403
553651,24.20,50.00,145.51,100.00,1.58,9.52,5.55,0.00,0.00,0.0378,5.9622,2458.67,0.00,0,0,0.00,0.00,5747,5839
553851,18.15,0.00,184.14,300.00,1.19,12.05,6.62,0.00,0.00,0.0378,5.9622,2355.33,0.00,0,0,0.00,0.00,4704,5994
554051,26.11,50.00,188.10,200.00,1.71,12.31,7.01,0.00,0.00,0.0378,5.9622,2381.70,0.00,0,0,0.00,0.00,4786,4657
554251,32.08,50.00,141.08,0.00,2.10,9.23,5.67,0.00,0.00,0.0378,5.9622,2444.99,0.00,0,0,0.00,0.00,5576,4920
554451,24.06,0.00,105.81,0.00,1.57,6.93,4.25,0.00,0.00,0.0378,5.9622,2418.43,0.00,0,0,0.00,0.00,5245,5284
554651,30.55,50.00,104.35,100.00,2.00,6.83,4.41,0.00,0.00,0.0378,5.9622,2413.07,0.00,0,0,0.00,0.00,5178,4947
554851,22.91,0.00,115.77,150.00,1.50,7.58,4.54,0.00,0.00,0.0378,5.9622,2523.43,0.00,0,0,0.00,0.00,6556,5150
555051,29.68,50.00,124.32,150.00,1.94,8.14,5.04,0.00,0.00,0.0378,5.9622,2536.64,0.00,0,0,0.00,0.00,6721,6087
555251,22.26,0.00,155.74,250.00,1.46,10.19,5.83,0.00,0.00,0.0378,5.9622,2465.85,0.00,0,0,0.00,0.00,5837,6446
555451,29.20,50.00,204.31,350.00,1.91,13.37,7.64,0.00,0.00,0.0378,5.9622,2477.21,0.00,0,0,0.00,0.00,5979,5592
555651,21.90,0.00,228.23,300.00,1.43,14.94,8.19,0.00,0.00,0.0378,5.9622,2489.23,0.00,0,0,0.00,0.00,6129,6109
555851,28.92,50.00,271.17,400.00,1.89,17.75,9.82,0.00,0.00,0.0378,5.9622,2469.34,0.00,0,0,0.00,0.00,5880,6223
556051,34.19,50.00,228.38,100.00,2.24,14.95,8.59,0.00,0.00,0.0378,5.9622,2445.95,0.00,0,0,0.00,0.00,5588,5742
556251,38.14,50.00,233.78,250.00,2.50,15.30,8.90,0.00,0.00,0.0378,5.9622,2471.30,0.00,0,0,0.00,0.00,5905,5877
556451,41.11,50.00,237.84,250.00,2.69,15.57,9.13,0.00,0.00,0.0378,5.9622,2481.69,0.00,0,0,0.00,0.00,6035,6056
556651,43.33,50.00,265.88,350.01,2.84,17.40,10.12,0.00,0.00,0.0378,5.9622,2450.01,0.00,0,0,0.00,0.00,5639,5808
556851,57.50,100.00,286.91,350.00,3.76,18.78,11.27,0.00,0.00,0.0378,5.9622,2452.48,0.00,0,0,0.00,0.00,5670,5465
557051,55.62,50.00,215.18,0.00,3.64,14.08,8.86,0.00,0.00,0.0378,5.9622,3977.98,0.00,0,0,0.00,0.00,20000,5835
557251,54.22,50.00,261.39,400.00,3.55,17.11,10.33,0.00,0.00,0.0378,5.9622,3051.36,0.00,0,0,0.00,0.00,13148,6357
557451,53.16,50.00,221.04,100.00,3.48,14.47,8.97,0.00,0.00,0.0378,5.9622,2671.92,0.00,0,0,0.00,0.00,8410,6883
557651,64.87,100.00,190.78,100.00,4.25,12.49,8.37,0.00,0.00,0.0378,5.9622,2508.87,0.00,0,0,0.00,0.00,0,7240
557851,61.15,50.00,205.59,250.00,4.00,13.46,8.73,0.00,0.00,0.0378,5.9622,2396.71,0.00,0,0,0.00,0.00,4973,5399
558051,70.87,100.00,166.69,50.00,4.64,10.91,7.77,0.00,0.00,0.0378,5.9622,2280.57,0.00,0,0,0.00,0.00,3523,3940
558251,65.65,50.00,125.02,0.00,4.30,8.18,6.24,0.00,0.00,0.0378,5.9622,2233.00,0.00,0,0,0.00,0.00,2929,3037
558451,61.74,50.00,168.76,300.00,4.04,11.05,7.54,0.00,0.00,0.0400,5.9600,2403.60,0.00,0,0,0.00,0.00,5059,3164
558651,46.30,0.00,126.57,0.00,3.03,8.28,5.66,0.00,0.00,0.0400,5.9600,2519.55,0.00,0,0,0.00,0.00,6507,3388
558851,47.23,50.00,94.93,0.00,3.09,6.21,4.65,0.00,0.00,0.0400,5.9600,2567.05,0.00,0,0,0.00,0.00,7101,3603
559051,35.42,0.00,121.20,200.00,2.32,7.93,5.13,0.00,0.00,0.0400,5.9600,2626.50,0.00,0,0,0.00,0.00,7843,4809
559251,26.57,0.00,203.40,450.00,1.74,13.31,7.53,0.00,0.00,0.0400,5.9600,2610.86,0.00,0,0,0.00,0.00,7648,6506
559451,44.92,100.00,252.55,400.00,2.94,16.53,9.73,0.00,0.00,0.0400,5.9600,2446.37,0.00,0,0,0.00,0.00,6112,7220
559651,46.19,50.00,201.91,50.00,3.02,13.22,8.12,0.00,0.00,0.0400,5.9600,2275.31,0.00,0,0,0.00,0.00,5817,7267
559851,47.14,50.00,151.43,0.00,3.09,9.91,6.50,0.00,0.00,0.0400,5.9600,2328.45,0.00,0,0,0.00,0.00,4121,4700
560051,47.86,50.00,113.58,0.00,3.13,7.43,5.28,0.00,0.00,0.0400,5.9600,2554.37,0.00,0,0,0.00,0.00,6942,4283
560251,48.39,50.00,85.18,0.00,3.17,5.58,4.37,0.00,0.00,0.0400,5.9600,2606.91,0.00,0,0,0.00,0.00,7598,5266
560451,48.80,50.00,88.89,100.00,3.19,5.82,4.51,0.00,0.00,0.0400,5.9600,2602.83,0.00,0,0,0.00,0.00,7547,6703
560651,61.60,100.00,141.66,299.99,4.03,9.27,6.65,0.00,0.00,0.0400,5.9600,2555.08,0.00,0,0,0.00,0.00,6951,6817
560851,71.20,100.00,143.75,150.00,4.66,9.41,7.03,0.00,0.00,0.0400,5.9600,2581.60,0.00,0,0,0.00,0.00,7282,7178
561051,65.90,50.00,145.31,150.00,4.31,9.51,6.91,0.00,0.00,0.0400,5.9600,2552.46,0.00,0,0,0.00,0.00,6918,7394
561251,74.42,100.00,133.98,100.00,4.87,8.77,6.82,0.00,0.00,0.0400,5.9600,2548.53,0.00,0,0,0.00,0.00,6869,7153
561451,80.82,100.00,175.49,300.00,5.29,11.49,8.39,0.00,0.00,0.0400,5.9600,2578.92,0.00,0,0,0.00,0.00,7249,7161
561651,85.61,100.00,181.62,200.00,5.60,11.89,8.75,0.00,0.00,0.0400,5.9600,2565.76,0.00,0,0,0.00,0.00,7084,6992
561851,89.21,100.00,161.21,100.00,5.84,10.55,8.20,0.00,0.00,0.0400,5.9600,2585.98,0.00,0,0,0.00,0.00,7337,7288
562051,91.91,100.00,120.91,0.00,6.02,7.91,6.96,0.00,0.00,0.0400,5.9600,2562.26,0.00,0,0,0.00,0.00,7041,7264
562251,93.93,100.00,90.68,0.00,6.15,5.94,6.04,0.00,0.00,0.0422,5.9578,2616.54,0.00,0,0,0.00,0.00,7719,7299
562451,82.95,50.00,68.01,0.00,5.43,4.45,4.94,0.00,0.00,0.0422,5.9578,2606.78,0.00,0,0,0.00,0.00,7597,7617
562651,87.21,100.00,88.51,150.00,5.71,5.79,5.75,0.00,0.00,0.0422,5.9578,2602.78,0.00,0,0,0.00,0.00,7547,7554
562851,90.41,100.00,78.88,50.00,5.92,5.16,5.54,0.00,0.00,0.0422,5.9578,2626.74,0.00,0,0,0.00,0.00,7846,7742
563051,92.81,100.00,59.16,0.00,6.07,3.87,4.97,0.00,0.00,0.0422,5.9578,2610.95,0.00,0,0,0.00,0.00,7649,7683
563251,94.60,100.00,69.37,100.00,6.19,4.54,5.37,0.00,0.00,0.0422,5.9578,2636.49,0.00,0,0,0.00,0.00,7968,7655
563451,95.95,100.00,52.03,0.00,6.28,3.41,4.84,0.00,0.00,0.0422,5.9578,2614.94,0.00,0,0,0.00,0.00,7699,7742
563651,96.97,100.00,64.02,100.00,6.35,4.19,5.27,0.00,0.00,0.0422,5.9578,2638.12,0.00,0,0,0.00,0.00,7988,7689
563851,97.72,100.00,73.02,100.00,6.40,4.78,5.59,0.00,0.00,0.0422,5.9578,2627.07,0.00,0,0,0.00,0.00,7850,7875
564051,98.29,100.00,54.76,0.00,6.43,3.58,5.01,0.00,0.00,0.0422,5.9578,2643.09,0.00,0,0,0.00,0.00,8050,7751
564251,98.72,100.00,41.07,0.00,6.46,2.69,4.57,0.00,0.00,0.0422,5.9578,2617.65,0.00,0,0,0.00,0.00,7732,7789
564451,99.04,100.00,55.80,100.00,6.48,3.65,5.07,0.00,0.00,0.0422,5.9578,2607.23,0.00,0,0,0.00,0.00,7602,7625
564651,99.28,100.00,41.85,0.00,6.50,2.74,4.62,0.00,0.00,0.0422,5.9578,2602.96,0.00,0,0,0.00,0.00,7549,7557
564851,99.46,100.00,81.39,200.00,6.51,5.33,5.92,0.00,0.00,0.0422,5.9578,2601.21,0.00,0,0,0.00,0.00,7527,7531
565051,99.59,100.00,61.04,0.00,6.52,4.00,5.26,0.00,0.00,0.0422,5.9578,2626.10,0.00,0,0,0.00,0.00,7838,7656
565251,99.70,100.00,45.78,0.00,6.53,3.00,4.76,0.00,0.00,0.0422,5.9578,2642.69,0.00,0,0,0.00,0.00,8045,7775
565451,99.77,100.00,59.34,100.00,6.53,3.88,5.21,0.00,0.00,0.0422,5.9578,2643.09,0.00,0,0,0.00,0.00,8050,8025
565651,99.83,100.00,44.50,0.00,6.53,2.91,4.72,0.00,0.00,0.0422,5.9578,2683.25,0.00,0,0,0.00,0.00,8552,8023
565851,99.87,100.00,33.38,0.00,6.54,2.18,4.36,0.00,0.00,0.0422,5.9578,2686.58,0.00,0,0,0.00,0.00,8593,8343
566051,99.90,100.00,37.53,50.00,6.54,2.46,4.50,0.00,0.00,0.0422,5.9578,2721.54,0.00,0,0,0.00,0.00,9030,8781
566251,112.43,150.00,90.65,250.00,7.36,5.93,6.65,0.00,0.00,0.0422,5.9578,2742.26,0.00,0,0,0.00,0.00,9289,8910
566451,109.32,100.00,142.99,300.00,7.16,9.36,8.26,0.00,0.00,0.0422,5.9578,2744.35,0.00,0,0,0.00,0.00,9315,9479
566651,106.99,100.00,157.24,200.00,7.00,10.29,8.65,0.00,0.00,0.0422,5.9578,2224.55,0.00,0,0,0.00,0.00,7734,9285
566851,105.24,100.00,230.43,450.00,6.89,15.08,10.98,0.00,0.00,0.0422,5.9578,2574.85,0.00,0,0,0.00,0.00,7198,7651
567051,103.93,100.00,210.32,150.00,6.80,13.77,10.28,0.00,0.00,0.0422,5.9578,2760.26,0.00,0,0,0.00,0.00,9513,7482
567251,115.45,150.00,157.74,0.00,7.56,10.32,8.94,0.00,0.00,0.0422,5.9578,2844.20,0.00,0,0,0.00,0.00,10561,8550
567451,111.59,100.00,193.31,300.01,7.30,12.65,9.98,0.00,0.00,0.0422,5.9578,2818.11,0.00,0,0,0.00,0.00,10236,9901
567651,108.69,100.00,269.98,500.00,7.11,17.67,12.39,0.00,0.00,0.0422,5.9578,2807.42,0.00,0,0,0.00,0.00,10102,10124
567851,119.02,150.00,252.49,200.00,7.79,16.53,12.16,0.00,0.00,0.0422,5.9578,2828.64,0.00,0,0,0.00,0.00,10367,10300
568051,114.26,100.00,314.36,500.00,7.48,20.58,14.03,0.00,0.00,0.0422,5.9578,2832.21,0.00,0,0,0.00,0.00,10412,10664
568251,123.20,149.99,310.77,299.99,8.06,20.34,14.20,0.00,0.00,0.0422,5.9578,2871.46,0.00,0,0,0.00,0.00,10902,10525
568451,129.90,150.01,258.08,100.00,8.50,16.89,12.70,0.00,0.00,0.0422,5.9578,2915.35,0.00,0,0,0.00,0.00,11450,11048
568651,122.42,100.00,243.56,200.00,8.01,15.94,11.98,0.00,0.00,0.0422,5.9578,2965.33,0.00,0,0,0.00,0.00,12074,11484
568851,129.32,150.00,182.67,0.00,8.46,11.96,10.21,0.00,0.00,0.0422,5.9578,2985.80,0.00,0,0,0.00,0.00,12330,12166
569051,134.49,150.00,137.00,0.00,8.80,8.97,8.88,0.00,0.00,0.0422,5.9578,2994.18,0.00,0,0,0.00,0.00,12434,12417
569251,138.37,150.00,127.75,100.00,9.06,8.36,8.71,0.00,0.00,0.0422,5.9578,3023.22,0.00,0,0,0.00,0.00,12797,12617
569451,141.27,150.00,95.81,0.00,9.25,6.27,7.76,0.00,0.00,0.0422,5.9578,3009.51,0.00,0,0,0.00,0.00,12836,12817
569651,143.46,150.00,71.86,0.00,9.39,4.70,7.05,0.00,0.00,0.0422,5.9578,3029.50,0.00,0,0,0.00,0.00,12968,12910
569851,157.59,200.00,53.90,0.00,10.31,3.53,6.92,0.00,0.00,0.0422,5.9578,3037.68,0.00,0,0,0.00,0.00,13142,13067
570051,155.69,150.00,40.42,0.00,10.19,2.65,6.42,0.00,0.00,0.0422,5.9578,3035.91,0.00,0,0,0.00,0.00,13400,13329
570251,154.27,150.00,30.32,0.00,10.10,1.98,6.04,0.00,0.00,0.0422,5.9578,3075.19,0.00,0,0,0.00,0.00,13775,13625
570451,165.70,200.00,72.74,200.00,10.85,4.76,7.80,0.00,0.00,0.0422,5.9578,3062.80,0.00,0,0,0.00,0.00,14105,13980
570651,161.78,150.00,54.55,0.00,10.59,3.57,7.08,0.00,0.00,0.0422,5.9578,3118.20,0.00,0,0,0.00,0.00,14569,14333
570851,171.33,200.00,40.91,0.00,11.21,2.68,6.95,0.00,0.00,0.0422,5.9578,3146.02,0.00,0,0,0.00,0.00,14947,14655
571051,166.00,150.00,80.69,200.00,10.86,5.28,8.07,0.00,0.00,0.0422,5.9578,3209.89,0.00,0,0,0.00,0.00,15661,15242
571251,174.50,200.00,110.51,200.00,11.42,7.23,9.33,0.00,0.00,0.0422,5.9578,3269.65,0.00,0,0,0.00,0.00,16566,16027
571451,180.87,200.00,82.89,0.00,11.84,5.42,8.63,0.00,0.00,0.0422,5.9578,3294.13,0.00,0,0,0.00,0.00,17103,16515
571651,185.66,200.00,62.16,0.00,12.15,4.07,8.11,0.00,0.00,0.0422,5.9578,3264.16,0.00,0,0,0.00,0.00,17919,17391
571851,201.74,250.00,46.62,0.00,13.20,3.05,8.13,0.00,0.00,0.0422,5.9578,3278.76,0.00,0,0,0.00,0.00,18152,17595
572051,201.31,200.00,59.97,100.00,13.18,3.92,8.55,0.00,0.00,0.0422,5.9578,3324.74,0.00,0,0,0.00,0.00,18509,17860
572251,213.48,250.00,94.98,200.00,13.97,6.22,10.09,0.00,0.00,0.0422,5.9578,3369.17,0.00,0,0,0.00,0.00,19313,18575
572451,222.61,250.00,96.23,100.00,14.57,6.30,10.43,0.00,0.00,0.0422,5.9578,3387.37,0.00,0,0,0.00,0.00,20214,19440
572651,229.46,250.00,72.17,0.00,15.02,4.72,9.87,0.00,0.00,0.0422,5.9578,3394.83,0.00,0,0,0.00,0.00,21057,20268
572851,234.59,250.00,54.13,0.00,15.35,3.54,9.45,0.00,0.00,0.0422,5.9578,3418.36,0.00,0,0,0.00,0.00,21936,21100
573051,250.94,300.00,40.60,0.00,16.42,2.66,9.54,0.00,0.00,0.0422,5.9578,3407.52,0.00,0,0,0.00,0.00,22907,22092
573251,250.71,250.00,30.45,0.00,16.41,1.99,9.20,0.00,0.00,0.0422,5.9578,3337.48,0.00,0,0,0.00,0.00,23257,22583
573451,263.03,300.00,22.84,0.00,17.22,1.49,9.35,0.00,0.00,0.0422,5.9578,3342.39,0.00,0,0,0.00,0.00,23441,22757
573651,272.27,300.00,17.13,0.00,17.82,1.12,9.47,0.00,0.00,0.0422,5.9578,3344.40,0.00,0,0,0.00,0.00,24222,23534
573851,279.21,300.00,12.85,0.00,18.27,0.84,9.56,0.00,0.00,0.0422,5.9578,3311.63,0.00,0,0,0.00,0.00,24930,24307
574051,284.40,300.00,9.63,0.00,18.61,0.63,9.62,0.00,0.00,0.0422,5.9578,3205.72,0.00,0,0,0.00,0.00,25589,25178
574251,288.30,300.00,7.23,0.00,18.87,0.47,9.67,0.00,0.00,0.0422,5.9578,2966.18,0.00,0,0,0.00,0.00,25566,25634
574451,291.23,300.00,5.42,0.00,19.06,0.35,9.71,0.00,0.00,0.0422,5.9578,2802.47,0.00,0,0,0.00,0.00,24603,24999
574651,280.92,250.00,4.06,0.00,18.39,0.27,9.33,0.00,0.00,0.0422,5.9578,2708.53,1.00,0,0,0.00,0.00,0,23655
574851,273.19,250.00,15.55,50.00,17.88,1.02,9.45,0.00,0.00,0.0422,5.9578,2730.53,1.00,0,0,0.00,0.00,0,19232
575051,267.39,250.00,11.66,0.00,17.50,0.76,9.13,0.00,0.00,0.0422,5.9578,2771.55,1.00,0,0,0.00,0.00,0,14677
575251,250.54,200.00,71.25,250.00,16.40,4.66,10.53,0.00,0.00,0.0422,5.9578,2788.35,1.00,0,0,0.00,0.00,0,10610
575451,237.91,200.00,78.43,100.00,15.57,5.13,10.35,0.00,0.00,0.0422,5.9578,2795.23,1.00,0,0,0.00,0.00,0,9504
575651,228.43,200.00,71.33,50.00,14.95,4.67,9.81,0.00,0.00,0.0422,5.9578,2777.56,1.00,0,0,0.00,0.00,0,6003
575851,221.32,200.00,65.99,50.00,14.49,4.32,9.40,0.00,0.00,0.0422,5.9578,2738.33,1.00,0,0,0.00,0.00,0,846
576051,203.49,150.00,124.50,300.00,13.32,8.15,10.73,0.00,0.00,0.0422,5.9578,2616.66,1.00,0,0,0.00,0.00,0,0
576251,190.12,150.00,93.37,0.00,12.44,6.11,9.28,0.00,0.00,0.0422,5.9578,2541.22,1.00,0,0,0.00,0.00,0,0
576451,180.09,150.00,70.03,0.00,11.79,4.58,8.19,0.00,0.00,0.0422,5.9578,2457.85,1.00,0,0,0.00,0.00,0,0
576651,172.57,150.00,52.52,0.00,11.29,3.44,7.37,0.00,0.00,0.0422,5.9578,2363.21,1.00,0,0,0.00,0.00,0,0
576851,154.43,100.00,39.39,0.00,10.11,2.58,6.34,0.00,0.00,0.0422,5.9578,2287.33,1.00,0,0,0.00,0.00,0,0
577051,140.82,100.00,29.54,0.00,9.22,1.93,5.58,0.00,0.00,0.0422,5.9578,2256.25,1.00,0,0,0.00,0.00,0,0
577251,130.61,100.00,22.16,0.00,8.55,1.45,5.00,0.00,0.00,0.0422,5.9578,2191.04,0.00,0,0,0.00,0.00,2405,44
577451,122.96,100.00,16.62,0.00,8.05,1.09,4.57,0.00,0.00,0.0422,5.9578,2164.33,0.00,0,0,0.00,0.00,2072,348
577651,117.22,100.00,12.46,0.00,7.67,0.82,4.24,0.00,0.00,0.0422,5.9578,2119.79,0.00,0,0,0.00,0.00,1515,1281
577851,100.42,50.00,34.35,100.00,6.57,2.25,4.41,0.00,0.00,0.0422,5.9578,2135.15,0.00,0,0,0.00,0.00,1707,1687
578051,100.31,100.00,50.76,100.00,6.57,3.32,4.94,0.00,0.00,0.0422,5.9578,2087.36,0.00,0,0,0.00,0.00,1110,1384
578251,87.73,50.00,38.07,0.00,5.74,2.49,4.12,0.00,0.00,0.0422,5.9578,2091.54,0.00,0,0,0.00,0.00,1163,831
578451,78.30,50.00,28.55,0.00,5.12,1.87,3.50,0.00,0.00,0.0422,5.9578,2069.49,0.00,0,0,0.00,0.00,887,715
578651,71.23,50.00,21.41,0.00,4.66,1.40,3.03,0.00,0.00,0.0422,5.9578,2068.46,0.00,0,0,0.00,0.00,874,1092
578851,65.92,50.00,91.06,299.99,4.31,5.96,5.14,0.00,0.00,0.0422,5.9578,2012.04,0.00,0,0,0.00,0.00,170,469
579051,49.44,0.00,68.29,0.00,3.24,4.47,3.85,0.00,0.00,0.0422,5.9578,1949.85,0.00,0,0,0.00,0.00,0,140
579251,49.58,50.00,51.22,0.00,3.24,3.35,3.30,0.00,0.00,0.0422,5.9578,1979.46,0.00,0,0,0.00,0.00,0,0
579451,37.18,0.00,38.42,0.00,2.43,2.51,2.47,0.00,0.00,0.0422,5.9578,1951.59,0.00,0,0,0.00,0.00,0,0
579651,27.89,0.00,28.81,0.00,1.83,1.89,1.86,0.00,0.00,0.0422,5.9578,1980.17,0.00,0,0,0.00,0.00,0,0
579851,20.92,0.00,46.61,100.00,1.37,3.05,2.21,0.00,0.00,0.0422,5.9578,1966.28,0.00,0,0,0.00,0.00,0,0
580051,15.69,0.00,34.96,0.00,1.03,2.29,1.66,0.00,0.00,0.0422,5.9578,1986.19,0.00,0,0,0.00,0.00,0,0
580251,11.77,0.00,26.22,0.00,0.77,1.72,1.24,0.00,0.00,0.0422,5.9578,1968.74,0.00,0,0,0.00,0.00,0,0
580451,8.82,0.00,19.66,0.00,0.58,1.29,0.93,0.00,0.00,0.0422,5.9578,1889.60,0.00,0,0,0.00,0.00,0,0
580651,6.62,0.00,14.75,0.00,0.43,0.97,0.70,0.00,0.00,0.0422,5.9578,1739.10,0.00,0,0,0.00,0.00,0,0
580851,4.96,0.00,11.06,0.00,0.32,0.72,0.52,0.00,0.00,0.0422,5.9578,1538.89,0.00,0,0,0.00,0.00,0,0
581051,3.72,0.00,8.30,0.00,0.24,0.54,0.39,0.00,0.00,0.0422,5.9578,1359.29,0.00,0,0,0.00,0.00,0,0
581251,2.79,0.00,6.22,0.00,0.18,0.41,0.29,0.00,0.00,0.0422,5.9578,1172.77,0.00,0,0,0.00,0.00,0,0
581451,2.09,0.00,4.67,0.00,0.14,0.31,0.22,0.00,0.00,0.0422,5.9578,978.29,0.00,0,0,0.00,0.00,0,0
581651,1.57,0.00,3.50,0.00,0.10,0.23,0.17,0.00,0.00,0.0422,5.9578,780.55,0.00,0,0,0.00,0.00,0,0
581851,1.18,0.00,2.62,0.00,0.08,0.17,0.12,0.00,0.00,0.0422,5.9578,673.95,0.00,0,0,0.00,0.00,0,0
582051,0.88,0.00,1.97,0.00,0.06,0.13,0.09,0.00,0.00,0.0422,5.9578,512.21,0.00,0,0,0.00,0.00,0,0
582251,0.66,0.00,1.48,0.00,0.04,0.10,0.07,0.00,0.00,0.0422,5.9578,341.96,0.00,0,0,0.00,0.00,0,0
582451,0.50,0.00,1.11,0.00,0.03,0.07,0.05,0.00,0.00,0.0422,5.9578,283.75,0.00,0,0,0.00,0.00,0,0
582651,0.37,0.00,0.83,0.00,0.02,0.05,0.04,0.00,0.00,0.0422,5.9578,208.70,0.00,0,0,0.00,0.00,0,0
582851,0.28,0.00,0.62,0.00,0.02,0.04,0.03,0.00,0.00,0.0422,5.9578,85.48,0.00,0,0,0.00,0.00,0,0
583051,0.21,0.00,0.47,0.00,0.01,0.03,0.02,0.00,0.00,0.0422,5.9578,35.01,0.00,0,0,0.00,0.00,0,0
583251,0.16,0.00,0.35,0.00,0.01,0.02,0.02,0.00,0.00,0.0422,5.9578,14.34,0.00,0,0,0.00,0.00,0,0
583451,0.12,0.00,0.26,0.00,0.01,0.02,0.01,0.00,0.00,0.0422,5.9578,5.87,0.00,0,0,0.00,0.00,0,0
583651,0.09,0.00,0.20,0.00,0.01,0.01,0.01,0.00,0.00,0.0422,5.9578,2.41,0.00,0,0,0.00,0.00,0,0
583851,0.07,0.00,0.15,0.00,0.00,0.01,0.01,0.00,0.00,0.0422,5.9578,0.99,0.00,0,0,0.00,0.00,0,0
584051,0.05,0.00,0.11,0.00,0.00,0.01,0.01,0.00,0.00,0.0422,5.9578,0.40,0.00,0,0,0.00,0.00,0,0
584251,0.04,0.00,0.08,0.00,0.00,0.01,0.00,0.00,0.00,0.0422,5.9578,0.17,0.00,0,0,0.00,0.00,0,0
584451,0.03,0.00,0.06,0.00,0.00,0.00,0.00,0.00,0.00,0.0422,5.9578,0.07,0.00,0,0,0.00,0.00,0,0
584651,0.02,0.00,0.05,0.00,0.00,0.00,0.00,0.00,0.00,0.0422,5.9578,0.03,0.00,0,0,0.00,0.00,0,0
584851,0.02,0.00,0.04,0.00,0.00,0.00,0.00,0.00,0.00,0.0422,5.9578,0.01,0.00,0,0,0.00,0.00,0,0
585051,0.01,0.00,0.03,0.00,0.00,0.00,0.00,0.00,0.00,0.0422,5.9578,0.00,0.00,0,0,0.00,0.00,0,0
585251,0.01,0.00,0.02,0.00,0.00,0.00,0.00,0.00,0.00,0.0422,5.9578,0.00,0.00,0,0,0.00,0.00,0,0
585451,0.01,0.00,0.01,0.00,0.00,0.00,0.00,0.00,0.00,0.0422,5.9578,0.00,0.00,0,0,0.00,0.00,0,0
585651,0.00,0.00,0.01,0.00,0.00,0.00,0.00,0.00,0.00,0.0422,5.9578,0.00,0.00,0,0,0.00,0.00,0,0
585851,0.00,0.00,0.01,0.00,0.00,0.00,0.00,0.00,0.00,0.0422,5.9578,0.00,0.00,0,0,0.00,0.00,0,0
586051,0.00,0.00,0.01,0.00,0.00,0.00,0.00,0.00,0.00,0.0422,5.9578,0.00,0.00,0,0,0.00,0.00,0,0
586251,0.00,0.00,0.00,0.00,0.00,0.00,0.00,0.00,0.00,0.0422,5.9578,0.00,0.00,0,0,0.00,0.00,0,0
586451,0.00,0.00,0.00,0.00,0.00,0.00,0.00,0.00,0.00,0.0422,5.9578,0.00,0.00,0,0,0.00,0.00,0,0
586651,0.00,0.00,0.00,0.00,0.00,0.00,0.00,0.00,0.00,0.0422,5.9578,0.00,0.00,0,0,0.00,0.00,0,0
586851,0.00,0.00,0.00,0.00,0.00,0.00,0.00,0.00,0.00,0.0422,5.9578,0.00,0.00,0,0,0.00,0.00,0,0
587051,0.00,0.00,0.00,0.00,0.00,0.00,0.00,0.00,0.00,0.0422,5.9578,0.00,0.00,0,0,0.00,0.00,0,0
587251,0.00,0.00,0.00,0.00,0.00,0.00,0.00,0.00,0.00,0.0422,5.9578,0.00,0.00,0,0,0.00,0.00,0,0
587451,0.00,0.00,0.00,0.00,0.00,0.00,0.00,0.00,0.00,0.0422,5.9578,0.00,0.00,0,0,0.00,0.00,0,0
587651,0.00,0.00,0.00,0.00,0.00,0.00,0.00,0.00,0.00,0.0422,5.9578,0.00,0.00,0,0,0.00,0.00,0,0
587851,0.00,0.00,0.00,0.00,0.00,0.00,0.00,0.00,0.00,0.0422,5.9578,0.00,0.00,0,0,0.00,0.00,0,0
588051,0.00,0.00,0.00,0.00,0.00,0.00,0.00,0.00,0.00,0.0422,5.9578,0.00,0.00,0,0,0.00,0.00,0,0
588251,0.00,0.00,0.00,0.00,0.00,0.00,0.00,0.00,0.00,0.0422,5.9578,0.00,0.00,0,0,0.00,0.00,0,0
588451,0.00,0.00,0.00,0.00,0.00,0.00,0.00,0.00,0.00,0.0422,5.9578,0.00,0.00,0,0,0.00,0.00,0,0
588651,0.00,0.00,0.00,0.00,0.00,0.00,0.00,0.00,0.00,0.0422,5.9578,0.00,0.00,0,0,0.00,0.00,0,0
588851,0.00,0.00,0.00,0.00,0.00,0.00,0.00,0.00,0.00,0.0422,5.9578,0.00,0.00,0,0,0.00,0.00,0,0
589051,0.00,0.00,0.00,0.00,0.00,0.00,0.00,0.00,0.00,0.0422,5.9578,0.00,0.00,0,0,0.00,0.00,0,0
589251,0.00,0.00,0.00,0.00,0.00,0.00,0.00,0.00,0.00,0.0422,5.9578,0.00,0.00,0,0,0.00,0.00,0,0
589451,0.00,0.00,0.00,0.00,0.00,0.00,0.00,0.00,0.00,0.0422,5.9578,0.00,0.00,0,0,0.00,0.00,0,0
589651,0.00,0.00,0.00,0.00,0.00,0.00,0.00,0.00,0.00,0.0422,5.9578,0.00,0.00,0,0,0.00,0.00,0,0
589851,0.00,0.00,0.00,0.00,0.00,0.00,0.00,0.00,0.00,0.0422,5.9578,0.00,0.00,0,0,0.00,0.00,0,0
590051,0.00,0.00,0.00,0.00,0.00,0.00,0.00,0.00,0.00,0.0422,5.9578,0.00,0.00,0,0,0.00,0.00,0,0
590251,0.00,0.00,0.00,0.00,0.00,0.00,0.00,0.00,0.00,0.0422,5.9578,0.00,0.00,0,0,0.00,0.00,0,0
590451,0.00,0.00,0.00,0.00,0.00,0.00,0.00,0.00,0.00,0.0422,5.9578,0.00,0.00,0,0,0.00,0.00,0,0
590651,0.00,0.00,0.00,0.00,0.00,0.00,0.00,0.00,0.00,0.0422,5.9578,0.00,0.00,0,0,0.00,0.00,0,0
590851,0.00,0.00,0.00,0.00,0.00,0.00,0.00,0.00,0.00,0.0422,5.9578,0.00,0.00,0,0,0.00,0.00,0,0
591051,0.00,0.00,0.00,0.00,0.00,0.00,0.00,0.00,0.00,0.0422,5.9578,0.00,0.00,0,0,0.00,0.00,0,0
591251,0.00,0.00,0.00,0.00,0.00,0.00,0.00,0.00,0.00,0.0422,5.9578,0.00,0.00,0,0,0.00,0.00,0,0
591451,0.00,0.00,0.00,0.00,0.00,0.00,0.00,0.00,0.00,0.0422,5.9578,0.00,0.00,0,0,0.00,0.00,0,0
591651,0.00,0.00,0.00,0.00,0.00,0.00,0.00,0.00,0.00,0.0422,5.9578,0.00,0.00,0,0,0.00,0.00,0,0
591851,0.00,0.00,0.00,0.00,0.00,0.00,0.00,0.00,0.00,0.0422,5.9578,0.00,0.00,0,0,0.00,0.00,0,0
592051,0.00,0.00,0.00,0.00,0.00,0.00,0.00,0.00,0.00,0.0422,5.9578,0.00,0.00,0,0,0.00,0.00,0,0
592251,0.00,0.00,0.00,0.00,0.00,0.00,0.00,0.00,0.00,0.0422,5.9578,0.00,0.00,0,0,0.00,0.00,0,0
592451,0.00,0.00,0.00,0.00,0.00,0.00,0.00,0.00,0.00,0.0422,5.9578,0.00,0.00,0,0,0.00,0.00,0,0
592651,0.00,0.00,0.00,0.00,0.00,0.00,0.00,0.00,0.00,0.0422,5.9578,0.00,0.00,0,0,0.00,0.00,0,0
