time_ms,rl_rpm,rl_rpm_raw,rr_rpm,rr_rpm_raw,speed_mph,fl_rpm,fr_rpm,fuel_consumed_l,fuel_remaining_l,engine_rpm,secondary_rpm,mode,status,temperature_c,brake_pot,motor_setpoint,motor_position
856,0.00,0.00,71.07,284.30,0.02,0.00,0.00,0.0000,6.0000,1665.31,0.00,0,0,0.00,0.00,-1810,-1410
1056,0.00,0.00,115.81,250.01,0.04,0.00,0.00,0.0000,6.0000,1692.35,0.00,0,0,0.00,0.00,-2279,-1879
1256,0.00,0.00,161.85,299.99,0.06,0.00,0.00,0.0000,6.0000,1703.43,0.00,0,0,0.00,0.00,-3265,-2865
1456,0.00,0.00,196.39,300.01,0.07,0.00,0.00,0.0000,6.0000,1707.96,0.00,0,0,0.00,0.00,-4226,-3826
1656,0.00,0.00,222.29,299.98,0.08,0.00,0.00,0.0000,6.0000,1676.22,0.00,0,0,0.00,0.00,-5182,-4782
1856,0.00,0.00,216.72,200.01,0.08,0.00,0.00,0.0000,6.0000,1691.70,0.00,0,0,0.00,0.00,-6191,-5791
2056,0.00,0.00,187.54,100.00,0.07,0.00,0.00,0.0000,6.0000,1663.16,0.00,0,0,0.00,0.00,-5433,-5833
2256,0.00,0.00,240.66,400.00,0.08,0.00,0.00,0.0000,6.0000,1686.35,0.00,0,0,0.00,0.00,-4425,-4825
2456,0.00,0.00,255.49,300.00,0.09,0.00,0.00,0.0000,6.0000,1667.37,0.00,0,0,0.00,0.00,-4792,-4742
2656,0.00,0.00,254.12,249.99,0.09,0.00,0.00,0.0000,6.0000,1653.19,0.00,0,0,0.00,0.00,-4970,-4920
2856,0.00,0.00,290.59,400.02,0.10,0.00,0.00,0.0000,6.0000,1682.27,0.00,0,0,0.00,0.00,-5141,-5091
3056,0.00,0.00,305.44,350.00,0.11,0.00,0.00,0.0000,6.0000,1665.70,0.00,0,0,0.00,0.00,-5326,-5276
3256,0.00,0.00,329.08,400.00,0.11,0.00,0.00,0.0000,6.0000,1679.39,0.00,0,0,0.00,0.00,-5517,-5467
3456,0.00,0.00,396.81,600.00,0.14,0.00,0.00,0.0000,6.0000,1685.00,0.00,0,0,0.00,0.00,-5709,-5659
3656,0.00,0.00,385.11,349.99,0.13,0.00,0.00,0.0000,6.0000,1660.42,0.00,0,0,0.00,0.00,-5898,-5848
3856,0.00,0.00,301.33,50.00,0.10,0.00,0.00,0.0000,6.0000,1677.23,0.00,0,0,0.00,0.00,0,-5295
4056,0.00,0.00,226.00,0.00,0.08,0.00,0.00,0.0000,6.0000,1697.23,0.00,0,0,0.00,0.00,0,-2477
4256,0.00,0.00,194.50,99.99,0.07,0.00,0.00,0.0000,6.0000,1705.43,0.00,0,0,0.00,0.00,0,-209
4456,0.00,0.00,220.88,300.01,0.08,0.00,0.00,0.0000,6.0000,1708.78,0.00,0,0,0.00,0.00,0,0
4656,0.00,0.00,240.65,299.99,0.08,0.00,0.00,0.0000,6.0000,1702.16,0.00,0,0,0.00,0.00,0,0
4856,0.00,0.00,242.99,250.01,0.08,0.00,0.00,0.0000,6.0000,1699.44,0.00,0,0,0.00,0.00,0,0
5056,0.00,0.00,244.74,250.00,0.08,0.00,0.00,0.0000,6.0000,1698.33,0.00,0,0,0.00,0.00,0,0
5256,0.00,0.00,258.56,300.00,0.09,0.00,0.00,0.0000,6.0000,1692.76,0.00,0,0,0.00,0.00,0,0
5456,0.00,0.00,268.92,300.00,0.09,0.00,0.00,0.0000,6.0000,1724.07,0.00,0,0,0.00,0.00,0,0
5656,0.00,0.00,276.69,299.99,0.10,0.00,0.00,0.0000,6.0000,1743.30,0.00,0,0,0.00,0.00,0,0
5856,0.00,0.00,282.52,300.01,0.10,0.00,0.00,0.0000,6.0000,1724.30,0.00,0,0,0.00,0.00,0,0
6056,0.00,0.00,336.89,500.00,0.12,0.00,0.00,0.0000,6.0000,1743.39,0.00,0,0,0.00,0.00,0,0
6256,0.00,0.00,340.17,350.00,0.12,0.00,0.00,0.0000,6.0000,1724.33,0.00,0,0,0.00,0.00,0,0
6456,0.00,0.00,330.12,300.00,0.11,0.00,0.00,0.0000,6.0000,1743.41,0.00,0,0,0.00,0.00,0,0
6656,0.00,0.00,335.09,349.99,0.12,0.00,0.00,0.0000,6.0000,2000.50,0.00,0,0,0.00,0.00,26,0
6856,0.00,0.00,351.32,400.02,0.12,0.00,0.00,0.0000,6.0000,2204.36,0.00,0,0,0.00,0.00,2572,387
7056,0.00,0.00,263.49,0.00,0.09,0.00,0.00,0.0000,6.0000,2311.87,0.00,0,0,0.00,0.00,3914,1824
7256,0.00,0.00,322.62,500.00,0.11,0.00,0.00,0.0000,6.0000,2395.90,0.00,0,0,0.00,0.00,4963,2253
7456,0.00,0.00,241.96,0.00,0.08,0.00,0.00,0.0000,6.0000,2516.40,0.00,0,0,0.00,0.00,6468,4464
7656,0.00,0.00,181.47,0.00,0.06,0.00,0.00,0.0000,6.0000,2591.36,0.00,0,0,0.00,0.00,7404,6810
7856,12.50,50.00,173.61,150.01,0.06,0.00,0.00,0.0000,6.0000,2503.98,0.00,0,0,0.00,0.00,6548,7541
8056,21.88,50.00,167.70,150.00,0.07,0.00,0.00,0.0022,5.9978,2448.99,0.00,0,0,0.00,0.00,5626,6348
8256,41.41,100.00,138.28,50.00,0.06,0.00,0.00,0.0022,5.9978,2707.75,0.00,0,0,0.00,0.00,8857,6444
8456,56.05,100.00,128.71,100.00,0.06,0.00,0.00,0.0022,5.9978,2880.29,0.00,0,0,0.00,0.00,11012,8432
8656,67.04,100.00,146.53,199.99,0.07,0.00,0.00,0.0022,5.9978,3003.45,0.00,0,0,0.00,0.00,12550,10221
8856,87.78,150.00,134.90,100.00,0.08,0.00,0.00,0.0022,5.9978,3119.49,0.00,0,0,0.00,0.00,13999,11796
9056,103.34,150.00,101.17,0.00,0.07,0.00,0.00,0.0022,5.9978,3272.62,0.00,0,0,0.00,0.00,15911,9971
9256,127.50,200.00,75.88,0.00,0.07,0.00,0.00,0.0022,5.9978,3531.51,0.00,0,0,0.00,0.00,19144,10148
9456,133.13,150.00,106.91,200.00,0.08,0.00,0.00,0.0022,5.9978,3750.51,0.00,0,0,0.00,0.00,20000,11793
9656,149.84,200.00,130.18,199.99,0.10,0.00,0.00,0.0022,5.9978,3747.73,0.00,0,0,0.00,0.00,20000,11437
9856,162.38,200.00,172.64,300.02,0.12,0.00,0.00,0.0022,5.9978,3871.07,0.00,0,0,0.00,0.00,20000,11770
10056,159.29,150.00,154.48,100.00,0.11,0.00,0.00,0.0022,5.9978,3915.19,0.00,0,0,0.00,0.00,20000,13839
10256,181.97,250.00,140.86,100.00,0.11,0.00,0.00,0.0022,5.9978,3879.18,0.00,0,0,0.00,0.00,20000,12187
10456,186.47,200.00,105.64,0.00,0.10,0.00,0.00,0.0022,5.9978,4010.99,0.00,0,0,0.00,0.00,20000,12275
10656,189.86,200.00,79.23,0.00,0.09,0.00,0.00,0.0022,5.9978,3932.50,0.00,0,0,0.00,0.00,20000,14688
10856,192.39,200.00,84.43,100.00,0.10,0.00,0.00,0.0022,5.9978,3814.27,0.00,0,0,0.00,0.00,20000,14727
11056,194.29,200.00,63.32,0.00,0.09,0.00,0.00,0.0022,5.9978,3635.29,0.00,0,0,0.00,0.00,20000,14807
11256,208.22,250.00,59.99,50.00,0.09,0.00,0.00,0.0022,5.9978,3536.37,0.00,0,0,0.00,0.00,19205,15628
11456,206.17,200.00,57.49,50.00,0.09,0.00,0.00,0.0022,5.9978,3481.46,0.00,0,0,0.00,0.00,18519,16934
11656,204.62,200.00,43.12,0.00,0.09,0.00,0.00,0.0022,5.9978,3493.85,0.00,0,0,0.00,0.00,18674,16017
11856,215.97,250.00,57.34,100.00,0.09,0.00,0.00,0.0022,5.9978,3582.12,0.00,0,0,0.00,0.00,19776,16596
12056,224.48,250.00,68.01,100.00,0.10,0.00,0.00,0.0022,5.9978,3613.16,0.00,0,0,0.00,0.00,20000,18458
12256,230.86,250.00,76.00,100.00,0.11,0.00,0.00,0.0022,5.9978,3544.91,0.00,0,0,0.00,0.00,19526,18437
12456,235.64,250.00,107.00,200.00,0.12,0.00,0.00,0.0022,5.9978,3537.44,0.00,0,0,0.00,0.00,21137,20063
12656,239.23,250.00,80.25,0.00,0.11,0.00,0.00,0.0022,5.9978,3416.29,0.00,0,0,0.00,0.00,22548,21716
12856,241.92,250.00,60.19,0.00,0.10,0.00,0.00,0.0022,5.9978,3446.67,0.00,0,0,0.00,0.00,20239,19346
13056,256.44,300.00,45.14,0.00,0.10,0.00,0.00,0.0022,5.9978,3541.36,0.00,0,0,0.00,0.00,20342,19260
13256,254.83,250.00,33.86,0.00,0.10,0.00,0.00,0.0022,5.9978,3662.06,0.00,0,0,0.00,0.00,21026,19702
13456,266.12,300.00,125.39,400.00,0.14,0.00,0.00,0.0022,5.9978,3691.02,0.00,0,0,0.00,0.00,21982,20600
13656,274.59,300.00,119.04,100.00,0.14,0.00,0.00,0.0022,5.9978,3571.68,0.00,0,0,0.00,0.00,23776,22633
13856,280.94,300.00,114.28,100.00,0.14,0.00,0.00,0.0022,5.9978,3398.32,0.00,0,0,0.00,0.00,25156,24360
14056,285.71,300.00,110.71,100.00,0.14,0.00,0.00,0.0022,5.9978,3281.23,0.00,0,0,0.00,0.00,23615,23053
14256,289.28,300.00,83.03,0.00,0.13,0.00,0.00,0.0022,5.9978,3391.35,0.00,0,0,0.00,0.00,23807,23025
14456,291.96,300.00,62.28,0.00,0.12,0.00,0.00,0.0022,5.9978,3396.46,0.00,0,0,0.00,0.00,25199,24407
14656,293.97,300.00,71.71,100.00,0.13,0.00,0.00,0.0022,5.9978,3280.47,0.00,0,0,0.00,0.00,26372,25812
14856,307.98,350.00,53.78,0.00,0.13,0.00,0.00,0.0022,5.9978,3160.96,0.00,0,0,0.00,0.00,26897,26576
15056,305.98,300.00,40.33,0.00,0.12,0.00,0.00,0.0022,5.9978,3118.41,0.00,0,0,0.00,0.00,27610,27374
15256,316.99,350.00,30.25,0.00,0.12,0.00,0.00,0.0022,5.9978,3048.50,0.00,0,0,0.00,0.00,28024,27927
15456,325.24,350.00,47.69,100.00,0.13,0.00,0.00,0.0022,5.9978,3019.87,0.00,0,0,0.00,0.00,28209,28170
15656,331.43,350.00,35.77,0.00,0.13,0.00,0.00,0.0022,5.9978,3008.14,0.00,0,0,0.00,0.00,28300,28284
15856,336.07,350.00,26.82,0.00,0.13,0.00,0.00,0.0022,5.9978,3003.33,0.00,0,0,0.00,0.00,28341,28335
16056,339.55,350.00,20.12,0.00,0.12,0.00,0.00,0.0022,5.9978,3026.97,0.00,0,0,0.00,0.00,28523,28470
16256,342.17,350.00,15.09,0.00,0.12,0.00,0.00,0.0022,5.9978,3031.53,0.00,0,0,0.00,0.00,28818,28755
16456,344.12,350.00,11.32,0.00,0.12,0.00,0.00,0.0022,5.9978,3033.39,0.00,0,0,0.00,0.00,29097,29031
16656,345.59,350.00,58.49,200.00,0.14,0.00,0.00,0.0022,5.9978,3013.68,0.00,0,0,0.00,0.00,29237,29210
16856,359.20,400.00,43.86,0.00,0.14,0.00,0.00,0.0022,5.9978,3005.60,0.00,0,0,0.00,0.00,29301,29290
17056,356.90,350.00,32.90,0.00,0.14,0.00,0.00,0.0022,5.9978,3002.29,0.00,0,0,0.00,0.00,29326,29322
17256,355.17,350.00,24.67,0.00,0.13,0.00,0.00,0.0022,5.9978,3000.94,0.00,0,0,0.00,0.00,29333,29332
17456,366.38,400.00,18.51,0.00,0.13,0.00,0.00,0.0022,5.9978,3000.39,0.00,0,0,0.00,0.00,29335,29335
17656,362.28,350.00,13.88,0.00,0.13,0.00,0.00,0.0022,5.9978,2960.16,0.00,0,0,0.00,0.00,29256,29336
17856,359.21,350.00,10.41,0.00,0.13,0.00,0.00,0.0022,5.9978,2736.00,0.00,0,0,0.00,0.00,28364,28892
18056,344.41,300.00,7.81,0.00,0.12,0.00,0.00,0.0022,5.9978,2655.71,0.00,0,0,0.00,0.00,26941,27630
18256,345.81,350.00,5.86,0.00,0.12,0.00,0.00,0.0022,5.9978,2654.82,0.00,0,0,0.00,0.00,25557,26248
18456,321.86,250.00,4.39,0.00,0.11,0.00,0.00,0.0022,5.9978,2674.93,0.00,0,0,0.00,0.00,24280,24931
18656,316.39,300.00,3.29,0.00,0.11,0.00,0.00,0.0022,5.9978,2683.17,0.00,0,0,0.00,0.00,23057,23691
18856,299.79,250.00,2.47,0.00,0.10,0.00,0.00,0.0022,5.9978,2726.55,0.00,0,0,0.00,0.00,22006,22553
19056,287.35,250.00,51.85,200.00,0.12,0.00,0.00,0.0022,5.9978,2709.43,0.00,0,0,0.00,0.00,21232,21814
19256,278.01,250.00,88.89,200.00,0.13,0.00,0.00,0.0022,5.9978,2730.90,0.00,0,0,0.00,0.00,20125,20664
19456,271.01,250.00,116.67,200.00,0.13,0.00,0.00,0.0022,5.9978,2759.22,0.00,0,0,0.00,0.00,18960,19442
19656,253.26,200.00,212.50,499.99,0.16,0.00,0.00,0.0022,5.9978,2920.90,0.00,0,0,0.00,0.00,18226,18385
19856,239.94,200.00,184.37,100.00,0.15,0.00,0.00,0.0022,5.9978,2999.60,0.00,0,0,0.00,0.00,18044,18045
20056,242.46,250.00,163.28,100.00,0.14,0.00,0.00,0.0022,5.9978,3149.92,0.00,0,0,0.00,0.00,18630,18331
20256,244.34,250.00,122.46,0.00,0.13,0.00,0.00,0.0022,5.9978,3297.57,0.00,0,0,0.00,0.00,19927,19332
20456,245.76,250.00,141.85,200.00,0.13,0.00,0.00,0.0022,5.9978,3305.56,0.00,0,0,0.00,0.00,21194,20583
20656,246.82,250.00,156.38,199.99,0.14,0.00,0.00,0.0022,5.9978,3275.24,0.00,0,0,0.00,0.00,22308,21758
20856,247.61,250.00,142.29,100.00,0.14,0.00,0.00,0.0022,5.9978,3178.34,0.00,0,0,0.00,0.00,20801,20445
21056,248.21,250.00,106.72,0.00,0.12,0.00,0.00,0.0022,5.9978,3243.61,0.00,0,0,0.00,0.00,21503,21016
21256,248.66,250.00,80.04,0.00,0.11,0.00,0.00,0.0022,5.9978,3002.18,0.00,0,0,0.00,0.00,21701,21697
21456,248.99,250.00,60.03,0.00,0.11,0.00,0.00,0.0022,5.9978,2810.81,0.00,0,0,0.00,0.00,21052,21431
21656,236.74,200.00,45.02,0.00,0.10,0.00,0.00,0.0022,5.9978,2686.35,0.00,0,0,0.00,0.00,19825,20453
21856,227.56,200.00,46.27,50.00,0.10,0.00,0.00,0.0022,5.9978,2609.77,0.00,0,0,0.00,0.00,18374,19155
22056,220.67,200.00,97.20,250.01,0.11,0.00,0.00,0.0022,5.9978,2701.60,0.00,0,0,0.00,0.00,17095,17692
22256,215.50,200.00,122.90,200.00,0.12,0.00,0.00,0.0022,5.9978,2825.30,0.00,0,0,0.00,0.00,16145,16495
22456,211.63,200.00,92.18,0.00,0.11,0.00,0.00,0.0022,5.9978,2988.92,0.00,0,0,0.00,0.00,15862,15885
22656,208.72,200.00,144.13,299.99,0.12,0.00,0.00,0.0022,5.9978,3021.06,0.00,0,0,0.00,0.00,15973,15931
22856,206.54,200.00,133.10,100.00,0.12,0.00,0.00,0.0022,5.9978,3008.63,0.00,0,0,0.00,0.00,16067,16050
23056,192.40,150.00,99.82,0.00,0.10,0.00,0.00,0.0022,5.9978,2963.53,0.00,0,0,0.00,0.00,16030,16103
23256,194.30,200.00,74.87,0.00,0.09,0.00,0.00,0.0022,5.9978,2919.46,0.00,0,0,0.00,0.00,15705,15867
23456,183.23,150.00,131.15,300.00,0.11,0.00,0.00,0.0022,5.9978,2914.53,0.00,0,0,0.00,0.00,15180,15351
23656,187.42,200.00,123.36,100.00,0.11,0.00,0.00,0.0022,5.9978,2944.51,0.00,0,0,0.00,0.00,14710,14821
23856,190.57,200.00,92.52,0.00,0.10,0.00,0.00,0.0022,5.9978,3042.87,0.00,0,0,0.00,0.00,14724,14639
24056,180.42,150.00,106.89,150.00,0.10,0.00,0.00,0.0022,5.9978,3201.24,0.00,0,0,0.00,0.00,15495,15093
24256,185.32,200.00,142.67,250.00,0.11,0.00,0.00,0.0022,5.9978,3266.11,0.00,0,0,0.00,0.00,16676,16144
24456,188.99,200.00,119.50,50.00,0.11,0.00,0.00,0.0022,5.9978,3252.68,0.00,0,0,0.00,0.00,17814,17309
24656,204.24,250.00,152.12,249.99,0.12,0.00,0.00,0.0044,5.9956,3247.18,0.00,0,0,0.00,0.00,18382,17888
24856,203.18,200.00,139.09,100.01,0.12,0.00,0.00,0.0044,5.9956,3219.32,0.00,0,0,0.00,0.00,19247,18809
25056,214.89,250.00,179.32,299.99,0.14,0.00,0.00,0.0044,5.9956,3167.92,0.00,0,0,0.00,0.00,20125,19790
25256,211.16,200.00,159.49,100.00,0.13,0.00,0.00,0.0044,5.9956,3114.86,0.00,0,0,0.00,0.00,20934,20705
25456,220.87,250.00,157.12,150.00,0.13,0.00,0.00,0.0044,5.9956,3107.53,0.00,0,0,0.00,0.00,21522,21307
25656,228.15,250.00,130.34,50.00,0.12,0.00,0.00,0.0044,5.9956,3076.04,0.00,0,0,0.00,0.00,21973,21821
25856,233.62,250.00,97.75,0.00,0.12,0.00,0.00,0.0044,5.9956,3063.15,0.00,0,0,0.00,0.00,22321,22195
26056,237.71,250.00,98.31,100.00,0.12,0.00,0.00,0.0044,5.9956,3057.87,0.00,0,0,0.00,0.00,22610,22495
26256,253.28,300.00,98.74,100.00,0.12,0.00,0.00,0.0044,5.9956,3049.30,0.00,0,0,0.00,0.00,22982,22884
26456,239.96,200.00,74.05,0.00,0.11,0.00,0.00,0.0044,5.9956,4321.36,0.00,0,0,0.00,0.00,25756,23114
26656,242.47,250.00,55.54,0.00,0.10,0.00,0.00,0.0044,5.9956,3135.89,0.00,0,0,0.00,0.00,23776,23505
26856,231.85,200.00,41.65,0.00,0.09,0.00,0.00,0.0044,5.9956,2511.34,0.00,0,0,0.00,0.00,22614,23592
27056,211.39,150.00,31.24,0.00,0.08,0.00,0.00,0.0044,5.9956,2249.45,0.00,0,0,0.00,0.00,20274,21776
27256,208.54,200.00,48.43,100.00,0.09,0.00,0.00,0.0044,5.9956,2214.17,0.00,0,0,0.00,0.00,17985,19557
27456,193.91,150.00,111.32,300.01,0.11,0.00,0.00,0.0044,5.9956,2303.41,0.00,0,0,0.00,0.00,15943,17337
27656,195.43,200.00,133.49,200.00,0.11,0.00,0.00,0.0044,5.9956,2452.92,0.00,0,0,0.00,0.00,14155,15250
27856,184.07,150.00,125.12,100.00,0.11,0.00,0.00,0.0044,5.9956,2657.83,0.00,0,0,0.00,0.00,12904,13589
28056,175.55,150.00,106.34,50.00,0.10,0.00,0.00,0.0044,5.9956,2741.77,0.00,0,0,0.00,0.00,11786,12303
28256,156.67,100.00,117.25,150.00,0.10,0.00,0.00,0.0044,5.9956,2715.67,0.00,0,0,0.00,0.00,10591,11160
28456,155.00,150.00,125.44,150.00,0.10,0.00,0.00,0.0044,5.9956,2647.38,0.00,0,0,0.00,0.00,9177,9883
28656,141.25,100.00,131.58,149.99,0.09,0.00,0.00,0.0044,5.9956,2619.41,0.00,0,0,0.00,0.00,7890,8652
28856,143.44,150.00,148.69,200.01,0.10,0.00,0.00,0.0044,5.9956,2166.03,0.00,0,0,0.00,0.00,6602,8270
29056,132.58,100.00,136.52,100.00,0.09,0.00,0.00,0.0044,5.9956,2586.18,0.00,0,0,0.00,0.00,7339,7547
29256,124.43,100.00,164.89,250.00,0.10,0.00,0.00,0.0044,5.9956,2744.42,0.00,0,0,0.00,0.00,9315,7986
29456,118.33,100.00,161.16,150.00,0.10,0.00,0.00,0.0044,5.9956,2895.31,0.00,0,0,0.00,0.00,11200,10018
29656,126.24,150.00,220.87,399.98,0.12,0.00,0.00,0.0044,5.9956,2957.12,0.00,0,0,0.00,0.00,11972,11621
29856,132.18,150.00,190.65,100.00,0.11,0.00,0.00,0.0044,5.9956,3048.04,0.00,0,0,0.00,0.00,13107,12510
30056,136.64,150.00,217.99,300.00,0.12,0.00,0.00,0.0044,5.9956,3117.28,0.00,0,0,0.00,0.00,13971,13222
30256,139.98,150.00,188.49,100.00,0.11,0.00,0.00,0.0044,5.9956,2930.92,0.00,0,0,0.00,0.00,13785,13924
30456,142.48,150.00,141.37,0.00,0.10,0.00,0.00,0.0044,5.9956,2597.94,0.00,0,0,0.00,0.00,12391,13196
30656,131.86,100.00,106.03,0.00,0.08,0.00,0.00,0.0044,5.9956,2265.40,0.00,0,0,0.00,0.00,10276,11746
30856,123.90,100.00,79.52,0.00,0.07,0.00,0.00,0.0044,5.9956,2108.71,0.00,0,0,0.00,0.00,9411,11194
31056,117.92,100.00,109.64,200.00,0.08,0.00,0.00,0.0044,5.9956,2004.53,0.00,0,0,0.00,0.00,7214,9205
31256,100.94,50.00,107.23,100.00,0.07,0.00,0.00,0.0044,5.9956,2001.85,0.00,0,0,0.00,0.00,4667,6664
31456,100.71,100.00,92.92,50.00,0.07,0.00,0.00,0.0044,5.9956,2066.36,0.00,0,0,0.00,0.00,2285,4153
31656,88.03,50.00,107.19,149.99,0.07,0.00,0.00,0.0044,5.9956,2132.78,0.00,0,0,0.00,0.00,1678,1721
31856,78.52,50.00,155.40,300.02,0.08,0.00,0.00,0.0044,5.9956,2407.67,0.00,0,0,0.00,0.00,5110,2036
32056,83.89,100.00,154.05,150.00,0.08,0.00,0.00,0.0044,5.9956,2659.78,0.00,0,0,0.00,0.00,8259,3930
32256,75.42,50.00,128.04,50.00,0.07,0.00,0.00,0.0044,5.9956,2644.97,0.00,0,0,0.00,0.00,8074,6777
32456,69.06,50.00,196.03,400.00,0.09,0.00,0.00,0.0044,5.9956,2447.86,0.00,0,0,0.00,0.00,5612,6592
32656,76.80,100.00,209.52,249.99,0.10,0.00,0.00,0.0044,5.9956,2445.20,0.00,0,0,0.00,0.00,5579,5882
32856,82.60,100.00,194.64,150.00,0.10,0.00,0.00,0.0044,5.9956,2300.44,0.00,0,0,0.00,0.00,3874,5274
33056,74.45,50.00,195.98,200.00,0.09,0.00,0.00,0.0044,5.9956,2220.66,0.00,0,0,0.00,0.00,2775,4110
33256,68.34,50.00,246.99,400.00,0.11,0.00,0.00,0.0044,5.9956,2288.46,0.00,0,0,0.00,0.00,3622,2657
33456,76.25,100.00,197.74,50.00,0.10,0.00,0.00,0.0044,5.9956,2569.99,0.00,0,0,0.00,0.00,7137,3627
33656,69.69,50.00,160.80,50.00,0.08,0.00,0.00,0.0044,5.9956,2613.31,0.00,0,0,0.00,0.00,7678,6139
33856,77.27,100.00,195.61,300.02,0.09,0.00,0.00,0.0044,5.9956,2467.85,0.00,0,0,0.00,0.00,5956,7021
34056,70.45,50.00,221.70,299.99,0.10,0.00,0.00,0.0044,5.9956,2402.19,0.00,0,0,0.00,0.00,5042,5817
34256,77.84,100.00,241.28,300.01,0.11,0.00,0.00,0.0044,5.9956,2426.50,0.00,0,0,0.00,0.00,5345,5096
34456,83.38,100.00,255.96,300.00,0.12,0.00,0.00,0.0044,5.9956,2528.93,0.00,0,0,0.00,0.00,6625,6079
34656,75.03,50.00,241.97,199.99,0.11,0.00,0.00,0.0044,5.9956,2505.29,0.00,0,0,0.00,0.00,6329,6761
34856,81.28,100.00,243.98,250.01,0.11,0.00,0.00,0.0044,5.9956,2495.61,0.00,0,0,0.00,0.00,6208,6508
35056,85.96,100.00,245.48,250.01,0.12,0.00,0.00,0.0044,5.9956,2499.64,0.00,0,0,0.00,0.00,6259,6293
35256,89.47,100.00,209.11,100.00,0.10,0.00,0.00,0.0044,5.9956,2440.81,0.00,0,0,0.00,0.00,5524,5735
35456,79.60,50.00,181.83,100.00,0.09,0.00,0.00,0.0044,5.9956,2442.32,0.00,0,0,0.00,0.00,5543,5511
35656,84.70,100.00,173.87,149.99,0.09,0.00,0.00,0.0044,5.9956,2417.33,0.00,0,0,0.00,0.00,5231,5288
35856,88.53,100.00,155.41,100.00,0.08,0.00,0.00,0.0044,5.9956,2432.70,0.00,0,0,0.00,0.00,5423,5336
36056,78.89,50.00,204.06,350.00,0.10,0.00,0.00,0.0044,5.9956,2413.39,0.00,0,0,0.00,0.00,5182,5225
36256,84.17,100.00,203.04,200.00,0.10,0.00,0.00,0.0044,5.9956,2419.58,0.00,0,0,0.00,0.00,5259,5141
36456,88.13,100.00,177.28,100.00,0.09,0.00,0.00,0.0044,5.9956,2526.10,0.00,0,0,0.00,0.00,6589,5944
36656,78.60,50.00,157.96,100.00,0.08,0.00,0.00,0.0044,5.9956,2472.13,0.00,0,0,0.00,0.00,5915,6715
36856,83.95,100.00,155.97,150.01,0.08,0.00,0.00,0.0044,5.9956,2429.55,0.00,0,0,0.00,0.00,5383,6086
37056,87.96,100.00,154.48,150.00,0.08,0.00,0.00,0.0044,5.9956,2294.02,0.00,0,0,0.00,0.00,3691,4899
37256,78.47,50.00,140.86,100.00,0.08,0.00,0.00,0.0044,5.9956,2178.03,0.00,0,0,0.00,0.00,2243,3087
37456,71.35,50.00,130.64,100.00,0.07,0.00,0.00,0.0044,5.9956,2256.60,0.00,0,0,0.00,0.00,3224,2276
37656,66.01,50.00,122.98,99.99,0.07,0.00,0.00,0.0044,5.9956,2341.26,0.00,0,0,0.00,0.00,4281,3614
37856,62.01,50.00,104.74,50.00,0.06,0.00,0.00,0.0044,5.9956,2494.02,0.00,0,0,0.00,0.00,6189,5228
38056,59.01,50.00,116.05,150.00,0.06,0.00,0.00,0.0044,5.9956,2464.11,0.00,0,0,0.00,0.00,5815,6291
38256,69.26,100.00,99.54,50.00,0.06,0.00,0.00,0.0044,5.9956,2293.78,0.00,0,0,0.00,0.00,4188,5601
38456,64.44,50.00,99.65,100.00,0.06,0.00,0.00,0.0044,5.9956,2238.41,0.00,0,0,0.00,0.00,2997,3610
38656,60.83,50.00,112.24,150.00,0.06,0.00,0.00,0.0044,5.9956,2215.73,0.00,0,0,0.00,0.00,2713,2764
38856,58.12,50.00,121.68,150.00,0.06,0.00,0.00,0.0044,5.9956,2396.53,0.00,0,0,0.00,0.00,4971,3282
39056,56.09,50.00,228.76,550.00,0.10,0.00,0.00,0.0044,5.9956,2569.14,0.00,0,0,0.00,0.00,7127,3848
39256,54.57,50.00,171.57,0.00,0.08,0.00,0.00,0.0044,5.9956,2607.84,0.00,0,0,0.00,0.00,7610,5898
39456,53.43,50.00,228.68,400.01,0.10,0.00,0.00,0.0044,5.9956,2393.61,0.00,0,0,0.00,0.00,5815,7028
39656,52.57,50.00,184.01,50.00,0.08,0.00,0.00,0.0044,5.9956,2233.22,0.00,0,0,0.00,0.00,4550,6084
39856,64.43,100.00,150.51,50.00,0.07,0.00,0.00,0.0044,5.9956,2331.69,0.00,0,0,0.00,0.00,4161,4128
40056,60.82,50.00,162.88,200.00,0.08,0.00,0.00,0.0044,5.9956,2464.50,0.00,0,0,0.00,0.00,5820,4880
40256,70.62,100.00,184.66,250.01,0.09,0.00,0.00,0.0044,5.9956,2492.02,0.00,0,0,0.00,0.00,6164,5825
40456,65.46,50.00,176.00,150.00,0.08,0.00,0.00,0.0044,5.9956,2482.20,0.00,0,0,0.00,0.00,0,5934
40656,74.10,100.00,169.50,150.00,0.08,0.00,0.00,0.0044,5.9956,2476.42,0.00,0,0,0.00,0.00,5969,5860
40856,80.57,100.00,189.62,250.01,0.09,0.00,0.00,0.0044,5.9956,2456.41,0.00,0,0,0.00,0.00,5719,5965
41056,72.93,50.00,242.22,400.00,0.11,0.00,0.00,0.0044,5.9956,2472.42,0.00,0,0,0.00,0.00,5919,6140
41256,79.70,100.00,256.66,300.00,0.12,0.00,0.00,0.0044,5.9956,2486.14,0.00,0,0,0.00,0.00,6090,6083
41456,84.77,100.00,280.00,349.99,0.13,0.00,0.00,0.0044,5.9956,2460.88,0.00,0,0,0.00,0.00,5775,5981
41656,76.08,50.00,259.99,199.99,0.12,0.00,0.00,0.0044,5.9956,2450.54,0.00,0,0,0.00,0.00,5646,5654
41856,82.06,100.00,207.50,50.00,0.10,0.00,0.00,0.0044,5.9956,2420.70,0.00,0,0,0.00,0.00,5273,5345
42056,74.04,50.00,180.62,100.00,0.09,0.00,0.00,0.0044,5.9956,2408.48,0.00,0,0,0.00,0.00,5120,5147
42256,80.53,100.00,185.47,200.00,0.09,0.00,0.00,0.0044,5.9956,2363.47,0.00,0,0,0.00,0.00,4558,5069
42456,72.90,50.00,151.60,50.00,0.08,0.00,0.00,0.0044,5.9956,2221.84,0.00,0,0,0.00,0.00,2800,4357
42656,67.18,50.00,126.20,50.00,0.07,0.00,0.00,0.0044,5.9956,2116.47,0.00,0,0,0.00,0.00,1474,2342
42856,62.88,50.00,157.15,250.01,0.08,0.00,0.00,0.0044,5.9956,2047.70,0.00,0,0,0.00,0.00,615,920
43056,59.66,50.00,205.36,350.00,0.09,0.00,0.00,0.0044,5.9956,2162.15,0.00,0,0,0.00,0.00,2044,700
43256,44.75,0.00,154.02,0.00,0.07,0.00,0.00,0.0044,5.9956,2328.18,0.00,0,0,0.00,0.00,4118,2111
43456,46.06,50.00,178.02,250.00,0.08,0.00,0.00,0.0044,5.9956,2391.06,0.00,0,0,0.00,0.00,4903,4443
43656,34.54,0.00,258.51,499.98,0.10,0.00,0.00,0.0044,5.9956,2436.34,0.00,0,0,0.00,0.00,5468,4957
43856,25.91,0.00,293.89,400.02,0.11,0.00,0.00,0.0044,5.9956,2512.48,0.00,0,0,0.00,0.00,6419,5519
44056,31.93,50.00,257.91,150.00,0.10,0.00,0.00,0.0044,5.9956,2426.55,0.00,0,0,0.00,0.00,5346,6258
44256,36.45,50.00,193.44,0.00,0.08,0.00,0.00,0.0044,5.9956,2410.88,0.00,0,0,0.00,0.00,5150,5208
44456,27.34,0.00,257.58,450.01,0.10,0.00,0.00,0.0044,5.9956,2436.46,0.00,0,0,0.00,0.00,5470,5135
44656,33.00,50.00,230.68,149.99,0.09,0.00,0.00,0.0044,5.9956,2467.41,0.00,0,0,0.00,0.00,5856,5875
44856,37.25,50.00,260.51,350.01,0.10,0.00,0.00,0.0044,5.9956,2488.09,0.00,0,0,0.00,0.00,6115,5894
45056,52.94,100.00,207.89,50.00,0.09,0.00,0.00,0.0044,5.9956,2501.68,0.00,0,0,0.00,0.00,6284,5976
45256,64.70,100.00,205.91,200.00,0.09,0.00,0.00,0.0044,5.9956,2473.65,0.00,0,0,0.00,0.00,5934,5880
45456,61.03,50.00,204.44,200.00,0.09,0.00,0.00,0.0044,5.9956,2493.21,0.00,0,0,0.00,0.00,6178,6069
45656,70.77,100.00,178.33,100.00,0.09,0.00,0.00,0.0044,5.9956,2495.78,0.00,0,0,0.00,0.00,6211,6292
45856,78.08,100.00,208.75,300.01,0.10,0.00,0.00,0.0044,5.9956,2525.31,0.00,0,0,0.00,0.00,6579,6345
46056,71.06,50.00,244.06,350.01,0.11,0.00,0.00,0.0044,5.9956,2529.41,0.00,0,0,0.00,0.00,6630,6946
46256,78.29,100.00,208.05,100.00,0.10,0.00,0.00,0.0044,5.9956,2539.09,0.00,0,0,0.00,0.00,6751,6907
46456,83.72,100.00,206.04,200.00,0.10,0.00,0.00,0.0044,5.9956,2156.86,0.00,0,0,0.00,0.00,5052,6739
46656,87.79,100.00,317.02,649.96,0.14,0.00,0.00,0.0044,5.9956,2392.89,0.00,0,0,0.00,0.00,4926,5727
46856,90.84,100.00,362.77,500.02,0.16,0.00,0.00,0.0044,5.9956,2547.17,0.00,0,0,0.00,0.00,6852,5900
47056,80.63,50.00,297.08,100.00,0.13,0.00,0.00,0.0044,5.9956,2538.36,0.00,0,0,0.00,0.00,6742,7100
47256,85.47,100.00,272.81,200.00,0.12,0.00,0.00,0.0044,5.9956,2585.30,0.00,0,0,0.00,0.00,7328,7264
47456,89.11,100.00,279.61,300.01,0.13,0.00,0.00,0.0044,5.9956,2593.98,0.00,0,0,0.00,0.00,7437,7419
47656,91.83,100.00,259.70,199.99,0.12,0.00,0.00,0.0044,5.9956,2637.53,0.00,0,0,0.00,0.00,7981,7474
47856,93.87,100.00,244.78,200.01,0.12,0.00,0.00,0.0044,5.9956,2647.37,0.00,0,0,0.00,0.00,8104,7853
48056,95.40,100.00,183.58,0.00,0.10,0.00,0.00,0.0044,5.9956,2671.88,0.00,0,0,0.00,0.00,8410,8333
48256,96.55,100.00,187.69,200.00,0.10,0.00,0.00,0.0044,5.9956,2747.52,0.00,0,0,0.00,0.00,9354,8800
48456,109.91,150.00,165.77,100.00,0.10,0.00,0.00,0.0044,5.9956,2718.03,0.00,0,0,0.00,0.00,9033,9597
48656,107.44,100.00,161.82,149.99,0.09,0.00,0.00,0.0044,5.9956,2766.42,0.00,0,0,0.00,0.00,9590,9405
48856,105.58,100.00,208.87,350.01,0.11,0.00,0.00,0.0044,5.9956,2818.25,0.00,0,0,0.00,0.00,10237,9801
49056,116.68,150.00,206.65,200.00,0.11,0.00,0.00,0.0044,5.9956,2833.07,0.00,0,0,0.00,0.00,10423,10499
49256,112.51,100.00,204.99,200.00,0.11,0.00,0.00,0.0044,5.9956,2853.55,0.00,0,0,0.00,0.00,10678,10226
49456,121.88,150.00,203.74,200.00,0.11,0.00,0.00,0.0044,5.9956,2919.53,0.00,0,0,0.00,0.00,11502,10970
49656,128.91,150.00,227.80,299.98,0.12,0.00,0.00,0.0044,5.9956,2967.04,0.00,0,0,0.00,0.00,12095,11930
49856,134.18,150.00,195.85,100.00,0.11,0.00,0.00,0.0044,5.9956,2934.02,0.00,0,0,0.00,0.00,11768,11900
50056,138.14,150.00,221.89,300.00,0.12,0.00,0.00,0.0044,5.9956,2972.97,0.00,0,0,0.00,0.00,12170,12038
50256,141.10,150.00,216.42,200.00,0.12,0.00,0.00,0.0044,5.9956,3009.41,0.00,0,0,0.00,0.00,12671,12653
50456,143.33,150.00,212.31,200.00,0.12,0.00,0.00,0.0044,5.9956,3003.85,0.00,0,0,0.00,0.00,12717,12710
50656,145.00,150.00,209.23,199.99,0.12,0.00,0.00,0.0044,5.9956,3033.58,0.00,0,0,0.00,0.00,12926,12772
50856,146.25,150.00,231.93,300.01,0.13,0.00,0.00,0.0044,5.9956,3074.23,0.00,0,0,0.00,0.00,13434,13239
51056,147.19,150.00,173.95,0.00,0.11,0.00,0.00,0.0044,5.9956,3062.41,0.00,0,0,0.00,0.00,13667,13543
51256,160.39,200.00,155.46,100.01,0.11,0.00,0.00,0.0044,5.9956,3078.04,0.00,0,0,0.00,0.00,14091,13935
51456,157.79,150.00,116.60,0.00,0.10,0.00,0.00,0.0044,5.9956,3084.45,0.00,0,0,0.00,0.00,14635,14467
51656,168.34,200.00,87.45,0.00,0.09,0.00,0.00,0.0044,5.9956,3087.07,0.00,0,0,0.00,0.00,15148,14974
51856,163.76,150.00,90.59,100.00,0.09,0.00,0.00,0.0044,5.9956,3093.26,0.00,0,0,0.00,0.00,15750,15564
52056,172.82,200.00,92.94,100.00,0.09,0.00,0.00,0.0044,5.9956,3124.28,0.00,0,0,0.00,0.00,16457,16209
52256,179.61,200.00,107.21,150.00,0.10,0.00,0.00,0.0044,5.9956,3103.39,0.00,0,0,0.00,0.00,17061,16855
52456,184.71,200.00,142.90,250.00,0.11,0.00,0.00,0.0044,5.9956,3134.83,0.00,0,0,0.00,0.00,17761,17492
52656,188.53,200.00,157.18,199.99,0.12,0.00,0.00,0.0044,5.9956,3120.83,0.00,0,0,0.00,0.00,18386,18145
52856,203.90,250.00,117.88,0.00,0.11,0.00,0.00,0.0044,5.9956,3075.09,0.00,0,0,0.00,0.00,18942,18792
53056,202.92,200.00,88.41,0.00,0.10,0.00,0.00,0.0044,5.9956,2965.16,0.00,0,0,0.00,0.00,18994,19064
53256,202.19,200.00,66.31,0.00,0.09,0.00,0.00,0.0044,5.9956,2933.25,0.00,0,0,0.00,0.00,18573,18707
53456,214.15,250.00,49.73,0.00,0.09,0.00,0.00,0.0044,5.9956,2886.58,0.00,0,0,0.00,0.00,17943,18170
53656,210.61,200.00,37.30,0.00,0.09,0.00,0.00,0.0044,5.9956,2953.54,0.00,0,0,0.00,0.00,17574,17667
53856,207.96,200.00,27.97,0.00,0.08,0.00,0.00,0.0044,5.9956,2980.97,0.00,0,0,0.00,0.00,17362,17401
54056,205.97,200.00,20.98,0.00,0.08,0.00,0.00,0.0044,5.9956,2992.21,0.00,0,0,0.00,0.00,17272,17288
54256,204.48,200.00,65.74,200.00,0.09,0.00,0.00,0.0044,5.9956,3028.81,0.00,0,0,0.00,0.00,17357,17300
54456,203.36,200.00,74.30,100.00,0.10,0.00,0.00,0.0044,5.9956,2604.94,0.00,0,0,0.00,0.00,16320,17111
54656,202.52,200.00,55.73,0.00,0.09,0.00,0.00,0.0044,5.9956,2817.70,0.00,0,0,0.00,0.00,15419,15784
54856,201.89,200.00,66.80,100.00,0.09,0.00,0.00,0.0044,5.9956,2904.85,0.00,0,0,0.00,0.00,14834,15025
55056,201.42,200.00,50.10,0.00,0.09,0.00,0.00,0.0044,5.9956,2986.63,0.00,0,0,0.00,0.00,14675,14702
55256,188.56,150.00,112.57,299.99,0.10,0.00,0.00,0.0044,5.9956,3026.52,0.00,0,0,0.00,0.00,14721,14668
55456,191.42,200.00,84.43,0.00,0.10,0.00,0.00,0.0044,5.9956,3036.46,0.00,0,0,0.00,0.00,14998,14926
55656,181.07,150.00,125.82,250.00,0.11,0.00,0.00,0.0044,5.9956,3040.54,0.00,0,0,0.00,0.00,15269,15188
55856,185.80,200.00,169.37,300.01,0.12,0.00,0.00,0.0044,5.9956,3016.60,0.00,0,0,0.00,0.00,15422,15389
56056,189.35,200.00,227.03,400.00,0.14,0.00,0.00,0.0044,5.9956,2995.28,0.00,0,0,0.00,0.00,15536,15546
56256,179.51,150.00,257.77,349.99,0.15,0.00,0.00,0.0044,5.9956,2998.07,0.00,0,0,0.00,0.00,15506,15510
56456,184.63,200.00,293.33,400.00,0.17,0.00,0.00,0.0044,5.9956,3007.21,0.00,0,0,0.00,0.00,15473,15459
56656,188.48,200.00,269.99,200.00,0.16,0.00,0.00,0.0044,5.9956,3014.10,0.00,0,0,0.00,0.00,15420,15392
56856,178.86,150.00,227.50,100.00,0.14,0.00,0.00,0.0044,5.9956,3098.25,0.00,0,0,0.00,0.00,15793,15597
57056,184.14,200.00,195.62,100.00,0.13,0.00,0.00,0.0044,5.9956,3132.72,0.00,0,0,0.00,0.00,16401,16136
57256,188.11,200.00,184.22,150.00,0.13,0.00,0.00,0.0044,5.9956,3198.04,0.00,0,0,0.00,0.00,17340,16944
57456,203.58,250.00,175.66,150.00,0.13,0.00,0.00,0.0044,5.9956,3251.68,0.00,0,0,0.00,0.00,18463,17960
57656,202.69,200.00,131.75,0.00,0.12,0.00,0.00,0.0044,5.9956,3246.77,0.00,0,0,0.00,0.00,19634,19141
57856,214.51,250.00,98.81,0.00,0.11,0.00,0.00,0.0044,5.9956,3259.16,0.00,0,0,0.00,0.00,20693,20175
58056,223.39,250.00,74.11,0.00,0.10,0.00,0.00,0.0044,5.9956,3198.63,0.00,0,0,0.00,0.00,21614,21217
58256,230.04,250.00,80.58,100.00,0.11,0.00,0.00,0.0044,5.9956,3167.44,0.00,0,0,0.00,0.00,22544,22210
58456,235.03,250.00,60.44,0.00,0.10,0.00,0.00,0.0044,5.9956,3134.18,0.00,0,0,0.00,0.00,23207,22939
58656,251.27,300.00,45.33,0.00,0.10,0.00,0.00,0.0044,5.9956,3080.56,0.00,0,0,0.00,0.00,23802,23641
58856,250.95,250.00,59.00,100.00,0.11,0.00,0.00,0.0044,5.9956,3085.48,0.00,0,0,0.00,0.00,24316,24146
59056,263.22,300.00,44.25,0.00,0.11,0.00,0.00,0.0044,5.9956,3060.61,0.00,0,0,0.00,0.00,24670,24549
59256,272.41,300.00,83.19,200.00,0.12,0.00,0.00,0.0044,5.9956,3102.91,0.00,0,0,0.00,0.00,25308,25103
59456,279.31,300.00,62.39,0.00,0.12,0.00,0.00,0.0044,5.9956,3094.63,0.00,0,0,0.00,0.00,25914,25725
59656,284.48,300.00,46.79,0.00,0.11,0.00,0.00,0.0044,5.9956,2998.76,0.00,0,0,0.00,0.00,26189,26192
59856,300.86,350.00,60.10,100.00,0.13,0.00,0.00,0.0044,5.9956,2999.49,0.00,0,0,0.00,0.00,26180,26182
60056,300.65,300.00,45.07,0.00,0.12,0.00,0.00,0.0044,5.9956,3060.27,0.00,0,0,0.00,0.00,26434,26314
60256,312.98,350.00,33.80,0.00,0.12,0.00,0.00,0.0044,5.9956,3050.29,0.00,0,0,0.00,0.00,26836,26736
60456,309.74,300.00,25.35,0.00,0.12,0.00,0.00,0.0044,5.9956,3081.08,0.00,0,0,0.00,0.00,27244,27082
60656,319.80,350.00,44.01,99.99,0.13,0.00,0.00,0.0044,5.9956,3073.21,0.00,0,0,0.00,0.00,27632,27486
60856,314.85,300.00,33.01,0.00,0.12,0.00,0.00,0.0044,5.9956,3029.99,0.00,0,0,0.00,0.00,27862,27803
61056,323.64,350.00,49.76,100.00,0.13,0.00,0.00,0.0044,5.9956,3012.28,0.00,0,0,0.00,0.00,27970,27946
61256,330.23,350.00,62.32,100.00,0.14,0.00,0.00,0.0044,5.9956,3030.63,0.00,0,0,0.00,0.00,28171,28110
61456,335.17,350.00,71.74,100.00,0.14,0.00,0.00,0.0044,5.9956,3012.55,0.00,0,0,0.00,0.00,28292,28267
61656,338.88,350.00,53.80,0.00,0.14,0.00,0.00,0.0044,5.9956,3045.14,0.00,0,0,0.00,0.00,28418,28328
61856,341.66,350.00,40.35,0.00,0.13,0.00,0.00,0.0044,5.9956,3044.09,0.00,0,0,0.00,0.00,28705,28617
62056,356.24,400.00,30.26,0.00,0.13,0.00,0.00,0.0067,5.9933,3078.54,0.00,0,0,0.00,0.00,29124,28967
62256,354.68,350.00,22.70,0.00,0.13,0.00,0.00,0.0067,5.9933,3064.17,0.00,0,0,0.00,0.00,29511,29383
62456,353.51,350.00,67.02,200.00,0.15,0.00,0.00,0.0067,5.9933,3026.28,0.00,0,0,0.00,0.00,29758,29706
62656,365.13,400.00,50.27,0.00,0.14,0.00,0.00,0.0067,5.9933,3010.77,0.00,0,0,0.00,0.00,29877,29856
62856,361.35,350.00,37.70,0.00,0.14,0.00,0.00,0.0067,5.9933,3004.41,0.00,0,0,0.00,0.00,29929,29921
63056,371.01,400.00,53.28,100.00,0.15,0.00,0.00,0.0067,5.9933,3041.81,0.00,0,0,0.00,0.00,30031,29948
63256,378.26,400.00,89.96,200.00,0.16,0.00,0.00,0.0067,5.9933,3017.12,0.00,0,0,0.00,0.00,30183,30149
63456,383.69,400.00,92.47,100.00,0.17,0.00,0.00,0.0067,5.9933,3047.01,0.00,0,0,0.00,0.00,30344,30250
63656,375.27,350.00,119.35,200.00,0.17,0.00,0.00,0.0067,5.9933,3019.26,0.00,0,0,0.00,0.00,30498,30460
63856,381.45,400.00,89.51,0.00,0.16,0.00,0.00,0.0067,5.9933,2975.89,0.00,0,0,0.00,0.00,30465,30514
64056,386.09,400.00,67.13,0.00,0.16,0.00,0.00,0.0067,5.9933,2990.12,0.00,0,0,0.00,0.00,30352,30372
64256,389.57,400.00,50.35,0.00,0.15,0.00,0.00,0.0067,5.9933,3027.95,0.00,0,0,0.00,0.00,30421,30366
64456,379.68,350.00,125.26,350.01,0.18,0.00,0.00,0.0067,5.9933,3011.45,0.00,0,0,0.00,0.00,30543,30521
64656,384.76,400.00,131.45,149.99,0.18,0.00,0.00,0.0067,5.9933,3004.69,0.00,0,0,0.00,0.00,30597,30588
64856,388.57,400.00,148.59,200.01,0.19,0.00,0.00,0.0067,5.9933,3001.92,0.00,0,0,0.00,0.00,30618,30615
65056,391.43,400.00,136.44,100.00,0.18,0.00,0.00,0.0067,5.9933,3021.27,0.00,0,0,0.00,0.00,30799,30757
65256,393.57,400.00,177.33,299.99,0.20,0.00,0.00,0.0067,5.9933,3008.71,0.00,0,0,0.00,0.00,30899,30882
65456,395.18,400.00,133.00,0.00,0.18,0.00,0.00,0.0067,5.9933,3003.57,0.00,0,0,0.00,0.00,30937,30930
65656,396.38,400.00,99.75,0.00,0.17,0.00,0.00,0.0067,5.9933,3027.06,0.00,0,0,0.00,0.00,31000,31001
65856,397.29,400.00,74.81,0.00,0.16,0.00,0.00,0.0067,5.9933,3011.08,0.00,0,0,0.00,0.00,31000,31000
66056,397.97,400.00,156.11,400.00,0.19,0.00,0.00,0.0067,5.9933,3004.54,0.00,0,0,0.00,0.00,31000,31000
66256,398.47,400.00,117.08,0.00,0.18,0.00,0.00,0.0067,5.9933,3001.86,0.00,0,0,0.00,0.00,31000,31000
66456,398.86,400.00,87.81,0.00,0.17,0.00,0.00,0.0067,5.9933,3000.76,0.00,0,0,0.00,0.00,31000,31000
66656,399.14,400.00,90.86,99.99,0.17,0.00,0.00,0.0067,5.9933,3000.31,0.00,0,0,0.00,0.00,31000,31000
66856,399.36,400.00,68.14,0.00,0.16,0.00,0.00,0.0067,5.9933,3032.13,0.00,0,0,0.00,0.00,31000,31000
67056,399.52,400.00,51.11,0.00,0.16,0.00,0.00,0.0067,5.9933,2797.48,0.00,0,0,0.00,0.00,30394,30800
67256,374.64,300.00,38.33,0.00,0.14,0.00,0.00,0.0067,5.9933,2615.29,0.00,0,0,0.00,0.00,28930,29700
67456,355.98,300.00,28.75,0.00,0.13,0.00,0.00,0.0067,5.9933,2488.18,0.00,0,0,0.00,0.00,27187,28211
67656,341.98,300.00,21.56,0.00,0.13,0.00,0.00,0.0067,5.9933,2415.64,0.00,0,0,0.00,0.00,25298,26467
67856,318.99,250.00,16.17,0.00,0.12,0.00,0.00,0.0067,5.9933,2340.81,0.00,0,0,0.00,0.00,23224,24543
68056,289.24,200.00,37.13,100.00,0.11,0.00,0.00,0.0067,5.9933,2278.15,0.00,0,0,0.00,0.00,21202,22646
68256,266.93,200.00,127.85,400.00,0.14,0.00,0.00,0.0067,5.9933,2166.41,0.00,0,0,0.00,0.00,18932,20600
68456,237.70,150.00,145.88,200.00,0.13,0.00,0.00,0.0067,5.9933,2068.16,0.00,0,0,0.00,0.00,16331,18195
68656,203.27,100.00,159.41,199.99,0.13,0.00,0.00,0.0067,5.9933,1895.44,0.00,0,0,0.00,0.00,0,16392
68856,177.46,100.00,119.56,0.00,0.10,0.00,0.00,0.0067,5.9933,1701.49,0.00,0,0,0.00,0.00,0,15646
69056,145.59,50.00,114.67,100.00,0.09,0.00,0.00,0.0067,5.9933,1457.89,0.00,0,0,0.00,0.00,0,12981
69256,121.69,50.00,98.50,50.00,0.08,0.00,0.00,0.0067,5.9933,1233.63,0.00,0,0,0.00,0.00,0,10107
69456,103.77,50.00,73.88,0.00,0.06,0.00,0.00,0.0067,5.9933,1090.58,0.00,0,0,0.00,0.00,0,7260
69656,77.83,0.00,55.41,0.00,0.05,0.00,0.00,0.0067,5.9933,991.02,0.00,0,0,0.00,0.00,0,4447
69856,58.37,0.00,41.56,0.00,0.03,0.00,0.00,0.0067,5.9933,1174.88,0.00,0,0,0.00,0.00,0,1573
70056,43.78,0.00,81.17,200.00,0.04,0.00,0.00,0.0067,5.9933,1347.79,0.00,0,0,0.00,0.00,0,20
70256,32.83,0.00,148.37,350.00,0.06,0.00,0.00,0.0067,5.9933,1496.70,0.00,0,0,0.00,0.00,0,0
70456,24.63,0.00,173.78,250.00,0.07,0.00,0.00,0.0067,5.9933,1589.69,0.00,0,0,0.00,0.00,0,0
70656,18.47,0.00,167.83,149.99,0.06,0.00,0.00,0.0067,5.9933,1688.26,0.00,0,0,0.00,0.00,0,0
70856,13.85,0.00,200.88,300.01,0.07,0.00,0.00,0.0067,5.9933,1754.23,0.00,0,0,0.00,0.00,0,0
71056,10.39,0.00,238.16,350.00,0.09,0.00,0.00,0.0067,5.9933,1781.25,0.00,0,0,0.00,0.00,0,0
71256,7.79,0.00,253.62,300.00,0.09,0.00,0.00,0.0067,5.9933,1832.32,0.00,0,0,0.00,0.00,0,0
71456,5.84,0.00,202.71,50.00,0.07,0.00,0.00,0.0067,5.9933,1773.24,0.00,0,0,0.00,0.00,0,0
71656,4.38,0.00,152.04,0.00,0.05,0.00,0.00,0.0067,5.9933,1630.96,0.00,0,0,0.00,0.00,0,0
71856,3.29,0.00,114.03,0.00,0.04,0.00,0.00,0.0067,5.9933,1462.60,0.00,0,0,0.00,0.00,0,0
72056,2.47,0.00,85.52,0.00,0.03,0.00,0.00,0.0067,5.9933,1241.96,0.00,0,0,0.00,0.00,0,0
72256,1.85,0.00,64.14,0.00,0.02,0.00,0.00,0.0067,5.9933,1067.11,0.00,0,0,0.00,0.00,0,0
72456,1.39,0.00,48.11,0.00,0.02,0.00,0.00,0.0067,5.9933,877.41,0.00,0,0,0.00,0.00,0,0
72656,1.04,0.00,36.08,0.00,0.01,0.00,0.00,0.0067,5.9933,641.63,0.00,0,0,0.00,0.00,0,0
72856,0.78,0.00,64.56,150.01,0.02,0.00,0.00,0.0067,5.9933,447.45,0.00,0,0,0.00,0.00,0,0
73056,0.59,0.00,85.92,150.00,0.03,0.00,0.00,0.0067,5.9933,301.36,0.00,0,0,0.00,0.00,0,0
73256,0.44,0.00,64.44,0.00,0.02,0.00,0.00,0.0067,5.9933,149.04,0.00,0,0,0.00,0.00,0,0
73456,0.33,0.00,48.33,0.00,0.02,0.00,0.00,0.0067,5.9933,61.04,0.00,0,0,0.00,0.00,0,0
73656,0.25,0.00,36.25,0.00,0.01,0.00,0.00,0.0067,5.9933,25.00,0.00,0,0,0.00,0.00,0,0
73856,0.19,0.00,39.69,50.00,0.01,0.00,0.00,0.0067,5.9933,10.24,0.00,0,0,0.00,0.00,0,0
74056,0.14,0.00,79.76,200.00,0.03,0.00,0.00,0.0067,5.9933,4.19,0.00,0,0,0.00,0.00,0,0
74256,0.10,0.00,72.32,50.00,0.03,0.00,0.00,0.0067,5.9933,1.72,0.00,0,0,0.00,0.00,0,0
74456,0.08,0.00,66.74,50.00,0.02,0.00,0.00,0.0067,5.9933,0.70,0.00,0,0,0.00,0.00,0,0
74656,0.06,0.00,112.55,249.99,0.04,0.00,0.00,0.0067,5.9933,0.29,0.00,0,0,0.00,0.00,0,0
74856,0.04,0.00,84.42,0.00,0.03,0.00,0.00,0.0067,5.9933,0.12,0.00,0,0,0.00,0.00,0,0
75056,0.03,0.00,100.81,150.00,0.04,0.00,0.00,0.0067,5.9933,0.05,0.00,0,0,0.00,0.00,0,0
75256,0.02,0.00,88.11,50.00,0.03,0.00,0.00,0.0067,5.9933,0.02,0.00,0,0,0.00,0.00,0,0
75456,0.02,0.00,66.08,0.00,0.02,0.00,0.00,0.0067,5.9933,0.01,0.00,0,0,0.00,0.00,0,0
75656,0.01,0.00,87.06,149.99,0.03,0.00,0.00,0.0067,5.9933,0.00,0.00,0,0,0.00,0.00,0,0
75856,0.01,0.00,77.80,50.00,0.03,0.00,0.00,0.0067,5.9933,0.00,0.00,0,0,0.00,0.00,0,0
76056,0.01,0.00,58.35,0.00,0.02,0.00,0.00,0.0067,5.9933,0.00,0.00,0,0,0.00,0.00,0,0
76256,0.01,0.00,56.26,50.00,0.02,0.00,0.00,0.0067,5.9933,0.00,0.00,0,0,0.00,0.00,0,0
76456,0.00,0.00,79.69,150.00,0.03,0.00,0.00,0.0067,5.9933,0.00,0.00,0,0,0.00,0.00,0,0
76656,0.00,0.00,197.27,549.98,0.07,0.00,0.00,0.0067,5.9933,0.00,0.00,0,0,0.00,0.00,0,0
76856,0.00,0.00,172.95,100.00,0.06,0.00,0.00,0.0067,5.9933,0.00,0.00,0,0,0.00,0.00,0,0
77056,0.00,0.00,167.21,150.00,0.06,0.00,0.00,0.0067,5.9933,0.00,0.00,0,0,0.00,0.00,0,0
77256,0.00,0.00,125.41,0.00,0.04,0.00,0.00,0.0067,5.9933,0.00,0.00,0,0,0.00,0.00,0,0
77456,0.00,0.00,94.06,0.00,0.03,0.00,0.00,0.0067,5.9933,0.00,0.00,0,0,0.00,0.00,0,0
77656,0.00,0.00,83.04,50.00,0.03,0.00,0.00,0.0067,5.9933,0.00,0.00,0,0,0.00,0.00,0,0
77856,0.00,0.00,74.78,50.00,0.03,0.00,0.00,0.0067,5.9933,0.00,0.00,0,0,0.00,0.00,0,0
78056,0.00,0.00,56.09,0.00,0.02,0.00,0.00,0.0067,5.9933,0.00,0.00,0,0,0.00,0.00,0,0
78256,0.00,0.00,42.07,0.00,0.01,0.00,0.00,0.0067,5.9933,0.00,0.00,0,0,0.00,0.00,0,0
78456,0.00,0.00,31.55,0.00,0.01,0.00,0.00,0.0067,5.9933,0.00,0.00,0,0,0.00,0.00,0,0
78656,0.00,0.00,23.66,0.00,0.01,0.00,0.00,0.0067,5.9933,0.00,0.00,0,0,0.00,0.00,0,0
78856,0.00,0.00,17.75,0.00,0.01,0.00,0.00,0.0067,5.9933,0.00,0.00,0,0,0.00,0.00,0,0
79056,0.00,0.00,13.31,0.00,0.00,0.00,0.00,0.0067,5.9933,0.00,0.00,0,0,0.00,0.00,0,0
79256,0.00,0.00,9.98,0.00,0.00,0.00,0.00,0.0067,5.9933,0.00,0.00,0,0,0.00,0.00,0,0
79456,0.00,0.00,7.49,0.00,0.00,0.00,0.00,0.0067,5.9933,0.00,0.00,0,0,0.00,0.00,0,0
79656,0.00,0.00,5.62,0.00,0.00,0.00,0.00,0.0067,5.9933,0.00,0.00,0,0,0.00,0.00,0,0
79856,0.00,0.00,4.21,0.00,0.00,0.00,0.00,0.0067,5.9933,0.00,0.00,0,0,0.00,0.00,0,0
80056,0.00,0.00,3.16,0.00,0.00,0.00,0.00,0.0067,5.9933,0.00,0.00,0,0,0.00,0.00,0,0
80256,0.00,0.00,2.37,0.00,0.00,0.00,0.00,0.0067,5.9933,0.00,0.00,0,0,0.00,0.00,0,0
80456,0.00,0.00,1.78,0.00,0.00,0.00,0.00,0.0067,5.9933,0.00,0.00,0,0,0.00,0.00,0,0
80656,0.00,0.00,1.33,0.00,0.00,0.00,0.00,0.0067,5.9933,0.00,0.00,0,0,0.00,0.00,0,0
80856,0.00,0.00,1.00,0.00,0.00,0.00,0.00,0.0067,5.9933,0.00,0.00,0,0,0.00,0.00,0,0
81056,0.00,0.00,0.75,0.00,0.00,0.00,0.00,0.0067,5.9933,0.00,0.00,0,0,0.00,0.00,0,0
81256,0.00,0.00,0.56,0.00,0.00,0.00,0.00,0.0067,5.9933,0.00,0.00,0,0,0.00,0.00,0,0
81456,0.00,0.00,0.42,0.00,0.00,0.00,0.00,0.0067,5.9933,0.00,0.00,0,0,0.00,0.00,0,0
81656,0.00,0.00,25.32,100.00,0.01,0.00,0.00,0.0067,5.9933,0.00,0.00,0,0,0.00,0.00,0,0
81856,0.00,0.00,18.99,0.00,0.01,0.00,0.00,0.0067,5.9933,0.00,0.00,0,0,0.00,0.00,0,0
82056,0.00,0.00,14.24,0.00,0.00,0.00,0.00,0.0067,5.9933,0.00,0.00,0,0,0.00,0.00,0,0
82256,0.00,0.00,10.68,0.00,0.00,0.00,0.00,0.0067,5.9933,0.00,0.00,0,0,0.00,0.00,0,0
82456,0.00,0.00,8.01,0.00,0.00,0.00,0.00,0.0067,5.9933,0.00,0.00,0,0,0.00,0.00,0,0
82656,0.00,0.00,68.50,249.99,0.02,0.00,0.00,0.0067,5.9933,0.00,0.00,0,0,0.00,0.00,0,0
82856,0.00,0.00,213.89,650.04,0.07,0.00,0.00,0.0067,5.9933,0.00,0.00,0,0,0.00,0.00,0,0
83056,0.00,0.00,197.92,150.00,0.07,0.00,0.00,0.0067,5.9933,0.00,0.00,0,0,0.00,0.00,0,0
83256,0.00,0.00,260.93,449.99,0.09,0.00,0.00,0.0067,5.9933,0.00,0.00,0,0,0.00,0.00,0,0
83456,0.00,0.00,195.70,0.00,0.07,0.00,0.00,0.0067,5.9933,0.00,0.00,0,0,0.00,0.00,0,0
83656,0.00,0.00,259.27,449.98,0.09,0.00,0.00,0.0067,5.9933,0.00,0.00,0,0,0.00,0.00,0,0
83856,0.00,0.00,331.96,550.03,0.12,0.00,0.00,0.0067,5.9933,0.00,0.00,0,0,0.00,0.00,0,0
84056,0.00,0.00,348.97,399.99,0.12,0.00,0.00,0.0067,5.9933,0.00,0.00,0,0,0.00,0.00,0,0
84256,0.00,0.00,261.73,0.00,0.09,0.00,0.00,0.0067,5.9933,0.00,0.00,0,0,0.00,0.00,0,0
84456,0.00,0.00,283.79,349.99,0.10,0.00,0.00,0.0067,5.9933,0.00,0.00,0,0,0.00,0.00,0,0
84656,0.00,0.00,287.84,300.00,0.10,0.00,0.00,0.0067,5.9933,0.00,0.00,0,0,0.00,0.00,0,0
84856,0.00,0.00,315.89,400.02,0.11,0.00,0.00,0.0067,5.9933,0.00,0.00,0,0,0.00,0.00,0,0
85056,0.00,0.00,311.91,299.98,0.11,0.00,0.00,0.0067,5.9933,0.00,0.00,0,0,0.00,0.00,0,0
85256,0.00,0.00,296.44,250.01,0.10,0.00,0.00,0.0067,5.9933,0.00,0.00,0,0,0.00,0.00,0,0
85456,0.00,0.00,247.33,100.00,0.09,0.00,0.00,0.0067,5.9933,0.00,0.00,0,0,0.00,0.00,0,0
85656,0.00,0.00,260.49,299.99,0.09,0.00,0.00,0.0067,5.9933,0.00,0.00,0,0,0.00,0.00,0,0
85856,0.00,0.00,207.87,50.00,0.07,0.00,0.00,0.0067,5.9933,0.00,0.00,0,0,0.00,0.00,0,0
86056,0.00,0.00,168.40,50.00,0.06,0.00,0.00,0.0067,5.9933,0.00,0.00,0,0,0.00,0.00,0,0
86256,0.00,0.00,126.30,0.00,0.04,0.00,0.00,0.0067,5.9933,0.00,0.00,0,0,0.00,0.00,0,0
86456,0.00,0.00,244.73,600.00,0.08,0.00,0.00,0.0067,5.9933,0.00,0.00,0,0,0.00,0.00,0,0
86656,0.00,0.00,183.54,0.00,0.06,0.00,0.00,0.0067,5.9933,0.00,0.00,0,0,0.00,0.00,0,0
86856,0.00,0.00,137.66,0.00,0.05,0.00,0.00,0.0067,5.9933,0.00,0.00,0,0,0.00,0.00,0,0
87056,0.00,0.00,103.24,0.00,0.04,0.00,0.00,0.0067,5.9933,0.00,0.00,0,0,0.00,0.00,0,0
87256,0.00,0.00,77.43,0.00,0.03,0.00,0.00,0.0067,5.9933,0.00,0.00,0,0,0.00,0.00,0,0
87456,0.00,0.00,70.57,50.00,0.02,0.00,0.00,0.0067,5.9933,0.00,0.00,0,0,0.00,0.00,0,0
87656,0.00,0.00,52.93,0.00,0.02,0.00,0.00,0.0067,5.9933,0.00,0.00,0,0,0.00,0.00,0,0
87856,0.00,0.00,52.20,50.00,0.02,0.00,0.00,0.0067,5.9933,0.00,0.00,0,0,0.00,0.00,0,0
88056,0.00,0.00,39.15,0.00,0.01,0.00,0.00,0.0067,5.9933,0.00,0.00,0,0,0.00,0.00,0,0
88256,0.00,0.00,41.86,50.00,0.01,0.00,0.00,0.0067,5.9933,0.00,0.00,0,0,0.00,0.00,0,0
88456,0.00,0.00,31.40,0.00,0.01,0.00,0.00,0.0067,5.9933,0.00,0.00,0,0,0.00,0.00,0,0
88656,0.00,0.00,36.05,50.00,0.01,0.00,0.00,0.0067,5.9933,0.00,0.00,0,0,0.00,0.00,0,0
88856,0.00,0.00,27.03,0.00,0.01,0.00,0.00,0.0067,5.9933,0.00,0.00,0,0,0.00,0.00,0,0
89056,0.00,0.00,20.28,0.00,0.01,0.00,0.00,0.0067,5.9933,0.00,0.00,0,0,0.00,0.00,0,0
89256,0.00,0.00,15.21,0.00,0.01,0.00,0.00,0.0067,5.9933,0.00,0.00,0,0,0.00,0.00,0,0
89456,0.00,0.00,11.41,0.00,0.00,0.00,0.00,0.0067,5.9933,0.00,0.00,0,0,0.00,0.00,0,0
89656,0.00,0.00,8.55,0.00,0.00,0.00,0.00,0.0067,5.9933,0.00,0.00,0,0,0.00,0.00,0,0
89856,0.00,0.00,6.42,0.00,0.00,0.00,0.00,0.0067,5.9933,0.00,0.00,0,0,0.00,0.00,0,0
90056,0.00,0.00,4.81,0.00,0.00,0.00,0.00,0.0067,5.9933,0.00,0.00,0,0,0.00,0.00,0,0
90256,0.00,0.00,3.61,0.00,0.00,0.00,0.00,0.0067,5.9933,0.00,0.00,0,0,0.00,0.00,0,0
90456,0.00,0.00,2.71,0.00,0.00,0.00,0.00,0.0067,5.9933,0.00,0.00,0,0,0.00,0.00,0,0
90656,0.00,0.00,2.03,0.00,0.00,0.00,0.00,0.0067,5.9933,0.00,0.00,0,0,0.00,0.00,0,0
90856,0.00,0.00,1.52,0.00,0.00,0.00,0.00,0.0067,5.9933,0.00,0.00,0,0,0.00,0.00,0,0
91056,0.00,0.00,1.14,0.00,0.00,0.00,0.00,0.0067,5.9933,0.00,0.00,0,0,0.00,0.00,0,0
91256,0.00,0.00,0.86,0.00,0.00,0.00,0.00,0.0067,5.9933,0.00,0.00,0,0,0.00,0.00,0,0
91456,0.00,0.00,0.64,0.00,0.00,0.00,0.00,0.0067,5.9933,0.00,0.00,0,0,0.00,0.00,0,0
91656,0.00,0.00,0.48,0.00,0.00,0.00,0.00,0.0067,5.9933,0.00,0.00,0,0,0.00,0.00,0,0
91856,0.00,0.00,0.36,0.00,0.00,0.00,0.00,0.0067,5.9933,0.00,0.00,0,0,0.00,0.00,0,0
92056,0.00,0.00,0.27,0.00,0.00,0.00,0.00,0.0067,5.9933,0.00,0.00,0,0,0.00,0.00,0,0
92256,0.00,0.00,0.20,0.00,0.00,0.00,0.00,0.0067,5.9933,0.00,0.00,0,0,0.00,0.00,0,0
92456,0.00,0.00,0.15,0.00,0.00,0.00,0.00,0.0067,5.9933,0.00,0.00,0,0,0.00,0.00,0,0
92656,0.00,0.00,0.11,0.00,0.00,0.00,0.00,0.0067,5.9933,0.00,0.00,0,0,0.00,0.00,0,0
92856,0.00,0.00,12.59,50.00,0.00,0.00,0.00,0.0067,5.9933,0.00,0.00,0,0,0.00,0.00,0,0
93056,0.00,0.00,9.44,0.00,0.00,0.00,0.00,0.0067,5.9933,0.00,0.00,0,0,0.00,0.00,0,0
93256,0.00,0.00,7.08,0.00,0.00,0.00,0.00,0.0067,5.9933,0.00,0.00,0,0,0.00,0.00,0,0
93456,0.00,0.00,5.31,0.00,0.00,0.00,0.00,0.0067,5.9933,0.00,0.00,0,0,0.00,0.00,0,0
93656,0.00,0.00,3.98,0.00,0.00,0.00,0.00,0.0067,5.9933,0.00,0.00,0,0,0.00,0.00,0,0
93856,0.00,0.00,2.99,0.00,0.00,0.00,0.00,0.0067,5.9933,0.00,0.00,0,0,0.00,0.00,0,0
94056,0.00,0.00,2.24,0.00,0.00,0.00,0.00,0.0067,5.9933,0.00,0.00,0,0,0.00,0.00,0,0
94256,0.00,0.00,1.68,0.00,0.00,0.00,0.00,0.0067,5.9933,0.00,0.00,0,0,0.00,0.00,0,0
94456,0.00,0.00,1.26,0.00,0.00,0.00,0.00,0.0067,5.9933,0.00,0.00,0,0,0.00,0.00,0,0
94656,0.00,0.00,0.95,0.00,0.00,0.00,0.00,0.0067,5.9933,0.00,0.00,0,0,0.00,0.00,0,0
94856,0.00,0.00,0.71,0.00,0.00,0.00,0.00,0.0067,5.9933,0.00,0.00,0,0,0.00,0.00,0,0
95056,0.00,0.00,0.53,0.00,0.00,0.00,0.00,0.0067,5.9933,0.00,0.00,0,0,0.00,0.00,0,0
95256,0.00,0.00,0.40,0.00,0.00,0.00,0.00,0.0067,5.9933,0.00,0.00,0,0,0.00,0.00,0,0
95456,0.00,0.00,0.30,0.00,0.00,0.00,0.00,0.0067,5.9933,0.00,0.00,0,0,0.00,0.00,0,0
95656,0.00,0.00,0.22,0.00,0.00,0.00,0.00,0.0067,5.9933,0.00,0.00,0,0,0.00,0.00,0,0
95856,0.00,0.00,0.17,0.00,0.00,0.00,0.00,0.0067,5.9933,0.00,0.00,0,0,0.00,0.00,0,0
96056,0.00,0.00,0.13,0.00,0.00,0.00,0.00,0.0067,5.9933,0.00,0.00,0,0,0.00,0.00,0,0
96256,0.00,0.00,0.09,0.00,0.00,0.00,0.00,0.0067,5.9933,0.00,0.00,0,0,0.00,0.00,0,0
96456,0.00,0.00,0.07,0.00,0.00,0.00,0.00,0.0067,5.9933,0.00,0.00,0,0,0.00,0.00,0,0
96656,0.00,0.00,0.05,0.00,0.00,0.00,0.00,0.0067,5.9933,0.00,0.00,0,0,0.00,0.00,0,0
96856,0.00,0.00,0.04,0.00,0.00,0.00,0.00,0.0067,5.9933,0.00,0.00,0,0,0.00,0.00,0,0
97056,0.00,0.00,0.03,0.00,0.00,0.00,0.00,0.0067,5.9933,0.00,0.00,0,0,0.00,0.00,0,0
97256,0.00,0.00,0.02,0.00,0.00,0.00,0.00,0.0067,5.9933,0.00,0.00,0,0,0.00,0.00,0,0
97456,0.00,0.00,0.02,0.00,0.00,0.00,0.00,0.0067,5.9933,0.00,0.00,0,0,0.00,0.00,0,0
97656,0.00,0.00,0.01,0.00,0.00,0.00,0.00,0.0067,5.9933,0.00,0.00,0,0,0.00,0.00,0,0
97856,0.00,0.00,0.01,0.00,0.00,0.00,0.00,0.0067,5.9933,0.00,0.00,0,0,0.00,0.00,0,0
98056,0.00,0.00,0.01,0.00,0.00,0.00,0.00,0.0067,5.9933,0.00,0.00,0,0,0.00,0.00,0,0
98256,0.00,0.00,0.01,0.00,0.00,0.00,0.00,0.0067,5.9933,0.00,0.00,0,0,0.00,0.00,0,0
98456,0.00,0.00,0.00,0.00,0.00,0.00,0.00,0.0067,5.9933,0.00,0.00,0,0,0.00,0.00,0,0
98656,0.00,0.00,0.00,0.00,0.00,0.00,0.00,0.0067,5.9933,0.00,0.00,0,0,0.00,0.00,0,0
98856,0.00,0.00,0.00,0.00,0.00,0.00,0.00,0.0067,5.9933,0.00,0.00,0,0,0.00,0.00,0,0
99056,0.00,0.00,0.00,0.00,0.00,0.00,0.00,0.0067,5.9933,0.00,0.00,0,0,0.00,0.00,0,0
99256,0.00,0.00,12.50,50.00,0.00,0.00,0.00,0.0067,5.9933,0.00,0.00,0,0,0.00,0.00,0,0
99456,0.00,0.00,9.38,0.00,0.00,0.00,0.00,0.0067,5.9933,0.00,0.00,0,0,0.00,0.00,0,0
99656,0.00,0.00,7.03,0.00,0.00,0.00,0.00,0.0067,5.9933,0.00,0.00,0,0,0.00,0.00,0,0
99856,0.00,0.00,5.27,0.00,0.00,0.00,0.00,0.0067,5.9933,0.00,0.00,0,0,0.00,0.00,0,0
100056,0.00,0.00,3.96,0.00,0.00,0.00,0.00,0.0067,5.9933,0.00,0.00,0,0,0.00,0.00,0,0
100256,0.00,0.00,2.97,0.00,0.00,0.00,0.00,0.0067,5.9933,0.00,0.00,0,0,0.00,0.00,0,0
100456,0.00,0.00,2.22,0.00,0.00,0.00,0.00,0.0067,5.9933,0.00,0.00,0,0,0.00,0.00,0,0
100656,0.00,0.00,1.67,0.00,0.00,0.00,0.00,0.0067,5.9933,0.00,0.00,0,0,0.00,0.00,0,0
100856,0.00,0.00,1.25,0.00,0.00,0.00,0.00,0.0067,5.9933,0.00,0.00,0,0,0.00,0.00,0,0
101056,0.00,0.00,0.94,0.00,0.00,0.00,0.00,0.0067,5.9933,0.00,0.00,0,0,0.00,0.00,0,0
101256,0.00,0.00,13.20,50.00,0.00,0.00,0.00,0.0067,5.9933,0.00,0.00,0,0,0.00,0.00,0,0
101456,0.00,0.00,9.90,0.00,0.00,0.00,0.00,0.0067,5.9933,0.00,0.00,0,0,0.00,0.00,0,0
101656,0.00,0.00,7.43,0.00,0.00,0.00,0.00,0.0067,5.9933,0.00,0.00,0,0,0.00,0.00,0,0
101856,0.00,0.00,5.57,0.00,0.00,0.00,0.00,0.0067,5.9933,0.00,0.00,0,0,0.00,0.00,0,0
102056,0.00,0.00,4.18,0.00,0.00,0.00,0.00,0.0067,5.9933,0.00,0.00,0,0,0.00,0.00,0,0
102256,0.00,0.00,3.13,0.00,0.00,0.00,0.00,0.0067,5.9933,0.00,0.00,0,0,0.00,0.00,0,0
102456,0.00,0.00,2.35,0.00,0.00,0.00,0.00,0.0067,5.9933,0.00,0.00,0,0,0.00,0.00,0,0
102656,0.00,0.00,1.76,0.00,0.00,0.00,0.00,0.0067,5.9933,0.00,0.00,0,0,0.00,0.00,0,0
102856,0.00,0.00,1.32,0.00,0.00,0.00,0.00,0.0067,5.9933,0.00,0.00,0,0,0.00,0.00,0,0
103056,0.00,0.00,0.99,0.00,0.00,0.00,0.00,0.0067,5.9933,0.00,0.00,0,0,0.00,0.00,0,0
103256,0.00,0.00,0.74,0.00,0.00,0.00,0.00,0.0067,5.9933,0.00,0.00,0,0,0.00,0.00,0,0
103456,0.00,0.00,13.06,50.00,0.00,0.00,0.00,0.0067,5.9933,0.00,0.00,0,0,0.00,0.00,0,0
103656,0.00,0.00,9.79,0.00,0.00,0.00,0.00,0.0067,5.9933,0.00,0.00,0,0,0.00,0.00,0,0
103856,0.00,0.00,7.34,0.00,0.00,0.00,0.00,0.0067,5.9933,0.00,0.00,0,0,0.00,0.00,0,0
104056,0.00,0.00,5.51,0.00,0.00,0.00,0.00,0.0067,5.9933,0.00,0.00,0,0,0.00,0.00,0,0
104256,0.00,0.00,4.13,0.00,0.00,0.00,0.00,0.0067,5.9933,0.00,0.00,0,0,0.00,0.00,0,0
104456,0.00,0.00,3.10,0.00,0.00,0.00,0.00,0.0067,5.9933,0.00,0.00,0,0,0.00,0.00,0,0
104656,0.00,0.00,2.32,0.00,0.00,0.00,0.00,0.0067,5.9933,0.00,0.00,0,0,0.00,0.00,0,0
104856,0.00,0.00,1.74,0.00,0.00,0.00,0.00,0.0067,5.9933,0.00,0.00,0,0,0.00,0.00,0,0
105056,0.00,0.00,1.31,0.00,0.00,0.00,0.00,0.0067,5.9933,0.00,0.00,0,0,0.00,0.00,0,0
105256,0.00,0.00,0.98,0.00,0.00,0.00,0.00,0.0067,5.9933,0.00,0.00,0,0,0.00,0.00,0,0
105456,0.00,0.00,0.74,0.00,0.00,0.00,0.00,0.0067,5.9933,0.00,0.00,0,0,0.00,0.00,0,0
105656,0.00,0.00,0.55,0.00,0.00,0.00,0.00,0.0067,5.9933,0.00,0.00,0,0,0.00,0.00,0,0
105856,0.00,0.00,0.41,0.00,0.00,0.00,0.00,0.0067,5.9933,0.00,0.00,0,0,0.00,0.00,0,0
106056,0.00,0.00,0.31,0.00,0.00,0.00,0.00,0.0067,5.9933,0.00,0.00,0,0,0.00,0.00,0,0
106256,0.00,0.00,0.23,0.00,0.00,0.00,0.00,0.0067,5.9933,0.00,0.00,0,0,0.00,0.00,0,0
106456,0.00,0.00,0.17,0.00,0.00,0.00,0.00,0.0067,5.9933,0.00,0.00,0,0,0.00,0.00,0,0
106656,0.00,0.00,0.13,0.00,0.00,0.00,0.00,0.0067,5.9933,0.00,0.00,0,0,0.00,0.00,0,0
106856,0.00,0.00,0.10,0.00,0.00,0.00,0.00,0.0067,5.9933,0.00,0.00,0,0,0.00,0.00,0,0
107056,0.00,0.00,0.07,0.00,0.00,0.00,0.00,0.0067,5.9933,0.00,0.00,0,0,0.00,0.00,0,0
107256,0.00,0.00,0.06,0.00,0.00,0.00,0.00,0.0067,5.9933,0.00,0.00,0,0,0.00,0.00,0,0
107456,0.00,0.00,0.04,0.00,0.00,0.00,0.00,0.0067,5.9933,0.00,0.00,0,0,0.00,0.00,0,0
107656,0.00,0.00,0.03,0.00,0.00,0.00,0.00,0.0067,5.9933,0.00,0.00,0,0,0.00,0.00,0,0
107856,0.00,0.00,0.02,0.00,0.00,0.00,0.00,0.0067,5.9933,0.00,0.00,0,0,0.00,0.00,0,0
108056,0.00,0.00,0.02,0.00,0.00,0.00,0.00,0.0067,5.9933,0.00,0.00,0,0,0.00,0.00,0,0
108256,0.00,0.00,0.01,0.00,0.00,0.00,0.00,0.0067,5.9933,0.00,0.00,0,0,0.00,0.00,0,0
108456,0.00,0.00,0.01,0.00,0.00,0.00,0.00,0.0067,5.9933,0.00,0.00,0,0,0.00,0.00,0,0
108656,0.00,0.00,0.01,0.00,0.00,0.00,0.00,0.0067,5.9933,0.00,0.00,0,0,0.00,0.00,0,0
108856,0.00,0.00,0.01,0.00,0.00,0.00,0.00,0.0067,5.9933,0.00,0.00,0,0,0.00,0.00,0,0
109056,0.00,0.00,0.00,0.00,0.00,0.00,0.00,0.0067,5.9933,0.00,0.00,0,0,0.00,0.00,0,0
109256,0.00,0.00,0.00,0.00,0.00,0.00,0.00,0.0067,5.9933,0.00,0.00,0,0,0.00,0.00,0,0
109456,0.00,0.00,0.00,0.00,0.00,0.00,0.00,0.0067,5.9933,0.00,0.00,0,0,0.00,0.00,0,0
109656,0.00,0.00,0.00,0.00,0.00,0.00,0.00,0.0067,5.9933,0.00,0.00,0,0,0.00,0.00,0,0
109856,0.00,0.00,0.00,0.00,0.00,0.00,0.00,0.0067,5.9933,0.00,0.00,0,0,0.00,0.00,0,0
110056,0.00,0.00,0.00,0.00,0.00,0.00,0.00,0.0067,5.9933,0.00,0.00,0,0,0.00,0.00,0,0
110256,0.00,0.00,0.00,0.00,0.00,0.00,0.00,0.0067,5.9933,0.00,0.00,0,0,0.00,0.00,0,0
110456,0.00,0.00,25.00,100.00,0.01,0.00,0.00,0.0067,5.9933,0.00,0.00,0,0,0.00,0.00,0,0
110656,0.00,0.00,18.75,0.00,0.01,0.00,0.00,0.0067,5.9933,0.00,0.00,0,0,0.00,0.00,0,0
110856,0.00,0.00,26.56,50.00,0.01,0.00,0.00,0.0067,5.9933,0.00,0.00,0,0,0.00,0.00,0,0
111056,0.00,0.00,57.42,150.00,0.02,0.00,0.00,0.0067,5.9933,0.00,0.00,0,0,0.00,0.00,0,0
111256,0.00,0.00,68.07,100.00,0.02,0.00,0.00,0.0067,5.9933,0.00,0.00,0,0,0.00,0.00,0,0
111456,0.00,0.00,51.05,0.00,0.02,0.00,0.00,0.0067,5.9933,0.00,0.00,0,0,0.00,0.00,0,0
111656,0.00,0.00,38.29,0.00,0.01,0.00,0.00,0.0067,5.9933,0.00,0.00,0,0,0.00,0.00,0,0
111856,0.00,0.00,28.72,0.00,0.01,0.00,0.00,0.0067,5.9933,0.00,0.00,0,0,0.00,0.00,0,0
112056,0.00,0.00,21.54,0.00,0.01,0.00,0.00,0.0067,5.9933,0.00,0.00,0,0,0.00,0.00,0,0
112256,0.00,0.00,16.15,0.00,0.01,0.00,0.00,0.0067,5.9933,0.00,0.00,0,0,0.00,0.00,0,0
112456,0.00,0.00,12.11,0.00,0.00,0.00,0.00,0.0067,5.9933,0.00,0.00,0,0,0.00,0.00,0,0
112656,0.00,0.00,9.09,0.00,0.00,0.00,0.00,0.0067,5.9933,0.00,0.00,0,0,0.00,0.00,0,0
112856,0.00,0.00,6.81,0.00,0.00,0.00,0.00,0.0067,5.9933,0.00,0.00,0,0,0.00,0.00,0,0
113056,0.00,0.00,30.11,100.00,0.01,0.00,0.00,0.0067,5.9933,0.00,0.00,0,0,0.00,0.00,0,0
113256,0.00,0.00,22.58,0.00,0.01,0.00,0.00,0.0067,5.9933,0.00,0.00,0,0,0.00,0.00,0,0
113456,0.00,0.00,16.94,0.00,0.01,0.00,0.00,0.0067,5.9933,0.00,0.00,0,0,0.00,0.00,0,0
113656,0.00,0.00,12.70,0.00,0.00,0.00,0.00,0.0067,5.9933,0.00,0.00,0,0,0.00,0.00,0,0
113856,0.00,0.00,9.53,0.00,0.00,0.00,0.00,0.0067,5.9933,0.00,0.00,0,0,0.00,0.00,0,0
114056,0.00,0.00,19.65,50.00,0.01,0.00,0.00,0.0067,5.9933,0.00,0.00,0,0,0.00,0.00,0,0
114256,0.00,0.00,27.23,50.00,0.01,0.00,0.00,0.0067,5.9933,0.00,0.00,0,0,0.00,0.00,0,0
114456,0.00,0.00,32.93,50.00,0.01,0.00,0.00,0.0067,5.9933,0.00,0.00,0,0,0.00,0.00,0,0
114656,0.00,0.00,37.19,50.00,0.01,0.00,0.00,0.0067,5.9933,0.00,0.00,0,0,0.00,0.00,0,0
114856,0.00,0.00,27.90,0.00,0.01,0.00,0.00,0.0067,5.9933,0.00,0.00,0,0,0.00,0.00,0,0
115056,0.00,0.00,20.92,0.00,0.01,0.00,0.00,0.0067,5.9933,0.00,0.00,0,0,0.00,0.00,0,0
115256,0.00,0.00,15.69,0.00,0.01,0.00,0.00,0.0067,5.9933,0.00,0.00,0,0,0.00,0.00,0,0
115456,0.00,0.00,24.27,50.00,0.01,0.00,0.00,0.0067,5.9933,0.00,0.00,0,0,0.00,0.00,0,0
115656,0.00,0.00,30.70,50.00,0.01,0.00,0.00,0.0067,5.9933,0.00,0.00,0,0,0.00,0.00,0,0
115856,0.00,0.00,23.03,0.00,0.01,0.00,0.00,0.0067,5.9933,0.00,0.00,0,0,0.00,0.00,0,0
116056,0.00,0.00,17.27,0.00,0.01,0.00,0.00,0.0067,5.9933,0.00,0.00,0,0,0.00,0.00,0,0
116256,0.00,0.00,12.95,0.00,0.00,0.00,0.00,0.0067,5.9933,0.00,0.00,0,0,0.00,0.00,0,0
116456,0.00,0.00,9.71,0.00,0.00,0.00,0.00,0.0067,5.9933,0.00,0.00,0,0,0.00,0.00,0,0
116656,0.00,0.00,7.29,0.00,0.00,0.00,0.00,0.0067,5.9933,0.00,0.00,0,0,0.00,0.00,0,0
116856,0.00,0.00,5.46,0.00,0.00,0.00,0.00,0.0067,5.9933,0.00,0.00,0,0,0.00,0.00,0,0
117056,0.00,0.00,4.10,0.00,0.00,0.00,0.00,0.0067,5.9933,0.00,0.00,0,0,0.00,0.00,0,0
117256,0.00,0.00,3.07,0.00,0.00,0.00,0.00,0.0067,5.9933,0.00,0.00,0,0,0.00,0.00,0,0
117456,0.00,0.00,2.31,0.00,0.00,0.00,0.00,0.0067,5.9933,0.00,0.00,0,0,0.00,0.00,0,0
117656,0.00,0.00,1.73,0.00,0.00,0.00,0.00,0.0067,5.9933,0.00,0.00,0,0,0.00,0.00,0,0
117856,0.00,0.00,1.30,0.00,0.00,0.00,0.00,0.0067,5.9933,0.00,0.00,0,0,0.00,0.00,0,0
118056,0.00,0.00,0.97,0.00,0.00,0.00,0.00,0.0067,5.9933,0.00,0.00,0,0,0.00,0.00,0,0
118256,0.00,0.00,0.73,0.00,0.00,0.00,0.00,0.0067,5.9933,0.00,0.00,0,0,0.00,0.00,0,0
118456,0.00,0.00,0.55,0.00,0.00,0.00,0.00,0.0067,5.9933,0.00,0.00,0,0,0.00,0.00,0,0
118656,0.00,0.00,0.41,0.00,0.00,0.00,0.00,0.0067,5.9933,0.00,0.00,0,0,0.00,0.00,0,0
118856,0.00,0.00,0.31,0.00,0.00,0.00,0.00,0.0067,5.9933,0.00,0.00,0,0,0.00,0.00,0,0
119056,0.00,0.00,0.23,0.00,0.00,0.00,0.00,0.0067,5.9933,0.00,0.00,0,0,0.00,0.00,0,0
119256,0.00,0.00,0.17,0.00,0.00,0.00,0.00,0.0067,5.9933,0.00,0.00,0,0,0.00,0.00,0,0
119456,0.00,0.00,0.13,0.00,0.00,0.00,0.00,0.0067,5.9933,0.00,0.00,0,0,0.00,0.00,0,0
119656,0.00,0.00,0.10,0.00,0.00,0.00,0.00,0.0067,5.9933,0.00,0.00,0,0,0.00,0.00,0,0
119856,0.00,0.00,0.07,0.00,0.00,0.00,0.00,0.0067,5.9933,0.00,0.00,0,0,0.00,0.00,0,0
120056,0.00,0.00,0.05,0.00,0.00,0.00,0.00,0.0067,5.9933,0.00,0.00,0,0,0.00,0.00,0,0
120256,0.00,0.00,0.04,0.00,0.00,0.00,0.00,0.0067,5.9933,0.00,0.00,0,0,0.00,0.00,0,0
120456,0.00,0.00,0.03,0.00,0.00,0.00,0.00,0.0067,5.9933,0.00,0.00,0,0,0.00,0.00,0,0
120656,0.00,0.00,0.02,0.00,0.00,0.00,0.00,0.0067,5.9933,0.00,0.00,0,0,0.00,0.00,0,0
120856,0.00,0.00,0.02,0.00,0.00,0.00,0.00,0.0067,5.9933,0.00,0.00,0,0,0.00,0.00,0,0
121056,0.00,0.00,0.01,0.00,0.00,0.00,0.00,0.0067,5.9933,0.00,0.00,0,0,0.00,0.00,0,0
121256,0.00,0.00,0.01,0.00,0.00,0.00,0.00,0.0067,5.9933,0.00,0.00,0,0,0.00,0.00,0,0
121456,0.00,0.00,0.01,0.00,0.00,0.00,0.00,0.0067,5.9933,0.00,0.00,0,0,0.00,0.00,0,0
121656,0.00,0.00,0.01,0.00,0.00,0.00,0.00,0.0067,5.9933,0.00,0.00,0,0,0.00,0.00,0,0
121856,0.00,0.00,50.01,200.01,0.02,0.00,0.00,0.0067,5.9933,0.00,0.00,0,0,0.00,0.00,0,0
122056,0.00,0.00,37.50,0.00,0.01,0.00,0.00,0.0067,5.9933,0.00,0.00,0,0,0.00,0.00,0,0
122256,0.00,0.00,28.13,0.00,0.01,0.00,0.00,0.0067,5.9933,0.00,0.00,0,0,0.00,0.00,0,0
122456,0.00,0.00,21.10,0.00,0.01,0.00,0.00,0.0067,5.9933,0.00,0.00,0,0,0.00,0.00,0,0
122656,0.00,0.00,15.82,0.00,0.01,0.00,0.00,0.0067,5.9933,0.00,0.00,0,0,0.00,0.00,0,0
122856,0.00,0.00,11.87,0.00,0.00,0.00,0.00,0.0067,5.9933,0.00,0.00,0,0,0.00,0.00,0,0
123056,0.00,0.00,8.90,0.00,0.00,0.00,0.00,0.0067,5.9933,0.00,0.00,0,0,0.00,0.00,0,0
123256,0.00,0.00,6.68,0.00,0.00,0.00,0.00,0.0067,5.9933,0.00,0.00,0,0,0.00,0.00,0,0
123456,0.00,0.00,5.01,0.00,0.00,0.00,0.00,0.0067,5.9933,0.00,0.00,0,0,0.00,0.00,0,0
123656,0.00,0.00,3.75,0.00,0.00,0.00,0.00,0.0067,5.9933,0.00,0.00,0,0,0.00,0.00,0,0
123856,0.00,0.00,2.82,0.00,0.00,0.00,0.00,0.0067,5.9933,0.00,0.00,0,0,0.00,0.00,0,0
124056,0.00,0.00,2.11,0.00,0.00,0.00,0.00,0.0067,5.9933,0.00,0.00,0,0,0.00,0.00,0,0
124256,0.00,0.00,1.58,0.00,0.00,0.00,0.00,0.0067,5.9933,0.00,0.00,0,0,0.00,0.00,0,0
124456,0.00,0.00,1.19,0.00,0.00,0.00,0.00,0.0067,5.9933,0.00,0.00,0,0,0.00,0.00,0,0
124656,0.00,0.00,0.89,0.00,0.00,0.00,0.00,0.0067,5.9933,0.00,0.00,0,0,0.00,0.00,0,0
124856,0.00,0.00,0.67,0.00,0.00,0.00,0.00,0.0067,5.9933,0.00,0.00,0,0,0.00,0.00,0,0
125056,0.00,0.00,0.50,0.00,0.00,0.00,0.00,0.0067,5.9933,0.00,0.00,0,0,0.00,0.00,0,0
125256,0.00,0.00,0.38,0.00,0.00,0.00,0.00,0.0067,5.9933,0.00,0.00,0,0,0.00,0.00,0,0
125456,0.00,0.00,0.28,0.00,0.00,0.00,0.00,0.0067,5.9933,0.00,0.00,0,0,0.00,0.00,0,0
125656,0.00,0.00,0.21,0.00,0.00,0.00,0.00,0.0067,5.9933,0.00,0.00,0,0,0.00,0.00,0,0
125856,0.00,0.00,0.16,0.00,0.00,0.00,0.00,0.0067,5.9933,0.00,0.00,0,0,0.00,0.00,0,0
126056,0.00,0.00,0.12,0.00,0.00,0.00,0.00,0.0067,5.9933,0.00,0.00,0,0,0.00,0.00,0,0
126256,0.00,0.00,0.09,0.00,0.00,0.00,0.00,0.0067,5.9933,0.00,0.00,0,0,0.00,0.00,0,0
126456,0.00,0.00,0.07,0.00,0.00,0.00,0.00,0.0067,5.9933,0.00,0.00,0,0,0.00,0.00,0,0
126656,0.00,0.00,0.05,0.00,0.00,0.00,0.00,0.0067,5.9933,0.00,0.00,0,0,0.00,0.00,0,0
126856,0.00,0.00,0.04,0.00,0.00,0.00,0.00,0.0067,5.9933,0.00,0.00,0,0,0.00,0.00,0,0
127056,0.00,0.00,0.03,0.00,0.00,0.00,0.00,0.0067,5.9933,0.00,0.00,0,0,0.00,0.00,0,0
127256,0.00,0.00,0.02,0.00,0.00,0.00,0.00,0.0067,5.9933,0.00,0.00,0,0,0.00,0.00,0,0
127456,0.00,0.00,0.02,0.00,0.00,0.00,0.00,0.0067,5.9933,0.00,0.00,0,0,0.00,0.00,0,0
127656,0.00,0.00,0.01,0.00,0.00,0.00,0.00,0.0067,5.9933,0.00,0.00,0,0,0.00,0.00,0,0
127856,0.00,0.00,0.01,0.00,0.00,0.00,0.00,0.0067,5.9933,0.00,0.00,0,0,0.00,0.00,0,0
128056,0.00,0.00,0.01,0.00,0.00,0.00,0.00,0.0067,5.9933,0.00,0.00,0,0,0.00,0.00,0,0
128256,0.00,0.00,0.01,0.00,0.00,0.00,0.00,0.0067,5.9933,0.00,0.00,0,0,0.00,0.00,0,0
128456,0.00,0.00,0.00,0.00,0.00,0.00,0.00,0.0067,5.9933,0.00,0.00,0,0,0.00,0.00,0,0
128656,0.00,0.00,0.00,0.00,0.00,0.00,0.00,0.0067,5.9933,0.00,0.00,0,0,0.00,0.00,0,0
128856,0.00,0.00,0.00,0.00,0.00,0.00,0.00,0.0067,5.9933,0.00,0.00,0,0,0.00,0.00,0,0
129056,0.00,0.00,0.00,0.00,0.00,0.00,0.00,0.0067,5.9933,0.00,0.00,0,0,0.00,0.00,0,0
129256,0.00,0.00,0.00,0.00,0.00,0.00,0.00,0.0067,5.9933,0.00,0.00,0,0,0.00,0.00,0,0
129456,0.00,0.00,0.00,0.00,0.00,0.00,0.00,0.0067,5.9933,0.00,0.00,0,0,0.00,0.00,0,0
129656,0.00,0.00,0.00,0.00,0.00,0.00,0.00,0.0067,5.9933,0.00,0.00,0,0,0.00,0.00,0,0
129856,0.00,0.00,0.00,0.00,0.00,0.00,0.00,0.0067,5.9933,0.00,0.00,0,0,0.00,0.00,0,0
130056,0.00,0.00,0.00,0.00,0.00,0.00,0.00,0.0067,5.9933,0.00,0.00,0,0,0.00,0.00,0,0
130256,0.00,0.00,0.00,0.00,0.00,0.00,0.00,0.0067,5.9933,0.00,0.00,0,0,0.00,0.00,0,0
130456,0.00,0.00,0.00,0.00,0.00,0.00,0.00,0.0067,5.9933,0.00,0.00,0,0,0.00,0.00,0,0
130656,0.00,0.00,0.00,0.00,0.00,0.00,0.00,0.0067,5.9933,0.00,0.00,0,0,0.00,0.00,0,0
130856,0.00,0.00,0.00,0.00,0.00,0.00,0.00,0.0067,5.9933,0.00,0.00,0,0,0.00,0.00,0,0
131056,0.00,0.00,0.00,0.00,0.00,0.00,0.00,0.0067,5.9933,0.00,0.00,0,0,0.00,0.00,0,0
131256,0.00,0.00,0.00,0.00,0.00,0.00,0.00,0.0067,5.9933,0.00,0.00,0,0,0.00,0.00,0,0
131456,0.00,0.00,0.00,0.00,0.00,0.00,0.00,0.0067,5.9933,0.00,0.00,0,0,0.00,0.00,0,0
131656,0.00,0.00,0.00,0.00,0.00,0.00,0.00,0.0067,5.9933,0.00,0.00,0,0,0.00,0.00,0,0
131856,0.00,0.00,0.00,0.00,0.00,0.00,0.00,0.0067,5.9933,0.00,0.00,0,0,0.00,0.00,0,0
132056,0.00,0.00,0.00,0.00,0.00,0.00,0.00,0.0067,5.9933,0.00,0.00,0,0,0.00,0.00,0,0
132256,0.00,0.00,0.00,0.00,0.00,0.00,0.00,0.0067,5.9933,0.00,0.00,0,0,0.00,0.00,0,0
132456,0.00,0.00,0.00,0.00,0.00,0.00,0.00,0.0067,5.9933,0.00,0.00,0,0,0.00,0.00,0,0
132656,0.00,0.00,0.00,0.00,0.00,0.00,0.00,0.0067,5.9933,0.00,0.00,0,0,0.00,0.00,0,0
132856,0.00,0.00,0.00,0.00,0.00,0.00,0.00,0.0067,5.9933,0.00,0.00,0,0,0.00,0.00,0,0
133056,0.00,0.00,0.00,0.00,0.00,0.00,0.00,0.0067,5.9933,0.00,0.00,0,0,0.00,0.00,0,0
133256,0.00,0.00,0.00,0.00,0.00,0.00,0.00,0.0067,5.9933,0.00,0.00,0,0,0.00,0.00,0,0
133456,0.00,0.00,0.00,0.00,0.00,0.00,0.00,0.0067,5.9933,0.00,0.00,0,0,0.00,0.00,0,0
133656,0.00,0.00,0.00,0.00,0.00,0.00,0.00,0.0067,5.9933,0.00,0.00,0,0,0.00,0.00,0,0
133856,0.00,0.00,0.00,0.00,0.00,0.00,0.00,0.0067,5.9933,0.00,0.00,0,0,0.00,0.00,0,0
134056,0.00,0.00,0.00,0.00,0.00,0.00,0.00,0.0067,5.9933,0.00,0.00,0,0,0.00,0.00,0,0
134256,0.00,0.00,0.00,0.00,0.00,0.00,0.00,0.0067,5.9933,0.00,0.00,0,0,0.00,0.00,0,0
134456,0.00,0.00,0.00,0.00,0.00,0.00,0.00,0.0067,5.9933,0.00,0.00,0,0,0.00,0.00,0,0
134656,0.00,0.00,0.00,0.00,0.00,0.00,0.00,0.0067,5.9933,0.00,0.00,0,0,0.00,0.00,0,0
134856,0.00,0.00,0.00,0.00,0.00,0.00,0.00,0.0067,5.9933,0.00,0.00,0,0,0.00,0.00,0,0
135056,0.00,0.00,0.00,0.00,0.00,0.00,0.00,0.0067,5.9933,0.00,0.00,0,0,0.00,0.00,0,0
135256,0.00,0.00,0.00,0.00,0.00,0.00,0.00,0.0067,5.9933,0.00,0.00,0,0,0.00,0.00,0,0
135456,0.00,0.00,0.00,0.00,0.00,0.00,0.00,0.0067,5.9933,0.00,0.00,0,0,0.00,0.00,0,0
135656,0.00,0.00,0.00,0.00,0.00,0.00,0.00,0.0067,5.9933,0.00,0.00,0,0,0.00,0.00,0,0
135856,0.00,0.00,12.50,50.00,0.00,0.00,0.00,0.0067,5.9933,0.00,0.00,0,0,0.00,0.00,0,0
136056,0.00,0.00,9.38,0.00,0.00,0.00,0.00,0.0067,5.9933,0.00,0.00,0,0,0.00,0.00,0,0
136256,0.00,0.00,32.03,100.00,0.01,0.00,0.00,0.0067,5.9933,0.00,0.00,0,0,0.00,0.00,0,0
136456,0.00,0.00,86.52,250.00,0.03,0.00,0.00,0.0067,5.9933,0.00,0.00,0,0,0.00,0.00,0,0
136656,0.00,0.00,127.39,249.99,0.04,0.00,0.00,0.0067,5.9933,0.00,0.00,0,0,0.00,0.00,0,0
136856,0.00,0.00,95.54,0.00,0.03,0.00,0.00,0.0067,5.9933,0.00,0.00,0,0,0.00,0.00,0,0
137056,0.00,0.00,209.16,550.00,0.07,0.00,0.00,0.0067,5.9933,0.00,0.00,0,0,0.00,0.00,0,0
137256,0.00,0.00,169.37,50.00,0.06,0.00,0.00,0.0067,5.9933,0.00,0.00,0,0,0.00,0.00,0,0
137456,0.00,0.00,127.03,0.00,0.04,0.00,0.00,0.0067,5.9933,0.00,0.00,0,0,0.00,0.00,0,0
137656,0.00,0.00,95.27,0.00,0.03,0.00,0.00,0.0067,5.9933,0.00,0.00,0,0,0.00,0.00,0,0
137856,0.00,0.00,96.45,100.01,0.03,0.00,0.00,0.0067,5.9933,0.00,0.00,0,0,0.00,0.00,0,0
138056,0.00,0.00,72.34,0.00,0.03,0.00,0.00,0.0067,5.9933,0.00,0.00,0,0,0.00,0.00,0,0
138256,0.00,0.00,54.26,0.00,0.02,0.00,0.00,0.0067,5.9933,0.00,0.00,0,0,0.00,0.00,0,0
138456,0.00,0.00,40.69,0.00,0.01,0.00,0.00,0.0067,5.9933,0.00,0.00,0,0,0.00,0.00,0,0
138656,0.00,0.00,30.52,0.00,0.01,0.00,0.00,0.0067,5.9933,0.00,0.00,0,0,0.00,0.00,0,0
138856,0.00,0.00,22.89,0.00,0.01,0.00,0.00,0.0067,5.9933,0.00,0.00,0,0,0.00,0.00,0,0
139056,0.00,0.00,104.67,350.00,0.04,0.00,0.00,0.0067,5.9933,0.00,0.00,0,0,0.00,0.00,0,0
139256,0.00,0.00,191.00,450.01,0.07,0.00,0.00,0.0067,5.9933,0.00,0.00,0,0,0.00,0.00,0,0
139456,0.00,0.00,180.75,150.00,0.06,0.00,0.00,0.0067,5.9933,0.00,0.00,0,0,0.00,0.00,0,0
139656,0.00,0.00,273.06,549.97,0.09,0.00,0.00,0.0067,5.9933,0.00,0.00,0,0,0.00,0.00,0,0
139856,0.00,0.00,254.79,200.01,0.09,0.00,0.00,0.0067,5.9933,0.00,0.00,0,0,0.00,0.00,0,0
140056,0.00,0.00,291.09,399.99,0.10,0.00,0.00,0.0067,5.9933,0.00,0.00,0,0,0.00,0.00,0,0
140256,0.00,0.00,343.32,500.00,0.12,0.00,0.00,0.0067,5.9933,0.00,0.00,0,0,0.00,0.00,0,0
140456,0.00,0.00,432.49,700.01,0.15,0.00,0.00,0.0067,5.9933,0.00,0.00,0,0,0.00,0.00,0,0
140656,0.00,0.00,361.87,149.99,0.13,0.00,0.00,0.0067,5.9933,0.00,0.00,0,0,0.00,0.00,0,0
140856,0.00,0.00,358.91,350.02,0.12,0.00,0.00,0.0067,5.9933,0.00,0.00,0,0,0.00,0.00,0,0
141056,0.00,0.00,294.18,100.00,0.10,0.00,0.00,0.0067,5.9933,0.00,0.00,0,0,0.00,0.00,0,0
141256,0.00,0.00,270.63,200.00,0.09,0.00,0.00,0.0067,5.9933,0.00,0.00,0,0,0.00,0.00,0,0
141456,0.00,0.00,202.98,0.00,0.07,0.00,0.00,0.0067,5.9933,0.00,0.00,0,0,0.00,0.00,0,0
141656,0.00,0.00,152.23,0.00,0.05,0.00,0.00,0.0067,5.9933,0.00,0.00,0,0,0.00,0.00,0,0
141856,0.00,0.00,114.17,0.00,0.04,0.00,0.00,0.0067,5.9933,0.00,0.00,0,0,0.00,0.00,0,0
142056,0.00,0.00,85.63,0.00,0.03,0.00,0.00,0.0067,5.9933,0.00,0.00,0,0,0.00,0.00,0,0
142256,0.00,0.00,64.22,0.00,0.02,0.00,0.00,0.0067,5.9933,0.00,0.00,0,0,0.00,0.00,0,0
142456,0.00,0.00,48.17,0.00,0.02,0.00,0.00,0.0067,5.9933,0.00,0.00,0,0,0.00,0.00,0,0
142656,0.00,0.00,36.13,0.00,0.01,0.00,0.00,0.0067,5.9933,0.00,0.00,0,0,0.00,0.00,0,0
142856,0.00,0.00,39.59,50.00,0.01,0.00,0.00,0.0067,5.9933,0.00,0.00,0,0,0.00,0.00,0,0
143056,0.00,0.00,29.70,0.00,0.01,0.00,0.00,0.0067,5.9933,0.00,0.00,0,0,0.00,0.00,0,0
143256,0.00,0.00,22.27,0.00,0.01,0.00,0.00,0.0067,5.9933,0.00,0.00,0,0,0.00,0.00,0,0
143456,0.00,0.00,16.70,0.00,0.01,0.00,0.00,0.0067,5.9933,0.00,0.00,0,0,0.00,0.00,0,0
143656,0.00,0.00,12.53,0.00,0.00,0.00,0.00,0.0067,5.9933,0.00,0.00,0,0,0.00,0.00,0,0
143856,0.00,0.00,9.40,0.00,0.00,0.00,0.00,0.0067,5.9933,0.00,0.00,0,0,0.00,0.00,0,0
144056,0.00,0.00,7.05,0.00,0.00,0.00,0.00,0.0067,5.9933,0.00,0.00,0,0,0.00,0.00,0,0
144256,0.00,0.00,5.29,0.00,0.00,0.00,0.00,0.0067,5.9933,0.00,0.00,0,0,0.00,0.00,0,0
144456,0.00,0.00,3.96,0.00,0.00,0.00,0.00,0.0067,5.9933,0.00,0.00,0,0,0.00,0.00,0,0
144656,0.00,0.00,2.97,0.00,0.00,0.00,0.00,0.0067,5.9933,0.00,0.00,0,0,0.00,0.00,0,0
144856,0.00,0.00,2.23,0.00,0.00,0.00,0.00,0.0067,5.9933,0.00,0.00,0,0,0.00,0.00,0,0
145056,0.00,0.00,1.67,0.00,0.00,0.00,0.00,0.0067,5.9933,0.00,0.00,0,0,0.00,0.00,0,0
145256,0.00,0.00,1.25,0.00,0.00,0.00,0.00,0.0067,5.9933,0.00,0.00,0,0,0.00,0.00,0,0
145456,0.00,0.00,0.94,0.00,0.00,0.00,0.00,0.0067,5.9933,0.00,0.00,0,0,0.00,0.00,0,0
145656,0.00,0.00,0.71,0.00,0.00,0.00,0.00,0.0067,5.9933,0.00,0.00,0,0,0.00,0.00,0,0
145856,0.00,0.00,0.53,0.00,0.00,0.00,0.00,0.0067,5.9933,0.00,0.00,0,0,0.00,0.00,0,0
146056,0.00,0.00,0.40,0.00,0.00,0.00,0.00,0.0067,5.9933,0.00,0.00,0,0,0.00,0.00,0,0
146256,0.00,0.00,0.30,0.00,0.00,0.00,0.00,0.0067,5.9933,0.00,0.00,0,0,0.00,0.00,0,0
146456,0.00,0.00,0.22,0.00,0.00,0.00,0.00,0.0067,5.9933,0.00,0.00,0,0,0.00,0.00,0,0
146656,0.00,0.00,0.17,0.00,0.00,0.00,0.00,0.0067,5.9933,0.00,0.00,0,0,0.00,0.00,0,0
146856,0.00,0.00,0.13,0.00,0.00,0.00,0.00,0.0067,5.9933,0.00,0.00,0,0,0.00,0.00,0,0
147056,0.00,0.00,0.09,0.00,0.00,0.00,0.00,0.0067,5.9933,0.00,0.00,0,0,0.00,0.00,0,0
147256,0.00,0.00,0.07,0.00,0.00,0.00,0.00,0.0067,5.9933,0.00,0.00,0,0,0.00,0.00,0,0
147456,0.00,0.00,0.05,0.00,0.00,0.00,0.00,0.0067,5.9933,0.00,0.00,0,0,0.00,0.00,0,0
147656,0.00,0.00,0.04,0.00,0.00,0.00,0.00,0.0067,5.9933,0.00,0.00,0,0,0.00,0.00,0,0
147856,0.00,0.00,0.03,0.00,0.00,0.00,0.00,0.0067,5.9933,0.00,0.00,0,0,0.00,0.00,0,0
148056,0.00,0.00,0.02,0.00,0.00,0.00,0.00,0.0067,5.9933,0.00,0.00,0,0,0.00,0.00,0,0
148256,0.00,0.00,0.02,0.00,0.00,0.00,0.00,0.0067,5.9933,0.00,0.00,0,0,0.00,0.00,0,0
148456,0.00,0.00,0.01,0.00,0.00,0.00,0.00,0.0067,5.9933,0.00,0.00,0,0,0.00,0.00,0,0
148656,0.00,0.00,0.01,0.00,0.00,0.00,0.00,0.0067,5.9933,0.00,0.00,0,0,0.00,0.00,0,0
148856,0.00,0.00,0.01,0.00,0.00,0.00,0.00,0.0067,5.9933,0.00,0.00,0,0,0.00,0.00,0,0
149056,0.00,0.00,0.01,0.00,0.00,0.00,0.00,0.0067,5.9933,0.00,0.00,0,0,0.00,0.00,0,0
149256,0.00,0.00,0.00,0.00,0.00,0.00,0.00,0.0067,5.9933,0.00,0.00,0,0,0.00,0.00,0,0
149456,0.00,0.00,0.00,0.00,0.00,0.00,0.00,0.0067,5.9933,0.00,0.00,0,0,0.00,0.00,0,0
149656,0.00,0.00,37.50,149.99,0.01,0.00,0.00,0.0067,5.9933,0.00,0.00,0,0,0.00,0.00,0,0
149856,0.00,0.00,40.63,50.00,0.01,0.00,0.00,0.0067,5.9933,0.00,0.00,0,0,0.00,0.00,0,0
150056,0.00,0.00,55.47,100.00,0.02,0.00,0.00,0.0067,5.9933,0.00,0.00,0,0,0.00,0.00,0,0
150256,0.00,0.00,41.60,0.00,0.01,0.00,0.00,0.0067,5.9933,0.00,0.00,0,0,0.00,0.00,0,0
150456,0.00,0.00,43.70,50.00,0.02,0.00,0.00,0.0067,5.9933,0.00,0.00,0,0,0.00,0.00,0,0
150656,0.00,0.00,57.78,100.00,0.02,0.00,0.00,0.0067,5.9933,0.00,0.00,0,0,0.00,0.00,0,0
150856,0.00,0.00,43.33,0.00,0.02,0.00,0.00,0.0067,5.9933,0.00,0.00,0,0,0.00,0.00,0,0
151056,0.00,0.00,32.50,0.00,0.01,0.00,0.00,0.0067,5.9933,0.00,0.00,0,0,0.00,0.00,0,0
151256,0.00,0.00,24.37,0.00,0.01,0.00,0.00,0.0067,5.9933,0.00,0.00,0,0,0.00,0.00,0,0
151456,0.00,0.00,18.28,0.00,0.01,0.00,0.00,0.0067,5.9933,0.00,0.00,0,0,0.00,0.00,0,0
151656,0.00,0.00,13.71,0.00,0.00,0.00,0.00,0.0067,5.9933,0.00,0.00,0,0,0.00,0.00,0,0
151856,0.00,0.00,10.28,0.00,0.00,0.00,0.00,0.0067,5.9933,0.00,0.00,0,0,0.00,0.00,0,0
152056,0.00,0.00,7.71,0.00,0.00,0.00,0.00,0.0067,5.9933,0.00,0.00,0,0,0.00,0.00,0,0
152256,0.00,0.00,5.78,0.00,0.00,0.00,0.00,0.0067,5.9933,0.00,0.00,0,0,0.00,0.00,0,0
152456,0.00,0.00,4.34,0.00,0.00,0.00,0.00,0.0067,5.9933,0.00,0.00,0,0,0.00,0.00,0,0
152656,0.00,0.00,3.25,0.00,0.00,0.00,0.00,0.0067,5.9933,0.00,0.00,0,0,0.00,0.00,0,0
152856,0.00,0.00,2.44,0.00,0.00,0.00,0.00,0.0067,5.9933,0.00,0.00,0,0,0.00,0.00,0,0
153056,0.00,0.00,1.83,0.00,0.00,0.00,0.00,0.0067,5.9933,0.00,0.00,0,0,0.00,0.00,0,0
153256,0.00,0.00,1.37,0.00,0.00,0.00,0.00,0.0067,5.9933,0.00,0.00,0,0,0.00,0.00,0,0
153456,0.00,0.00,1.03,0.00,0.00,0.00,0.00,0.0067,5.9933,0.00,0.00,0,0,0.00,0.00,0,0
153656,0.00,0.00,0.77,0.00,0.00,0.00,0.00,0.0067,5.9933,0.00,0.00,0,0,0.00,0.00,0,0
153856,0.00,0.00,0.58,0.00,0.00,0.00,0.00,0.0067,5.9933,0.00,0.00,0,0,0.00,0.00,0,0
154056,0.00,0.00,0.43,0.00,0.00,0.00,0.00,0.0067,5.9933,0.00,0.00,0,0,0.00,0.00,0,0
154256,0.00,0.00,0.33,0.00,0.00,0.00,0.00,0.0067,5.9933,0.00,0.00,0,0,0.00,0.00,0,0
154456,0.00,0.00,0.24,0.00,0.00,0.00,0.00,0.0067,5.9933,0.00,0.00,0,0,0.00,0.00,0,0
154656,0.00,0.00,0.18,0.00,0.00,0.00,0.00,0.0067,5.9933,0.00,0.00,0,0,0.00,0.00,0,0
154856,0.00,0.00,37.64,150.01,0.01,0.00,0.00,0.0067,5.9933,0.00,0.00,0,0,0.00,0.00,0,0
155056,0.00,0.00,28.23,0.00,0.01,0.00,0.00,0.0067,5.9933,0.00,0.00,0,0,0.00,0.00,0,0
155256,0.00,0.00,21.17,0.00,0.01,0.00,0.00,0.0067,5.9933,0.00,0.00,0,0,0.00,0.00,0,0
155456,0.00,0.00,15.88,0.00,0.01,0.00,0.00,0.0067,5.9933,0.00,0.00,0,0,0.00,0.00,0,0
155656,0.00,0.00,11.91,0.00,0.00,0.00,0.00,0.0067,5.9933,0.00,0.00,0,0,0.00,0.00,0,0
155856,0.00,0.00,8.93,0.00,0.00,0.00,0.00,0.0067,5.9933,0.00,0.00,0,0,0.00,0.00,0,0
156056,0.00,0.00,19.20,50.00,0.01,0.00,0.00,0.0067,5.9933,0.00,0.00,0,0,0.00,0.00,0,0
156256,0.00,0.00,14.40,0.00,0.00,0.00,0.00,0.0067,5.9933,0.00,0.00,0,0,0.00,0.00,0,0
156456,0.00,0.00,10.80,0.00,0.00,0.00,0.00,0.0067,5.9933,0.00,0.00,0,0,0.00,0.00,0,0
156656,0.00,0.00,8.10,0.00,0.00,0.00,0.00,0.0067,5.9933,0.00,0.00,0,0,0.00,0.00,0,0
156856,0.00,0.00,6.07,0.00,0.00,0.00,0.00,0.0067,5.9933,0.00,0.00,0,0,0.00,0.00,0,0
157056,0.00,0.00,4.56,0.00,0.00,0.00,0.00,0.0067,5.9933,0.00,0.00,0,0,0.00,0.00,0,0
157256,0.00,0.00,3.42,0.00,0.00,0.00,0.00,0.0067,5.9933,0.00,0.00,0,0,0.00,0.00,0,0
157456,0.00,0.00,2.56,0.00,0.00,0.00,0.00,0.0067,5.9933,0.00,0.00,0,0,0.00,0.00,0,0
157656,0.00,0.00,1.92,0.00,0.00,0.00,0.00,0.0067,5.9933,0.00,0.00,0,0,0.00,0.00,0,0
157856,0.00,0.00,1.44,0.00,0.00,0.00,0.00,0.0067,5.9933,0.00,0.00,0,0,0.00,0.00,0,0
158056,0.00,0.00,1.08,0.00,0.00,0.00,0.00,0.0067,5.9933,0.00,0.00,0,0,0.00,0.00,0,0
158256,0.00,0.00,0.81,0.00,0.00,0.00,0.00,0.0067,5.9933,0.00,0.00,0,0,0.00,0.00,0,0
158456,0.00,0.00,0.61,0.00,0.00,0.00,0.00,0.0067,5.9933,0.00,0.00,0,0,0.00,0.00,0,0
158656,0.00,0.00,0.46,0.00,0.00,0.00,0.00,0.0067,5.9933,0.00,0.00,0,0,0.00,0.00,0,0
158856,0.00,0.00,0.34,0.00,0.00,0.00,0.00,0.0067,5.9933,0.00,0.00,0,0,0.00,0.00,0,0
159056,0.00,0.00,0.26,0.00,0.00,0.00,0.00,0.0067,5.9933,0.00,0.00,0,0,0.00,0.00,0,0
159256,0.00,0.00,25.19,100.00,0.01,0.00,0.00,0.0067,5.9933,0.00,0.00,0,0,0.00,0.00,0,0
159456,0.00,0.00,18.89,0.00,0.01,0.00,0.00,0.0067,5.9933,0.00,0.00,0,0,0.00,0.00,0,0
159656,0.00,0.00,39.17,100.00,0.01,0.00,0.00,0.0067,5.9933,0.00,0.00,0,0,0.00,0.00,0,0
159856,0.00,0.00,29.38,0.00,0.01,0.00,0.00,0.0067,5.9933,0.00,0.00,0,0,0.00,0.00,0,0
160056,0.00,0.00,34.53,50.00,0.01,0.00,0.00,0.0067,5.9933,0.00,0.00,0,0,0.00,0.00,0,0
160256,0.00,0.00,25.90,0.00,0.01,0.00,0.00,0.0067,5.9933,0.00,0.00,0,0,0.00,0.00,0,0
160456,0.00,0.00,31.93,50.00,0.01,0.00,0.00,0.0067,5.9933,0.00,0.00,0,0,0.00,0.00,0,0
160656,0.00,0.00,36.44,50.00,0.01,0.00,0.00,0.0067,5.9933,0.00,0.00,0,0,0.00,0.00,0,0
160856,0.00,0.00,39.83,50.00,0.01,0.00,0.00,0.0067,5.9933,0.00,0.00,0,0,0.00,0.00,0,0
161056,0.00,0.00,29.87,0.00,0.01,0.00,0.00,0.0067,5.9933,0.00,0.00,0,0,0.00,0.00,0,0
161256,0.00,0.00,22.41,0.00,0.01,0.00,0.00,0.0067,5.9933,0.00,0.00,0,0,0.00,0.00,0,0
161456,0.00,0.00,16.80,0.00,0.01,0.00,0.00,0.0067,5.9933,0.00,0.00,0,0,0.00,0.00,0,0
161656,0.00,0.00,12.60,0.00,0.00,0.00,0.00,0.0067,5.9933,0.00,0.00,0,0,0.00,0.00,0,0
161856,0.00,0.00,9.45,0.00,0.00,0.00,0.00,0.0067,5.9933,0.00,0.00,0,0,0.00,0.00,0,0
162056,0.00,0.00,7.09,0.00,0.00,0.00,0.00,0.0067,5.9933,0.00,0.00,0,0,0.00,0.00,0,0
162256,0.00,0.00,5.32,0.00,0.00,0.00,0.00,0.0067,5.9933,0.00,0.00,0,0,0.00,0.00,0,0
162456,0.00,0.00,3.99,0.00,0.00,0.00,0.00,0.0067,5.9933,0.00,0.00,0,0,0.00,0.00,0,0
162656,0.00,0.00,2.99,0.00,0.00,0.00,0.00,0.0067,5.9933,0.00,0.00,0,0,0.00,0.00,0,0
162856,0.00,0.00,2.24,0.00,0.00,0.00,0.00,0.0067,5.9933,0.00,0.00,0,0,0.00,0.00,0,0
163056,0.00,0.00,1.68,0.00,0.00,0.00,0.00,0.0067,5.9933,0.00,0.00,0,0,0.00,0.00,0,0
163256,0.00,0.00,1.26,0.00,0.00,0.00,0.00,0.0067,5.9933,0.00,0.00,0,0,0.00,0.00,0,0
163456,0.00,0.00,0.95,0.00,0.00,0.00,0.00,0.0067,5.9933,0.00,0.00,0,0,0.00,0.00,0,0
163656,0.00,0.00,0.71,0.00,0.00,0.00,0.00,0.0067,5.9933,0.00,0.00,0,0,0.00,0.00,0,0
163856,0.00,0.00,0.53,0.00,0.00,0.00,0.00,0.0067,5.9933,0.00,0.00,0,0,0.00,0.00,0,0
164056,0.00,0.00,0.40,0.00,0.00,0.00,0.00,0.0067,5.9933,0.00,0.00,0,0,0.00,0.00,0,0
164256,0.00,0.00,0.30,0.00,0.00,0.00,0.00,0.0067,5.9933,0.00,0.00,0,0,0.00,0.00,0,0
164456,0.00,0.00,0.22,0.00,0.00,0.00,0.00,0.0067,5.9933,0.00,0.00,0,0,0.00,0.00,0,0
164656,0.00,0.00,0.17,0.00,0.00,0.00,0.00,0.0067,5.9933,0.00,0.00,0,0,0.00,0.00,0,0
164856,0.00,0.00,0.13,0.00,0.00,0.00,0.00,0.0067,5.9933,0.00,0.00,0,0,0.00,0.00,0,0
165056,0.00,0.00,0.09,0.00,0.00,0.00,0.00,0.0067,5.9933,0.00,0.00,0,0,0.00,0.00,0,0
165256,0.00,0.00,12.57,50.00,0.00,0.00,0.00,0.0067,5.9933,0.00,0.00,0,0,0.00,0.00,0,0
165456,0.00,0.00,59.43,200.00,0.02,0.00,0.00,0.0067,5.9933,0.00,0.00,0,0,0.00,0.00,0,0
165656,0.00,0.00,44.57,0.00,0.02,0.00,0.00,0.0067,5.9933,0.00,0.00,0,0,0.00,0.00,0,0
165856,0.00,0.00,33.43,0.00,0.01,0.00,0.00,0.0067,5.9933,0.00,0.00,0,0,0.00,0.00,0,0
166056,0.00,0.00,25.07,0.00,0.01,0.00,0.00,0.0067,5.9933,0.00,0.00,0,0,0.00,0.00,0,0
166256,0.00,0.00,18.80,0.00,0.01,0.00,0.00,0.0067,5.9933,0.00,0.00,0,0,0.00,0.00,0,0
166456,0.00,0.00,14.10,0.00,0.00,0.00,0.00,0.0067,5.9933,0.00,0.00,0,0,0.00,0.00,0,0
166656,0.00,0.00,10.58,0.00,0.00,0.00,0.00,0.0067,5.9933,0.00,0.00,0,0,0.00,0.00,0,0
166856,0.00,0.00,7.93,0.00,0.00,0.00,0.00,0.0067,5.9933,0.00,0.00,0,0,0.00,0.00,0,0
167056,0.00,0.00,5.95,0.00,0.00,0.00,0.00,0.0067,5.9933,0.00,0.00,0,0,0.00,0.00,0,0
167256,0.00,0.00,4.46,0.00,0.00,0.00,0.00,0.0067,5.9933,0.00,0.00,0,0,0.00,0.00,0,0
167456,0.00,0.00,3.35,0.00,0.00,0.00,0.00,0.0067,5.9933,0.00,0.00,0,0,0.00,0.00,0,0
167656,0.00,0.00,2.51,0.00,0.00,0.00,0.00,0.0067,5.9933,0.00,0.00,0,0,0.00,0.00,0,0
167856,0.00,0.00,1.88,0.00,0.00,0.00,0.00,0.0067,5.9933,0.00,0.00,0,0,0.00,0.00,0,0
168056,0.00,0.00,1.41,0.00,0.00,0.00,0.00,0.0067,5.9933,0.00,0.00,0,0,0.00,0.00,0,0
168256,0.00,0.00,1.06,0.00,0.00,0.00,0.00,0.0067,5.9933,0.00,0.00,0,0,0.00,0.00,0,0
168456,0.00,0.00,0.79,0.00,0.00,0.00,0.00,0.0067,5.9933,0.00,0.00,0,0,0.00,0.00,0,0
168656,0.00,0.00,0.60,0.00,0.00,0.00,0.00,0.0067,5.9933,0.00,0.00,0,0,0.00,0.00,0,0
168856,0.00,0.00,0.45,0.00,0.00,0.00,0.00,0.0067,5.9933,0.00,0.00,0,0,0.00,0.00,0,0
169056,0.00,0.00,0.34,0.00,0.00,0.00,0.00,0.0067,5.9933,0.00,0.00,0,0,0.00,0.00,0,0
169256,0.00,0.00,0.25,0.00,0.00,0.00,0.00,0.0067,5.9933,0.00,0.00,0,0,0.00,0.00,0,0
169456,0.00,0.00,0.19,0.00,0.00,0.00,0.00,0.0067,5.9933,0.00,0.00,0,0,0.00,0.00,0,0
169656,0.00,0.00,0.14,0.00,0.00,0.00,0.00,0.0067,5.9933,0.00,0.00,0,0,0.00,0.00,0,0
169856,0.00,0.00,0.11,0.00,0.00,0.00,0.00,0.0067,5.9933,0.00,0.00,0,0,0.00,0.00,0,0
170056,0.00,0.00,0.08,0.00,0.00,0.00,0.00,0.0067,5.9933,0.00,0.00,0,0,0.00,0.00,0,0
170256,0.00,0.00,0.06,0.00,0.00,0.00,0.00,0.0067,5.9933,0.00,0.00,0,0,0.00,0.00,0,0
170456,0.00,0.00,0.04,0.00,0.00,0.00,0.00,0.0067,5.9933,0.00,0.00,0,0,0.00,0.00,0,0
170656,0.00,0.00,0.03,0.00,0.00,0.00,0.00,0.0067,5.9933,0.00,0.00,0,0,0.00,0.00,0,0
170856,0.00,0.00,0.03,0.00,0.00,0.00,0.00,0.0067,5.9933,0.00,0.00,0,0,0.00,0.00,0,0
171056,0.00,0.00,0.02,0.00,0.00,0.00,0.00,0.0067,5.9933,0.00,0.00,0,0,0.00,0.00,0,0
171256,0.00,0.00,0.01,0.00,0.00,0.00,0.00,0.0067,5.9933,0.00,0.00,0,0,0.00,0.00,0,0
171456,0.00,0.00,0.01,0.00,0.00,0.00,0.00,0.0067,5.9933,0.00,0.00,0,0,0.00,0.00,0,0
171656,0.00,0.00,0.01,0.00,0.00,0.00,0.00,0.0067,5.9933,0.00,0.00,0,0,0.00,0.00,0,0
171856,0.00,0.00,0.01,0.00,0.00,0.00,0.00,0.0067,5.9933,0.00,0.00,0,0,0.00,0.00,0,0
172056,0.00,0.00,0.00,0.00,0.00,0.00,0.00,0.0067,5.9933,0.00,0.00,0,0,0.00,0.00,0,0
172256,0.00,0.00,0.00,0.00,0.00,0.00,0.00,0.0067,5.9933,0.00,0.00,0,0,0.00,0.00,0,0
172456,0.00,0.00,0.00,0.00,0.00,0.00,0.00,0.0067,5.9933,0.00,0.00,0,0,0.00,0.00,0,0
172656,0.00,0.00,0.00,0.00,0.00,0.00,0.00,0.0067,5.9933,0.00,0.00,0,0,0.00,0.00,0,0
172856,0.00,0.00,0.00,0.00,0.00,0.00,0.00,0.0067,5.9933,0.00,0.00,0,0,0.00,0.00,0,0
173056,0.00,0.00,0.00,0.00,0.00,0.00,0.00,0.0067,5.9933,0.00,0.00,0,0,0.00,0.00,0,0
173256,0.00,0.00,0.00,0.00,0.00,0.00,0.00,0.0067,5.9933,0.00,0.00,0,0,0.00,0.00,0,0
173456,0.00,0.00,0.00,0.00,0.00,0.00,0.00,0.0067,5.9933,0.00,0.00,0,0,0.00,0.00,0,0
173656,0.00,0.00,0.00,0.00,0.00,0.00,0.00,0.0067,5.9933,0.00,0.00,0,0,0.00,0.00,0,0
173856,0.00,0.00,0.00,0.00,0.00,0.00,0.00,0.0067,5.9933,0.00,0.00,0,0,0.00,0.00,0,0
174056,0.00,0.00,0.00,0.00,0.00,0.00,0.00,0.0067,5.9933,0.00,0.00,0,0,0.00,0.00,0,0
174256,0.00,0.00,0.00,0.00,0.00,0.00,0.00,0.0067,5.9933,0.00,0.00,0,0,0.00,0.00,0,0
174456,0.00,0.00,0.00,0.00,0.00,0.00,0.00,0.0067,5.9933,0.00,0.00,0,0,0.00,0.00,0,0
174656,0.00,0.00,0.00,0.00,0.00,0.00,0.00,0.0067,5.9933,0.00,0.00,0,0,0.00,0.00,0,0
174856,0.00,0.00,0.00,0.00,0.00,0.00,0.00,0.0067,5.9933,0.00,0.00,0,0,0.00,0.00,0,0
175056,0.00,0.00,0.00,0.00,0.00,0.00,0.00,0.0067,5.9933,0.00,0.00,0,0,0.00,0.00,0,0
175256,0.00,0.00,0.00,0.00,0.00,0.00,0.00,0.0067,5.9933,0.00,0.00,0,0,0.00,0.00,0,0
175456,0.00,0.00,0.00,0.00,0.00,0.00,0.00,0.0067,5.9933,0.00,0.00,0,0,0.00,0.00,0,0
175656,0.00,0.00,0.00,0.00,0.00,0.00,0.00,0.0067,5.9933,0.00,0.00,0,0,0.00,0.00,0,0
175856,0.00,0.00,0.00,0.00,0.00,0.00,0.00,0.0067,5.9933,0.00,0.00,0,0,0.00,0.00,0,0
176056,0.00,0.00,0.00,0.00,0.00,0.00,0.00,0.0067,5.9933,0.00,0.00,0,0,0.00,0.00,0,0
176256,0.00,0.00,0.00,0.00,0.00,0.00,0.00,0.0067,5.9933,0.00,0.00,0,0,0.00,0.00,0,0
176456,0.00,0.00,0.00,0.00,0.00,0.00,0.00,0.0067,5.9933,0.00,0.00,0,0,0.00,0.00,0,0
176656,0.00,0.00,25.00,100.00,0.01,0.00,0.00,0.0067,5.9933,0.00,0.00,0,0,0.00,0.00,0,0
176856,0.00,0.00,18.75,0.00,0.01,0.00,0.00,0.0067,5.9933,0.00,0.00,0,0,0.00,0.00,0,0
177056,0.00,0.00,14.06,0.00,0.00,0.00,0.00,0.0067,5.9933,0.00,0.00,0,0,0.00,0.00,0,0
177256,0.00,0.00,10.55,0.00,0.00,0.00,0.00,0.0067,5.9933,0.00,0.00,0,0,0.00,0.00,0,0
177456,0.00,0.00,7.91,0.00,0.00,0.00,0.00,0.0067,5.9933,0.00,0.00,0,0,0.00,0.00,0,0
177656,0.00,0.00,5.93,0.00,0.00,0.00,0.00,0.0067,5.9933,0.00,0.00,0,0,0.00,0.00,0,0
177856,0.00,0.00,4.45,0.00,0.00,0.00,0.00,0.0067,5.9933,0.00,0.00,0,0,0.00,0.00,0,0
178056,0.00,0.00,3.34,0.00,0.00,0.00,0.00,0.0067,5.9933,0.00,0.00,0,0,0.00,0.00,0,0
178256,0.00,0.00,2.50,0.00,0.00,0.00,0.00,0.0067,5.9933,0.00,0.00,0,0,0.00,0.00,0,0
178456,0.00,0.00,1.88,0.00,0.00,0.00,0.00,0.0067,5.9933,0.00,0.00,0,0,0.00,0.00,0,0
178656,0.00,0.00,1.41,0.00,0.00,0.00,0.00,0.0067,5.9933,0.00,0.00,0,0,0.00,0.00,0,0
178856,0.00,0.00,13.56,50.00,0.00,0.00,0.00,0.0067,5.9933,0.00,0.00,0,0,0.00,0.00,0,0
179056,0.00,0.00,10.17,0.00,0.00,0.00,0.00,0.0067,5.9933,0.00,0.00,0,0,0.00,0.00,0,0
179256,0.00,0.00,7.63,0.00,0.00,0.00,0.00,0.0067,5.9933,0.00,0.00,0,0,0.00,0.00,0,0
179456,0.00,0.00,5.72,0.00,0.00,0.00,0.00,0.0067,5.9933,0.00,0.00,0,0,0.00,0.00,0,0
179656,0.00,0.00,4.29,0.00,0.00,0.00,0.00,0.0067,5.9933,0.00,0.00,0,0,0.00,0.00,0,0
179856,0.00,0.00,3.22,0.00,0.00,0.00,0.00,0.0067,5.9933,0.00,0.00,0,0,0.00,0.00,0,0
180056,0.00,0.00,2.41,0.00,0.00,0.00,0.00,0.0067,5.9933,0.00,0.00,0,0,0.00,0.00,0,0
180256,0.00,0.00,1.81,0.00,0.00,0.00,0.00,0.0067,5.9933,0.00,0.00,0,0,0.00,0.00,0,0
180456,0.00,0.00,1.36,0.00,0.00,0.00,0.00,0.0067,5.9933,0.00,0.00,0,0,0.00,0.00,0,0
180656,0.00,0.00,1.02,0.00,0.00,0.00,0.00,0.0067,5.9933,0.00,0.00,0,0,0.00,0.00,0,0
180856,0.00,0.00,0.76,0.00,0.00,0.00,0.00,0.0067,5.9933,0.00,0.00,0,0,0.00,0.00,0,0
181056,0.00,0.00,0.57,0.00,0.00,0.00,0.00,0.0067,5.9933,0.00,0.00,0,0,0.00,0.00,0,0
181256,0.00,0.00,0.43,0.00,0.00,0.00,0.00,0.0067,5.9933,0.00,0.00,0,0,0.00,0.00,0,0
181456,0.00,0.00,0.32,0.00,0.00,0.00,0.00,0.0067,5.9933,0.00,0.00,0,0,0.00,0.00,0,0
181656,0.00,0.00,0.24,0.00,0.00,0.00,0.00,0.0067,5.9933,0.00,0.00,0,0,0.00,0.00,0,0
181856,0.00,0.00,0.18,0.00,0.00,0.00,0.00,0.0067,5.9933,0.00,0.00,0,0,0.00,0.00,0,0
182056,0.00,0.00,0.14,0.00,0.00,0.00,0.00,0.0067,5.9933,0.00,0.00,0,0,0.00,0.00,0,0
182256,0.00,0.00,0.10,0.00,0.00,0.00,0.00,0.0067,5.9933,0.00,0.00,0,0,0.00,0.00,0,0
182456,0.00,0.00,0.08,0.00,0.00,0.00,0.00,0.0067,5.9933,0.00,0.00,0,0,0.00,0.00,0,0
182656,0.00,0.00,0.06,0.00,0.00,0.00,0.00,0.0067,5.9933,0.00,0.00,0,0,0.00,0.00,0,0
182856,0.00,0.00,0.04,0.00,0.00,0.00,0.00,0.0067,5.9933,0.00,0.00,0,0,0.00,0.00,0,0
183056,0.00,0.00,0.03,0.00,0.00,0.00,0.00,0.0067,5.9933,0.00,0.00,0,0,0.00,0.00,0,0
183256,0.00,0.00,0.02,0.00,0.00,0.00,0.00,0.0067,5.9933,0.00,0.00,0,0,0.00,0.00,0,0
183456,0.00,0.00,0.02,0.00,0.00,0.00,0.00,0.0067,5.9933,0.00,0.00,0,0,0.00,0.00,0,0
183656,0.00,0.00,0.01,0.00,0.00,0.00,0.00,0.0067,5.9933,0.00,0.00,0,0,0.00,0.00,0,0
183856,0.00,0.00,0.01,0.00,0.00,0.00,0.00,0.0067,5.9933,0.00,0.00,0,0,0.00,0.00,0,0
184056,0.00,0.00,0.01,0.00,0.00,0.00,0.00,0.0067,5.9933,0.00,0.00,0,0,0.00,0.00,0,0
184256,0.00,0.00,0.01,0.00,0.00,0.00,0.00,0.0067,5.9933,0.00,0.00,0,0,0.00,0.00,0,0
184456,0.00,0.00,0.00,0.00,0.00,0.00,0.00,0.0067,5.9933,0.00,0.00,0,0,0.00,0.00,0,0
184656,0.00,0.00,0.00,0.00,0.00,0.00,0.00,0.0067,5.9933,0.00,0.00,0,0,0.00,0.00,0,0
184856,0.00,0.00,0.00,0.00,0.00,0.00,0.00,0.0067,5.9933,0.00,0.00,0,0,0.00,0.00,0,0
185056,0.00,0.00,0.00,0.00,0.00,0.00,0.00,0.0067,5.9933,0.00,0.00,0,0,0.00,0.00,0,0
185256,0.00,0.00,0.00,0.00,0.00,0.00,0.00,0.0067,5.9933,0.00,0.00,0,0,0.00,0.00,0,0
185456,0.00,0.00,0.00,0.00,0.00,0.00,0.00,0.0067,5.9933,0.00,0.00,0,0,0.00,0.00,0,0
185656,0.00,0.00,0.00,0.00,0.00,0.00,0.00,0.0067,5.9933,0.00,0.00,0,0,0.00,0.00,0,0
185856,0.00,0.00,0.00,0.00,0.00,0.00,0.00,0.0067,5.9933,0.00,0.00,0,0,0.00,0.00,0,0
186056,0.00,0.00,0.00,0.00,0.00,0.00,0.00,0.0067,5.9933,0.00,0.00,0,0,0.00,0.00,0,0
186256,0.00,0.00,0.00,0.00,0.00,0.00,0.00,0.0067,5.9933,0.00,0.00,0,0,0.00,0.00,0,0
186456,0.00,0.00,12.50,50.00,0.00,0.00,0.00,0.0067,5.9933,0.00,0.00,0,0,0.00,0.00,0,0
186656,0.00,0.00,9.38,0.00,0.00,0.00,0.00,0.0067,5.9933,0.00,0.00,0,0,0.00,0.00,0,0
186856,0.00,0.00,7.03,0.00,0.00,0.00,0.00,0.0067,5.9933,0.00,0.00,0,0,0.00,0.00,0,0
187056,0.00,0.00,5.27,0.00,0.00,0.00,0.00,0.0067,5.9933,0.00,0.00,0,0,0.00,0.00,0,0
187256,0.00,0.00,3.96,0.00,0.00,0.00,0.00,0.0067,5.9933,0.00,0.00,0,0,0.00,0.00,0,0
187456,0.00,0.00,2.97,0.00,0.00,0.00,0.00,0.0067,5.9933,0.00,0.00,0,0,0.00,0.00,0,0
187656,0.00,0.00,2.22,0.00,0.00,0.00,0.00,0.0067,5.9933,0.00,0.00,0,0,0.00,0.00,0,0
187856,0.00,0.00,1.67,0.00,0.00,0.00,0.00,0.0067,5.9933,0.00,0.00,0,0,0.00,0.00,0,0
188056,0.00,0.00,1.25,0.00,0.00,0.00,0.00,0.0067,5.9933,0.00,0.00,0,0,0.00,0.00,0,0
188256,0.00,0.00,0.94,0.00,0.00,0.00,0.00,0.0067,5.9933,0.00,0.00,0,0,0.00,0.00,0,0
188456,0.00,0.00,0.70,0.00,0.00,0.00,0.00,0.0067,5.9933,0.00,0.00,0,0,0.00,0.00,0,0
188656,0.00,0.00,0.53,0.00,0.00,0.00,0.00,0.0067,5.9933,0.00,0.00,0,0,0.00,0.00,0,0
188856,0.00,0.00,0.40,0.00,0.00,0.00,0.00,0.0067,5.9933,0.00,0.00,0,0,0.00,0.00,0,0
189056,0.00,0.00,0.30,0.00,0.00,0.00,0.00,0.0067,5.9933,0.00,0.00,0,0,0.00,0.00,0,0
189256,0.00,0.00,0.22,0.00,0.00,0.00,0.00,0.0067,5.9933,0.00,0.00,0,0,0.00,0.00,0,0
189456,0.00,0.00,0.17,0.00,0.00,0.00,0.00,0.0067,5.9933,0.00,0.00,0,0,0.00,0.00,0,0
189656,0.00,0.00,0.13,0.00,0.00,0.00,0.00,0.0067,5.9933,0.00,0.00,0,0,0.00,0.00,0,0
189856,0.00,0.00,0.09,0.00,0.00,0.00,0.00,0.0067,5.9933,0.00,0.00,0,0,0.00,0.00,0,0
190056,0.00,0.00,0.07,0.00,0.00,0.00,0.00,0.0067,5.9933,0.00,0.00,0,0,0.00,0.00,0,0
190256,0.00,0.00,0.05,0.00,0.00,0.00,0.00,0.0067,5.9933,0.00,0.00,0,0,0.00,0.00,0,0
190456,0.00,0.00,0.04,0.00,0.00,0.00,0.00,0.0067,5.9933,0.00,0.00,0,0,0.00,0.00,0,0
190656,0.00,0.00,0.03,0.00,0.00,0.00,0.00,0.0067,5.9933,0.00,0.00,0,0,0.00,0.00,0,0
190856,0.00,0.00,0.02,0.00,0.00,0.00,0.00,0.0067,5.9933,0.00,0.00,0,0,0.00,0.00,0,0
191056,0.00,0.00,0.02,0.00,0.00,0.00,0.00,0.0067,5.9933,0.00,0.00,0,0,0.00,0.00,0,0
191256,0.00,0.00,0.01,0.00,0.00,0.00,0.00,0.0067,5.9933,0.00,0.00,0,0,0.00,0.00,0,0
191456,0.00,0.00,0.01,0.00,0.00,0.00,0.00,0.0067,5.9933,0.00,0.00,0,0,0.00,0.00,0,0
191656,0.00,0.00,0.01,0.00,0.00,0.00,0.00,0.0067,5.9933,0.00,0.00,0,0,0.00,0.00,0,0
191856,0.00,0.00,0.01,0.00,0.00,0.00,0.00,0.0067,5.9933,0.00,0.00,0,0,0.00,0.00,0,0
192056,0.00,0.00,0.00,0.00,0.00,0.00,0.00,0.0067,5.9933,0.00,0.00,0,0,0.00,0.00,0,0
192256,0.00,0.00,0.00,0.00,0.00,0.00,0.00,0.0067,5.9933,0.00,0.00,0,0,0.00,0.00,0,0
192456,0.00,0.00,0.00,0.00,0.00,0.00,0.00,0.0067,5.9933,0.00,0.00,0,0,0.00,0.00,0,0
192656,0.00,0.00,0.00,0.00,0.00,0.00,0.00,0.0067,5.9933,0.00,0.00,0,0,0.00,0.00,0,0
192856,0.00,0.00,0.00,0.00,0.00,0.00,0.00,0.0067,5.9933,0.00,0.00,0,0,0.00,0.00,0,0
193056,0.00,0.00,0.00,0.00,0.00,0.00,0.00,0.0067,5.9933,0.00,0.00,0,0,0.00,0.00,0,0
193256,0.00,0.00,0.00,0.00,0.00,0.00,0.00,0.0067,5.9933,0.00,0.00,0,0,0.00,0.00,0,0
193456,0.00,0.00,0.00,0.00,0.00,0.00,0.00,0.0067,5.9933,0.00,0.00,0,0,0.00,0.00,0,0
193656,0.00,0.00,0.00,0.00,0.00,0.00,0.00,0.0067,5.9933,0.00,0.00,0,0,0.00,0.00,0,0
193856,0.00,0.00,0.00,0.00,0.00,0.00,0.00,0.0067,5.9933,0.00,0.00,0,0,0.00,0.00,0,0
194056,0.00,0.00,0.00,0.00,0.00,0.00,0.00,0.0067,5.9933,0.00,0.00,0,0,0.00,0.00,0,0
194256,0.00,0.00,0.00,0.00,0.00,0.00,0.00,0.0067,5.9933,0.00,0.00,0,0,0.00,0.00,0,0
194456,0.00,0.00,0.00,0.00,0.00,0.00,0.00,0.0067,5.9933,0.00,0.00,0,0,0.00,0.00,0,0
194656,0.00,0.00,0.00,0.00,0.00,0.00,0.00,0.0067,5.9933,0.00,0.00,0,0,0.00,0.00,0,0
194856,0.00,0.00,0.00,0.00,0.00,0.00,0.00,0.0067,5.9933,0.00,0.00,0,0,0.00,0.00,0,0
195056,0.00,0.00,0.00,0.00,0.00,0.00,0.00,0.0067,5.9933,0.00,0.00,0,0,0.00,0.00,0,0
195256,0.00,0.00,0.00,0.00,0.00,0.00,0.00,0.0067,5.9933,0.00,0.00,0,0,0.00,0.00,0,0
195456,0.00,0.00,0.00,0.00,0.00,0.00,0.00,0.0067,5.9933,0.00,0.00,0,0,0.00,0.00,0,0
195656,0.00,0.00,12.50,50.00,0.00,0.00,0.00,0.0067,5.9933,0.00,0.00,0,0,0.00,0.00,0,0
195856,0.00,0.00,9.37,0.00,0.00,0.00,0.00,0.0067,5.9933,0.00,0.00,0,0,0.00,0.00,0,0
196056,0.00,0.00,7.03,0.00,0.00,0.00,0.00,0.0067,5.9933,0.00,0.00,0,0,0.00,0.00,0,0
196256,0.00,0.00,5.27,0.00,0.00,0.00,0.00,0.0067,5.9933,0.00,0.00,0,0,0.00,0.00,0,0
196456,0.00,0.00,3.95,0.00,0.00,0.00,0.00,0.0067,5.9933,0.00,0.00,0,0,0.00,0.00,0,0
196656,0.00,0.00,2.97,0.00,0.00,0.00,0.00,0.0067,5.9933,0.00,0.00,0,0,0.00,0.00,0,0
196856,0.00,0.00,2.22,0.00,0.00,0.00,0.00,0.0067,5.9933,0.00,0.00,0,0,0.00,0.00,0,0
197056,0.00,0.00,14.17,50.00,0.00,0.00,0.00,0.0067,5.9933,0.00,0.00,0,0,0.00,0.00,0,0
197256,0.00,0.00,23.13,50.00,0.01,0.00,0.00,0.0067,5.9933,0.00,0.00,0,0,0.00,0.00,0,0
197456,0.00,0.00,29.84,50.00,0.01,0.00,0.00,0.0067,5.9933,0.00,0.00,0,0,0.00,0.00,0,0
197656,0.00,0.00,22.38,0.00,0.01,0.00,0.00,0.0067,5.9933,0.00,0.00,0,0,0.00,0.00,0,0
197856,0.00,0.00,16.79,0.00,0.01,0.00,0.00,0.0067,5.9933,0.00,0.00,0,0,0.00,0.00,0,0
198056,0.00,0.00,12.59,0.00,0.00,0.00,0.00,0.0067,5.9933,0.00,0.00,0,0,0.00,0.00,0,0
198256,0.00,0.00,9.44,0.00,0.00,0.00,0.00,0.0067,5.9933,0.00,0.00,0,0,0.00,0.00,0,0
198456,0.00,0.00,7.08,0.00,0.00,0.00,0.00,0.0067,5.9933,0.00,0.00,0,0,0.00,0.00,0,0
198656,0.00,0.00,5.31,0.00,0.00,0.00,0.00,0.0067,5.9933,0.00,0.00,0,0,0.00,0.00,0,0
198856,0.00,0.00,3.98,0.00,0.00,0.00,0.00,0.0067,5.9933,0.00,0.00,0,0,0.00,0.00,0,0
199056,0.00,0.00,2.99,0.00,0.00,0.00,0.00,0.0067,5.9933,0.00,0.00,0,0,0.00,0.00,0,0
199256,0.00,0.00,2.24,0.00,0.00,0.00,0.00,0.0067,5.9933,0.00,0.00,0,0,0.00,0.00,0,0
199456,0.00,0.00,1.68,0.00,0.00,0.00,0.00,0.0067,5.9933,0.00,0.00,0,0,0.00,0.00,0,0
199656,0.00,0.00,1.26,0.00,0.00,0.00,0.00,0.0067,5.9933,0.00,0.00,0,0,0.00,0.00,0,0
199856,0.00,0.00,0.95,0.00,0.00,0.00,0.00,0.0067,5.9933,0.00,0.00,0,0,0.00,0.00,0,0
200056,0.00,0.00,0.71,0.00,0.00,0.00,0.00,0.0067,5.9933,0.00,0.00,0,0,0.00,0.00,0,0
200256,0.00,0.00,0.53,0.00,0.00,0.00,0.00,0.0067,5.9933,0.00,0.00,0,0,0.00,0.00,0,0
200456,0.00,0.00,0.40,0.00,0.00,0.00,0.00,0.0067,5.9933,0.00,0.00,0,0,0.00,0.00,0,0
200656,0.00,0.00,0.30,0.00,0.00,0.00,0.00,0.0067,5.9933,0.00,0.00,0,0,0.00,0.00,0,0
200856,0.00,0.00,0.22,0.00,0.00,0.00,0.00,0.0067,5.9933,0.00,0.00,0,0,0.00,0.00,0,0
201056,0.00,0.00,0.17,0.00,0.00,0.00,0.00,0.0067,5.9933,0.00,0.00,0,0,0.00,0.00,0,0
201256,0.00,0.00,0.13,0.00,0.00,0.00,0.00,0.0067,5.9933,0.00,0.00,0,0,0.00,0.00,0,0
201456,0.00,0.00,0.09,0.00,0.00,0.00,0.00,0.0067,5.9933,0.00,0.00,0,0,0.00,0.00,0,0
201656,0.00,0.00,0.07,0.00,0.00,0.00,0.00,0.0067,5.9933,0.00,0.00,0,0,0.00,0.00,0,0
201856,0.00,0.00,0.05,0.00,0.00,0.00,0.00,0.0067,5.9933,0.00,0.00,0,0,0.00,0.00,0,0
202056,0.00,0.00,0.04,0.00,0.00,0.00,0.00,0.0067,5.9933,0.00,0.00,0,0,0.00,0.00,0,0
202256,0.00,0.00,0.03,0.00,0.00,0.00,0.00,0.0067,5.9933,0.00,0.00,0,0,0.00,0.00,0,0
202456,0.00,0.00,0.02,0.00,0.00,0.00,0.00,0.0067,5.9933,0.00,0.00,0,0,0.00,0.00,0,0
202656,0.00,0.00,0.02,0.00,0.00,0.00,0.00,0.0067,5.9933,0.00,0.00,0,0,0.00,0.00,0,0
202856,0.00,0.00,0.01,0.00,0.00,0.00,0.00,0.0067,5.9933,0.00,0.00,0,0,0.00,0.00,0,0
203056,0.00,0.00,0.01,0.00,0.00,0.00,0.00,0.0067,5.9933,0.00,0.00,0,0,0.00,0.00,0,0
203256,0.00,0.00,0.01,0.00,0.00,0.00,0.00,0.0067,5.9933,0.00,0.00,0,0,0.00,0.00,0,0
203456,0.00,0.00,0.01,0.00,0.00,0.00,0.00,0.0067,5.9933,0.00,0.00,0,0,0.00,0.00,0,0
203656,0.00,0.00,0.00,0.00,0.00,0.00,0.00,0.0067,5.9933,0.00,0.00,0,0,0.00,0.00,0,0
203856,0.00,0.00,0.00,0.00,0.00,0.00,0.00,0.0067,5.9933,0.00,0.00,0,0,0.00,0.00,0,0
204056,0.00,0.00,0.00,0.00,0.00,0.00,0.00,0.0067,5.9933,0.00,0.00,0,0,0.00,0.00,0,0
204256,0.00,0.00,0.00,0.00,0.00,0.00,0.00,0.0067,5.9933,0.00,0.00,0,0,0.00,0.00,0,0
204456,0.00,0.00,0.00,0.00,0.00,0.00,0.00,0.0067,5.9933,0.00,0.00,0,0,0.00,0.00,0,0
204656,0.00,0.00,0.00,0.00,0.00,0.00,0.00,0.0067,5.9933,0.00,0.00,0,0,0.00,0.00,0,0
204856,0.00,0.00,0.00,0.00,0.00,0.00,0.00,0.0067,5.9933,0.00,0.00,0,0,0.00,0.00,0,0
205056,0.00,0.00,0.00,0.00,0.00,0.00,0.00,0.0067,5.9933,0.00,0.00,0,0,0.00,0.00,0,0
205256,0.00,0.00,0.00,0.00,0.00,0.00,0.00,0.0067,5.9933,0.00,0.00,0,0,0.00,0.00,0,0
205456,0.00,0.00,0.00,0.00,0.00,0.00,0.00,0.0067,5.9933,0.00,0.00,0,0,0.00,0.00,0,0
205656,0.00,0.00,0.00,0.00,0.00,0.00,0.00,0.0067,5.9933,0.00,0.00,0,0,0.00,0.00,0,0
205856,0.00,0.00,0.00,0.00,0.00,0.00,0.00,0.0067,5.9933,0.00,0.00,0,0,0.00,0.00,0,0
206056,0.00,0.00,0.00,0.00,0.00,0.00,0.00,0.0067,5.9933,0.00,0.00,0,0,0.00,0.00,0,0
206256,0.00,0.00,0.00,0.00,0.00,0.00,0.00,0.0067,5.9933,0.00,0.00,0,0,0.00,0.00,0,0
206456,0.00,0.00,0.00,0.00,0.00,0.00,0.00,0.0067,5.9933,0.00,0.00,0,0,0.00,0.00,0,0
206656,0.00,0.00,0.00,0.00,0.00,0.00,0.00,0.0067,5.9933,0.00,0.00,0,0,0.00,0.00,0,0
206856,0.00,0.00,0.00,0.00,0.00,0.00,0.00,0.0067,5.9933,0.00,0.00,0,0,0.00,0.00,0,0
207056,0.00,0.00,0.00,0.00,0.00,0.00,0.00,0.0067,5.9933,0.00,0.00,0,0,0.00,0.00,0,0
207256,0.00,0.00,0.00,0.00,0.00,0.00,0.00,0.0067,5.9933,0.00,0.00,0,0,0.00,0.00,0,0
207456,0.00,0.00,0.00,0.00,0.00,0.00,0.00,0.0067,5.9933,0.00,0.00,0,0,0.00,0.00,0,0
207656,0.00,0.00,0.00,0.00,0.00,0.00,0.00,0.0067,5.9933,0.00,0.00,0,0,0.00,0.00,0,0
207856,0.00,0.00,0.00,0.00,0.00,0.00,0.00,0.0067,5.9933,0.00,0.00,0,0,0.00,0.00,0,0
208056,0.00,0.00,0.00,0.00,0.00,0.00,0.00,0.0067,5.9933,0.00,0.00,0,0,0.00,0.00,0,0
208256,0.00,0.00,0.00,0.00,0.00,0.00,0.00,0.0067,5.9933,0.00,0.00,0,0,0.00,0.00,0,0
208456,0.00,0.00,0.00,0.00,0.00,0.00,0.00,0.0067,5.9933,0.00,0.00,0,0,0.00,0.00,0,0
208656,0.00,0.00,0.00,0.00,0.00,0.00,0.00,0.0067,5.9933,0.00,0.00,0,0,0.00,0.00,0,0
208856,0.00,0.00,0.00,0.00,0.00,0.00,0.00,0.0067,5.9933,0.00,0.00,0,0,0.00,0.00,0,0
209056,0.00,0.00,0.00,0.00,0.00,0.00,0.00,0.0067,5.9933,0.00,0.00,0,0,0.00,0.00,0,0
209256,0.00,0.00,0.00,0.00,0.00,0.00,0.00,0.0067,5.9933,0.00,0.00,0,0,0.00,0.00,0,0
209456,0.00,0.00,0.00,0.00,0.00,0.00,0.00,0.0067,5.9933,0.00,0.00,0,0,0.00,0.00,0,0
209656,0.00,0.00,0.00,0.00,0.00,0.00,0.00,0.0067,5.9933,0.00,0.00,0,0,0.00,0.00,0,0
209856,0.00,0.00,0.00,0.00,0.00,0.00,0.00,0.0067,5.9933,0.00,0.00,0,0,0.00,0.00,0,0
210056,0.00,0.00,0.00,0.00,0.00,0.00,0.00,0.0067,5.9933,0.00,0.00,0,0,0.00,0.00,0,0
210256,0.00,0.00,0.00,0.00,0.00,0.00,0.00,0.0067,5.9933,0.00,0.00,0,0,0.00,0.00,0,0
210456,0.00,0.00,0.00,0.00,0.00,0.00,0.00,0.0067,5.9933,0.00,0.00,0,0,0.00,0.00,0,0
210656,0.00,0.00,0.00,0.00,0.00,0.00,0.00,0.0067,5.9933,0.00,0.00,0,0,0.00,0.00,0,0
210856,0.00,0.00,0.00,0.00,0.00,0.00,0.00,0.0067,5.9933,0.00,0.00,0,0,0.00,0.00,0,0
211056,0.00,0.00,0.00,0.00,0.00,0.00,0.00,0.0067,5.9933,0.00,0.00,0,0,0.00,0.00,0,0
211256,0.00,0.00,12.50,50.00,0.00,0.00,0.00,0.0067,5.9933,0.00,0.00,0,0,0.00,0.00,0,0
211456,0.00,0.00,21.88,50.00,0.01,0.00,0.00,0.0067,5.9933,0.00,0.00,0,0,0.00,0.00,0,0
211656,0.00,0.00,16.41,0.00,0.01,0.00,0.00,0.0067,5.9933,0.00,0.00,0,0,0.00,0.00,0,0
211856,0.00,0.00,12.30,0.00,0.00,0.00,0.00,0.0067,5.9933,0.00,0.00,0,0,0.00,0.00,0,0
212056,0.00,0.00,21.73,50.00,0.01,0.00,0.00,0.0067,5.9933,0.00,0.00,0,0,0.00,0.00,0,0
212256,0.00,0.00,16.30,0.00,0.01,0.00,0.00,0.0067,5.9933,0.00,0.00,0,0,0.00,0.00,0,0
212456,0.00,0.00,24.72,50.00,0.01,0.00,0.00,0.0067,5.9933,0.00,0.00,0,0,0.00,0.00,0,0
212656,0.00,0.00,18.54,0.00,0.01,0.00,0.00,0.0067,5.9933,0.00,0.00,0,0,0.00,0.00,0,0
212856,0.00,0.00,13.91,0.00,0.00,0.00,0.00,0.0067,5.9933,0.00,0.00,0,0,0.00,0.00,0,0
213056,0.00,0.00,10.43,0.00,0.00,0.00,0.00,0.0067,5.9933,0.00,0.00,0,0,0.00,0.00,0,0
213256,0.00,0.00,7.82,0.00,0.00,0.00,0.00,0.0067,5.9933,0.00,0.00,0,0,0.00,0.00,0,0
213456,0.00,0.00,5.87,0.00,0.00,0.00,0.00,0.0067,5.9933,0.00,0.00,0,0,0.00,0.00,0,0
213656,0.00,0.00,4.40,0.00,0.00,0.00,0.00,0.0067,5.9933,0.00,0.00,0,0,0.00,0.00,0,0
213856,0.00,0.00,3.30,0.00,0.00,0.00,0.00,0.0067,5.9933,0.00,0.00,0,0,0.00,0.00,0,0
214056,0.00,0.00,2.48,0.00,0.00,0.00,0.00,0.0067,5.9933,0.00,0.00,0,0,0.00,0.00,0,0
214256,0.00,0.00,1.86,0.00,0.00,0.00,0.00,0.0067,5.9933,0.00,0.00,0,0,0.00,0.00,0,0
214456,0.00,0.00,1.39,0.00,0.00,0.00,0.00,0.0067,5.9933,0.00,0.00,0,0,0.00,0.00,0,0
214656,0.00,0.00,1.04,0.00,0.00,0.00,0.00,0.0067,5.9933,0.00,0.00,0,0,0.00,0.00,0,0
214856,0.00,0.00,63.29,250.01,0.02,0.00,0.00,0.0067,5.9933,0.00,0.00,0,0,0.00,0.00,0,0
215056,0.00,0.00,47.46,0.00,0.02,0.00,0.00,0.0067,5.9933,0.00,0.00,0,0,0.00,0.00,0,0
215256,0.00,0.00,48.10,50.00,0.02,0.00,0.00,0.0067,5.9933,0.00,0.00,0,0,0.00,0.00,0,0
215456,0.00,0.00,48.57,50.00,0.02,0.00,0.00,0.0067,5.9933,0.00,0.00,0,0,0.00,0.00,0,0
215656,0.00,0.00,36.43,0.00,0.01,0.00,0.00,0.0067,5.9933,0.00,0.00,0,0,0.00,0.00,0,0
215856,0.00,0.00,27.32,0.00,0.01,0.00,0.00,0.0067,5.9933,0.00,0.00,0,0,0.00,0.00,0,0
216056,0.00,0.00,70.49,200.00,0.02,0.00,0.00,0.0067,5.9933,0.00,0.00,0,0,0.00,0.00,0,0
216256,0.00,0.00,52.87,0.00,0.02,0.00,0.00,0.0067,5.9933,0.00,0.00,0,0,0.00,0.00,0,0
216456,0.00,0.00,39.65,0.00,0.01,0.00,0.00,0.0067,5.9933,0.00,0.00,0,0,0.00,0.00,0,0
216656,0.00,0.00,29.74,0.00,0.01,0.00,0.00,0.0067,5.9933,0.00,0.00,0,0,0.00,0.00,0,0
216856,0.00,0.00,22.30,0.00,0.01,0.00,0.00,0.0067,5.9933,0.00,0.00,0,0,0.00,0.00,0,0
217056,0.00,0.00,16.73,0.00,0.01,0.00,0.00,0.0067,5.9933,0.00,0.00,0,0,0.00,0.00,0,0
217256,0.00,0.00,12.55,0.00,0.00,0.00,0.00,0.0067,5.9933,0.00,0.00,0,0,0.00,0.00,0,0
217456,0.00,0.00,9.41,0.00,0.00,0.00,0.00,0.0067,5.9933,0.00,0.00,0,0,0.00,0.00,0,0
217656,0.00,0.00,7.06,0.00,0.00,0.00,0.00,0.0067,5.9933,0.00,0.00,0,0,0.00,0.00,0,0
217856,0.00,0.00,5.29,0.00,0.00,0.00,0.00,0.0067,5.9933,0.00,0.00,0,0,0.00,0.00,0,0
218056,0.00,0.00,3.97,0.00,0.00,0.00,0.00,0.0067,5.9933,0.00,0.00,0,0,0.00,0.00,0,0
218256,0.00,0.00,2.98,0.00,0.00,0.00,0.00,0.0067,5.9933,0.00,0.00,0,0,0.00,0.00,0,0
218456,0.00,0.00,2.23,0.00,0.00,0.00,0.00,0.0067,5.9933,0.00,0.00,0,0,0.00,0.00,0,0
218656,0.00,0.00,14.17,50.00,0.00,0.00,0.00,0.0067,5.9933,0.00,0.00,0,0,0.00,0.00,0,0
218856,0.00,0.00,10.63,0.00,0.00,0.00,0.00,0.0067,5.9933,0.00,0.00,0,0,0.00,0.00,0,0
219056,0.00,0.00,7.97,0.00,0.00,0.00,0.00,0.0067,5.9933,0.00,0.00,0,0,0.00,0.00,0,0
219256,0.00,0.00,5.98,0.00,0.00,0.00,0.00,0.0067,5.9933,0.00,0.00,0,0,0.00,0.00,0,0
219456,0.00,0.00,4.48,0.00,0.00,0.00,0.00,0.0067,5.9933,0.00,0.00,0,0,0.00,0.00,0,0
219656,0.00,0.00,3.36,0.00,0.00,0.00,0.00,0.0067,5.9933,0.00,0.00,0,0,0.00,0.00,0,0
219856,0.00,0.00,2.52,0.00,0.00,0.00,0.00,0.0067,5.9933,0.00,0.00,0,0,0.00,0.00,0,0
220056,0.00,0.00,1.89,0.00,0.00,0.00,0.00,0.0067,5.9933,0.00,0.00,0,0,0.00,0.00,0,0
220256,0.00,0.00,1.42,0.00,0.00,0.00,0.00,0.0067,5.9933,0.00,0.00,0,0,0.00,0.00,0,0
220456,0.00,0.00,1.06,0.00,0.00,0.00,0.00,0.0067,5.9933,0.00,0.00,0,0,0.00,0.00,0,0
220656,0.00,0.00,0.80,0.00,0.00,0.00,0.00,0.0067,5.9933,0.00,0.00,0,0,0.00,0.00,0,0
220856,0.00,0.00,0.60,0.00,0.00,0.00,0.00,0.0067,5.9933,0.00,0.00,0,0,0.00,0.00,0,0
221056,0.00,0.00,0.45,0.00,0.00,0.00,0.00,0.0067,5.9933,0.00,0.00,0,0,0.00,0.00,0,0
221256,0.00,0.00,0.34,0.00,0.00,0.00,0.00,0.0067,5.9933,0.00,0.00,0,0,0.00,0.00,0,0
221456,0.00,0.00,0.25,0.00,0.00,0.00,0.00,0.0067,5.9933,0.00,0.00,0,0,0.00,0.00,0,0
221656,0.00,0.00,0.19,0.00,0.00,0.00,0.00,0.0067,5.9933,0.00,0.00,0,0,0.00,0.00,0,0
221856,0.00,0.00,0.14,0.00,0.00,0.00,0.00,0.0067,5.9933,0.00,0.00,0,0,0.00,0.00,0,0
222056,0.00,0.00,0.11,0.00,0.00,0.00,0.00,0.0067,5.9933,0.00,0.00,0,0,0.00,0.00,0,0
222256,0.00,0.00,0.08,0.00,0.00,0.00,0.00,0.0067,5.9933,0.00,0.00,0,0,0.00,0.00,0,0
222456,0.00,0.00,12.56,50.00,0.00,0.00,0.00,0.0067,5.9933,0.00,0.00,0,0,0.00,0.00,0,0
222656,0.00,0.00,9.42,0.00,0.00,0.00,0.00,0.0067,5.9933,0.00,0.00,0,0,0.00,0.00,0,0
222856,0.00,0.00,7.06,0.00,0.00,0.00,0.00,0.0067,5.9933,0.00,0.00,0,0,0.00,0.00,0,0
223056,0.00,0.00,5.30,0.00,0.00,0.00,0.00,0.0067,5.9933,0.00,0.00,0,0,0.00,0.00,0,0
223256,0.00,0.00,3.97,0.00,0.00,0.00,0.00,0.0067,5.9933,0.00,0.00,0,0,0.00,0.00,0,0
223456,0.00,0.00,2.98,0.00,0.00,0.00,0.00,0.0067,5.9933,0.00,0.00,0,0,0.00,0.00,0,0
223656,0.00,0.00,2.24,0.00,0.00,0.00,0.00,0.0067,5.9933,0.00,0.00,0,0,0.00,0.00,0,0
223856,0.00,0.00,1.68,0.00,0.00,0.00,0.00,0.0067,5.9933,0.00,0.00,0,0,0.00,0.00,0,0
224056,0.00,0.00,1.26,0.00,0.00,0.00,0.00,0.0067,5.9933,0.00,0.00,0,0,0.00,0.00,0,0
224256,0.00,0.00,0.94,0.00,0.00,0.00,0.00,0.0067,5.9933,0.00,0.00,0,0,0.00,0.00,0,0
224456,0.00,0.00,0.71,0.00,0.00,0.00,0.00,0.0067,5.9933,0.00,0.00,0,0,0.00,0.00,0,0
224656,0.00,0.00,0.53,0.00,0.00,0.00,0.00,0.0067,5.9933,0.00,0.00,0,0,0.00,0.00,0,0
224856,0.00,0.00,0.40,0.00,0.00,0.00,0.00,0.0067,5.9933,0.00,0.00,0,0,0.00,0.00,0,0
225056,0.00,0.00,0.30,0.00,0.00,0.00,0.00,0.0067,5.9933,0.00,0.00,0,0,0.00,0.00,0,0
225256,0.00,0.00,12.72,50.00,0.00,0.00,0.00,0.0067,5.9933,0.00,0.00,0,0,0.00,0.00,0,0
225456,0.00,0.00,47.04,150.00,0.02,0.00,0.00,0.0067,5.9933,0.00,0.00,0,0,0.00,0.00,0,0
225656,0.00,0.00,35.28,0.00,0.01,0.00,0.00,0.0067,5.9933,0.00,0.00,0,0,0.00,0.00,0,0
225856,0.00,0.00,26.46,0.00,0.01,0.00,0.00,0.0067,5.9933,0.00,0.00,0,0,0.00,0.00,0,0
226056,0.00,0.00,19.85,0.00,0.01,0.00,0.00,0.0067,5.9933,0.00,0.00,0,0,0.00,0.00,0,0
226256,0.00,0.00,14.88,0.00,0.01,0.00,0.00,0.0067,5.9933,0.00,0.00,0,0,0.00,0.00,0,0
226456,0.00,0.00,23.66,50.00,0.01,0.00,0.00,0.0067,5.9933,0.00,0.00,0,0,0.00,0.00,0,0
226656,0.00,0.00,17.75,0.00,0.01,0.00,0.00,0.0067,5.9933,0.00,0.00,0,0,0.00,0.00,0,0
226856,0.00,0.00,25.81,50.00,0.01,0.00,0.00,0.0067,5.9933,0.00,0.00,0,0,0.00,0.00,0,0
227056,0.00,0.00,19.36,0.00,0.01,0.00,0.00,0.0067,5.9933,0.00,0.00,0,0,0.00,0.00,0,0
227256,0.00,0.00,14.52,0.00,0.01,0.00,0.00,0.0067,5.9933,0.00,0.00,0,0,0.00,0.00,0,0
227456,0.00,0.00,10.89,0.00,0.00,0.00,0.00,0.0067,5.9933,0.00,0.00,0,0,0.00,0.00,0,0
227656,0.00,0.00,8.17,0.00,0.00,0.00,0.00,0.0067,5.9933,0.00,0.00,0,0,0.00,0.00,0,0
227856,0.00,0.00,18.63,50.00,0.01,0.00,0.00,0.0067,5.9933,0.00,0.00,0,0,0.00,0.00,0,0
228056,0.00,0.00,13.97,0.00,0.00,0.00,0.00,0.0067,5.9933,0.00,0.00,0,0,0.00,0.00,0,0
228256,0.00,0.00,10.48,0.00,0.00,0.00,0.00,0.0067,5.9933,0.00,0.00,0,0,0.00,0.00,0,0
228456,0.00,0.00,7.86,0.00,0.00,0.00,0.00,0.0067,5.9933,0.00,0.00,0,0,0.00,0.00,0,0
228656,0.00,0.00,5.89,0.00,0.00,0.00,0.00,0.0067,5.9933,0.00,0.00,0,0,0.00,0.00,0,0
228856,0.00,0.00,4.42,0.00,0.00,0.00,0.00,0.0067,5.9933,0.00,0.00,0,0,0.00,0.00,0,0
229056,0.00,0.00,3.31,0.00,0.00,0.00,0.00,0.0067,5.9933,0.00,0.00,0,0,0.00,0.00,0,0
229256,0.00,0.00,2.49,0.00,0.00,0.00,0.00,0.0067,5.9933,0.00,0.00,0,0,0.00,0.00,0,0
229456,0.00,0.00,1.86,0.00,0.00,0.00,0.00,0.0067,5.9933,0.00,0.00,0,0,0.00,0.00,0,0
229656,0.00,0.00,1.40,0.00,0.00,0.00,0.00,0.0067,5.9933,0.00,0.00,0,0,0.00,0.00,0,0
229856,0.00,0.00,1.05,0.00,0.00,0.00,0.00,0.0067,5.9933,0.00,0.00,0,0,0.00,0.00,0,0
230056,0.00,0.00,0.79,0.00,0.00,0.00,0.00,0.0067,5.9933,0.00,0.00,0,0,0.00,0.00,0,0
230256,0.00,0.00,0.59,0.00,0.00,0.00,0.00,0.0067,5.9933,0.00,0.00,0,0,0.00,0.00,0,0
230456,0.00,0.00,0.44,0.00,0.00,0.00,0.00,0.0067,5.9933,0.00,0.00,0,0,0.00,0.00,0,0
230656,0.00,0.00,0.33,0.00,0.00,0.00,0.00,0.0067,5.9933,0.00,0.00,0,0,0.00,0.00,0,0
230856,0.00,0.00,0.25,0.00,0.00,0.00,0.00,0.0067,5.9933,0.00,0.00,0,0,0.00,0.00,0,0
231056,0.00,0.00,0.19,0.00,0.00,0.00,0.00,0.0067,5.9933,0.00,0.00,0,0,0.00,0.00,0,0
231256,0.00,0.00,0.14,0.00,0.00,0.00,0.00,0.0067,5.9933,0.00,0.00,0,0,0.00,0.00,0,0
231456,0.00,0.00,0.11,0.00,0.00,0.00,0.00,0.0067,5.9933,0.00,0.00,0,0,0.00,0.00,0,0
231656,0.00,0.00,0.08,0.00,0.00,0.00,0.00,0.0067,5.9933,0.00,0.00,0,0,0.00,0.00,0,0
231856,0.00,0.00,0.06,0.00,0.00,0.00,0.00,0.0067,5.9933,0.00,0.00,0,0,0.00,0.00,0,0
232056,0.00,0.00,0.04,0.00,0.00,0.00,0.00,0.0067,5.9933,0.00,0.00,0,0,0.00,0.00,0,0
232256,0.00,0.00,0.03,0.00,0.00,0.00,0.00,0.0067,5.9933,0.00,0.00,0,0,0.00,0.00,0,0
232456,0.00,0.00,0.02,0.00,0.00,0.00,0.00,0.0067,5.9933,0.00,0.00,0,0,0.00,0.00,0,0
232656,0.00,0.00,0.02,0.00,0.00,0.00,0.00,0.0067,5.9933,0.00,0.00,0,0,0.00,0.00,0,0
232856,0.00,0.00,0.01,0.00,0.00,0.00,0.00,0.0067,5.9933,0.00,0.00,0,0,0.00,0.00,0,0
233056,0.00,0.00,0.01,0.00,0.00,0.00,0.00,0.0067,5.9933,0.00,0.00,0,0,0.00,0.00,0,0
233256,0.00,0.00,0.01,0.00,0.00,0.00,0.00,0.0067,5.9933,0.00,0.00,0,0,0.00,0.00,0,0
233456,0.00,0.00,0.01,0.00,0.00,0.00,0.00,0.0067,5.9933,0.00,0.00,0,0,0.00,0.00,0,0
233656,0.00,0.00,0.00,0.00,0.00,0.00,0.00,0.0067,5.9933,0.00,0.00,0,0,0.00,0.00,0,0
233856,0.00,0.00,0.00,0.00,0.00,0.00,0.00,0.0067,5.9933,0.00,0.00,0,0,0.00,0.00,0,0
234056,0.00,0.00,0.00,0.00,0.00,0.00,0.00,0.0067,5.9933,0.00,0.00,0,0,0.00,0.00,0,0
234256,0.00,0.00,0.00,0.00,0.00,0.00,0.00,0.0067,5.9933,0.00,0.00,0,0,0.00,0.00,0,0
234456,0.00,0.00,0.00,0.00,0.00,0.00,0.00,0.0067,5.9933,0.00,0.00,0,0,0.00,0.00,0,0
234656,0.00,0.00,0.00,0.00,0.00,0.00,0.00,0.0067,5.9933,0.00,0.00,0,0,0.00,0.00,0,0
234856,0.00,0.00,0.00,0.00,0.00,0.00,0.00,0.0067,5.9933,0.00,0.00,0,0,0.00,0.00,0,0
235056,0.00,0.00,0.00,0.00,0.00,0.00,0.00,0.0067,5.9933,0.00,0.00,0,0,0.00,0.00,0,0
235256,0.00,0.00,0.00,0.00,0.00,0.00,0.00,0.0067,5.9933,0.00,0.00,0,0,0.00,0.00,0,0
235456,0.00,0.00,0.00,0.00,0.00,0.00,0.00,0.0067,5.9933,0.00,0.00,0,0,0.00,0.00,0,0
235656,0.00,0.00,0.00,0.00,0.00,0.00,0.00,0.0067,5.9933,0.00,0.00,0,0,0.00,0.00,0,0
235856,0.00,0.00,12.50,50.00,0.00,0.00,0.00,0.0067,5.9933,0.00,0.00,0,0,0.00,0.00,0,0
236056,0.00,0.00,9.38,0.00,0.00,0.00,0.00,0.0067,5.9933,0.00,0.00,0,0,0.00,0.00,0,0
236256,0.00,0.00,7.03,0.00,0.00,0.00,0.00,0.0067,5.9933,0.00,0.00,0,0,0.00,0.00,0,0
236456,0.00,0.00,5.27,0.00,0.00,0.00,0.00,0.0067,5.9933,0.00,0.00,0,0,0.00,0.00,0,0
236656,0.00,0.00,3.96,0.00,0.00,0.00,0.00,0.0067,5.9933,0.00,0.00,0,0,0.00,0.00,0,0
236856,0.00,0.00,2.97,0.00,0.00,0.00,0.00,0.0067,5.9933,0.00,0.00,0,0,0.00,0.00,0,0
237056,0.00,0.00,2.22,0.00,0.00,0.00,0.00,0.0067,5.9933,0.00,0.00,0,0,0.00,0.00,0,0
237256,0.00,0.00,1.67,0.00,0.00,0.00,0.00,0.0067,5.9933,0.00,0.00,0,0,0.00,0.00,0,0
237456,0.00,0.00,1.25,0.00,0.00,0.00,0.00,0.0067,5.9933,0.00,0.00,0,0,0.00,0.00,0,0
237656,0.00,0.00,0.94,0.00,0.00,0.00,0.00,0.0067,5.9933,0.00,0.00,0,0,0.00,0.00,0,0
237856,0.00,0.00,0.70,0.00,0.00,0.00,0.00,0.0067,5.9933,0.00,0.00,0,0,0.00,0.00,0,0
238056,0.00,0.00,0.53,0.00,0.00,0.00,0.00,0.0067,5.9933,0.00,0.00,0,0,0.00,0.00,0,0
238256,0.00,0.00,0.40,0.00,0.00,0.00,0.00,0.0067,5.9933,0.00,0.00,0,0,0.00,0.00,0,0
238456,0.00,0.00,0.30,0.00,0.00,0.00,0.00,0.0067,5.9933,0.00,0.00,0,0,0.00,0.00,0,0
238656,0.00,0.00,0.22,0.00,0.00,0.00,0.00,0.0067,5.9933,0.00,0.00,0,0,0.00,0.00,0,0
238856,0.00,0.00,0.17,0.00,0.00,0.00,0.00,0.0067,5.9933,0.00,0.00,0,0,0.00,0.00,0,0
239056,0.00,0.00,0.13,0.00,0.00,0.00,0.00,0.0067,5.9933,0.00,0.00,0,0,0.00,0.00,0,0
239256,0.00,0.00,0.09,0.00,0.00,0.00,0.00,0.0067,5.9933,0.00,0.00,0,0,0.00,0.00,0,0
239456,0.00,0.00,0.07,0.00,0.00,0.00,0.00,0.0067,5.9933,0.00,0.00,0,0,0.00,0.00,0,0
239656,0.00,0.00,0.05,0.00,0.00,0.00,0.00,0.0067,5.9933,0.00,0.00,0,0,0.00,0.00,0,0
239856,0.00,0.00,0.04,0.00,0.00,0.00,0.00,0.0067,5.9933,0.00,0.00,0,0,0.00,0.00,0,0
240056,0.00,0.00,0.03,0.00,0.00,0.00,0.00,0.0067,5.9933,0.00,0.00,0,0,0.00,0.00,0,0
240256,0.00,0.00,0.02,0.00,0.00,0.00,0.00,0.0067,5.9933,0.00,0.00,0,0,0.00,0.00,0,0
240456,0.00,0.00,0.02,0.00,0.00,0.00,0.00,0.0067,5.9933,0.00,0.00,0,0,0.00,0.00,0,0
240656,0.00,0.00,0.01,0.00,0.00,0.00,0.00,0.0067,5.9933,0.00,0.00,0,0,0.00,0.00,0,0
240856,0.00,0.00,0.01,0.00,0.00,0.00,0.00,0.0067,5.9933,0.00,0.00,0,0,0.00,0.00,0,0
241056,0.00,0.00,0.01,0.00,0.00,0.00,0.00,0.0067,5.9933,0.00,0.00,0,0,0.00,0.00,0,0
241256,0.00,0.00,0.01,0.00,0.00,0.00,0.00,0.0067,5.9933,0.00,0.00,0,0,0.00,0.00,0,0
241456,0.00,0.00,0.00,0.00,0.00,0.00,0.00,0.0067,5.9933,0.00,0.00,0,0,0.00,0.00,0,0
241656,0.00,0.00,0.00,0.00,0.00,0.00,0.00,0.0067,5.9933,0.00,0.00,0,0,0.00,0.00,0,0
241856,0.00,0.00,12.50,50.00,0.00,0.00,0.00,0.0067,5.9933,0.00,0.00,0,0,0.00,0.00,0,0
242056,0.00,0.00,9.38,0.00,0.00,0.00,0.00,0.0067,5.9933,0.00,0.00,0,0,0.00,0.00,0,0
242256,0.00,0.00,7.03,0.00,0.00,0.00,0.00,0.0067,5.9933,0.00,0.00,0,0,0.00,0.00,0,0
242456,0.00,0.00,5.27,0.00,0.00,0.00,0.00,0.0067,5.9933,0.00,0.00,0,0,0.00,0.00,0,0
242656,0.00,0.00,3.96,0.00,0.00,0.00,0.00,0.0067,5.9933,0.00,0.00,0,0,0.00,0.00,0,0
242856,0.00,0.00,2.97,0.00,0.00,0.00,0.00,0.0067,5.9933,0.00,0.00,0,0,0.00,0.00,0,0
243056,0.00,0.00,2.23,0.00,0.00,0.00,0.00,0.0067,5.9933,0.00,0.00,0,0,0.00,0.00,0,0
243256,0.00,0.00,1.67,0.00,0.00,0.00,0.00,0.0067,5.9933,0.00,0.00,0,0,0.00,0.00,0,0
243456,0.00,0.00,1.25,0.00,0.00,0.00,0.00,0.0067,5.9933,0.00,0.00,0,0,0.00,0.00,0,0
243656,0.00,0.00,0.94,0.00,0.00,0.00,0.00,0.0067,5.9933,0.00,0.00,0,0,0.00,0.00,0,0
243856,0.00,0.00,0.70,0.00,0.00,0.00,0.00,0.0067,5.9933,0.00,0.00,0,0,0.00,0.00,0,0
244056,0.00,0.00,0.53,0.00,0.00,0.00,0.00,0.0067,5.9933,0.00,0.00,0,0,0.00,0.00,0,0
244256,0.00,0.00,0.40,0.00,0.00,0.00,0.00,0.0067,5.9933,0.00,0.00,0,0,0.00,0.00,0,0
244456,0.00,0.00,0.30,0.00,0.00,0.00,0.00,0.0067,5.9933,0.00,0.00,0,0,0.00,0.00,0,0
244656,0.00,0.00,0.22,0.00,0.00,0.00,0.00,0.0067,5.9933,0.00,0.00,0,0,0.00,0.00,0,0
244856,0.00,0.00,0.17,0.00,0.00,0.00,0.00,0.0067,5.9933,0.00,0.00,0,0,0.00,0.00,0,0
245056,0.00,0.00,0.13,0.00,0.00,0.00,0.00,0.0067,5.9933,0.00,0.00,0,0,0.00,0.00,0,0
245256,0.00,0.00,0.09,0.00,0.00,0.00,0.00,0.0067,5.9933,0.00,0.00,0,0,0.00,0.00,0,0
245456,0.00,0.00,0.07,0.00,0.00,0.00,0.00,0.0067,5.9933,0.00,0.00,0,0,0.00,0.00,0,0
245656,0.00,0.00,0.05,0.00,0.00,0.00,0.00,0.0067,5.9933,0.00,0.00,0,0,0.00,0.00,0,0
245856,0.00,0.00,0.04,0.00,0.00,0.00,0.00,0.0067,5.9933,0.00,0.00,0,0,0.00,0.00,0,0
246056,0.00,0.00,0.03,0.00,0.00,0.00,0.00,0.0067,5.9933,0.00,0.00,0,0,0.00,0.00,0,0
246256,0.00,0.00,0.02,0.00,0.00,0.00,0.00,0.0067,5.9933,0.00,0.00,0,0,0.00,0.00,0,0
246456,0.00,0.00,0.02,0.00,0.00,0.00,0.00,0.0067,5.9933,0.00,0.00,0,0,0.00,0.00,0,0
246656,0.00,0.00,0.01,0.00,0.00,0.00,0.00,0.0067,5.9933,0.00,0.00,0,0,0.00,0.00,0,0
246856,0.00,0.00,0.01,0.00,0.00,0.00,0.00,0.0067,5.9933,0.00,0.00,0,0,0.00,0.00,0,0
247056,0.00,0.00,0.01,0.00,0.00,0.00,0.00,0.0067,5.9933,0.00,0.00,0,0,0.00,0.00,0,0
247256,0.00,0.00,0.01,0.00,0.00,0.00,0.00,0.0067,5.9933,0.00,0.00,0,0,0.00,0.00,0,0
247456,0.00,0.00,0.00,0.00,0.00,0.00,0.00,0.0067,5.9933,0.00,0.00,0,0,0.00,0.00,0,0
247656,0.00,0.00,0.00,0.00,0.00,0.00,0.00,0.0067,5.9933,0.00,0.00,0,0,0.00,0.00,0,0
247856,0.00,0.00,0.00,0.00,0.00,0.00,0.00,0.0067,5.9933,0.00,0.00,0,0,0.00,0.00,0,0
248056,0.00,0.00,0.00,0.00,0.00,0.00,0.00,0.0067,5.9933,0.00,0.00,0,0,0.00,0.00,0,0
248256,0.00,0.00,0.00,0.00,0.00,0.00,0.00,0.0067,5.9933,0.00,0.00,0,0,0.00,0.00,0,0
248456,0.00,0.00,0.00,0.00,0.00,0.00,0.00,0.0067,5.9933,0.00,0.00,0,0,0.00,0.00,0,0
248656,0.00,0.00,0.00,0.00,0.00,0.00,0.00,0.0067,5.9933,0.00,0.00,0,0,0.00,0.00,0,0
248856,0.00,0.00,0.00,0.00,0.00,0.00,0.00,0.0067,5.9933,0.00,0.00,0,0,0.00,0.00,0,0
249056,0.00,0.00,0.00,0.00,0.00,0.00,0.00,0.0067,5.9933,0.00,0.00,0,0,0.00,0.00,0,0
249256,0.00,0.00,0.00,0.00,0.00,0.00,0.00,0.0067,5.9933,0.00,0.00,0,0,0.00,0.00,0,0
249456,0.00,0.00,0.00,0.00,0.00,0.00,0.00,0.0067,5.9933,0.00,0.00,0,0,0.00,0.00,0,0
249656,0.00,0.00,0.00,0.00,0.00,0.00,0.00,0.0067,5.9933,0.00,0.00,0,0,0.00,0.00,0,0
249856,0.00,0.00,0.00,0.00,0.00,0.00,0.00,0.0067,5.9933,0.00,0.00,0,0,0.00,0.00,0,0
250056,0.00,0.00,0.00,0.00,0.00,0.00,0.00,0.0067,5.9933,0.00,0.00,0,0,0.00,0.00,0,0
250256,0.00,0.00,0.00,0.00,0.00,0.00,0.00,0.0067,5.9933,0.00,0.00,0,0,0.00,0.00,0,0
250456,0.00,0.00,0.00,0.00,0.00,0.00,0.00,0.0067,5.9933,0.00,0.00,0,0,0.00,0.00,0,0
250656,0.00,0.00,0.00,0.00,0.00,0.00,0.00,0.0067,5.9933,0.00,0.00,0,0,0.00,0.00,0,0
250856,0.00,0.00,0.00,0.00,0.00,0.00,0.00,0.0067,5.9933,0.00,0.00,0,0,0.00,0.00,0,0
251056,0.00,0.00,0.00,0.00,0.00,0.00,0.00,0.0067,5.9933,0.00,0.00,0,0,0.00,0.00,0,0
251256,0.00,0.00,0.00,0.00,0.00,0.00,0.00,0.0067,5.9933,0.00,0.00,0,0,0.00,0.00,0,0
251456,0.00,0.00,0.00,0.00,0.00,0.00,0.00,0.0067,5.9933,0.00,0.00,0,0,0.00,0.00,0,0
251656,0.00,0.00,0.00,0.00,0.00,0.00,0.00,0.0067,5.9933,0.00,0.00,0,0,0.00,0.00,0,0
251856,0.00,0.00,0.00,0.00,0.00,0.00,0.00,0.0067,5.9933,0.00,0.00,0,0,0.00,0.00,0,0
252056,0.00,0.00,0.00,0.00,0.00,0.00,0.00,0.0067,5.9933,0.00,0.00,0,0,0.00,0.00,0,0
252256,0.00,0.00,0.00,0.00,0.00,0.00,0.00,0.0067,5.9933,0.00,0.00,0,0,0.00,0.00,0,0
252456,0.00,0.00,0.00,0.00,0.00,0.00,0.00,0.0067,5.9933,0.00,0.00,0,0,0.00,0.00,0,0
252656,0.00,0.00,0.00,0.00,0.00,0.00,0.00,0.0067,5.9933,0.00,0.00,0,0,0.00,0.00,0,0
252856,0.00,0.00,0.00,0.00,0.00,0.00,0.00,0.0067,5.9933,0.00,0.00,0,0,0.00,0.00,0,0
253056,0.00,0.00,0.00,0.00,0.00,0.00,0.00,0.0067,5.9933,0.00,0.00,0,0,0.00,0.00,0,0
253256,0.00,0.00,0.00,0.00,0.00,0.00,0.00,0.0067,5.9933,0.00,0.00,0,0,0.00,0.00,0,0
253456,0.00,0.00,0.00,0.00,0.00,0.00,0.00,0.0067,5.9933,0.00,0.00,0,0,0.00,0.00,0,0
253656,0.00,0.00,0.00,0.00,0.00,0.00,0.00,0.0067,5.9933,0.00,0.00,0,0,0.00,0.00,0,0
253856,0.00,0.00,0.00,0.00,0.00,0.00,0.00,0.0067,5.9933,0.00,0.00,0,0,0.00,0.00,0,0
254056,0.00,0.00,0.00,0.00,0.00,0.00,0.00,0.0067,5.9933,0.00,0.00,0,0,0.00,0.00,0,0
254256,0.00,0.00,0.00,0.00,0.00,0.00,0.00,0.0067,5.9933,0.00,0.00,0,0,0.00,0.00,0,0
254456,0.00,0.00,0.00,0.00,0.00,0.00,0.00,0.0067,5.9933,0.00,0.00,0,0,0.00,0.00,0,0
254656,0.00,0.00,0.00,0.00,0.00,0.00,0.00,0.0067,5.9933,0.00,0.00,0,0,0.00,0.00,0,0
254856,0.00,0.00,0.00,0.00,0.00,0.00,0.00,0.0067,5.9933,0.00,0.00,0,0,0.00,0.00,0,0
255056,0.00,0.00,0.00,0.00,0.00,0.00,0.00,0.0067,5.9933,0.00,0.00,0,0,0.00,0.00,0,0
255256,0.00,0.00,0.00,0.00,0.00,0.00,0.00,0.0067,5.9933,0.00,0.00,0,0,0.00,0.00,0,0
255456,0.00,0.00,0.00,0.00,0.00,0.00,0.00,0.0067,5.9933,0.00,0.00,0,0,0.00,0.00,0,0
255656,0.00,0.00,0.00,0.00,0.00,0.00,0.00,0.0067,5.9933,0.00,0.00,0,0,0.00,0.00,0,0
255856,0.00,0.00,0.00,0.00,0.00,0.00,0.00,0.0067,5.9933,0.00,0.00,0,0,0.00,0.00,0,0
256056,0.00,0.00,0.00,0.00,0.00,0.00,0.00,0.0067,5.9933,0.00,0.00,0,0,0.00,0.00,0,0
256256,0.00,0.00,0.00,0.00,0.00,0.00,0.00,0.0067,5.9933,0.00,0.00,0,0,0.00,0.00,0,0
256456,0.00,0.00,0.00,0.00,0.00,0.00,0.00,0.0067,5.9933,0.00,0.00,0,0,0.00,0.00,0,0
256656,0.00,0.00,0.00,0.00,0.00,0.00,0.00,0.0067,5.9933,0.00,0.00,0,0,0.00,0.00,0,0
256856,0.00,0.00,0.00,0.00,0.00,0.00,0.00,0.0067,5.9933,0.00,0.00,0,0,0.00,0.00,0,0
257056,0.00,0.00,0.00,0.00,0.00,0.00,0.00,0.0067,5.9933,0.00,0.00,0,0,0.00,0.00,0,0
257256,0.00,0.00,0.00,0.00,0.00,0.00,0.00,0.0067,5.9933,0.00,0.00,0,0,0.00,0.00,0,0
257456,0.00,0.00,0.00,0.00,0.00,0.00,0.00,0.0067,5.9933,0.00,0.00,0,0,0.00,0.00,0,0
257656,0.00,0.00,0.00,0.00,0.00,0.00,0.00,0.0067,5.9933,0.00,0.00,0,0,0.00,0.00,0,0
257856,0.00,0.00,0.00,0.00,0.00,0.00,0.00,0.0067,5.9933,0.00,0.00,0,0,0.00,0.00,0,0
258056,0.00,0.00,0.00,0.00,0.00,0.00,0.00,0.0067,5.9933,0.00,0.00,0,0,0.00,0.00,0,0
258256,0.00,0.00,0.00,0.00,0.00,0.00,0.00,0.0067,5.9933,0.00,0.00,0,0,0.00,0.00,0,0
258456,0.00,0.00,0.00,0.00,0.00,0.00,0.00,0.0067,5.9933,0.00,0.00,0,0,0.00,0.00,0,0
258656,0.00,0.00,0.00,0.00,0.00,0.00,0.00,0.0067,5.9933,0.00,0.00,0,0,0.00,0.00,0,0
258856,0.00,0.00,0.00,0.00,0.00,0.00,0.00,0.0067,5.9933,0.00,0.00,0,0,0.00,0.00,0,0
259056,0.00,0.00,12.50,50.00,0.00,0.00,0.00,0.0067,5.9933,0.00,0.00,0,0,0.00,0.00,0,0
259256,0.00,0.00,21.87,50.00,0.01,0.00,0.00,0.0067,5.9933,0.00,0.00,0,0,0.00,0.00,0,0
259456,0.00,0.00,16.41,0.00,0.01,0.00,0.00,0.0067,5.9933,0.00,0.00,0,0,0.00,0.00,0,0
259656,0.00,0.00,12.30,0.00,0.00,0.00,0.00,0.0067,5.9933,0.00,0.00,0,0,0.00,0.00,0,0
259856,0.00,0.00,9.23,0.00,0.00,0.00,0.00,0.0067,5.9933,0.00,0.00,0,0,0.00,0.00,0,0
260056,0.00,0.00,6.92,0.00,0.00,0.00,0.00,0.0067,5.9933,0.00,0.00,0,0,0.00,0.00,0,0
260256,0.00,0.00,5.19,0.00,0.00,0.00,0.00,0.0067,5.9933,0.00,0.00,0,0,0.00,0.00,0,0
260456,0.00,0.00,3.89,0.00,0.00,0.00,0.00,0.0067,5.9933,0.00,0.00,0,0,0.00,0.00,0,0
260656,0.00,0.00,2.92,0.00,0.00,0.00,0.00,0.0067,5.9933,0.00,0.00,0,0,0.00,0.00,0,0
260856,0.00,0.00,2.19,0.00,0.00,0.00,0.00,0.0067,5.9933,0.00,0.00,0,0,0.00,0.00,0,0
261056,0.00,0.00,1.64,0.00,0.00,0.00,0.00,0.0067,5.9933,0.00,0.00,0,0,0.00,0.00,0,0
261256,0.00,0.00,1.23,0.00,0.00,0.00,0.00,0.0067,5.9933,0.00,0.00,0,0,0.00,0.00,0,0
261456,0.00,0.00,0.92,0.00,0.00,0.00,0.00,0.0067,5.9933,0.00,0.00,0,0,0.00,0.00,0,0
261656,0.00,0.00,0.69,0.00,0.00,0.00,0.00,0.0067,5.9933,0.00,0.00,0,0,0.00,0.00,0,0
261856,0.00,0.00,0.52,0.00,0.00,0.00,0.00,0.0067,5.9933,0.00,0.00,0,0,0.00,0.00,0,0
262056,0.00,0.00,0.39,0.00,0.00,0.00,0.00,0.0067,5.9933,0.00,0.00,0,0,0.00,0.00,0,0
262256,0.00,0.00,0.29,0.00,0.00,0.00,0.00,0.0067,5.9933,0.00,0.00,0,0,0.00,0.00,0,0
262456,0.00,0.00,0.22,0.00,0.00,0.00,0.00,0.0067,5.9933,0.00,0.00,0,0,0.00,0.00,0,0
262656,0.00,0.00,0.16,0.00,0.00,0.00,0.00,0.0067,5.9933,0.00,0.00,0,0,0.00,0.00,0,0
262856,0.00,0.00,0.12,0.00,0.00,0.00,0.00,0.0067,5.9933,0.00,0.00,0,0,0.00,0.00,0,0
263056,0.00,0.00,0.09,0.00,0.00,0.00,0.00,0.0067,5.9933,0.00,0.00,0,0,0.00,0.00,0,0
263256,0.00,0.00,0.07,0.00,0.00,0.00,0.00,0.0067,5.9933,0.00,0.00,0,0,0.00,0.00,0,0
263456,0.00,0.00,0.05,0.00,0.00,0.00,0.00,0.0067,5.9933,0.00,0.00,0,0,0.00,0.00,0,0
263656,0.00,0.00,0.04,0.00,0.00,0.00,0.00,0.0067,5.9933,0.00,0.00,0,0,0.00,0.00,0,0
263856,0.00,0.00,0.03,0.00,0.00,0.00,0.00,0.0067,5.9933,0.00,0.00,0,0,0.00,0.00,0,0
264056,0.00,0.00,0.02,0.00,0.00,0.00,0.00,0.0067,5.9933,0.00,0.00,0,0,0.00,0.00,0,0
264256,0.00,0.00,0.02,0.00,0.00,0.00,0.00,0.0067,5.9933,0.00,0.00,0,0,0.00,0.00,0,0
264456,0.00,0.00,0.01,0.00,0.00,0.00,0.00,0.0067,5.9933,0.00,0.00,0,0,0.00,0.00,0,0
264656,0.00,0.00,0.01,0.00,0.00,0.00,0.00,0.0067,5.9933,0.00,0.00,0,0,0.00,0.00,0,0
264856,0.00,0.00,0.01,0.00,0.00,0.00,0.00,0.0067,5.9933,0.00,0.00,0,0,0.00,0.00,0,0
265056,0.00,0.00,0.01,0.00,0.00,0.00,0.00,0.0067,5.9933,0.00,0.00,0,0,0.00,0.00,0,0
265256,0.00,0.00,0.00,0.00,0.00,0.00,0.00,0.0067,5.9933,0.00,0.00,0,0,0.00,0.00,0,0
265456,0.00,0.00,0.00,0.00,0.00,0.00,0.00,0.0067,5.9933,0.00,0.00,0,0,0.00,0.00,0,0
265656,0.00,0.00,0.00,0.00,0.00,0.00,0.00,0.0067,5.9933,0.00,0.00,0,0,0.00,0.00,0,0
265856,0.00,0.00,0.00,0.00,0.00,0.00,0.00,0.0067,5.9933,0.00,0.00,0,0,0.00,0.00,0,0
266056,0.00,0.00,0.00,0.00,0.00,0.00,0.00,0.0067,5.9933,0.00,0.00,0,0,0.00,0.00,0,0
266256,0.00,0.00,0.00,0.00,0.00,0.00,0.00,0.0067,5.9933,0.00,0.00,0,0,0.00,0.00,0,0
266456,0.00,0.00,0.00,0.00,0.00,0.00,0.00,0.0067,5.9933,0.00,0.00,0,0,0.00,0.00,0,0
266656,0.00,0.00,0.00,0.00,0.00,0.00,0.00,0.0067,5.9933,0.00,0.00,0,0,0.00,0.00,0,0
266856,0.00,0.00,0.00,0.00,0.00,0.00,0.00,0.0067,5.9933,0.00,0.00,0,0,0.00,0.00,0,0
267056,0.00,0.00,0.00,0.00,0.00,0.00,0.00,0.0067,5.9933,0.00,0.00,0,0,0.00,0.00,0,0
267256,0.00,0.00,0.00,0.00,0.00,0.00,0.00,0.0067,5.9933,0.00,0.00,0,0,0.00,0.00,0,0
267456,0.00,0.00,0.00,0.00,0.00,0.00,0.00,0.0067,5.9933,0.00,0.00,0,0,0.00,0.00,0,0
267656,0.00,0.00,0.00,0.00,0.00,0.00,0.00,0.0067,5.9933,0.00,0.00,0,0,0.00,0.00,0,0
267856,0.00,0.00,0.00,0.00,0.00,0.00,0.00,0.0067,5.9933,0.00,0.00,0,0,0.00,0.00,0,0
268056,0.00,0.00,0.00,0.00,0.00,0.00,0.00,0.0067,5.9933,0.00,0.00,0,0,0.00,0.00,0,0
268256,0.00,0.00,0.00,0.00,0.00,0.00,0.00,0.0067,5.9933,0.00,0.00,0,0,0.00,0.00,0,0
268456,0.00,0.00,0.00,0.00,0.00,0.00,0.00,0.0067,5.9933,0.00,0.00,0,0,0.00,0.00,0,0
268656,0.00,0.00,0.00,0.00,0.00,0.00,0.00,0.0067,5.9933,0.00,0.00,0,0,0.00,0.00,0,0
268856,0.00,0.00,0.00,0.00,0.00,0.00,0.00,0.0067,5.9933,0.00,0.00,0,0,0.00,0.00,0,0
269056,0.00,0.00,0.00,0.00,0.00,0.00,0.00,0.0067,5.9933,0.00,0.00,0,0,0.00,0.00,0,0
269256,0.00,0.00,0.00,0.00,0.00,0.00,0.00,0.0067,5.9933,0.00,0.00,0,0,0.00,0.00,0,0
269456,0.00,0.00,0.00,0.00,0.00,0.00,0.00,0.0067,5.9933,0.00,0.00,0,0,0.00,0.00,0,0
269656,0.00,0.00,0.00,0.00,0.00,0.00,0.00,0.0067,5.9933,0.00,0.00,0,0,0.00,0.00,0,0
269856,0.00,0.00,0.00,0.00,0.00,0.00,0.00,0.0067,5.9933,0.00,0.00,0,0,0.00,0.00,0,0
270056,0.00,0.00,0.00,0.00,0.00,0.00,0.00,0.0067,5.9933,0.00,0.00,0,0,0.00,0.00,0,0
270256,0.00,0.00,0.00,0.00,0.00,0.00,0.00,0.0067,5.9933,0.00,0.00,0,0,0.00,0.00,0,0
270456,0.00,0.00,0.00,0.00,0.00,0.00,0.00,0.0067,5.9933,0.00,0.00,0,0,0.00,0.00,0,0
270656,0.00,0.00,0.00,0.00,0.00,0.00,0.00,0.0067,5.9933,0.00,0.00,0,0,0.00,0.00,0,0
270856,0.00,0.00,0.00,0.00,0.00,0.00,0.00,0.0067,5.9933,0.00,0.00,0,0,0.00,0.00,0,0
271056,0.00,0.00,0.00,0.00,0.00,0.00,0.00,0.0067,5.9933,0.00,0.00,0,0,0.00,0.00,0,0
271256,0.00,0.00,0.00,0.00,0.00,0.00,0.00,0.0067,5.9933,0.00,0.00,0,0,0.00,0.00,0,0
271456,0.00,0.00,0.00,0.00,0.00,0.00,0.00,0.0067,5.9933,0.00,0.00,0,0,0.00,0.00,0,0
271656,0.00,0.00,0.00,0.00,0.00,0.00,0.00,0.0067,5.9933,0.00,0.00,0,0,0.00,0.00,0,0
271856,0.00,0.00,0.00,0.00,0.00,0.00,0.00,0.0067,5.9933,0.00,0.00,0,0,0.00,0.00,0,0
272056,0.00,0.00,0.00,0.00,0.00,0.00,0.00,0.0067,5.9933,0.00,0.00,0,0,0.00,0.00,0,0
272256,0.00,0.00,0.00,0.00,0.00,0.00,0.00,0.0067,5.9933,0.00,0.00,0,0,0.00,0.00,0,0
272456,12.50,50.00,25.00,100.00,0.01,0.00,0.00,0.0067,5.9933,0.00,0.00,0,0,0.00,0.00,0,0
272656,9.38,0.00,18.75,0.00,0.01,0.00,0.00,0.0067,5.9933,0.00,0.00,0,0,0.00,0.00,0,0
272856,7.03,0.00,14.06,0.00,0.01,0.00,0.00,0.0067,5.9933,0.00,0.00,0,0,0.00,0.00,0,0
273056,5.27,0.00,10.55,0.00,0.01,0.00,0.00,0.0067,5.9933,0.00,0.00,0,0,0.00,0.00,0,0
273256,16.46,50.00,7.91,0.00,0.01,0.00,0.00,0.0067,5.9933,0.00,0.00,0,0,0.00,0.00,0,0
273456,12.34,0.00,5.93,0.00,0.01,0.00,0.00,0.0067,5.9933,0.00,0.00,0,0,0.00,0.00,0,0
273656,21.76,50.00,4.45,0.00,0.01,0.00,0.00,0.0067,5.9933,0.00,0.00,0,0,0.00,0.00,0,0
273856,16.32,0.00,3.34,0.00,0.01,0.00,0.00,0.0067,5.9933,0.00,0.00,0,0,0.00,0.00,0,0
274056,24.74,50.00,2.50,0.00,0.01,0.00,0.00,0.0067,5.9933,0.00,0.00,0,0,0.00,0.00,0,0
274256,18.55,0.00,1.88,0.00,0.01,0.00,0.00,0.0067,5.9933,0.00,0.00,0,0,0.00,0.00,0,0
274456,13.91,0.00,1.41,0.00,0.01,0.00,0.00,0.0067,5.9933,0.00,0.00,0,0,0.00,0.00,0,0
274656,22.94,50.00,1.06,0.00,0.01,0.00,0.00,0.0067,5.9933,0.00,0.00,0,0,0.00,0.00,0,0
274856,17.20,0.00,0.79,0.00,0.01,0.00,0.00,0.0067,5.9933,0.00,0.00,0,0,0.00,0.00,0,0
275056,25.40,50.00,0.59,0.00,0.01,0.00,0.00,0.0067,5.9933,0.00,0.00,0,0,0.00,0.00,0,0
275256,19.05,0.00,0.45,0.00,0.01,0.00,0.00,0.0067,5.9933,0.00,0.00,0,0,0.00,0.00,0,0
275456,14.29,0.00,0.33,0.00,0.01,0.00,0.00,0.0067,5.9933,0.00,0.00,0,0,0.00,0.00,0,0
275656,23.22,50.00,0.25,0.00,0.01,0.00,0.00,0.0067,5.9933,0.00,0.00,0,0,0.00,0.00,0,0
275856,17.41,0.00,0.19,0.00,0.01,0.00,0.00,0.0067,5.9933,0.00,0.00,0,0,0.00,0.00,0,0
276056,13.06,0.00,0.14,0.00,0.00,0.00,0.00,0.0067,5.9933,0.00,0.00,0,0,0.00,0.00,0,0
276256,22.29,50.00,0.11,0.00,0.01,0.00,0.00,0.0067,5.9933,0.00,0.00,0,0,0.00,0.00,0,0
276456,16.72,0.00,0.08,0.00,0.01,0.00,0.00,0.0067,5.9933,0.00,0.00,0,0,0.00,0.00,0,0
276656,12.54,0.00,12.56,50.00,0.01,0.00,0.00,0.0067,5.9933,0.00,0.00,0,0,0.00,0.00,0,0
276856,21.91,50.00,21.92,50.00,0.02,0.00,0.00,0.0067,5.9933,0.00,0.00,0,0,0.00,0.00,0,0
277056,16.43,0.00,16.44,0.00,0.01,0.00,0.00,0.0067,5.9933,0.00,0.00,0,0,0.00,0.00,0,0
277256,12.32,0.00,12.33,0.00,0.01,0.00,0.00,0.0067,5.9933,0.00,0.00,0,0,0.00,0.00,0,0
277456,9.24,0.00,9.25,0.00,0.01,0.00,0.00,0.0067,5.9933,0.00,0.00,0,0,0.00,0.00,0,0
277656,19.43,50.00,6.94,0.00,0.01,0.00,0.00,0.0067,5.9933,0.00,0.00,0,0,0.00,0.00,0,0
277856,14.57,0.00,5.20,0.00,0.01,0.00,0.00,0.0067,5.9933,0.00,0.00,0,0,0.00,0.00,0,0
278056,10.93,0.00,3.90,0.00,0.01,0.00,0.00,0.0067,5.9933,0.00,0.00,0,0,0.00,0.00,0,0
278256,8.20,0.00,2.93,0.00,0.00,0.00,0.00,0.0067,5.9933,0.00,0.00,0,0,0.00,0.00,0,0
278456,6.15,0.00,2.19,0.00,0.00,0.00,0.00,0.0067,5.9933,0.00,0.00,0,0,0.00,0.00,0,0
278656,4.61,0.00,1.65,0.00,0.00,0.00,0.00,0.0067,5.9933,0.00,0.00,0,0,0.00,0.00,0,0
278856,3.46,0.00,1.23,0.00,0.00,0.00,0.00,0.0067,5.9933,0.00,0.00,0,0,0.00,0.00,0,0
279056,2.59,0.00,0.93,0.00,0.00,0.00,0.00,0.0067,5.9933,0.00,0.00,0,0,0.00,0.00,0,0
279256,1.95,0.00,0.69,0.00,0.00,0.00,0.00,0.0067,5.9933,0.00,0.00,0,0,0.00,0.00,0,0
279456,1.46,0.00,0.52,0.00,0.00,0.00,0.00,0.0067,5.9933,0.00,0.00,0,0,0.00,0.00,0,0
279656,1.09,0.00,0.39,0.00,0.00,0.00,0.00,0.0067,5.9933,0.00,0.00,0,0,0.00,0.00,0,0
279856,0.82,0.00,0.29,0.00,0.00,0.00,0.00,0.0067,5.9933,0.00,0.00,0,0,0.00,0.00,0,0
280056,0.62,0.00,0.22,0.00,0.00,0.00,0.00,0.0067,5.9933,0.00,0.00,0,0,0.00,0.00,0,0
280256,0.46,0.00,0.16,0.00,0.00,0.00,0.00,0.0067,5.9933,0.00,0.00,0,0,0.00,0.00,0,0
280456,0.35,0.00,0.12,0.00,0.00,0.00,0.00,0.0067,5.9933,0.00,0.00,0,0,0.00,0.00,0,0
280656,0.26,0.00,0.09,0.00,0.00,0.00,0.00,0.0067,5.9933,0.00,0.00,0,0,0.00,0.00,0,0
280856,0.19,0.00,0.07,0.00,0.00,0.00,0.00,0.0067,5.9933,0.00,0.00,0,0,0.00,0.00,0,0
281056,0.15,0.00,0.05,0.00,0.00,0.00,0.00,0.0067,5.9933,0.00,0.00,0,0,0.00,0.00,0,0
281256,0.11,0.00,0.04,0.00,0.00,0.00,0.00,0.0067,5.9933,0.00,0.00,0,0,0.00,0.00,0,0
281456,0.08,0.00,0.03,0.00,0.00,0.00,0.00,0.0067,5.9933,0.00,0.00,0,0,0.00,0.00,0,0
281656,0.06,0.00,0.02,0.00,0.00,0.00,0.00,0.0067,5.9933,0.00,0.00,0,0,0.00,0.00,0,0
281856,0.05,0.00,0.02,0.00,0.00,0.00,0.00,0.0067,5.9933,0.00,0.00,0,0,0.00,0.00,0,0
282056,0.03,0.00,0.01,0.00,0.00,0.00,0.00,0.0067,5.9933,0.00,0.00,0,0,0.00,0.00,0,0
282256,0.03,0.00,37.51,150.00,0.01,0.00,0.00,0.0067,5.9933,0.00,0.00,0,0,0.00,0.00,0,0
282456,0.02,0.00,53.13,100.00,0.02,0.00,0.00,0.0067,5.9933,0.00,0.00,0,0,0.00,0.00,0,0
282656,0.01,0.00,39.85,0.00,0.01,0.00,0.00,0.0067,5.9933,0.00,0.00,0,0,0.00,0.00,0,0
282856,0.01,0.00,67.39,150.01,0.02,0.00,0.00,0.0067,5.9933,0.00,0.00,0,0,0.00,0.00,0,0
283056,0.01,0.00,100.54,200.00,0.03,0.00,0.00,0.0067,5.9933,0.00,0.00,0,0,0.00,0.00,0,0
283256,0.01,0.00,75.41,0.00,0.03,0.00,0.00,0.0067,5.9933,0.00,0.00,0,0,0.00,0.00,0,0
283456,0.00,0.00,56.55,0.00,0.02,0.00,0.00,0.0067,5.9933,0.00,0.00,0,0,0.00,0.00,0,0
283656,0.00,0.00,42.42,0.00,0.01,0.00,0.00,0.0067,5.9933,0.00,0.00,0,0,0.00,0.00,0,0
283856,0.00,0.00,31.81,0.00,0.01,0.00,0.00,0.0067,5.9933,0.00,0.00,0,0,0.00,0.00,0,0
284056,0.00,0.00,23.86,0.00,0.01,0.00,0.00,0.0067,5.9933,0.00,0.00,0,0,0.00,0.00,0,0
284256,0.00,0.00,17.89,0.00,0.01,0.00,0.00,0.0067,5.9933,0.00,0.00,0,0,0.00,0.00,0,0
284456,0.00,0.00,13.42,0.00,0.00,0.00,0.00,0.0067,5.9933,0.00,0.00,0,0,0.00,0.00,0,0
284656,12.50,50.00,10.07,0.00,0.01,0.00,0.00,0.0067,5.9933,0.00,0.00,0,0,0.00,0.00,0,0
284856,9.38,0.00,7.55,0.00,0.01,0.00,0.00,0.0067,5.9933,0.00,0.00,0,0,0.00,0.00,0,0
285056,7.03,0.00,5.66,0.00,0.00,0.00,0.00,0.0067,5.9933,0.00,0.00,0,0,0.00,0.00,0,0
285256,5.27,0.00,4.25,0.00,0.00,0.00,0.00,0.0067,5.9933,0.00,0.00,0,0,0.00,0.00,0,0
285456,3.96,0.00,3.18,0.00,0.00,0.00,0.00,0.0067,5.9933,0.00,0.00,0,0,0.00,0.00,0,0
285656,2.97,0.00,2.39,0.00,0.00,0.00,0.00,0.0067,5.9933,0.00,0.00,0,0,0.00,0.00,0,0
285856,2.22,0.00,1.79,0.00,0.00,0.00,0.00,0.0067,5.9933,0.00,0.00,0,0,0.00,0.00,0,0
286056,1.67,0.00,1.34,0.00,0.00,0.00,0.00,0.0067,5.9933,0.00,0.00,0,0,0.00,0.00,0,0
286256,1.25,0.00,1.01,0.00,0.00,0.00,0.00,0.0067,5.9933,0.00,0.00,0,0,0.00,0.00,0,0
286456,13.44,50.00,0.76,0.00,0.00,0.00,0.00,0.0067,5.9933,0.00,0.00,0,0,0.00,0.00,0,0
286656,10.08,0.00,0.57,0.00,0.00,0.00,0.00,0.0067,5.9933,0.00,0.00,0,0,0.00,0.00,0,0
286856,7.56,0.00,0.43,0.00,0.00,0.00,0.00,0.0067,5.9933,0.00,0.00,0,0,0.00,0.00,0,0
287056,18.17,50.00,0.32,0.00,0.01,0.00,0.00,0.0067,5.9933,0.00,0.00,0,0,0.00,0.00,0,0
287256,13.63,0.00,0.24,0.00,0.00,0.00,0.00,0.0067,5.9933,0.00,0.00,0,0,0.00,0.00,0,0
287456,10.22,0.00,0.18,0.00,0.00,0.00,0.00,0.0067,5.9933,0.00,0.00,0,0,0.00,0.00,0,0
287656,20.17,50.00,0.13,0.00,0.01,0.00,0.00,0.0067,5.9933,0.00,0.00,0,0,0.00,0.00,0,0
287856,15.12,0.00,0.10,0.00,0.01,0.00,0.00,0.0067,5.9933,0.00,0.00,0,0,0.00,0.00,0,0
288056,23.84,50.00,0.08,0.00,0.01,0.00,0.00,0.0067,5.9933,0.00,0.00,0,0,0.00,0.00,0,0
288256,17.88,0.00,0.06,0.00,0.01,0.00,0.00,0.0067,5.9933,0.00,0.00,0,0,0.00,0.00,0,0
288456,13.41,0.00,0.04,0.00,0.00,0.00,0.00,0.0067,5.9933,0.00,0.00,0,0,0.00,0.00,0,0
288656,22.56,50.00,0.03,0.00,0.01,0.00,0.00,0.0067,5.9933,0.00,0.00,0,0,0.00,0.00,0,0
288856,16.92,0.00,0.02,0.00,0.01,0.00,0.00,0.0067,5.9933,0.00,0.00,0,0,0.00,0.00,0,0
289056,12.69,0.00,0.02,0.00,0.00,0.00,0.00,0.0067,5.9933,0.00,0.00,0,0,0.00,0.00,0,0
289256,9.52,0.00,0.01,0.00,0.00,0.00,0.00,0.0067,5.9933,0.00,0.00,0,0,0.00,0.00,0,0
289456,7.14,0.00,0.01,0.00,0.00,0.00,0.00,0.0067,5.9933,0.00,0.00,0,0,0.00,0.00,0,0
289656,17.85,50.00,0.01,0.00,0.01,0.00,0.00,0.0067,5.9933,0.00,0.00,0,0,0.00,0.00,0,0
289856,13.39,0.00,0.01,0.00,0.00,0.00,0.00,0.0067,5.9933,0.00,0.00,0,0,0.00,0.00,0,0
290056,10.04,0.00,0.00,0.00,0.00,0.00,0.00,0.0067,5.9933,0.00,0.00,0,0,0.00,0.00,0,0
290256,7.53,0.00,12.50,50.00,0.01,0.00,0.00,0.0067,5.9933,0.00,0.00,0,0,0.00,0.00,0,0
290456,5.65,0.00,21.88,50.00,0.01,0.00,0.00,0.0067,5.9933,0.00,0.00,0,0,0.00,0.00,0,0
290656,4.24,0.00,41.41,100.00,0.02,0.00,0.00,0.0067,5.9933,0.00,0.00,0,0,0.00,0.00,0,0
290856,3.18,0.00,156.07,500.04,0.06,0.00,0.00,0.0067,5.9933,0.00,0.00,0,0,0.00,0.00,0,0
291056,2.38,0.00,117.05,0.00,0.04,0.00,0.00,0.0067,5.9933,0.00,0.00,0,0,0.00,0.00,0,0
291256,1.79,0.00,87.79,0.00,0.03,0.00,0.00,0.0067,5.9933,0.00,0.00,0,0,0.00,0.00,0,0
291456,1.34,0.00,65.84,0.00,0.02,0.00,0.00,0.0067,5.9933,0.00,0.00,0,0,0.00,0.00,0,0
291656,1.01,0.00,49.38,0.00,0.02,0.00,0.00,0.0067,5.9933,0.00,0.00,0,0,0.00,0.00,0,0
291856,0.75,0.00,37.04,0.00,0.01,0.00,0.00,0.0067,5.9933,0.00,0.00,0,0,0.00,0.00,0,0
292056,0.57,0.00,40.28,50.00,0.01,0.00,0.00,0.0067,5.9933,0.00,0.00,0,0,0.00,0.00,0,0
292256,0.42,0.00,42.71,50.00,0.01,0.00,0.00,0.0067,5.9933,0.00,0.00,0,0,0.00,0.00,0,0
292456,0.32,0.00,32.03,0.00,0.01,0.00,0.00,0.0067,5.9933,0.00,0.00,0,0,0.00,0.00,0,0
292656,0.24,0.00,24.02,0.00,0.01,0.00,0.00,0.0067,5.9933,0.00,0.00,0,0,0.00,0.00,0,0
292856,0.18,0.00,18.02,0.00,0.01,0.00,0.00,0.0067,5.9933,0.00,0.00,0,0,0.00,0.00,0,0
293056,0.13,0.00,13.51,0.00,0.00,0.00,0.00,0.0067,5.9933,0.00,0.00,0,0,0.00,0.00,0,0
293256,0.10,0.00,10.13,0.00,0.00,0.00,0.00,0.0067,5.9933,0.00,0.00,0,0,0.00,0.00,0,0
293456,0.08,0.00,7.60,0.00,0.00,0.00,0.00,0.0067,5.9933,0.00,0.00,0,0,0.00,0.00,0,0
293656,0.06,0.00,5.70,0.00,0.00,0.00,0.00,0.0067,5.9933,0.00,0.00,0,0,0.00,0.00,0,0
293856,0.04,0.00,4.28,0.00,0.00,0.00,0.00,0.0067,5.9933,0.00,0.00,0,0,0.00,0.00,0,0
294056,0.03,0.00,3.21,0.00,0.00,0.00,0.00,0.0067,5.9933,0.00,0.00,0,0,0.00,0.00,0,0
294256,0.02,0.00,2.40,0.00,0.00,0.00,0.00,0.0067,5.9933,0.00,0.00,0,0,0.00,0.00,0,0
294456,0.02,0.00,1.80,0.00,0.00,0.00,0.00,0.0067,5.9933,0.00,0.00,0,0,0.00,0.00,0,0
294656,0.01,0.00,1.35,0.00,0.00,0.00,0.00,0.0067,5.9933,0.00,0.00,0,0,0.00,0.00,0,0
294856,0.01,0.00,1.01,0.00,0.00,0.00,0.00,0.0067,5.9933,0.00,0.00,0,0,0.00,0.00,0,0
295056,0.01,0.00,0.76,0.00,0.00,0.00,0.00,0.0067,5.9933,0.00,0.00,0,0,0.00,0.00,0,0
295256,0.01,0.00,0.57,0.00,0.00,0.00,0.00,0.0067,5.9933,0.00,0.00,0,0,0.00,0.00,0,0
295456,0.00,0.00,0.43,0.00,0.00,0.00,0.00,0.0067,5.9933,0.00,0.00,0,0,0.00,0.00,0,0
295656,0.00,0.00,0.32,0.00,0.00,0.00,0.00,0.0067,5.9933,0.00,0.00,0,0,0.00,0.00,0,0
295856,0.00,0.00,0.24,0.00,0.00,0.00,0.00,0.0067,5.9933,0.00,0.00,0,0,0.00,0.00,0,0
296056,0.00,0.00,0.18,0.00,0.00,0.00,0.00,0.0067,5.9933,0.00,0.00,0,0,0.00,0.00,0,0
296256,0.00,0.00,0.14,0.00,0.00,0.00,0.00,0.0067,5.9933,0.00,0.00,0,0,0.00,0.00,0,0
296456,0.00,0.00,0.10,0.00,0.00,0.00,0.00,0.0067,5.9933,0.00,0.00,0,0,0.00,0.00,0,0
296656,0.00,0.00,0.08,0.00,0.00,0.00,0.00,0.0067,5.9933,0.00,0.00,0,0,0.00,0.00,0,0
296856,0.00,0.00,25.06,100.00,0.01,0.00,0.00,0.0067,5.9933,0.00,0.00,0,0,0.00,0.00,0,0
297056,0.00,0.00,18.79,0.00,0.01,0.00,0.00,0.0067,5.9933,0.00,0.00,0,0,0.00,0.00,0,0
297256,0.00,0.00,14.10,0.00,0.00,0.00,0.00,0.0067,5.9933,0.00,0.00,0,0,0.00,0.00,0,0
297456,0.00,0.00,35.57,100.00,0.01,0.00,0.00,0.0067,5.9933,0.00,0.00,0,0,0.00,0.00,0,0
297656,0.00,0.00,26.68,0.00,0.01,0.00,0.00,0.0067,5.9933,0.00,0.00,0,0,0.00,0.00,0,0
297856,0.00,0.00,20.01,0.00,0.01,0.00,0.00,0.0067,5.9933,0.00,0.00,0,0,0.00,0.00,0,0
298056,0.00,0.00,15.01,0.00,0.01,0.00,0.00,0.0067,5.9933,0.00,0.00,0,0,0.00,0.00,0,0
298256,0.00,0.00,11.26,0.00,0.00,0.00,0.00,0.0067,5.9933,0.00,0.00,0,0,0.00,0.00,0,0
298456,0.00,0.00,8.44,0.00,0.00,0.00,0.00,0.0067,5.9933,0.00,0.00,0,0,0.00,0.00,0,0
298656,0.00,0.00,6.33,0.00,0.00,0.00,0.00,0.0067,5.9933,0.00,0.00,0,0,0.00,0.00,0,0
298856,0.00,0.00,4.75,0.00,0.00,0.00,0.00,0.0067,5.9933,0.00,0.00,0,0,0.00,0.00,0,0
299056,0.00,0.00,53.56,200.00,0.02,0.00,0.00,0.0067,5.9933,0.00,0.00,0,0,0.00,0.00,0,0
299256,0.00,0.00,65.17,100.00,0.02,0.00,0.00,0.0067,5.9933,0.00,0.00,0,0,0.00,0.00,0,0
299456,0.00,0.00,48.88,0.00,0.02,0.00,0.00,0.0067,5.9933,0.00,0.00,0,0,0.00,0.00,0,0
299656,0.00,0.00,36.66,0.00,0.01,0.00,0.00,0.0067,5.9933,0.00,0.00,0,0,0.00,0.00,0,0
299856,0.00,0.00,27.49,0.00,0.01,0.00,0.00,0.0067,5.9933,0.00,0.00,0,0,0.00,0.00,0,0
300056,0.00,0.00,20.62,0.00,0.01,0.00,0.00,0.0067,5.9933,0.00,0.00,0,0,0.00,0.00,0,0
300256,0.00,0.00,15.47,0.00,0.01,0.00,0.00,0.0067,5.9933,0.00,0.00,0,0,0.00,0.00,0,0
300456,0.00,0.00,11.60,0.00,0.00,0.00,0.00,0.0067,5.9933,0.00,0.00,0,0,0.00,0.00,0,0
300656,0.00,0.00,8.70,0.00,0.00,0.00,0.00,0.0067,5.9933,0.00,0.00,0,0,0.00,0.00,0,0
300856,0.00,0.00,6.52,0.00,0.00,0.00,0.00,0.0067,5.9933,0.00,0.00,0,0,0.00,0.00,0,0
301056,0.00,0.00,4.89,0.00,0.00,0.00,0.00,0.0067,5.9933,0.00,0.00,0,0,0.00,0.00,0,0
301256,0.00,0.00,3.67,0.00,0.00,0.00,0.00,0.0067,5.9933,0.00,0.00,0,0,0.00,0.00,0,0
301456,0.00,0.00,2.75,0.00,0.00,0.00,0.00,0.0067,5.9933,0.00,0.00,0,0,0.00,0.00,0,0
301656,0.00,0.00,2.06,0.00,0.00,0.00,0.00,0.0067,5.9933,0.00,0.00,0,0,0.00,0.00,0,0
301856,0.00,0.00,1.55,0.00,0.00,0.00,0.00,0.0067,5.9933,0.00,0.00,0,0,0.00,0.00,0,0
302056,0.00,0.00,1.16,0.00,0.00,0.00,0.00,0.0067,5.9933,0.00,0.00,0,0,0.00,0.00,0,0
302256,0.00,0.00,0.87,0.00,0.00,0.00,0.00,0.0067,5.9933,0.00,0.00,0,0,0.00,0.00,0,0
302456,0.00,0.00,0.65,0.00,0.00,0.00,0.00,0.0067,5.9933,0.00,0.00,0,0,0.00,0.00,0,0
302656,0.00,0.00,0.49,0.00,0.00,0.00,0.00,0.0067,5.9933,0.00,0.00,0,0,0.00,0.00,0,0
302856,0.00,0.00,0.37,0.00,0.00,0.00,0.00,0.0067,5.9933,0.00,0.00,0,0,0.00,0.00,0,0
303056,0.00,0.00,0.28,0.00,0.00,0.00,0.00,0.0067,5.9933,0.00,0.00,0,0,0.00,0.00,0,0
303256,0.00,0.00,0.21,0.00,0.00,0.00,0.00,0.0067,5.9933,0.00,0.00,0,0,0.00,0.00,0,0
303456,0.00,0.00,0.16,0.00,0.00,0.00,0.00,0.0067,5.9933,0.00,0.00,0,0,0.00,0.00,0,0
303656,0.00,0.00,0.12,0.00,0.00,0.00,0.00,0.0067,5.9933,0.00,0.00,0,0,0.00,0.00,0,0
303856,0.00,0.00,0.09,0.00,0.00,0.00,0.00,0.0067,5.9933,0.00,0.00,0,0,0.00,0.00,0,0
304056,0.00,0.00,0.07,0.00,0.00,0.00,0.00,0.0067,5.9933,0.00,0.00,0,0,0.00,0.00,0,0
304256,0.00,0.00,0.05,0.00,0.00,0.00,0.00,0.0067,5.9933,0.00,0.00,0,0,0.00,0.00,0,0
304456,0.00,0.00,0.04,0.00,0.00,0.00,0.00,0.0067,5.9933,0.00,0.00,0,0,0.00,0.00,0,0
304656,0.00,0.00,0.03,0.00,0.00,0.00,0.00,0.0067,5.9933,0.00,0.00,0,0,0.00,0.00,0,0
304856,0.00,0.00,0.02,0.00,0.00,0.00,0.00,0.0067,5.9933,0.00,0.00,0,0,0.00,0.00,0,0
305056,0.00,0.00,0.02,0.00,0.00,0.00,0.00,0.0067,5.9933,0.00,0.00,0,0,0.00,0.00,0,0
305256,0.00,0.00,0.01,0.00,0.00,0.00,0.00,0.0067,5.9933,0.00,0.00,0,0,0.00,0.00,0,0
305456,0.00,0.00,0.01,0.00,0.00,0.00,0.00,0.0067,5.9933,0.00,0.00,0,0,0.00,0.00,0,0
305656,0.00,0.00,0.01,0.00,0.00,0.00,0.00,0.0067,5.9933,0.00,0.00,0,0,0.00,0.00,0,0
305856,0.00,0.00,0.00,0.00,0.00,0.00,0.00,0.0067,5.9933,0.00,0.00,0,0,0.00,0.00,0,0
306056,0.00,0.00,0.00,0.00,0.00,0.00,0.00,0.0067,5.9933,0.00,0.00,0,0,0.00,0.00,0,0
306256,0.00,0.00,0.00,0.00,0.00,0.00,0.00,0.0067,5.9933,0.00,0.00,0,0,0.00,0.00,0,0
306456,0.00,0.00,0.00,0.00,0.00,0.00,0.00,0.0067,5.9933,0.00,0.00,0,0,0.00,0.00,0,0
306656,0.00,0.00,0.00,0.00,0.00,0.00,0.00,0.0067,5.9933,0.00,0.00,0,0,0.00,0.00,0,0
306856,0.00,0.00,0.00,0.00,0.00,0.00,0.00,0.0067,5.9933,0.00,0.00,0,0,0.00,0.00,0,0
307056,0.00,0.00,0.00,0.00,0.00,0.00,0.00,0.0067,5.9933,0.00,0.00,0,0,0.00,0.00,0,0
307256,0.00,0.00,0.00,0.00,0.00,0.00,0.00,0.0067,5.9933,0.00,0.00,0,0,0.00,0.00,0,0
307456,0.00,0.00,0.00,0.00,0.00,0.00,0.00,0.0067,5.9933,0.00,0.00,0,0,0.00,0.00,0,0
307656,0.00,0.00,0.00,0.00,0.00,0.00,0.00,0.0067,5.9933,0.00,0.00,0,0,0.00,0.00,0,0
307856,0.00,0.00,0.00,0.00,0.00,0.00,0.00,0.0067,5.9933,0.00,0.00,0,0,0.00,0.00,0,0
308056,0.00,0.00,0.00,0.00,0.00,0.00,0.00,0.0067,5.9933,0.00,0.00,0,0,0.00,0.00,0,0
308256,0.00,0.00,0.00,0.00,0.00,0.00,0.00,0.0067,5.9933,0.00,0.00,0,0,0.00,0.00,0,0
308456,0.00,0.00,0.00,0.00,0.00,0.00,0.00,0.0067,5.9933,0.00,0.00,0,0,0.00,0.00,0,0
308656,0.00,0.00,0.00,0.00,0.00,0.00,0.00,0.0067,5.9933,0.00,0.00,0,0,0.00,0.00,0,0
308856,0.00,0.00,0.00,0.00,0.00,0.00,0.00,0.0067,5.9933,0.00,0.00,0,0,0.00,0.00,0,0
309056,0.00,0.00,0.00,0.00,0.00,0.00,0.00,0.0067,5.9933,0.00,0.00,0,0,0.00,0.00,0,0
309256,0.00,0.00,0.00,0.00,0.00,0.00,0.00,0.0067,5.9933,0.00,0.00,0,0,0.00,0.00,0,0
309456,0.00,0.00,0.00,0.00,0.00,0.00,0.00,0.0067,5.9933,0.00,0.00,0,0,0.00,0.00,0,0
309656,0.00,0.00,0.00,0.00,0.00,0.00,0.00,0.0067,5.9933,0.00,0.00,0,0,0.00,0.00,0,0
309856,0.00,0.00,0.00,0.00,0.00,0.00,0.00,0.0067,5.9933,0.00,0.00,0,0,0.00,0.00,0,0
310056,0.00,0.00,0.00,0.00,0.00,0.00,0.00,0.0067,5.9933,0.00,0.00,0,0,0.00,0.00,0,0
310256,0.00,0.00,0.00,0.00,0.00,0.00,0.00,0.0067,5.9933,0.00,0.00,0,0,0.00,0.00,0,0
310456,0.00,0.00,0.00,0.00,0.00,0.00,0.00,0.0067,5.9933,0.00,0.00,0,0,0.00,0.00,0,0
310656,0.00,0.00,0.00,0.00,0.00,0.00,0.00,0.0067,5.9933,0.00,0.00,0,0,0.00,0.00,0,0
310856,0.00,0.00,0.00,0.00,0.00,0.00,0.00,0.0067,5.9933,0.00,0.00,0,0,0.00,0.00,0,0
311056,0.00,0.00,0.00,0.00,0.00,0.00,0.00,0.0067,5.9933,0.00,0.00,0,0,0.00,0.00,0,0
311256,0.00,0.00,0.00,0.00,0.00,0.00,0.00,0.0067,5.9933,0.00,0.00,0,0,0.00,0.00,0,0
311456,0.00,0.00,0.00,0.00,0.00,0.00,0.00,0.0067,5.9933,0.00,0.00,0,0,0.00,0.00,0,0
311656,0.00,0.00,25.00,100.00,0.01,0.00,0.00,0.0067,5.9933,0.00,0.00,0,0,0.00,0.00,0,0
311856,0.00,0.00,18.75,0.00,0.01,0.00,0.00,0.0067,5.9933,0.00,0.00,0,0,0.00,0.00,0,0
312056,0.00,0.00,14.06,0.00,0.00,0.00,0.00,0.0067,5.9933,0.00,0.00,0,0,0.00,0.00,0,0
312256,0.00,0.00,10.55,0.00,0.00,0.00,0.00,0.0067,5.9933,0.00,0.00,0,0,0.00,0.00,0,0
312456,0.00,0.00,7.91,0.00,0.00,0.00,0.00,0.0067,5.9933,0.00,0.00,0,0,0.00,0.00,0,0
312656,0.00,0.00,5.93,0.00,0.00,0.00,0.00,0.0067,5.9933,0.00,0.00,0,0,0.00,0.00,0,0
312856,0.00,0.00,4.45,0.00,0.00,0.00,0.00,0.0067,5.9933,0.00,0.00,0,0,0.00,0.00,0,0
313056,0.00,0.00,28.34,100.00,0.01,0.00,0.00,0.0067,5.9933,0.00,0.00,0,0,0.00,0.00,0,0
313256,0.00,0.00,21.25,0.00,0.01,0.00,0.00,0.0067,5.9933,0.00,0.00,0,0,0.00,0.00,0,0
313456,0.00,0.00,15.94,0.00,0.01,0.00,0.00,0.0067,5.9933,0.00,0.00,0,0,0.00,0.00,0,0
313656,0.00,0.00,11.95,0.00,0.00,0.00,0.00,0.0067,5.9933,0.00,0.00,0,0,0.00,0.00,0,0
313856,0.00,0.00,8.97,0.00,0.00,0.00,0.00,0.0067,5.9933,0.00,0.00,0,0,0.00,0.00,0,0
314056,0.00,0.00,6.72,0.00,0.00,0.00,0.00,0.0067,5.9933,0.00,0.00,0,0,0.00,0.00,0,0
314256,0.00,0.00,5.04,0.00,0.00,0.00,0.00,0.0067,5.9933,0.00,0.00,0,0,0.00,0.00,0,0
314456,0.00,0.00,3.78,0.00,0.00,0.00,0.00,0.0067,5.9933,0.00,0.00,0,0,0.00,0.00,0,0
314656,0.00,0.00,2.84,0.00,0.00,0.00,0.00,0.0067,5.9933,0.00,0.00,0,0,0.00,0.00,0,0
314856,0.00,0.00,2.13,0.00,0.00,0.00,0.00,0.0067,5.9933,0.00,0.00,0,0,0.00,0.00,0,0
315056,0.00,0.00,1.60,0.00,0.00,0.00,0.00,0.0067,5.9933,0.00,0.00,0,0,0.00,0.00,0,0
315256,0.00,0.00,1.20,0.00,0.00,0.00,0.00,0.0067,5.9933,0.00,0.00,0,0,0.00,0.00,0,0
315456,0.00,0.00,0.90,0.00,0.00,0.00,0.00,0.0067,5.9933,0.00,0.00,0,0,0.00,0.00,0,0
315656,0.00,0.00,0.67,0.00,0.00,0.00,0.00,0.0067,5.9933,0.00,0.00,0,0,0.00,0.00,0,0
315856,0.00,0.00,0.50,0.00,0.00,0.00,0.00,0.0067,5.9933,0.00,0.00,0,0,0.00,0.00,0,0
316056,0.00,0.00,0.38,0.00,0.00,0.00,0.00,0.0067,5.9933,0.00,0.00,0,0,0.00,0.00,0,0
316256,0.00,0.00,0.28,0.00,0.00,0.00,0.00,0.0067,5.9933,0.00,0.00,0,0,0.00,0.00,0,0
316456,0.00,0.00,0.21,0.00,0.00,0.00,0.00,0.0067,5.9933,0.00,0.00,0,0,0.00,0.00,0,0
316656,0.00,0.00,0.16,0.00,0.00,0.00,0.00,0.0067,5.9933,0.00,0.00,0,0,0.00,0.00,0,0
316856,0.00,0.00,0.12,0.00,0.00,0.00,0.00,0.0067,5.9933,0.00,0.00,0,0,0.00,0.00,0,0
317056,0.00,0.00,0.09,0.00,0.00,0.00,0.00,0.0067,5.9933,0.00,0.00,0,0,0.00,0.00,0,0
317256,0.00,0.00,0.07,0.00,0.00,0.00,0.00,0.0067,5.9933,0.00,0.00,0,0,0.00,0.00,0,0
317456,0.00,0.00,0.05,0.00,0.00,0.00,0.00,0.0067,5.9933,0.00,0.00,0,0,0.00,0.00,0,0
317656,0.00,0.00,0.04,0.00,0.00,0.00,0.00,0.0067,5.9933,0.00,0.00,0,0,0.00,0.00,0,0
317856,0.00,0.00,0.03,0.00,0.00,0.00,0.00,0.0067,5.9933,0.00,0.00,0,0,0.00,0.00,0,0
318056,0.00,0.00,0.02,0.00,0.00,0.00,0.00,0.0067,5.9933,0.00,0.00,0,0,0.00,0.00,0,0
318256,0.00,0.00,0.02,0.00,0.00,0.00,0.00,0.0067,5.9933,0.00,0.00,0,0,0.00,0.00,0,0
318456,0.00,0.00,0.01,0.00,0.00,0.00,0.00,0.0067,5.9933,0.00,0.00,0,0,0.00,0.00,0,0
318656,0.00,0.00,0.01,0.00,0.00,0.00,0.00,0.0067,5.9933,0.00,0.00,0,0,0.00,0.00,0,0
318856,0.00,0.00,0.01,0.00,0.00,0.00,0.00,0.0067,5.9933,0.00,0.00,0,0,0.00,0.00,0,0
319056,0.00,0.00,0.01,0.00,0.00,0.00,0.00,0.0067,5.9933,0.00,0.00,0,0,0.00,0.00,0,0
319256,0.00,0.00,0.00,0.00,0.00,0.00,0.00,0.0067,5.9933,0.00,0.00,0,0,0.00,0.00,0,0
319456,0.00,0.00,0.00,0.00,0.00,0.00,0.00,0.0067,5.9933,0.00,0.00,0,0,0.00,0.00,0,0
319656,0.00,0.00,0.00,0.00,0.00,0.00,0.00,0.0067,5.9933,0.00,0.00,0,0,0.00,0.00,0,0
319856,0.00,0.00,0.00,0.00,0.00,0.00,0.00,0.0067,5.9933,0.00,0.00,0,0,0.00,0.00,0,0
320056,0.00,0.00,0.00,0.00,0.00,0.00,0.00,0.0067,5.9933,0.00,0.00,0,0,0.00,0.00,0,0
320256,0.00,0.00,0.00,0.00,0.00,0.00,0.00,0.0067,5.9933,0.00,0.00,0,0,0.00,0.00,0,0
320456,0.00,0.00,0.00,0.00,0.00,0.00,0.00,0.0067,5.9933,0.00,0.00,0,0,0.00,0.00,0,0
320656,0.00,0.00,0.00,0.00,0.00,0.00,0.00,0.0067,5.9933,0.00,0.00,0,0,0.00,0.00,0,0
320856,0.00,0.00,0.00,0.00,0.00,0.00,0.00,0.0067,5.9933,0.00,0.00,0,0,0.00,0.00,0,0
321056,0.00,0.00,0.00,0.00,0.00,0.00,0.00,0.0067,5.9933,0.00,0.00,0,0,0.00,0.00,0,0
321256,0.00,0.00,0.00,0.00,0.00,0.00,0.00,0.0067,5.9933,0.00,0.00,0,0,0.00,0.00,0,0
321456,0.00,0.00,0.00,0.00,0.00,0.00,0.00,0.0067,5.9933,0.00,0.00,0,0,0.00,0.00,0,0
321656,0.00,0.00,0.00,0.00,0.00,0.00,0.00,0.0067,5.9933,0.00,0.00,0,0,0.00,0.00,0,0
321856,0.00,0.00,0.00,0.00,0.00,0.00,0.00,0.0067,5.9933,0.00,0.00,0,0,0.00,0.00,0,0
322056,0.00,0.00,0.00,0.00,0.00,0.00,0.00,0.0067,5.9933,0.00,0.00,0,0,0.00,0.00,0,0
322256,0.00,0.00,0.00,0.00,0.00,0.00,0.00,0.0067,5.9933,0.00,0.00,0,0,0.00,0.00,0,0
322456,0.00,0.00,25.00,100.00,0.01,0.00,0.00,0.0067,5.9933,0.00,0.00,0,0,0.00,0.00,0,0
322656,0.00,0.00,43.75,100.00,0.02,0.00,0.00,0.0067,5.9933,0.00,0.00,0,0,0.00,0.00,0,0
322856,0.00,0.00,32.81,0.00,0.01,0.00,0.00,0.0067,5.9933,0.00,0.00,0,0,0.00,0.00,0,0
323056,0.00,0.00,24.61,0.00,0.01,0.00,0.00,0.0067,5.9933,0.00,0.00,0,0,0.00,0.00,0,0
323256,0.00,0.00,18.46,0.00,0.01,0.00,0.00,0.0067,5.9933,0.00,0.00,0,0,0.00,0.00,0,0
323456,0.00,0.00,13.84,0.00,0.00,0.00,0.00,0.0067,5.9933,0.00,0.00,0,0,0.00,0.00,0,0
323656,0.00,0.00,10.38,0.00,0.00,0.00,0.00,0.0067,5.9933,0.00,0.00,0,0,0.00,0.00,0,0
323856,0.00,0.00,32.79,100.00,0.01,0.00,0.00,0.0067,5.9933,0.00,0.00,0,0,0.00,0.00,0,0
324056,0.00,0.00,49.59,100.00,0.02,0.00,0.00,0.0067,5.9933,0.00,0.00,0,0,0.00,0.00,0,0
324256,0.00,0.00,112.19,299.99,0.04,0.00,0.00,0.0067,5.9933,0.00,0.00,0,0,0.00,0.00,0,0
324456,0.00,0.00,84.14,0.00,0.03,0.00,0.00,0.0067,5.9933,0.00,0.00,0,0,0.00,0.00,0,0
324656,0.00,0.00,63.11,0.00,0.02,0.00,0.00,0.0067,5.9933,0.00,0.00,0,0,0.00,0.00,0,0
324856,0.00,0.00,47.33,0.00,0.02,0.00,0.00,0.0067,5.9933,0.00,0.00,0,0,0.00,0.00,0,0
325056,0.00,0.00,35.50,0.00,0.01,0.00,0.00,0.0067,5.9933,0.00,0.00,0,0,0.00,0.00,0,0
325256,0.00,0.00,26.62,0.00,0.01,0.00,0.00,0.0067,5.9933,0.00,0.00,0,0,0.00,0.00,0,0
325456,0.00,0.00,57.47,150.00,0.02,0.00,0.00,0.0067,5.9933,0.00,0.00,0,0,0.00,0.00,0,0
325656,0.00,0.00,118.10,299.99,0.04,0.00,0.00,0.0067,5.9933,0.00,0.00,0,0,0.00,0.00,0,0
325856,0.00,0.00,101.07,50.00,0.04,0.00,0.00,0.0067,5.9933,0.00,0.00,0,0,0.00,0.00,0,0
326056,0.00,0.00,75.81,0.00,0.03,0.00,0.00,0.0067,5.9933,0.00,0.00,0,0,0.00,0.00,0,0
326256,0.00,0.00,56.85,0.00,0.02,0.00,0.00,0.0067,5.9933,0.00,0.00,0,0,0.00,0.00,0,0
326456,0.00,0.00,42.64,0.00,0.01,0.00,0.00,0.0067,5.9933,0.00,0.00,0,0,0.00,0.00,0,0
326656,0.00,0.00,31.98,0.00,0.01,0.00,0.00,0.0067,5.9933,0.00,0.00,0,0,0.00,0.00,0,0
326856,0.00,0.00,23.99,0.00,0.01,0.00,0.00,0.0067,5.9933,0.00,0.00,0,0,0.00,0.00,0,0
327056,0.00,0.00,42.99,100.00,0.01,0.00,0.00,0.0067,5.9933,316.16,0.00,0,0,0.00,0.00,0,0
327256,0.00,0.00,32.24,0.00,0.01,0.00,0.00,0.0067,5.9933,549.34,0.00,0,0,0.00,0.00,0,0
327456,0.00,0.00,24.18,0.00,0.01,0.00,0.00,0.0067,5.9933,486.77,0.00,0,0,0.00,0.00,0,0
327656,0.00,0.00,18.14,0.00,0.01,0.00,0.00,0.0067,5.9933,403.54,0.00,0,0,0.00,0.00,0,0
327856,0.00,0.00,13.60,0.00,0.00,0.00,0.00,0.0067,5.9933,222.89,0.00,0,0,0.00,0.00,0,0
328056,0.00,0.00,10.20,0.00,0.00,0.00,0.00,0.0067,5.9933,137.38,0.00,0,0,0.00,0.00,0,0
328256,0.00,0.00,7.65,0.00,0.00,0.00,0.00,0.0067,5.9933,56.27,0.00,0,0,0.00,0.00,0,0
328456,0.00,0.00,5.74,0.00,0.00,0.00,0.00,0.0067,5.9933,23.05,0.00,0,0,0.00,0.00,0,0
328656,0.00,0.00,4.30,0.00,0.00,0.00,0.00,0.0067,5.9933,9.44,0.00,0,0,0.00,0.00,0,0
328856,0.00,0.00,3.23,0.00,0.00,0.00,0.00,0.0067,5.9933,3.87,0.00,0,0,0.00,0.00,0,0
329056,0.00,0.00,2.42,0.00,0.00,0.00,0.00,0.0067,5.9933,1.58,0.00,0,0,0.00,0.00,0,0
329256,0.00,0.00,101.82,400.00,0.04,0.00,0.00,0.0067,5.9933,0.65,0.00,0,0,0.00,0.00,0,0
329456,0.00,0.00,101.36,100.00,0.04,0.00,0.00,0.0067,5.9933,0.27,0.00,0,0,0.00,0.00,0,0
329656,0.00,0.00,76.02,0.00,0.03,0.00,0.00,0.0067,5.9933,0.11,0.00,0,0,0.00,0.00,0,0
329856,0.00,0.00,57.02,0.00,0.02,0.00,0.00,0.0067,5.9933,0.04,0.00,0,0,0.00,0.00,0,0
330056,0.00,0.00,42.76,0.00,0.01,0.00,0.00,0.0067,5.9933,112.02,0.00,0,0,0.00,0.00,0,0
330256,0.00,0.00,32.07,0.00,0.01,0.00,0.00,0.0067,5.9933,391.16,0.00,0,0,0.00,0.00,0,0
330456,0.00,0.00,24.05,0.00,0.01,0.00,0.00,0.0067,5.9933,494.94,0.00,0,0,0.00,0.00,0,0
330656,0.00,0.00,18.04,0.00,0.01,0.00,0.00,0.0067,5.9933,424.49,0.00,0,0,0.00,0.00,0,0
330856,0.00,0.00,13.53,0.00,0.00,0.00,0.00,0.0067,5.9933,312.43,0.00,0,0,0.00,0.00,0,0
331056,0.00,0.00,10.15,0.00,0.00,0.00,0.00,0.0067,5.9933,127.97,0.00,0,0,0.00,0.00,0,0
331256,0.00,0.00,7.61,0.00,0.00,0.00,0.00,0.0067,5.9933,78.02,0.00,0,0,0.00,0.00,0,0
331456,0.00,0.00,5.71,0.00,0.00,0.00,0.00,0.0067,5.9933,31.96,0.00,0,0,0.00,0.00,0,0
331656,0.00,0.00,4.28,0.00,0.00,0.00,0.00,0.0067,5.9933,13.09,0.00,0,0,0.00,0.00,0,0
331856,0.00,0.00,15.71,50.00,0.01,0.00,0.00,0.0067,5.9933,5.36,0.00,0,0,0.00,0.00,0,0
332056,0.00,0.00,24.28,50.00,0.01,0.00,0.00,0.0067,5.9933,2.20,0.00,0,0,0.00,0.00,0,0
332256,0.00,0.00,18.21,0.00,0.01,0.00,0.00,0.0067,5.9933,0.90,0.00,0,0,0.00,0.00,0,0
332456,0.00,0.00,13.66,0.00,0.00,0.00,0.00,0.0067,5.9933,0.37,0.00,0,0,0.00,0.00,0,0
332656,0.00,0.00,10.24,0.00,0.00,0.00,0.00,0.0067,5.9933,0.15,0.00,0,0,0.00,0.00,0,0
332856,0.00,0.00,7.68,0.00,0.00,0.00,0.00,0.0067,5.9933,0.06,0.00,0,0,0.00,0.00,0,0
333056,0.00,0.00,5.76,0.00,0.00,0.00,0.00,0.0067,5.9933,0.03,0.00,0,0,0.00,0.00,0,0
333256,0.00,0.00,4.32,0.00,0.00,0.00,0.00,0.0067,5.9933,0.01,0.00,0,0,0.00,0.00,0,0
333456,0.00,0.00,3.24,0.00,0.00,0.00,0.00,0.0067,5.9933,0.00,0.00,0,0,0.00,0.00,0,0
333656,0.00,0.00,2.43,0.00,0.00,0.00,0.00,0.0067,5.9933,0.00,0.00,0,0,0.00,0.00,0,0
333856,0.00,0.00,1.82,0.00,0.00,0.00,0.00,0.0067,5.9933,0.00,0.00,0,0,0.00,0.00,0,0
334056,0.00,0.00,1.37,0.00,0.00,0.00,0.00,0.0067,5.9933,0.00,0.00,0,0,0.00,0.00,0,0
334256,0.00,0.00,1.03,0.00,0.00,0.00,0.00,0.0067,5.9933,0.00,0.00,0,0,0.00,0.00,0,0
334456,0.00,0.00,0.77,0.00,0.00,0.00,0.00,0.0067,5.9933,177.60,0.00,0,0,0.00,0.00,0,0
334656,0.00,0.00,0.58,0.00,0.00,0.00,0.00,0.0067,5.9933,564.59,0.00,0,0,0.00,0.00,0,0
334856,0.00,0.00,0.43,0.00,0.00,0.00,0.00,0.0067,5.9933,842.13,0.00,0,0,0.00,0.00,0,0
335056,0.00,0.00,0.32,0.00,0.00,0.00,0.00,0.0067,5.9933,1053.42,0.00,0,0,0.00,0.00,0,0
335256,0.00,0.00,0.24,0.00,0.00,0.00,0.00,0.0067,5.9933,1171.96,0.00,0,0,0.00,0.00,0,0
335456,0.00,0.00,37.68,150.00,0.01,0.00,0.00,0.0067,5.9933,1314.60,0.00,0,0,0.00,0.00,0,0
335656,0.00,0.00,90.76,249.99,0.03,0.00,0.00,0.0067,5.9933,1405.02,0.00,0,0,0.00,0.00,0,0
335856,0.00,0.00,168.08,400.02,0.06,0.00,0.00,0.0067,5.9933,1467.66,0.00,0,0,0.00,0.00,0,0
336056,0.00,0.00,201.06,299.99,0.07,0.00,0.00,0.0067,5.9933,1545.79,0.00,0,0,0.00,0.00,0,0
336256,0.00,0.00,188.29,150.00,0.07,0.00,0.00,0.0067,5.9933,1609.80,0.00,0,0,0.00,0.00,0,0
336456,0.00,0.00,216.22,300.00,0.08,0.00,0.00,0.0067,5.9933,1669.61,0.00,0,0,0.00,0.00,0,0
336656,0.00,0.00,262.16,399.98,0.09,0.00,0.00,0.0067,5.9933,1694.11,0.00,0,0,0.00,0.00,0,0
336856,0.00,0.00,296.62,400.02,0.10,0.00,0.00,0.0067,5.9933,1704.15,0.00,0,0,0.00,0.00,0,0
337056,0.00,0.00,309.97,350.00,0.11,0.00,0.00,0.0067,5.9933,1735.14,0.00,0,0,0.00,0.00,0,0
337256,0.00,0.00,357.48,500.00,0.12,0.00,0.00,0.0067,5.9933,1712.95,0.00,0,0,0.00,0.00,0,0
337456,0.00,0.00,318.11,200.00,0.11,0.00,0.00,0.0067,5.9933,1732.35,0.00,0,0,0.00,0.00,0,0
337656,0.00,0.00,313.58,299.99,0.11,0.00,0.00,0.0067,5.9933,1732.29,0.00,0,0,0.00,0.00,0,0
337856,0.00,0.00,335.19,400.02,0.12,0.00,0.00,0.0067,5.9933,1732.27,0.00,0,0,0.00,0.00,0,0
338056,0.00,0.00,326.39,299.99,0.11,0.00,0.00,0.0067,5.9933,1772.26,0.00,0,0,0.00,0.00,0,0
338256,0.00,0.00,269.79,100.00,0.09,0.00,0.00,0.0067,5.9933,1788.64,0.00,0,0,0.00,0.00,0,0
338456,0.00,0.00,227.34,100.00,0.08,0.00,0.00,0.0067,5.9933,1873.43,0.00,0,0,0.00,0.00,0,0
338656,0.00,0.00,245.50,299.98,0.09,0.00,0.00,0.0067,5.9933,1855.68,0.00,0,0,0.00,0.00,0,0
338856,0.00,0.00,309.13,500.02,0.11,0.00,0.00,0.0067,5.9933,1848.40,0.00,0,0,0.00,0.00,0,0
339056,0.00,0.00,319.35,350.00,0.11,0.00,0.00,0.0067,5.9933,1845.43,0.00,0,0,0.00,0.00,0,0
339256,0.00,0.00,314.51,300.01,0.11,0.00,0.00,0.0067,5.9933,1844.21,0.00,0,0,0.00,0.00,0,0
339456,0.00,0.00,323.39,350.00,0.11,0.00,0.00,0.0067,5.9933,1818.11,0.00,0,0,0.00,0.00,0,0
339656,0.00,0.00,305.04,249.99,0.11,0.00,0.00,0.0067,5.9933,1807.42,0.00,0,0,0.00,0.00,0,0
339856,0.00,0.00,303.78,300.02,0.11,0.00,0.00,0.0067,5.9933,1803.04,0.00,0,0,0.00,0.00,0,0
340056,0.00,0.00,277.83,200.00,0.10,0.00,0.00,0.0067,5.9933,1801.24,0.00,0,0,0.00,0.00,0,0
340256,0.00,0.00,295.88,350.00,0.10,0.00,0.00,0.0067,5.9933,1820.99,0.00,0,0,0.00,0.00,0,0
340456,0.00,0.00,271.91,200.00,0.09,0.00,0.00,0.0067,5.9933,1808.60,0.00,0,0,0.00,0.00,0,0
340656,0.00,0.00,253.93,199.99,0.09,0.00,0.00,0.0067,5.9933,1856.00,0.00,0,0,0.00,0.00,0,0
340856,0.00,0.00,265.45,300.01,0.09,0.00,0.00,0.0067,5.9933,1915.42,0.00,0,0,0.00,0.00,0,0
341056,0.00,0.00,224.09,100.00,0.08,0.00,0.00,0.0067,5.9933,1912.88,0.00,0,0,0.00,0.00,0,0
341256,0.00,0.00,193.07,100.00,0.07,0.00,0.00,0.0067,5.9933,1911.83,0.00,0,0,0.00,0.00,0,0
341456,0.00,0.00,144.80,0.00,0.05,0.00,0.00,0.0067,5.9933,1911.41,0.00,0,0,0.00,0.00,0,0
341656,0.00,0.00,158.60,199.99,0.06,0.00,0.00,0.0067,5.9933,1871.23,0.00,0,0,0.00,0.00,0,0
341856,0.00,0.00,118.95,0.00,0.04,0.00,0.00,0.0067,5.9933,1881.66,0.00,0,0,0.00,0.00,0,0
342056,0.00,0.00,139.21,200.00,0.05,0.00,0.00,0.0067,5.9933,1893.93,0.00,0,0,0.00,0.00,0,0
342256,0.00,0.00,154.41,200.00,0.05,0.00,0.00,0.0067,5.9933,1904.07,0.00,0,0,0.00,0.00,0,0
342456,0.00,0.00,165.81,200.00,0.06,0.00,0.00,0.0067,5.9933,1908.23,0.00,0,0,0.00,0.00,0,0
342656,0.00,0.00,174.35,199.99,0.06,0.00,0.00,0.0067,5.9933,1876.33,0.00,0,0,0.00,0.00,0,0
342856,0.00,0.00,205.77,300.02,0.07,0.00,0.00,0.0067,5.9933,1856.86,0.00,0,0,0.00,0.00,0,0
343056,0.00,0.00,216.83,250.00,0.08,0.00,0.00,0.0067,5.9933,1883.77,0.00,0,0,0.00,0.00,0,0
343256,0.00,0.00,237.62,300.00,0.08,0.00,0.00,0.0067,5.9933,1906.31,0.00,0,0,0.00,0.00,0,0
343456,0.00,0.00,340.71,649.99,0.12,0.00,0.00,0.0067,5.9933,1953.63,0.00,0,0,0.00,0.00,0,0
343656,0.00,0.00,293.03,149.99,0.10,0.00,0.00,0.0067,5.9933,1981.01,0.00,0,0,0.00,0.00,0,0
343856,0.00,0.00,369.78,600.04,0.13,0.00,0.00,0.0067,5.9933,2156.38,0.00,0,0,0.00,0.00,1972,380
344056,0.00,0.00,339.84,250.00,0.12,0.00,0.00,0.0067,5.9933,2190.13,0.00,0,0,0.00,0.00,2394,1702
344256,0.00,0.00,342.38,350.00,0.12,0.00,0.00,0.0067,5.9933,2469.24,0.00,0,0,0.00,0.00,5879,2568
344456,0.00,0.00,319.28,250.01,0.11,0.00,0.00,0.0067,5.9933,2533.96,0.00,0,0,0.00,0.00,6687,5116
344656,0.00,0.00,301.96,249.99,0.10,0.00,0.00,0.0067,5.9933,2671.51,0.00,0,0,0.00,0.00,8405,7503
344856,12.50,50.00,238.97,50.00,0.09,0.00,0.00,0.0067,5.9933,2388.01,0.00,0,0,0.00,0.00,4915,6139
345056,21.88,50.00,204.23,100.00,0.08,0.00,0.00,0.0067,5.9933,2475.09,0.00,0,0,0.00,0.00,5952,4976
345256,28.91,50.00,203.17,200.00,0.08,0.00,0.00,0.0067,5.9933,2290.28,0.00,0,0,0.00,0.00,3644,4938
345456,34.18,50.00,177.38,100.00,0.07,0.00,0.00,0.0067,5.9933,2677.30,0.00,0,0,0.00,0.00,8477,4945
345656,38.13,50.00,370.52,949.96,0.14,0.00,0.00,0.0067,5.9933,2907.82,0.00,0,0,0.00,0.00,11356,5669
345856,53.60,100.00,302.89,100.00,0.12,0.00,0.00,0.0067,5.9933,3059.84,0.00,0,0,0.00,0.00,13254,8292
346056,65.20,100.00,252.17,100.00,0.11,0.00,0.00,0.0067,5.9933,3122.11,0.00,0,0,0.00,0.00,14032,5978
346256,73.90,100.00,251.63,250.00,0.11,0.00,0.00,0.0067,5.9933,2584.55,0.00,0,0,0.00,0.00,7319,5553
346456,80.43,100.00,288.72,400.00,0.13,0.00,0.00,0.0067,5.9933,3049.94,0.00,0,0,0.00,0.00,13131,6843
346656,97.82,150.00,241.54,100.00,0.12,0.00,0.00,0.0067,5.9933,3138.54,0.00,0,0,0.00,0.00,14237,9574
346856,110.86,150.00,218.66,150.01,0.11,0.00,0.00,0.0067,5.9933,3114.34,0.00,0,0,0.00,0.00,13935,11038
347056,108.15,100.00,201.49,150.00,0.11,0.00,0.00,0.0067,5.9933,3204.92,0.00,0,0,0.00,0.00,15066,9118
347256,118.61,150.00,201.12,200.00,0.11,0.00,0.00,0.0067,5.9933,3259.61,0.00,0,0,0.00,0.00,15749,9575
347456,126.46,150.00,263.34,450.00,0.14,0.00,0.00,0.0067,5.9933,3244.90,0.00,0,0,0.00,0.00,15565,11214
347656,132.34,150.00,210.00,50.00,0.12,0.00,0.00,0.0067,5.9933,3218.39,0.00,0,0,0.00,0.00,15234,11957
347856,136.76,150.00,207.50,200.01,0.12,0.00,0.00,0.0067,5.9933,3207.53,0.00,0,0,0.00,0.00,15099,13171
348056,140.07,150.00,168.13,50.00,0.11,0.00,0.00,0.0067,5.9933,3208.21,0.00,0,0,0.00,0.00,15107,13139
348256,155.05,200.00,188.60,250.00,0.12,0.00,0.00,0.0067,5.9933,3223.84,0.00,0,0,0.00,0.00,15302,14599
348456,166.29,200.00,191.45,200.00,0.12,0.00,0.00,0.0067,5.9933,3169.77,0.00,0,0,0.00,0.00,16163,15824
348656,162.22,150.00,143.59,0.00,0.11,0.00,0.00,0.0067,5.9933,3155.62,0.00,0,0,0.00,0.00,16961,16650
348856,171.66,200.00,107.69,0.00,0.10,0.00,0.00,0.0067,5.9933,3156.22,0.00,0,0,0.00,0.00,17785,17473
349056,191.25,250.00,105.77,100.00,0.10,0.00,0.00,0.0067,5.9933,3161.59,0.00,0,0,0.00,0.00,18312,17989
349256,193.44,200.00,79.33,0.00,0.09,0.00,0.00,0.0067,5.9933,3163.79,0.00,0,0,0.00,0.00,18973,18646
349456,195.08,200.00,84.49,100.00,0.10,0.00,0.00,0.0067,5.9933,3185.17,0.00,0,0,0.00,0.00,19894,19524
349656,208.81,250.00,63.37,0.00,0.09,0.00,0.00,0.0067,5.9933,3153.92,0.00,0,0,0.00,0.00,20762,20455
349856,219.11,250.00,122.53,300.01,0.12,0.00,0.00,0.0067,5.9933,3149.13,0.00,0,0,0.00,0.00,21560,21262
350056,226.83,250.00,141.90,200.00,0.13,0.00,0.00,0.0067,5.9933,3126.68,0.00,0,0,0.00,0.00,22259,22006
350256,232.62,250.00,156.42,200.00,0.14,0.00,0.00,0.0067,5.9933,3051.89,0.00,0,0,0.00,0.00,22659,22556
350456,236.97,250.00,117.32,0.00,0.12,0.00,0.00,0.0067,5.9933,3000.77,0.00,0,0,0.00,0.00,22676,22675
350656,252.72,300.00,112.99,100.00,0.13,0.00,0.00,0.0067,5.9933,2979.84,0.00,0,0,0.00,0.00,22500,22541
350856,252.04,250.00,84.74,0.00,0.12,0.00,0.00,0.0067,5.9933,2991.74,0.00,0,0,0.00,0.00,22417,22434
351056,251.53,250.00,88.56,100.00,0.12,0.00,0.00,0.0067,5.9933,3003.76,0.00,0,0,0.00,0.00,22396,22389
351256,251.15,250.00,66.42,0.00,0.11,0.00,0.00,0.0067,5.9933,2996.89,0.00,0,0,0.00,0.00,22356,22363
351456,250.86,250.00,49.81,0.00,0.10,0.00,0.00,0.0067,5.9933,2998.72,0.00,0,0,0.00,0.00,22338,22341
351656,250.65,250.00,62.36,100.00,0.11,0.00,0.00,0.0067,5.9933,2999.48,0.00,0,0,0.00,0.00,22326,22328
351856,262.98,300.00,71.77,100.00,0.12,0.00,0.00,0.0067,5.9933,2974.19,0.00,0,0,0.00,0.00,22167,22219
352056,259.74,250.00,103.83,200.00,0.13,0.00,0.00,0.0067,5.9933,2957.43,0.00,0,0,0.00,0.00,21965,22051
352256,257.30,250.00,77.87,0.00,0.12,0.00,0.00,0.0067,5.9933,2942.56,0.00,0,0,0.00,0.00,21706,21821
352456,255.48,250.00,133.40,300.00,0.13,0.00,0.00,0.0067,5.9933,2944.47,0.00,0,0,0.00,0.00,21343,21455
352656,254.11,250.00,125.05,100.00,0.13,0.00,0.00,0.0067,5.9933,3009.26,0.00,0,0,0.00,0.00,21228,21210
352856,253.08,250.00,93.79,0.00,0.12,0.00,0.00,0.0067,5.9933,3003.79,0.00,0,0,0.00,0.00,21270,21263
353056,252.31,250.00,70.34,0.00,0.11,0.00,0.00,0.0067,5.9933,3001.55,0.00,0,0,0.00,0.00,21290,21287
353256,251.73,250.00,52.76,0.00,0.11,0.00,0.00,0.0067,5.9933,2962.65,0.00,0,0,0.00,0.00,21198,21273
353456,251.30,250.00,39.57,0.00,0.10,0.00,0.00,0.0067,5.9933,2991.85,0.00,0,0,0.00,0.00,21074,21091
353656,238.47,200.00,29.68,0.00,0.09,0.00,0.00,0.0067,5.9933,2992.01,0.00,0,0,0.00,0.00,20979,20995
353856,241.36,250.00,47.26,100.00,0.10,0.00,0.00,0.0067,5.9933,2996.73,0.00,0,0,0.00,0.00,20936,20943
354056,243.52,250.00,185.44,600.00,0.15,0.00,0.00,0.0067,5.9933,2973.06,0.00,0,0,0.00,0.00,20777,20831
354256,245.14,250.00,164.08,100.00,0.14,0.00,0.00,0.0067,5.9933,2986.21,0.00,0,0,0.00,0.00,20686,20714
354456,246.35,250.00,148.06,100.00,0.14,0.00,0.00,0.0067,5.9933,2704.31,0.00,0,0,0.00,0.00,19583,20175
354656,247.27,250.00,186.04,299.99,0.15,0.00,0.00,0.0067,5.9933,2971.36,0.00,0,0,0.00,0.00,19161,19219
354856,235.45,200.00,164.53,100.00,0.14,0.00,0.00,0.0067,5.9933,3106.35,0.00,0,0,0.00,0.00,19585,19373
355056,239.09,250.00,148.40,100.00,0.13,0.00,0.00,0.0089,5.9911,3161.64,0.00,0,0,0.00,0.00,20359,20036
355256,241.81,250.00,161.30,200.00,0.14,0.00,0.00,0.0089,5.9911,3158.69,0.00,0,0,0.00,0.00,20977,20660
355456,243.86,250.00,170.98,200.00,0.14,0.00,0.00,0.0089,5.9911,3157.48,0.00,0,0,0.00,0.00,21707,21393
355656,245.40,250.00,178.23,199.99,0.15,0.00,0.00,0.0089,5.9911,3130.10,0.00,0,0,0.00,0.00,22455,22195
355856,246.55,250.00,158.67,100.00,0.14,0.00,0.00,0.0089,5.9911,3093.29,0.00,0,0,0.00,0.00,22937,22751
356056,247.41,250.00,119.00,0.00,0.13,0.00,0.00,0.0089,5.9911,3038.21,0.00,0,0,0.00,0.00,23256,23180
356256,260.56,300.00,89.25,0.00,0.12,0.00,0.00,0.0089,5.9911,2979.56,0.00,0,0,0.00,0.00,23294,23335
356456,257.92,250.00,116.94,200.00,0.13,0.00,0.00,0.0089,5.9911,3016.59,0.00,0,0,0.00,0.00,23382,23349
356656,255.94,250.00,87.71,0.00,0.12,0.00,0.00,0.0089,5.9911,2972.66,0.00,0,0,0.00,0.00,23152,23207
356856,266.95,300.00,90.78,100.00,0.12,0.00,0.00,0.0089,5.9911,2581.94,0.00,0,0,0.00,0.00,22122,22959
357056,262.72,250.00,68.08,0.00,0.11,0.00,0.00,0.0089,5.9911,2860.76,0.00,0,0,0.00,0.00,21646,21925
357256,259.54,250.00,76.06,100.00,0.12,0.00,0.00,0.0089,5.9911,3008.57,0.00,0,0,0.00,0.00,21453,21436
357456,269.65,300.00,57.05,0.00,0.11,0.00,0.00,0.0089,5.9911,3003.51,0.00,0,0,0.00,0.00,21459,21452
357656,264.74,250.00,67.78,100.00,0.12,0.00,0.00,0.0089,5.9911,3001.44,0.00,0,0,0.00,0.00,21475,21473
357856,261.05,250.00,75.84,100.00,0.12,0.00,0.00,0.0089,5.9911,2421.07,0.00,0,0,0.00,0.00,20424,21582
358056,258.29,250.00,56.88,0.00,0.11,0.00,0.00,0.0089,5.9911,2737.14,0.00,0,0,0.00,0.00,20379,20905
358256,256.22,250.00,42.66,0.00,0.10,0.00,0.00,0.0089,5.9911,2892.33,0.00,0,0,0.00,0.00,19667,19883
358456,242.16,200.00,31.99,0.00,0.10,0.00,0.00,0.0089,5.9911,2981.50,0.00,0,0,0.00,0.00,19453,19490
358656,244.12,250.00,48.99,99.99,0.10,0.00,0.00,0.0089,5.9911,2992.42,0.00,0,0,0.00,0.00,19361,19377
358856,233.09,200.00,36.75,0.00,0.09,0.00,0.00,0.0089,5.9911,2971.30,0.00,0,0,0.00,0.00,19177,19235
359056,237.32,250.00,52.56,100.00,0.10,0.00,0.00,0.0089,5.9911,2962.64,0.00,0,0,0.00,0.00,18953,19028
359256,227.99,200.00,64.42,100.00,0.10,0.00,0.00,0.0089,5.9911,2952.70,0.00,0,0,0.00,0.00,18708,18803
359456,233.49,250.00,48.31,0.00,0.10,0.00,0.00,0.0089,5.9911,2980.63,0.00,0,0,0.00,0.00,18515,18554
359656,225.12,200.00,36.24,0.00,0.09,0.00,0.00,0.0089,5.9911,3017.66,0.00,0,0,0.00,0.00,18598,18563
359856,218.84,200.00,52.18,100.00,0.09,0.00,0.00,0.0089,5.9911,2975.24,0.00,0,0,0.00,0.00,18552,18602
360056,214.13,200.00,64.13,100.00,0.10,0.00,0.00,0.0089,5.9911,2937.38,0.00,0,0,0.00,0.00,18240,18366
360256,223.10,250.00,73.10,100.00,0.10,0.00,0.00,0.0089,5.9911,2953.87,0.00,0,0,0.00,0.00,17861,17954
360456,217.32,200.00,54.83,0.00,0.09,0.00,0.00,0.0089,5.9911,2941.11,0.00,0,0,0.00,0.00,17587,17705
360656,212.99,200.00,66.12,100.00,0.10,0.00,0.00,0.0089,5.9911,2975.88,0.00,0,0,0.00,0.00,17360,17409
360856,209.74,200.00,74.59,100.00,0.10,0.00,0.00,0.0089,5.9911,2990.12,0.00,0,0,0.00,0.00,17250,17270
361056,207.31,200.00,80.94,100.00,0.10,0.00,0.00,0.0089,5.9911,2963.95,0.00,0,0,0.00,0.00,17102,17175
361256,205.48,200.00,110.71,200.00,0.11,0.00,0.00,0.0089,5.9911,2959.64,0.00,0,0,0.00,0.00,16790,16871
361456,204.11,200.00,158.03,300.01,0.13,0.00,0.00,0.0089,5.9911,2957.87,0.00,0,0,0.00,0.00,16476,16561
361656,190.58,150.00,118.52,0.00,0.11,0.00,0.00,0.0089,5.9911,2957.14,0.00,0,0,0.00,0.00,16217,16303
361856,192.94,200.00,88.89,0.00,0.10,0.00,0.00,0.0089,5.9911,2929.97,0.00,0,0,0.00,0.00,15801,15942
362056,194.70,200.00,141.67,300.01,0.12,0.00,0.00,0.0089,5.9911,2910.83,0.00,0,0,0.00,0.00,15301,15480
362256,183.53,150.00,181.25,300.00,0.13,0.00,0.00,0.0089,5.9911,2931.48,0.00,0,0,0.00,0.00,14862,15000
362456,175.15,150.00,160.94,100.00,0.12,0.00,0.00,0.0089,5.9911,2885.85,0.00,0,0,0.00,0.00,14266,14495
362656,181.36,200.00,170.70,199.99,0.12,0.00,0.00,0.0089,5.9911,2927.65,0.00,0,0,0.00,0.00,13751,13896
362856,173.52,150.00,190.53,250.01,0.13,0.00,0.00,0.0089,5.9911,2976.76,0.00,0,0,0.00,0.00,13470,13517
363056,167.64,150.00,180.40,150.00,0.12,0.00,0.00,0.0089,5.9911,2990.48,0.00,0,0,0.00,0.00,13371,13391
363256,163.23,150.00,185.30,200.00,0.12,0.00,0.00,0.0089,5.9911,2996.10,0.00,0,0,0.00,0.00,13320,13328
363456,172.42,200.00,238.98,400.01,0.14,0.00,0.00,0.0089,5.9911,3004.80,0.00,0,0,0.00,0.00,13271,13262
363656,166.82,150.00,279.23,399.98,0.15,0.00,0.00,0.0089,5.9911,3001.97,0.00,0,0,0.00,0.00,13295,13292
363856,162.61,150.00,234.42,100.00,0.14,0.00,0.00,0.0089,5.9911,2980.33,0.00,0,0,0.00,0.00,13128,13168
364056,159.46,150.00,225.82,200.00,0.13,0.00,0.00,0.0089,5.9911,2991.94,0.00,0,0,0.00,0.00,13033,13050
364256,157.09,150.00,244.36,300.00,0.14,0.00,0.00,0.0089,5.9911,2996.70,0.00,0,0,0.00,0.00,12989,12996
364456,155.32,150.00,233.27,200.00,0.13,0.00,0.00,0.0089,5.9911,2998.65,0.00,0,0,0.00,0.00,12968,12971
364656,153.99,150.00,224.95,199.99,0.13,0.00,0.00,0.0089,5.9911,2999.45,0.00,0,0,0.00,0.00,12957,12959
364856,152.99,150.00,181.21,50.00,0.12,0.00,0.00,0.0089,5.9911,2939.29,0.00,0,0,0.00,0.00,12698,12820
365056,152.24,150.00,223.41,350.00,0.13,0.00,0.00,0.0089,5.9911,2935.14,0.00,0,0,0.00,0.00,12355,12485
365256,151.68,150.00,192.56,100.00,0.12,0.00,0.00,0.0089,5.9911,2973.43,0.00,0,0,0.00,0.00,12261,12315
365456,151.26,150.00,194.42,200.00,0.12,0.00,0.00,0.0089,5.9911,2963.52,0.00,0,0,0.00,0.00,12051,12103
365656,150.95,150.00,183.31,149.99,0.12,0.00,0.00,0.0089,5.9911,2517.30,0.00,0,0,0.00,0.00,11054,12020
365856,150.71,150.00,224.99,350.01,0.13,0.00,0.00,0.0089,5.9911,2802.29,0.00,0,0,0.00,0.00,10693,11089
366056,150.53,150.00,243.74,300.00,0.14,0.00,0.00,0.0089,5.9911,2939.50,0.00,0,0,0.00,0.00,11751,10627
366256,150.40,150.00,245.31,250.00,0.14,0.00,0.00,0.0089,5.9911,2975.22,0.00,0,0,0.00,0.00,12198,11939
366456,150.30,150.00,221.48,150.00,0.13,0.00,0.00,0.0089,5.9911,2937.37,0.00,0,0,0.00,0.00,11927,12053
366656,137.72,100.00,216.11,199.99,0.12,0.00,0.00,0.0089,5.9911,2948.75,0.00,0,0,0.00,0.00,11867,11727
366856,140.79,150.00,237.08,300.01,0.13,0.00,0.00,0.0089,5.9911,2979.01,0.00,0,0,0.00,0.00,12245,11984
367056,143.10,150.00,177.81,0.00,0.11,0.00,0.00,0.0089,5.9911,2904.25,0.00,0,0,0.00,0.00,12045,12237
367256,144.82,150.00,233.36,400.01,0.13,0.00,0.00,0.0089,5.9911,2950.98,0.00,0,0,0.00,0.00,11895,11836
367456,146.12,150.00,200.02,100.00,0.12,0.00,0.00,0.0089,5.9911,2861.59,0.00,0,0,0.00,0.00,11366,11643
367656,147.09,150.00,237.51,349.99,0.13,0.00,0.00,0.0089,5.9911,2890.83,0.00,0,0,0.00,0.00,11144,11126
367856,135.32,100.00,265.64,350.01,0.14,0.00,0.00,0.0089,5.9911,2926.31,0.00,0,0,0.00,0.00,11587,11282
368056,138.99,150.00,199.23,0.00,0.12,0.00,0.00,0.0089,5.9911,2904.22,0.00,0,0,0.00,0.00,11496,11688
368256,141.74,150.00,174.42,100.00,0.11,0.00,0.00,0.0089,5.9911,2935.17,0.00,0,0,0.00,0.00,11697,11494
368456,143.80,150.00,180.82,200.00,0.11,0.00,0.00,0.0089,5.9911,2912.96,0.00,0,0,0.00,0.00,11479,11654
368656,132.85,100.00,185.61,199.99,0.11,0.00,0.00,0.0089,5.9911,2903.90,0.00,0,0,0.00,0.00,11314,11507
368856,137.14,150.00,289.21,600.02,0.15,0.00,0.00,0.0089,5.9911,2920.64,0.00,0,0,0.00,0.00,11520,11679
369056,140.36,150.00,241.91,100.00,0.13,0.00,0.00,0.0089,5.9911,2901.89,0.00,0,0,0.00,0.00,11403,11600
369256,142.77,150.00,206.43,100.00,0.12,0.00,0.00,0.0089,5.9911,2959.82,0.00,0,0,0.00,0.00,12005,11689
369456,144.57,150.00,204.82,200.00,0.12,0.00,0.00,0.0089,5.9911,2923.06,0.00,0,0,0.00,0.00,11788,11942
369656,133.43,100.00,203.62,199.99,0.12,0.00,0.00,0.0089,5.9911,2920.61,0.00,0,0,0.00,0.00,11601,11760
369856,137.57,150.00,252.72,400.02,0.14,0.00,0.00,0.0089,5.9911,2924.42,0.00,0,0,0.00,0.00,11800,11952
370056,140.68,150.00,239.54,200.00,0.13,0.00,0.00,0.0089,5.9911,2937.04,0.00,0,0,0.00,0.00,11721,11815
370256,143.01,150.00,179.65,0.00,0.11,0.00,0.00,0.0089,5.9911,2948.61,0.00,0,0,0.00,0.00,11865,11705
370456,144.76,150.00,184.74,200.00,0.11,0.00,0.00,0.0089,5.9911,2953.35,0.00,0,0,0.00,0.00,11924,11992
370656,146.07,150.00,163.55,100.00,0.11,0.00,0.00,0.0089,5.9911,2920.41,0.00,0,0,0.00,0.00,11617,11777
370856,147.05,150.00,147.67,100.00,0.10,0.00,0.00,0.0089,5.9911,2974.69,0.00,0,0,0.00,0.00,12191,11896
371056,147.79,150.00,173.25,250.00,0.11,0.00,0.00,0.0089,5.9911,2864.03,0.00,0,0,0.00,0.00,11967,12239
371256,148.34,150.00,217.44,350.00,0.13,0.00,0.00,0.0089,5.9911,2918.71,0.00,0,0,0.00,0.00,11492,11592
371456,148.76,150.00,188.08,100.00,0.12,0.00,0.00,0.0089,5.9911,2906.22,0.00,0,0,0.00,0.00,11336,11447
371656,136.57,100.00,166.06,100.00,0.11,0.00,0.00,0.0089,5.9911,2911.99,0.00,0,0,0.00,0.00,11408,11542
371856,139.93,150.00,174.54,200.00,0.11,0.00,0.00,0.0089,5.9911,2848.81,0.00,0,0,0.00,0.00,10843,11146
372056,142.44,150.00,180.91,200.00,0.11,0.00,0.00,0.0089,5.9911,2898.07,0.00,0,0,0.00,0.00,11234,10872
372256,144.33,150.00,210.68,300.00,0.12,0.00,0.00,0.0089,5.9911,2926.25,0.00,0,0,0.00,0.00,11586,11659
372456,145.75,150.00,158.01,0.00,0.11,0.00,0.00,0.0089,5.9911,2883.71,0.00,0,0,0.00,0.00,11082,11315
372656,134.31,100.00,131.01,50.00,0.09,0.00,0.00,0.0089,5.9911,2431.00,0.00,0,0,0.00,0.00,10095,11234
372856,138.23,150.00,135.76,150.00,0.10,0.00,0.00,0.0089,5.9911,2709.34,0.00,0,0,0.00,0.00,9495,10077
373056,141.18,150.00,126.82,100.00,0.09,0.00,0.00,0.0089,5.9911,2860.46,0.00,0,0,0.00,0.00,10765,9043
373256,130.88,100.00,107.61,50.00,0.08,0.00,0.00,0.0089,5.9911,2910.85,0.00,0,0,0.00,0.00,11394,9553
373456,135.66,150.00,143.21,250.00,0.10,0.00,0.00,0.0089,5.9911,2877.40,0.00,0,0,0.00,0.00,10976,11046
373656,126.75,100.00,207.40,399.98,0.12,0.00,0.00,0.0089,5.9911,2852.18,0.00,0,0,0.00,0.00,10688,10984
373856,132.56,150.00,155.55,0.00,0.10,0.00,0.00,0.0089,5.9911,2846.97,0.00,0,0,0.00,0.00,10596,10507
374056,136.92,150.00,116.66,0.00,0.09,0.00,0.00,0.0089,5.9911,2839.72,0.00,0,0,0.00,0.00,10506,10742
374256,127.69,100.00,162.50,300.00,0.10,0.00,0.00,0.0089,5.9911,2881.87,0.00,0,0,0.00,0.00,11032,10495
374456,133.27,150.00,196.87,300.00,0.11,0.00,0.00,0.0089,5.9911,2859.13,0.00,0,0,0.00,0.00,10748,10934
374656,124.95,100.00,247.65,399.99,0.13,0.00,0.00,0.0089,5.9911,2896.70,0.00,0,0,0.00,0.00,11217,10788
374856,131.21,150.00,210.74,100.00,0.12,0.00,0.00,0.0089,5.9911,2865.21,0.00,0,0,0.00,0.00,10824,11026
375056,135.91,150.00,208.06,200.00,0.12,0.00,0.00,0.0089,5.9911,2826.71,0.00,0,0,0.00,0.00,10343,10441
375256,126.93,100.00,181.04,100.00,0.11,0.00,0.00,0.0089,5.9911,2673.34,0.00,0,0,0.00,0.00,9377,10031
375456,120.20,100.00,235.78,399.99,0.12,0.00,0.00,0.0089,5.9911,2500.44,0.00,0,0,0.00,0.00,7732,8732
375656,115.15,100.00,226.83,200.00,0.12,0.00,0.00,0.0089,5.9911,2415.54,0.00,0,0,0.00,0.00,6200,7369
375856,111.36,100.00,207.63,150.01,0.11,0.00,0.00,0.0089,5.9911,2601.57,0.00,0,0,0.00,0.00,7532,6545
376056,108.52,100.00,230.72,300.00,0.12,0.00,0.00,0.0089,5.9911,2580.16,0.00,0,0,0.00,0.00,7264,7017
376256,93.89,50.00,223.04,200.00,0.11,0.00,0.00,0.0089,5.9911,2112.39,0.00,0,0,0.00,0.00,5446,7222
376456,95.42,100.00,354.78,750.02,0.16,0.00,0.00,0.0089,5.9911,2314.20,0.00,0,0,0.00,0.00,4754,6126
376656,84.06,50.00,316.08,199.99,0.14,0.00,0.00,0.0089,5.9911,2482.93,0.00,0,0,0.00,0.00,6050,5316
376856,88.05,100.00,262.06,100.00,0.12,0.00,0.00,0.0089,5.9911,2480.05,0.00,0,0,0.00,0.00,6014,6264
377056,78.54,50.00,234.05,150.00,0.11,0.00,0.00,0.0089,5.9911,2464.79,0.00,0,0,0.00,0.00,5824,5619
377256,83.90,100.00,263.04,350.00,0.12,0.00,0.00,0.0089,5.9911,2544.62,0.00,0,0,0.00,0.00,6820,6441
377456,87.93,100.00,272.28,300.00,0.13,0.00,0.00,0.0089,5.9911,2524.84,0.00,0,0,0.00,0.00,6573,6663
377656,78.44,50.00,229.21,100.00,0.11,0.00,0.00,0.0089,5.9911,2529.21,0.00,0,0,0.00,0.00,6628,6832
377856,83.83,100.00,184.41,50.00,0.09,0.00,0.00,0.0089,5.9911,2505.41,0.00,0,0,0.00,0.00,6331,6662
378056,75.38,50.00,200.80,250.00,0.10,0.00,0.00,0.0089,5.9911,2535.65,0.00,0,0,0.00,0.00,6708,6509
378256,81.53,100.00,200.60,200.00,0.10,0.00,0.00,0.0089,5.9911,2548.04,0.00,0,0,0.00,0.00,6863,6718
378456,86.15,100.00,200.45,200.00,0.10,0.00,0.00,0.0089,5.9911,2522.94,0.00,0,0,0.00,0.00,6550,6631
378656,77.11,50.00,225.34,299.99,0.10,0.00,0.00,0.0089,5.9911,2542.84,0.00,0,0,0.00,0.00,6798,6621
378856,82.83,100.00,206.50,150.01,0.10,0.00,0.00,0.0089,5.9911,2524.11,0.00,0,0,0.00,0.00,6564,6620
379056,74.63,50.00,167.38,50.00,0.08,0.00,0.00,0.0089,5.9911,2508.43,0.00,0,0,0.00,0.00,6369,6545
379256,80.97,100.00,125.53,0.00,0.07,0.00,0.00,0.0089,5.9911,2538.31,0.00,0,0,0.00,0.00,6742,6462
379456,73.23,50.00,169.15,300.00,0.08,0.00,0.00,0.0089,5.9911,2515.62,0.00,0,0,0.00,0.00,6458,6728
379656,79.92,100.00,164.36,149.99,0.08,0.00,0.00,0.0089,5.9911,3270.59,0.00,0,0,0.00,0.00,15886,7111
379856,72.44,50.00,148.27,100.01,0.08,0.00,0.00,0.0089,5.9911,2796.59,0.00,0,0,0.00,0.00,9967,7993
380056,79.33,100.00,136.20,100.00,0.07,0.00,0.00,0.0089,5.9911,2562.44,0.00,0,0,0.00,0.00,7938,8814
380256,84.50,100.00,139.65,150.00,0.08,0.00,0.00,0.0089,5.9911,2466.54,0.00,0,0,0.00,0.00,7046,8113
380456,88.37,100.00,179.74,300.00,0.09,0.00,0.00,0.0089,5.9911,2487.73,0.00,0,0,0.00,0.00,6110,6503
380656,78.78,50.00,209.80,299.99,0.10,0.00,0.00,0.0089,5.9911,2476.92,0.00,0,0,0.00,0.00,5975,5825
380856,84.08,100.00,219.85,250.01,0.11,0.00,0.00,0.0089,5.9911,2274.10,0.00,0,0,0.00,0.00,3730,5182
381056,75.56,50.00,202.39,150.00,0.10,0.00,0.00,0.0089,5.9911,2538.51,0.00,0,0,0.00,0.00,6744,4057
381256,56.67,0.00,189.29,150.00,0.09,0.00,0.00,0.0089,5.9911,2822.12,0.00,0,0,0.00,0.00,10286,4170
381456,55.00,50.00,141.97,0.00,0.07,0.00,0.00,0.0089,5.9911,2887.14,0.00,0,0,0.00,0.00,11098,6312
381656,53.75,50.00,118.98,50.00,0.06,0.00,0.00,0.0089,5.9911,2594.09,0.00,0,0,0.00,0.00,7438,6786
381856,52.81,50.00,139.23,200.01,0.07,0.00,0.00,0.0089,5.9911,2347.34,0.00,0,0,0.00,0.00,4561,5867
382056,52.11,50.00,154.43,200.01,0.07,0.00,0.00,0.0089,5.9911,2444.03,0.00,0,0,0.00,0.00,5564,5079
382256,39.08,0.00,128.32,50.00,0.06,0.00,0.00,0.0089,5.9911,2654.20,0.00,0,0,0.00,0.00,8189,5650
382456,41.81,50.00,108.74,50.00,0.05,0.00,0.00,0.0089,5.9911,2693.88,0.00,0,0,0.00,0.00,8684,6727
382656,43.86,50.00,81.56,0.00,0.04,0.00,0.00,0.0089,5.9911,2606.45,0.00,0,0,0.00,0.00,7593,5021
382856,45.39,50.00,223.67,650.03,0.09,0.00,0.00,0.0089,5.9911,2760.72,0.00,0,0,0.00,0.00,9519,5432
383056,46.55,50.00,180.25,50.00,0.08,0.00,0.00,0.0089,5.9911,2718.31,0.00,0,0,0.00,0.00,8989,6955
383256,47.41,50.00,135.19,0.00,0.06,0.00,0.00,0.0089,5.9911,2667.98,0.00,0,0,0.00,0.00,8361,5474
383456,48.06,50.00,101.39,0.00,0.05,0.00,0.00,0.0089,5.9911,2725.45,0.00,0,0,0.00,0.00,9078,5737
383656,48.54,50.00,88.54,50.00,0.05,0.00,0.00,0.0089,5.9911,2631.86,0.00,0,0,0.00,0.00,7910,7402
383856,48.91,50.00,91.41,100.01,0.05,0.00,0.00,0.0089,5.9911,2632.57,0.00,0,0,0.00,0.00,7919,5095
384056,49.18,50.00,131.06,250.00,0.06,0.00,0.00,0.0089,5.9911,2757.02,0.00,0,0,0.00,0.00,9473,5639
384256,61.89,100.00,98.29,0.00,0.06,0.00,0.00,0.0089,5.9911,2670.40,0.00,0,0,0.00,0.00,8391,8117
384456,58.91,50.00,73.72,0.00,0.05,0.00,0.00,0.0089,5.9911,2030.75,0.00,0,0,0.00,0.00,6281,8220
384656,69.19,100.00,130.29,299.99,0.07,0.00,0.00,0.0089,5.9911,2274.36,0.00,0,0,0.00,0.00,5244,6696
384856,76.89,100.00,172.72,300.01,0.09,0.00,0.00,0.0089,5.9911,2506.62,0.00,0,0,0.00,0.00,6346,5035
385056,70.17,50.00,167.04,150.00,0.08,0.00,0.00,0.0089,5.9911,2627.35,0.00,0,0,0.00,0.00,7854,5453
385256,65.13,50.00,162.78,150.00,0.08,0.00,0.00,0.0089,5.9911,2611.20,0.00,0,0,0.00,0.00,7652,7336
385456,73.84,100.00,197.08,300.00,0.09,0.00,0.00,0.0089,5.9911,2604.59,0.00,0,0,0.00,0.00,7569,7583
385656,67.88,50.00,147.81,0.00,0.07,0.00,0.00,0.0089,5.9911,2601.88,0.00,0,0,0.00,0.00,7535,7540
385856,75.91,100.00,185.86,300.01,0.09,0.00,0.00,0.0089,5.9911,2632.77,0.00,0,0,0.00,0.00,7921,7568
386056,81.93,100.00,214.40,300.01,0.10,0.00,0.00,0.0089,5.9911,2483.82,0.00,0,0,0.00,0.00,6638,7671
386256,73.95,50.00,185.80,100.00,0.09,0.00,0.00,0.0089,5.9911,2439.45,0.00,0,0,0.00,0.00,5507,6014
386456,80.46,100.00,164.35,100.00,0.08,0.00,0.00,0.0089,5.9911,2476.64,0.00,0,0,0.00,0.00,5972,5525
386656,72.85,50.00,148.26,100.00,0.08,0.00,0.00,0.0089,5.9911,2463.39,0.00,0,0,0.00,0.00,5806,5626
386856,67.14,50.00,111.20,0.00,0.06,0.00,0.00,0.0089,5.9911,2491.57,0.00,0,0,0.00,0.00,6158,5819
387056,62.85,50.00,183.40,400.00,0.09,0.00,0.00,0.0089,5.9911,2437.51,0.00,0,0,0.00,0.00,5483,5660
387256,59.64,50.00,137.55,0.00,0.07,0.00,0.00,0.0089,5.9911,2467.84,0.00,0,0,0.00,0.00,5862,5764
387456,57.23,50.00,228.16,499.99,0.10,0.00,0.00,0.0089,5.9911,2480.27,0.00,0,0,0.00,0.00,6017,6002
387656,55.42,50.00,171.12,0.00,0.08,0.00,0.00,0.0089,5.9911,2530.48,0.00,0,0,0.00,0.00,6644,5871
387856,41.57,0.00,140.84,50.00,0.06,0.00,0.00,0.0089,5.9911,2571.52,0.00,0,0,0.00,0.00,7156,6943
388056,56.17,100.00,168.13,249.99,0.08,0.00,0.00,0.0089,5.9911,2502.26,0.00,0,0,0.00,0.00,6291,6961
388256,54.63,50.00,176.10,200.00,0.08,0.00,0.00,0.0089,5.9911,2473.88,0.00,0,0,0.00,0.00,5937,6169
388456,65.97,100.00,132.07,0.00,0.07,0.00,0.00,0.0089,5.9911,2508.34,0.00,0,0,0.00,0.00,6367,6053
388656,61.98,50.00,161.55,249.99,0.08,0.00,0.00,0.0089,5.9911,2351.90,0.00,0,0,0.00,0.00,4921,6218
388856,58.98,50.00,258.67,550.02,0.11,0.00,0.00,0.0089,5.9911,2314.70,0.00,0,0,0.00,0.00,3949,4564
389056,56.74,50.00,194.00,0.00,0.09,0.00,0.00,0.0089,5.9911,2425.54,0.00,0,0,0.00,0.00,5333,3826
389256,42.55,0.00,183.00,150.00,0.08,0.00,0.00,0.0089,5.9911,2508.06,0.00,0,0,0.00,0.00,6364,5203
389456,44.42,50.00,187.25,200.00,0.08,0.00,0.00,0.0089,5.9911,2522.34,0.00,0,0,0.00,0.00,6542,6771
389656,45.81,50.00,177.94,149.99,0.08,0.00,0.00,0.0089,5.9911,2403.71,0.00,0,0,0.00,0.00,5382,6575
389856,46.86,50.00,145.95,50.00,0.07,0.00,0.00,0.0089,5.9911,2237.36,0.00,0,0,0.00,0.00,3408,4934
390056,35.14,0.00,121.96,50.00,0.05,0.00,0.00,0.0089,5.9911,2385.86,0.00,0,0,0.00,0.00,4838,4167
390256,38.86,50.00,91.47,0.00,0.05,0.00,0.00,0.0089,5.9911,2604.77,0.00,0,0,0.00,0.00,7572,5491
390456,41.64,50.00,131.10,250.00,0.06,0.00,0.00,0.0089,5.9911,2608.03,0.00,0,0,0.00,0.00,7612,6150
390656,43.73,50.00,110.83,50.00,0.05,0.00,0.00,0.0089,5.9911,2622.81,0.00,0,0,0.00,0.00,7797,4207
390856,32.80,0.00,145.62,250.00,0.06,0.00,0.00,0.0089,5.9911,2819.90,0.00,0,0,0.00,0.00,10258,4157
391056,37.10,50.00,209.22,400.02,0.09,0.00,0.00,0.0089,5.9911,2833.75,0.00,0,0,0.00,0.00,10431,6354
391256,40.32,50.00,169.42,50.00,0.07,0.00,0.00,0.0089,5.9911,2638.15,0.00,0,0,0.00,0.00,7988,5792
391456,42.74,50.00,177.06,200.00,0.08,0.00,0.00,0.0089,5.9911,2707.20,0.00,0,0,0.00,0.00,8851,5014
391656,57.06,100.00,207.79,299.99,0.09,0.00,0.00,0.0089,5.9911,2793.99,0.00,0,0,0.00,0.00,9934,5391
391856,55.29,50.00,230.85,300.01,0.10,0.00,0.00,0.0089,5.9911,2757.54,0.00,0,0,0.00,0.00,9479,7183
392056,66.47,100.00,248.14,300.01,0.11,0.00,0.00,0.0089,5.9911,2690.13,0.00,0,0,0.00,0.00,8637,8918
392256,74.85,100.00,211.10,100.00,0.10,0.00,0.00,0.0089,5.9911,2734.52,0.00,0,0,0.00,0.00,9192,8817
392456,93.64,150.00,183.33,100.00,0.10,0.00,0.00,0.0089,5.9911,2773.18,0.00,0,0,0.00,0.00,9675,9576
392656,95.23,100.00,174.99,149.99,0.09,0.00,0.00,0.0089,5.9911,2821.01,0.00,0,0,0.00,0.00,10272,9842
392856,108.92,150.00,168.74,150.00,0.10,0.00,0.00,0.0089,5.9911,2808.61,0.00,0,0,0.00,0.00,10117,10144
393056,106.69,100.00,201.56,300.02,0.11,0.00,0.00,0.0089,5.9911,2835.53,0.00,0,0,0.00,0.00,10453,10103
393256,117.52,150.00,176.17,100.00,0.10,0.00,0.00,0.0089,5.9911,2814.55,0.00,0,0,0.00,0.00,10191,10247
393456,113.14,100.00,182.13,200.00,0.10,0.00,0.00,0.0089,5.9911,2831.56,0.00,0,0,0.00,0.00,10404,10326
393656,122.35,150.00,211.59,299.98,0.12,0.00,0.00,0.0089,5.9911,2812.93,0.00,0,0,0.00,0.00,10171,10217
393856,116.77,100.00,158.69,0.00,0.10,0.00,0.00,0.0089,5.9911,2805.30,0.00,0,0,0.00,0.00,10076,10092
394056,125.07,150.00,169.02,200.00,0.10,0.00,0.00,0.0089,5.9911,2822.65,0.00,0,0,0.00,0.00,10292,10361
394256,118.81,100.00,151.77,100.00,0.09,0.00,0.00,0.0089,5.9911,2809.28,0.00,0,0,0.00,0.00,10125,10154
394456,126.60,150.00,113.82,0.00,0.08,0.00,0.00,0.0089,5.9911,2803.80,0.00,0,0,0.00,0.00,10057,10069
394656,119.95,100.00,110.37,100.00,0.08,0.00,0.00,0.0089,5.9911,2769.56,0.00,0,0,0.00,0.00,9629,10000
394856,114.96,100.00,82.78,0.00,0.07,0.00,0.00,0.0089,5.9911,2787.53,0.00,0,0,0.00,0.00,9854,9763
395056,123.72,150.00,124.58,250.00,0.09,0.00,0.00,0.0089,5.9911,2826.89,0.00,0,0,0.00,0.00,10345,9953
395256,117.79,100.00,155.94,250.00,0.10,0.00,0.00,0.0089,5.9911,2779.02,0.00,0,0,0.00,0.00,9768,10210
395456,125.84,150.00,141.95,100.00,0.09,0.00,0.00,0.0089,5.9911,2831.41,0.00,0,0,0.00,0.00,10402,9874
395656,119.38,100.00,156.46,199.99,0.10,0.00,0.00,0.0089,5.9911,2824.29,0.00,0,0,0.00,0.00,10313,10268
395856,127.04,150.00,167.35,200.01,0.10,0.00,0.00,0.0089,5.9911,2802.50,0.00,0,0,0.00,0.00,10041,10075
396056,120.28,100.00,150.51,100.00,0.09,0.00,0.00,0.0089,5.9911,2893.51,0.00,0,0,0.00,0.00,11177,10450
396256,127.71,150.00,112.88,0.00,0.08,0.00,0.00,0.0089,5.9911,2903.90,0.00,0,0,0.00,0.00,11307,11007
396456,133.28,150.00,109.66,100.00,0.08,0.00,0.00,0.0089,5.9911,2874.56,0.00,0,0,0.00,0.00,10941,10912
396656,137.46,150.00,157.24,299.99,0.10,0.00,0.00,0.0089,5.9911,4289.95,0.00,0,0,0.00,0.00,20000,11004
396856,128.10,100.00,180.43,250.01,0.11,0.00,0.00,0.0089,5.9911,3448.14,0.00,0,0,0.00,0.00,18103,11665
397056,133.57,150.00,197.83,250.00,0.12,0.00,0.00,0.0089,5.9911,3085.96,0.00,0,0,0.00,0.00,13863,13692
397256,137.68,150.00,223.37,300.01,0.13,0.00,0.00,0.0089,5.9911,3015.35,0.00,0,0,0.00,0.00,13944,13914
397456,140.76,150.00,217.53,200.00,0.12,0.00,0.00,0.0089,5.9911,2920.21,0.00,0,0,0.00,0.00,13596,13756
397656,143.07,150.00,163.15,0.00,0.11,0.00,0.00,0.0089,5.9911,2914.84,0.00,0,0,0.00,0.00,13105,13276
397856,157.30,200.00,172.36,200.00,0.11,0.00,0.00,0.0089,5.9911,2907.52,0.00,0,0,0.00,0.00,12552,12737
398056,155.48,150.00,129.27,0.00,0.10,0.00,0.00,0.0089,5.9911,2901.64,0.00,0,0,0.00,0.00,11935,12132
398256,154.11,150.00,96.95,0.00,0.09,0.00,0.00,0.0089,5.9911,2927.71,0.00,0,0,0.00,0.00,11604,11646
398456,153.08,150.00,97.71,100.00,0.09,0.00,0.00,0.0089,5.9911,2970.39,0.00,0,0,0.00,0.00,12137,11959
398656,139.81,100.00,148.28,299.99,0.10,0.00,0.00,0.0089,5.9911,2922.27,0.00,0,0,0.00,0.00,11918,12074
398856,142.36,150.00,111.21,0.00,0.09,0.00,0.00,0.0089,5.9911,2936.16,0.00,0,0,0.00,0.00,11724,11852
399056,144.27,150.00,158.41,299.99,0.11,0.00,0.00,0.0089,5.9911,2982.97,0.00,0,0,0.00,0.00,12294,11809
399256,145.70,150.00,118.81,0.00,0.09,0.00,0.00,0.0089,5.9911,2993.02,0.00,0,0,0.00,0.00,12420,12400
399456,146.78,150.00,114.10,100.00,0.09,0.00,0.00,0.0089,5.9911,3004.29,0.00,0,0,0.00,0.00,12561,12464
399656,147.58,150.00,85.58,0.00,0.08,0.00,0.00,0.0089,5.9911,2997.10,0.00,0,0,0.00,0.00,12533,12539
399856,160.69,200.00,64.18,0.00,0.08,0.00,0.00,0.0089,5.9911,3019.29,0.00,0,0,0.00,0.00,12871,12833
400056,158.01,150.00,173.14,499.99,0.11,0.00,0.00,0.0089,5.9911,3007.90,0.00,0,0,0.00,0.00,12953,12938
400256,156.01,150.00,179.85,200.00,0.12,0.00,0.00,0.0089,5.9911,3003.24,0.00,0,0,0.00,0.00,12990,12984
400456,154.51,150.00,159.89,100.00,0.11,0.00,0.00,0.0089,5.9911,3026.93,0.00,0,0,0.00,0.00,13150,13097
400656,153.38,150.00,194.91,299.99,0.12,0.00,0.00,0.0089,5.9911,3011.03,0.00,0,0,0.00,0.00,13260,13238
400856,165.04,200.00,146.19,0.00,0.11,0.00,0.00,0.0089,5.9911,3004.52,0.00,0,0,0.00,0.00,13312,13303
401056,161.28,150.00,159.64,200.00,0.11,0.00,0.00,0.0089,5.9911,3001.85,0.00,0,0,0.00,0.00,13332,13329
401256,158.46,150.00,119.73,0.00,0.10,0.00,0.00,0.0089,5.9911,2988.99,0.00,0,0,0.00,0.00,13315,13338
401456,168.84,200.00,164.80,300.01,0.12,0.00,0.00,0.0089,5.9911,3033.76,0.00,0,0,0.00,0.00,13431,13364
401656,164.13,150.00,123.60,0.00,0.10,0.00,0.00,0.0089,5.9911,3013.83,0.00,0,0,0.00,0.00,13573,13546
401856,160.60,150.00,117.70,100.00,0.10,0.00,0.00,0.0089,5.9911,2631.46,0.00,0,0,0.00,0.00,12645,13383
402056,157.95,150.00,88.27,0.00,0.09,0.00,0.00,0.0089,5.9911,2863.45,0.00,0,0,0.00,0.00,12021,12295
402256,155.96,150.00,91.21,100.00,0.09,0.00,0.00,0.0089,5.9911,2970.08,0.00,0,0,0.00,0.00,12133,11764
402456,154.47,150.00,68.40,0.00,0.08,0.00,0.00,0.0089,5.9911,2699.03,0.00,0,0,0.00,0.00,10850,11452
402656,153.35,150.00,101.30,199.99,0.09,0.00,0.00,0.0089,5.9911,2902.32,0.00,0,0,0.00,0.00,11287,10621
402856,152.52,150.00,113.48,150.01,0.09,0.00,0.00,0.0089,5.9911,2980.47,0.00,0,0,0.00,0.00,12263,11593
403056,151.89,150.00,122.61,150.00,0.10,0.00,0.00,0.0089,5.9911,2986.88,0.00,0,0,0.00,0.00,12343,12301
403256,151.41,150.00,104.46,50.00,0.09,0.00,0.00,0.0089,5.9911,2974.15,0.00,0,0,0.00,0.00,12184,12157
403456,151.06,150.00,140.84,250.01,0.10,0.00,0.00,0.0089,5.9911,3009.89,0.00,0,0,0.00,0.00,12631,12589
403656,150.80,150.00,180.63,299.99,0.12,0.00,0.00,0.0089,5.9911,3004.05,0.00,0,0,0.00,0.00,12678,12670
403856,150.60,150.00,160.47,100.00,0.11,0.00,0.00,0.0089,5.9911,2969.66,0.00,0,0,0.00,0.00,12587,12648
404056,150.45,150.00,182.85,250.00,0.12,0.00,0.00,0.0089,5.9911,3027.57,0.00,0,0,0.00,0.00,12851,12472
404256,150.34,150.00,174.64,150.00,0.11,0.00,0.00,0.0089,5.9911,3108.89,0.00,0,0,0.00,0.00,13867,13165
404456,162.75,200.00,180.98,200.00,0.12,0.00,0.00,0.0089,5.9911,3122.68,0.00,0,0,0.00,0.00,14590,14345
404656,159.56,150.00,160.73,100.00,0.11,0.00,0.00,0.0089,5.9911,3136.33,0.00,0,0,0.00,0.00,15300,15028
404856,169.67,200.00,120.55,0.00,0.10,0.00,0.00,0.0089,5.9911,3173.92,0.00,0,0,0.00,0.00,16223,15876
405056,177.25,200.00,90.41,0.00,0.09,0.00,0.00,0.0089,5.9911,3163.72,0.00,0,0,0.00,0.00,16983,16656
405256,182.94,200.00,92.81,100.00,0.10,0.00,0.00,0.0089,5.9911,3225.14,0.00,0,0,0.00,0.00,18032,17582
405456,187.21,200.00,169.61,400.00,0.12,0.00,0.00,0.0089,5.9911,3210.30,0.00,0,0,0.00,0.00,18556,18136
405656,202.90,250.00,152.20,99.99,0.12,0.00,0.00,0.0089,5.9911,3204.22,0.00,0,0,0.00,0.00,19404,18996
405856,202.18,200.00,114.15,0.00,0.11,0.00,0.00,0.0089,5.9911,3201.73,0.00,0,0,0.00,0.00,20332,19929
406056,214.13,250.00,135.61,200.00,0.12,0.00,0.00,0.0089,5.9911,3168.71,0.00,0,0,0.00,0.00,21272,20935
406256,223.10,250.00,101.71,0.00,0.11,0.00,0.00,0.0089,5.9911,3121.58,0.00,0,0,0.00,0.00,21946,21703
406456,229.83,250.00,151.28,300.00,0.13,0.00,0.00,0.0089,5.9911,3070.28,0.00,0,0,0.00,0.00,22544,22404
406656,234.87,250.00,163.46,200.00,0.14,0.00,0.00,0.0089,5.9911,3049.27,0.00,0,0,0.00,0.00,22948,22850
406856,251.15,300.00,122.60,0.00,0.13,0.00,0.00,0.0089,5.9911,3045.78,0.00,0,0,0.00,0.00,23316,23225
407056,250.86,250.00,141.95,200.00,0.14,0.00,0.00,0.0089,5.9911,3044.35,0.00,0,0,0.00,0.00,23610,23522
407256,263.15,300.00,106.46,0.00,0.13,0.00,0.00,0.0089,5.9911,3070.65,0.00,0,0,0.00,0.00,24055,23914
407456,259.86,250.00,79.85,0.00,0.12,0.00,0.00,0.0089,5.9911,3081.42,0.00,0,0,0.00,0.00,24440,24278
407656,257.40,250.00,59.88,0.00,0.11,0.00,0.00,0.0089,5.9911,3058.95,0.00,0,0,0.00,0.00,24826,24709
407856,268.05,300.00,69.91,100.00,0.12,0.00,0.00,0.0089,5.9911,3024.15,0.00,0,0,0.00,0.00,25062,25014
408056,276.04,300.00,52.43,0.00,0.11,0.00,0.00,0.0089,5.9911,3041.89,0.00,0,0,0.00,0.00,25247,25164
408256,282.03,300.00,89.33,200.00,0.13,0.00,0.00,0.0089,5.9911,3057.16,0.00,0,0,0.00,0.00,25503,25389
408456,286.52,300.00,91.99,100.00,0.13,0.00,0.00,0.0089,5.9911,3063.41,0.00,0,0,0.00,0.00,25798,25672
408656,289.89,300.00,94.00,100.00,0.13,0.00,0.00,0.0089,5.9911,3057.97,0.00,0,0,0.00,0.00,26082,25967
408856,292.42,300.00,70.50,0.00,0.13,0.00,0.00,0.0089,5.9911,3023.75,0.00,0,0,0.00,0.00,26307,26260
409056,306.81,350.00,102.87,200.00,0.14,0.00,0.00,0.0089,5.9911,3009.73,0.00,0,0,0.00,0.00,26412,26393
409256,305.11,300.00,114.66,150.01,0.15,0.00,0.00,0.0089,5.9911,3035.98,0.00,0,0,0.00,0.00,26553,26482
409456,303.83,300.00,173.49,350.00,0.17,0.00,0.00,0.0089,5.9911,3054.74,0.00,0,0,0.00,0.00,26776,26667
409656,315.37,350.00,180.12,199.99,0.17,0.00,0.00,0.0089,5.9911,3022.42,0.00,0,0,0.00,0.00,26963,26919
409856,311.53,300.00,210.09,300.00,0.18,0.00,0.00,0.0089,5.9911,3009.18,0.00,0,0,0.00,0.00,27063,27045
410056,321.15,350.00,157.57,0.00,0.17,0.00,0.00,0.0089,5.9911,3064.24,0.00,0,0,0.00,0.00,27347,27219
410256,328.36,350.00,118.17,0.00,0.15,0.00,0.00,0.0089,5.9911,3058.31,0.00,0,0,0.00,0.00,27687,27571
410456,321.27,300.00,88.63,0.00,0.14,0.00,0.00,0.0089,5.9911,3049.49,0.00,0,0,0.00,0.00,28071,27973
410656,328.45,350.00,66.47,0.00,0.14,0.00,0.00,0.0089,5.9911,3045.87,0.00,0,0,0.00,0.00,28399,28308
410856,333.84,350.00,99.86,200.01,0.15,0.00,0.00,0.0089,5.9911,2978.79,0.00,0,0,0.00,0.00,28486,28529
411056,337.88,350.00,74.89,0.00,0.14,0.00,0.00,0.0089,5.9911,2991.31,0.00,0,0,0.00,0.00,28378,28396
411256,340.91,350.00,56.17,0.00,0.14,0.00,0.00,0.0089,5.9911,3016.92,0.00,0,0,0.00,0.00,28553,28520
411456,343.18,350.00,67.13,100.00,0.14,0.00,0.00,0.0089,5.9911,3032.53,0.00,0,0,0.00,0.00,28774,28709
411656,344.89,350.00,75.34,100.00,0.15,0.00,0.00,0.0089,5.9911,3013.32,0.00,0,0,0.00,0.00,28894,28868
411856,346.17,350.00,81.51,100.00,0.15,0.00,0.00,0.0089,5.9911,2939.86,0.00,0,0,0.00,0.00,28712,28833
412056,347.12,350.00,86.13,100.00,0.15,0.00,0.00,0.0089,5.9911,2903.37,0.00,0,0,0.00,0.00,28322,28516
412256,347.84,350.00,64.60,0.00,0.14,0.00,0.00,0.0089,5.9911,2749.86,0.00,0,0,0.00,0.00,27228,27729
412456,335.88,300.00,48.45,0.00,0.13,0.00,0.00,0.0089,5.9911,2779.46,0.00,0,0,0.00,0.00,26240,26682
412656,339.41,350.00,36.34,0.00,0.13,0.00,0.00,0.0089,5.9911,2823.59,0.00,0,0,0.00,0.00,25346,25699
412856,329.56,300.00,52.25,100.00,0.13,0.00,0.00,0.0089,5.9911,2895.74,0.00,0,0,0.00,0.00,24690,24899
413056,322.17,300.00,39.19,0.00,0.13,0.00,0.00,0.0089,5.9911,2904.82,0.00,0,0,0.00,0.00,24116,24307
413256,304.13,250.00,29.39,0.00,0.12,0.00,0.00,0.0089,5.9911,2874.93,0.00,0,0,0.00,0.00,23407,23658
413456,303.10,300.00,22.04,0.00,0.11,0.00,0.00,0.0089,5.9911,2862.69,0.00,0,0,0.00,0.00,22624,22899
413656,289.82,250.00,16.53,0.00,0.11,0.00,0.00,0.0089,5.9911,2886.16,0.00,0,0,0.00,0.00,22009,22237
413856,292.37,300.00,12.40,0.00,0.11,0.00,0.00,0.0089,5.9911,2860.89,0.00,0,0,0.00,0.00,21256,21535
414056,281.77,250.00,9.30,0.00,0.10,0.00,0.00,0.0089,5.9911,2845.42,0.00,0,0,0.00,0.00,20548,20858
414256,261.33,200.00,6.98,0.00,0.09,0.00,0.00,0.0089,5.9911,2839.08,0.00,0,0,0.00,0.00,19728,20050
414456,258.50,250.00,5.23,0.00,0.09,0.00,0.00,0.0089,5.9911,2841.61,0.00,0,0,0.00,0.00,18973,19290
414656,243.87,200.00,28.92,99.99,0.09,0.00,0.00,0.0089,5.9911,2837.52,0.00,0,0,0.00,0.00,18132,18457
414856,245.41,250.00,34.19,50.00,0.10,0.00,0.00,0.0089,5.9911,2835.85,0.00,0,0,0.00,0.00,17394,17723
415056,234.05,200.00,88.14,250.00,0.11,0.00,0.00,0.0089,5.9911,2907.16,0.00,0,0,0.00,0.00,16732,16918
415256,225.54,200.00,91.11,100.00,0.11,0.00,0.00,0.0089,5.9911,2941.49,0.00,0,0,0.00,0.00,16244,16362
415456,206.66,150.00,93.33,100.00,0.10,0.00,0.00,0.0089,5.9911,2915.56,0.00,0,0,0.00,0.00,15782,15951
415656,204.99,200.00,70.00,0.00,0.10,0.00,0.00,0.0089,5.9911,2933.41,0.00,0,0,0.00,0.00,15394,15528
415856,203.74,200.00,77.50,100.00,0.10,0.00,0.00,0.0089,5.9911,2912.25,0.00,0,0,0.00,0.00,14921,15097
416056,190.31,150.00,83.12,100.00,0.09,0.00,0.00,0.0089,5.9911,2924.06,0.00,0,0,0.00,0.00,14513,14665
416256,192.73,200.00,112.34,200.00,0.11,0.00,0.00,0.0089,5.9911,2968.89,0.00,0,0,0.00,0.00,14268,14331
416456,182.05,150.00,134.26,200.00,0.11,0.00,0.00,0.0089,5.9911,2966.78,0.00,0,0,0.00,0.00,13947,14014
416656,174.04,150.00,125.69,100.00,0.10,0.00,0.00,0.0089,5.9911,2986.39,0.00,0,0,0.00,0.00,13804,13832
416856,180.53,200.00,144.27,200.01,0.11,0.00,0.00,0.0089,5.9911,2994.43,0.00,0,0,0.00,0.00,13735,13747
417056,172.90,150.00,133.20,100.00,0.11,0.00,0.00,0.0089,5.9911,2997.72,0.00,0,0,0.00,0.00,13701,13706
417256,167.17,150.00,149.90,200.00,0.11,0.00,0.00,0.0089,5.9911,2999.07,0.00,0,0,0.00,0.00,13684,13686
417456,175.38,200.00,137.43,100.00,0.11,0.00,0.00,0.0089,5.9911,2999.62,0.00,0,0,0.00,0.00,13677,13678
417656,169.03,150.00,203.07,399.98,0.13,0.00,0.00,0.0089,5.9911,2999.84,0.00,0,0,0.00,0.00,13671,13672
417856,164.28,150.00,227.30,300.01,0.14,0.00,0.00,0.0089,5.9911,2999.94,0.00,0,0,0.00,0.00,13666,13667
418056,160.71,150.00,232.98,250.00,0.14,0.00,0.00,0.0089,5.9911,2999.97,0.00,0,0,0.00,0.00,13661,13662
418256,170.53,200.00,287.23,450.00,0.16,0.00,0.00,0.0089,5.9911,2979.51,0.00,0,0,0.00,0.00,13476,13517
418456,165.40,150.00,240.42,100.00,0.14,0.00,0.00,0.0089,5.9911,2991.61,0.00,0,0,0.00,0.00,13382,13399
418656,161.55,150.00,205.32,100.00,0.13,0.00,0.00,0.0089,5.9911,2976.08,0.00,0,0,0.00,0.00,13180,13228
418856,158.66,150.00,203.99,200.01,0.13,0.00,0.00,0.0089,5.9911,2897.72,0.00,0,0,0.00,0.00,12802,13007
419056,156.50,150.00,202.99,200.00,0.12,0.00,0.00,0.0089,5.9911,2900.51,0.00,0,0,0.00,0.00,12200,12399
419256,154.87,150.00,202.24,200.00,0.12,0.00,0.00,0.0089,5.9911,2841.17,0.00,0,0,0.00,0.00,11385,11703
419456,153.65,150.00,151.68,0.00,0.11,0.00,0.00,0.0089,5.9911,2724.38,0.00,0,0,0.00,0.00,10244,10796
419656,152.74,150.00,138.76,100.00,0.10,0.00,0.00,0.0089,5.9911,2671.43,0.00,0,0,0.00,0.00,9099,9757
419856,139.56,100.00,104.07,0.00,0.08,0.00,0.00,0.0089,5.9911,2629.26,0.00,0,0,0.00,0.00,8379,9121
420056,129.67,100.00,78.05,0.00,0.07,0.00,0.00,0.0089,5.9911,2611.98,0.00,0,0,0.00,0.00,7662,7817
420256,122.25,100.00,83.54,100.00,0.07,0.00,0.00,0.0089,5.9911,2552.43,0.00,0,0,0.00,0.00,6918,7069
420456,116.69,100.00,62.66,0.00,0.06,0.00,0.00,0.0089,5.9911,2462.44,0.00,0,0,0.00,0.00,5794,6539
420656,100.02,50.00,46.99,0.00,0.05,0.00,0.00,0.0089,5.9911,2385.57,0.00,0,0,0.00,0.00,4834,5446
420856,100.01,100.00,60.25,100.01,0.06,0.00,0.00,0.0089,5.9911,2322.09,0.00,0,0,0.00,0.00,4042,4805
421056,87.51,50.00,145.18,400.00,0.08,0.00,0.00,0.0089,5.9911,2270.49,0.00,0,0,0.00,0.00,3397,3804
421256,90.63,100.00,133.89,100.00,0.08,0.00,0.00,0.0089,5.9911,2203.27,0.00,0,0,0.00,0.00,2558,2791
421456,80.47,50.00,125.42,100.00,0.07,0.00,0.00,0.0089,5.9911,2135.74,0.00,0,0,0.00,0.00,1715,2303
421656,72.86,50.00,219.06,499.98,0.10,0.00,0.00,0.0089,5.9911,2108.08,0.00,0,0,0.00,0.00,1369,1706
421856,67.14,50.00,189.29,100.00,0.09,0.00,0.00,0.0089,5.9911,2069.87,0.00,0,0,0.00,0.00,892,1321
422056,62.86,50.00,241.97,400.00,0.11,0.00,0.00,0.0089,5.9911,2054.22,0.00,0,0,0.00,0.00,697,698
422256,59.64,50.00,206.48,100.00,0.09,0.00,0.00,0.0089,5.9911,2022.21,0.00,0,0,0.00,0.00,297,383
422456,44.73,0.00,154.86,0.00,0.07,0.00,0.00,0.0089,5.9911,2009.10,0.00,0,0,0.00,0.00,133,161
422656,46.05,50.00,191.14,299.99,0.08,0.00,0.00,0.0089,5.9911,1978.13,0.00,0,0,0.00,0.00,0,0
422856,34.54,0.00,293.36,600.02,0.11,0.00,0.00,0.0089,5.9911,1970.56,0.00,0,0,0.00,0.00,0,0
423056,25.90,0.00,357.52,550.00,0.13,0.00,0.00,0.0089,5.9911,1927.46,0.00,0,0,0.00,0.00,0,0
423256,19.43,0.00,393.14,500.00,0.14,0.00,0.00,0.0089,5.9911,1930.29,0.00,0,0,0.00,0.00,0,0
423456,14.57,0.00,432.36,550.00,0.16,0.00,0.00,0.0089,5.9911,1931.45,0.00,0,0,0.00,0.00,0,0
423656,10.93,0.00,424.26,399.98,0.15,0.00,0.00,0.0089,5.9911,1931.92,0.00,0,0,0.00,0.00,0,0
423856,8.20,0.00,405.70,350.01,0.14,0.00,0.00,0.0089,5.9911,1940.11,0.00,0,0,0.00,0.00,0,0
424056,6.15,0.00,454.28,600.00,0.16,0.00,0.00,0.0089,5.9911,1949.87,0.00,0,0,0.00,0.00,0,0
424256,4.61,0.00,490.71,600.00,0.17,0.00,0.00,0.0089,5.9911,1918.99,0.00,0,0,0.00,0.00,0,0
424456,3.46,0.00,480.53,450.00,0.17,0.00,0.00,0.0089,5.9911,1934.82,0.00,0,0,0.00,0.00,0,0
424656,2.59,0.00,360.40,0.00,0.13,0.00,0.00,0.0089,5.9911,1855.22,0.00,0,0,0.00,0.00,0,0
424856,1.94,0.00,270.30,0.00,0.09,0.00,0.00,0.0089,5.9911,1672.54,0.00,0,0,0.00,0.00,0,0
425056,1.46,0.00,202.72,0.00,0.07,0.00,0.00,0.0089,5.9911,1471.63,0.00,0,0,0.00,0.00,0,0
425256,1.09,0.00,152.04,0.00,0.05,0.00,0.00,0.0089,5.9911,1271.26,0.00,0,0,0.00,0.00,0,0
425456,0.82,0.00,114.03,0.00,0.04,0.00,0.00,0.0089,5.9911,1071.11,0.00,0,0,0.00,0.00,0,0
425656,0.62,0.00,85.52,0.00,0.03,0.00,0.00,0.0089,5.9911,899.53,0.00,0,0,0.00,0.00,0,0
425856,0.46,0.00,64.14,0.00,0.02,0.00,0.00,0.0089,5.9911,754.69,0.00,0,0,0.00,0.00,0,0
426056,0.35,0.00,48.11,0.00,0.02,0.00,0.00,0.0089,5.9911,570.88,0.00,0,0,0.00,0.00,0,0
426256,0.26,0.00,36.08,0.00,0.01,0.00,0.00,0.0089,5.9911,444.39,0.00,0,0,0.00,0.00,0,0
426456,0.19,0.00,27.06,0.00,0.01,0.00,0.00,0.0089,5.9911,332.10,0.00,0,0,0.00,0.00,0,0
426656,0.15,0.00,20.30,0.00,0.01,0.00,0.00,0.0089,5.9911,182.11,0.00,0,0,0.00,0.00,0,0
426856,0.11,0.00,15.22,0.00,0.01,0.00,0.00,0.0089,5.9911,74.59,0.00,0,0,0.00,0.00,0,0
427056,0.08,0.00,11.42,0.00,0.00,0.00,0.00,0.0089,5.9911,30.55,0.00,0,0,0.00,0.00,0,0
427256,0.06,0.00,8.56,0.00,0.00,0.00,0.00,0.0089,5.9911,12.51,0.00,0,0,0.00,0.00,0,0
427456,0.05,0.00,6.42,0.00,0.00,0.00,0.00,0.0089,5.9911,5.13,0.00,0,0,0.00,0.00,0,0
427656,0.03,0.00,4.82,0.00,0.00,0.00,0.00,0.0089,5.9911,2.10,0.00,0,0,0.00,0.00,0,0
427856,0.03,0.00,3.61,0.00,0.00,0.00,0.00,0.0089,5.9911,0.86,0.00,0,0,0.00,0.00,0,0
428056,0.02,0.00,2.71,0.00,0.00,0.00,0.00,0.0089,5.9911,0.35,0.00,0,0,0.00,0.00,0,0
428256,0.01,0.00,2.03,0.00,0.00,0.00,0.00,0.0089,5.9911,0.14,0.00,0,0,0.00,0.00,0,0
428456,0.01,0.00,1.52,0.00,0.00,0.00,0.00,0.0089,5.9911,0.06,0.00,0,0,0.00,0.00,0,0
428656,0.01,0.00,1.14,0.00,0.00,0.00,0.00,0.0089,5.9911,0.02,0.00,0,0,0.00,0.00,0,0
428856,0.01,0.00,0.86,0.00,0.00,0.00,0.00,0.0089,5.9911,0.01,0.00,0,0,0.00,0.00,0,0
429056,0.00,0.00,0.64,0.00,0.00,0.00,0.00,0.0089,5.9911,0.00,0.00,0,0,0.00,0.00,0,0
429256,0.00,0.00,0.48,0.00,0.00,0.00,0.00,0.0089,5.9911,0.00,0.00,0,0,0.00,0.00,0,0
429456,0.00,0.00,0.36,0.00,0.00,0.00,0.00,0.0089,5.9911,0.00,0.00,0,0,0.00,0.00,0,0
429656,0.00,0.00,0.27,0.00,0.00,0.00,0.00,0.0089,5.9911,0.00,0.00,0,0,0.00,0.00,0,0
429856,0.00,0.00,0.20,0.00,0.00,0.00,0.00,0.0089,5.9911,0.00,0.00,0,0,0.00,0.00,0,0
430056,0.00,0.00,0.15,0.00,0.00,0.00,0.00,0.0089,5.9911,0.00,0.00,0,0,0.00,0.00,0,0
430256,0.00,0.00,0.11,0.00,0.00,0.00,0.00,0.0089,5.9911,0.00,0.00,0,0,0.00,0.00,0,0
430456,0.00,0.00,0.09,0.00,0.00,0.00,0.00,0.0089,5.9911,0.00,0.00,0,0,0.00,0.00,0,0
430656,0.00,0.00,0.06,0.00,0.00,0.00,0.00,0.0089,5.9911,0.00,0.00,0,0,0.00,0.00,0,0
430856,0.00,0.00,0.05,0.00,0.00,0.00,0.00,0.0089,5.9911,0.00,0.00,0,0,0.00,0.00,0,0
431056,0.00,0.00,0.04,0.00,0.00,0.00,0.00,0.0089,5.9911,0.00,0.00,0,0,0.00,0.00,0,0
431256,0.00,0.00,0.03,0.00,0.00,0.00,0.00,0.0089,5.9911,0.00,0.00,0,0,0.00,0.00,0,0
431456,0.00,0.00,0.02,0.00,0.00,0.00,0.00,0.0089,5.9911,0.00,0.00,0,0,0.00,0.00,0,0
431656,0.00,0.00,0.02,0.00,0.00,0.00,0.00,0.0089,5.9911,0.00,0.00,0,0,0.00,0.00,0,0
431856,0.00,0.00,0.01,0.00,0.00,0.00,0.00,0.0089,5.9911,0.00,0.00,0,0,0.00,0.00,0,0
432056,0.00,0.00,0.01,0.00,0.00,0.00,0.00,0.0089,5.9911,0.00,0.00,0,0,0.00,0.00,0,0
432256,0.00,0.00,0.01,0.00,0.00,0.00,0.00,0.0089,5.9911,0.00,0.00,0,0,0.00,0.00,0,0
432456,0.00,0.00,0.00,0.00,0.00,0.00,0.00,0.0089,5.9911,0.00,0.00,0,0,0.00,0.00,0,0
432656,0.00,0.00,0.00,0.00,0.00,0.00,0.00,0.0089,5.9911,0.00,0.00,0,0,0.00,0.00,0,0
432856,0.00,0.00,0.00,0.00,0.00,0.00,0.00,0.0089,5.9911,0.00,0.00,0,0,0.00,0.00,0,0
433056,0.00,0.00,0.00,0.00,0.00,0.00,0.00,0.0089,5.9911,0.00,0.00,0,0,0.00,0.00,0,0
433256,0.00,0.00,0.00,0.00,0.00,0.00,0.00,0.0089,5.9911,0.00,0.00,0,0,0.00,0.00,0,0
433456,0.00,0.00,0.00,0.00,0.00,0.00,0.00,0.0089,5.9911,0.00,0.00,0,0,0.00,0.00,0,0
433656,0.00,0.00,0.00,0.00,0.00,0.00,0.00,0.0089,5.9911,0.00,0.00,0,0,0.00,0.00,0,0
433856,0.00,0.00,0.00,0.00,0.00,0.00,0.00,0.0089,5.9911,0.00,0.00,0,0,0.00,0.00,0,0
434056,0.00,0.00,0.00,0.00,0.00,0.00,0.00,0.0089,5.9911,0.00,0.00,0,0,0.00,0.00,0,0
434256,0.00,0.00,0.00,0.00,0.00,0.00,0.00,0.0089,5.9911,0.00,0.00,0,0,0.00,0.00,0,0
434456,0.00,0.00,0.00,0.00,0.00,0.00,0.00,0.0089,5.9911,0.00,0.00,0,0,0.00,0.00,0,0
434656,0.00,0.00,0.00,0.00,0.00,0.00,0.00,0.0089,5.9911,0.00,0.00,0,0,0.00,0.00,0,0
434856,0.00,0.00,0.00,0.00,0.00,0.00,0.00,0.0089,5.9911,0.00,0.00,0,0,0.00,0.00,0,0
435056,0.00,0.00,0.00,0.00,0.00,0.00,0.00,0.0089,5.9911,0.00,0.00,0,0,0.00,0.00,0,0
435256,0.00,0.00,0.00,0.00,0.00,0.00,0.00,0.0089,5.9911,0.00,0.00,0,0,0.00,0.00,0,0
435456,0.00,0.00,0.00,0.00,0.00,0.00,0.00,0.0089,5.9911,0.00,0.00,0,0,0.00,0.00,0,0
435656,0.00,0.00,0.00,0.00,0.00,0.00,0.00,0.0089,5.9911,0.00,0.00,0,0,0.00,0.00,0,0
435856,0.00,0.00,0.00,0.00,0.00,0.00,0.00,0.0089,5.9911,0.00,0.00,0,0,0.00,0.00,0,0
436056,0.00,0.00,0.00,0.00,0.00,0.00,0.00,0.0089,5.9911,0.00,0.00,0,0,0.00,0.00,0,0
436256,0.00,0.00,0.00,0.00,0.00,0.00,0.00,0.0089,5.9911,0.00,0.00,0,0,0.00,0.00,0,0
436456,0.00,0.00,0.00,0.00,0.00,0.00,0.00,0.0089,5.9911,0.00,0.00,0,0,0.00,0.00,0,0
436656,0.00,0.00,0.00,0.00,0.00,0.00,0.00,0.0089,5.9911,0.00,0.00,0,0,0.00,0.00,0,0
436856,0.00,0.00,0.00,0.00,0.00,0.00,0.00,0.0089,5.9911,0.00,0.00,0,0,0.00,0.00,0,0
437056,0.00,0.00,0.00,0.00,0.00,0.00,0.00,0.0089,5.9911,0.00,0.00,0,0,0.00,0.00,0,0
437256,0.00,0.00,0.00,0.00,0.00,0.00,0.00,0.0089,5.9911,0.00,0.00,0,0,0.00,0.00,0,0
437456,0.00,0.00,0.00,0.00,0.00,0.00,0.00,0.0089,5.9911,0.00,0.00,0,0,0.00,0.00,0,0
437656,0.00,0.00,0.00,0.00,0.00,0.00,0.00,0.0089,5.9911,0.00,0.00,0,0,0.00,0.00,0,0
437856,0.00,0.00,0.00,0.00,0.00,0.00,0.00,0.0089,5.9911,0.00,0.00,0,0,0.00,0.00,0,0
438056,0.00,0.00,0.00,0.00,0.00,0.00,0.00,0.0089,5.9911,0.00,0.00,0,0,0.00,0.00,0,0
438256,0.00,0.00,0.00,0.00,0.00,0.00,0.00,0.0089,5.9911,0.00,0.00,0,0,0.00,0.00,0,0
438456,0.00,0.00,0.00,0.00,0.00,0.00,0.00,0.0089,5.9911,0.00,0.00,0,0,0.00,0.00,0,0
438656,0.00,0.00,0.00,0.00,0.00,0.00,0.00,0.0089,5.9911,0.00,0.00,0,0,0.00,0.00,0,0
438856,0.00,0.00,0.00,0.00,0.00,0.00,0.00,0.0089,5.9911,0.00,0.00,0,0,0.00,0.00,0,0
439056,0.00,0.00,0.00,0.00,0.00,0.00,0.00,0.0089,5.9911,0.00,0.00,0,0,0.00,0.00,0,0
439256,0.00,0.00,0.00,0.00,0.00,0.00,0.00,0.0089,5.9911,0.00,0.00,0,0,0.00,0.00,0,0
439456,0.00,0.00,0.00,0.00,0.00,0.00,0.00,0.0089,5.9911,0.00,0.00,0,0,0.00,0.00,0,0
439656,0.00,0.00,0.00,0.00,0.00,0.00,0.00,0.0089,5.9911,0.00,0.00,0,0,0.00,0.00,0,0
439856,0.00,0.00,0.00,0.00,0.00,0.00,0.00,0.0089,5.9911,0.00,0.00,0,0,0.00,0.00,0,0
440056,0.00,0.00,0.00,0.00,0.00,0.00,0.00,0.0089,5.9911,0.00,0.00,0,0,0.00,0.00,0,0
440256,0.00,0.00,0.00,0.00,0.00,0.00,0.00,0.0089,5.9911,0.00,0.00,0,0,0.00,0.00,0,0
440456,0.00,0.00,0.00,0.00,0.00,0.00,0.00,0.0089,5.9911,0.00,0.00,0,0,0.00,0.00,0,0
440656,0.00,0.00,0.00,0.00,0.00,0.00,0.00,0.0089,5.9911,0.00,0.00,0,0,0.00,0.00,0,0
440856,0.00,0.00,0.00,0.00,0.00,0.00,0.00,0.0089,5.9911,0.00,0.00,0,0,0.00,0.00,0,0
441056,0.00,0.00,0.00,0.00,0.00,0.00,0.00,0.0089,5.9911,0.00,0.00,0,0,0.00,0.00,0,0
441256,0.00,0.00,0.00,0.00,0.00,0.00,0.00,0.0089,5.9911,0.00,0.00,0,0,0.00,0.00,0,0
441456,0.00,0.00,0.00,0.00,0.00,0.00,0.00,0.0089,5.9911,0.00,0.00,0,0,0.00,0.00,0,0
441656,0.00,0.00,0.00,0.00,0.00,0.00,0.00,0.0089,5.9911,0.00,0.00,0,0,0.00,0.00,0,0
441856,0.00,0.00,0.00,0.00,0.00,0.00,0.00,0.0089,5.9911,0.00,0.00,0,0,0.00,0.00,0,0
442056,0.00,0.00,0.00,0.00,0.00,0.00,0.00,0.0089,5.9911,0.00,0.00,0,0,0.00,0.00,0,0
442256,0.00,0.00,0.00,0.00,0.00,0.00,0.00,0.0089,5.9911,0.00,0.00,0,0,0.00,0.00,0,0
442456,0.00,0.00,0.00,0.00,0.00,0.00,0.00,0.0089,5.9911,0.00,0.00,0,0,0.00,0.00,0,0
442656,0.00,0.00,0.00,0.00,0.00,0.00,0.00,0.0089,5.9911,0.00,0.00,0,0,0.00,0.00,0,0
442856,0.00,0.00,0.00,0.00,0.00,0.00,0.00,0.0089,5.9911,0.00,0.00,0,0,0.00,0.00,0,0
443056,0.00,0.00,0.00,0.00,0.00,0.00,0.00,0.0089,5.9911,0.00,0.00,0,0,0.00,0.00,0,0
443256,0.00,0.00,0.00,0.00,0.00,0.00,0.00,0.0089,5.9911,0.00,0.00,0,0,0.00,0.00,0,0
443456,0.00,0.00,0.00,0.00,0.00,0.00,0.00,0.0089,5.9911,0.00,0.00,0,0,0.00,0.00,0,0
443656,0.00,0.00,0.00,0.00,0.00,0.00,0.00,0.0089,5.9911,0.00,0.00,0,0,0.00,0.00,0,0
443856,0.00,0.00,0.00,0.00,0.00,0.00,0.00,0.0089,5.9911,0.00,0.00,0,0,0.00,0.00,0,0
444056,0.00,0.00,0.00,0.00,0.00,0.00,0.00,0.0089,5.9911,0.00,0.00,0,0,0.00,0.00,0,0
444256,0.00,0.00,0.00,0.00,0.00,0.00,0.00,0.0089,5.9911,0.00,0.00,0,0,0.00,0.00,0,0
444456,0.00,0.00,0.00,0.00,0.00,0.00,0.00,0.0089,5.9911,0.00,0.00,0,0,0.00,0.00,0,0
444656,0.00,0.00,0.00,0.00,0.00,0.00,0.00,0.0089,5.9911,0.00,0.00,0,0,0.00,0.00,0,0
444856,0.00,0.00,0.00,0.00,0.00,0.00,0.00,0.0089,5.9911,0.00,0.00,0,0,0.00,0.00,0,0
445056,0.00,0.00,0.00,0.00,0.00,0.00,0.00,0.0089,5.9911,0.00,0.00,0,0,0.00,0.00,0,0
445256,0.00,0.00,0.00,0.00,0.00,0.00,0.00,0.0089,5.9911,0.00,0.00,0,0,0.00,0.00,0,0
445456,0.00,0.00,0.00,0.00,0.00,0.00,0.00,0.0089,5.9911,0.00,0.00,0,0,0.00,0.00,0,0
445656,0.00,0.00,0.00,0.00,0.00,0.00,0.00,0.0089,5.9911,0.00,0.00,0,0,0.00,0.00,0,0
445856,0.00,0.00,0.00,0.00,0.00,0.00,0.00,0.0089,5.9911,0.00,0.00,0,0,0.00,0.00,0,0
446056,0.00,0.00,0.00,0.00,0.00,0.00,0.00,0.0089,5.9911,0.00,0.00,0,0,0.00,0.00,0,0
446256,0.00,0.00,0.00,0.00,0.00,0.00,0.00,0.0089,5.9911,0.00,0.00,0,0,0.00,0.00,0,0
446456,0.00,0.00,0.00,0.00,0.00,0.00,0.00,0.0089,5.9911,0.00,0.00,0,0,0.00,0.00,0,0
446656,0.00,0.00,0.00,0.00,0.00,0.00,0.00,0.0089,5.9911,0.00,0.00,0,0,0.00,0.00,0,0
446856,0.00,0.00,0.00,0.00,0.00,0.00,0.00,0.0089,5.9911,0.00,0.00,0,0,0.00,0.00,0,0
447056,0.00,0.00,0.00,0.00,0.00,0.00,0.00,0.0089,5.9911,0.00,0.00,0,0,0.00,0.00,0,0
447256,0.00,0.00,0.00,0.00,0.00,0.00,0.00,0.0089,5.9911,0.00,0.00,0,0,0.00,0.00,0,0
447456,0.00,0.00,0.00,0.00,0.00,0.00,0.00,0.0089,5.9911,0.00,0.00,0,0,0.00,0.00,0,0
447656,0.00,0.00,0.00,0.00,0.00,0.00,0.00,0.0089,5.9911,0.00,0.00,0,0,0.00,0.00,0,0
447856,0.00,0.00,0.00,0.00,0.00,0.00,0.00,0.0089,5.9911,0.00,0.00,0,0,0.00,0.00,0,0
448056,0.00,0.00,0.00,0.00,0.00,0.00,0.00,0.0089,5.9911,0.00,0.00,0,0,0.00,0.00,0,0
448256,0.00,0.00,0.00,0.00,0.00,0.00,0.00,0.0089,5.9911,0.00,0.00,0,0,0.00,0.00,0,0
448456,0.00,0.00,0.00,0.00,0.00,0.00,0.00,0.0089,5.9911,0.00,0.00,0,0,0.00,0.00,0,0
448656,0.00,0.00,0.00,0.00,0.00,0.00,0.00,0.0089,5.9911,0.00,0.00,0,0,0.00,0.00,0,0
448856,0.00,0.00,0.00,0.00,0.00,0.00,0.00,0.0089,5.9911,0.00,0.00,0,0,0.00,0.00,0,0
449056,0.00,0.00,0.00,0.00,0.00,0.00,0.00,0.0089,5.9911,0.00,0.00,0,0,0.00,0.00,0,0
449256,0.00,0.00,0.00,0.00,0.00,0.00,0.00,0.0089,5.9911,0.00,0.00,0,0,0.00,0.00,0,0
449456,0.00,0.00,0.00,0.00,0.00,0.00,0.00,0.0089,5.9911,0.00,0.00,0,0,0.00,0.00,0,0
449656,0.00,0.00,0.00,0.00,0.00,0.00,0.00,0.0089,5.9911,0.00,0.00,0,0,0.00,0.00,0,0
449856,0.00,0.00,0.00,0.00,0.00,0.00,0.00,0.0089,5.9911,0.00,0.00,0,0,0.00,0.00,0,0
450056,0.00,0.00,0.00,0.00,0.00,0.00,0.00,0.0089,5.9911,0.00,0.00,0,0,0.00,0.00,0,0
450256,0.00,0.00,0.00,0.00,0.00,0.00,0.00,0.0089,5.9911,0.00,0.00,0,0,0.00,0.00,0,0
450456,0.00,0.00,0.00,0.00,0.00,0.00,0.00,0.0089,5.9911,0.00,0.00,0,0,0.00,0.00,0,0
450656,0.00,0.00,0.00,0.00,0.00,0.00,0.00,0.0089,5.9911,0.00,0.00,0,0,0.00,0.00,0,0
450856,0.00,0.00,0.00,0.00,0.00,0.00,0.00,0.0089,5.9911,0.00,0.00,0,0,0.00,0.00,0,0
451056,0.00,0.00,0.00,0.00,0.00,0.00,0.00,0.0089,5.9911,0.00,0.00,0,0,0.00,0.00,0,0
451256,0.00,0.00,0.00,0.00,0.00,0.00,0.00,0.0089,5.9911,0.00,0.00,0,0,0.00,0.00,0,0
451456,0.00,0.00,0.00,0.00,0.00,0.00,0.00,0.0089,5.9911,0.00,0.00,0,0,0.00,0.00,0,0
451656,0.00,0.00,0.00,0.00,0.00,0.00,0.00,0.0089,5.9911,0.00,0.00,0,0,0.00,0.00,0,0
451856,0.00,0.00,0.00,0.00,0.00,0.00,0.00,0.0089,5.9911,0.00,0.00,0,0,0.00,0.00,0,0
452056,0.00,0.00,0.00,0.00,0.00,0.00,0.00,0.0089,5.9911,0.00,0.00,0,0,0.00,0.00,0,0
452256,0.00,0.00,0.00,0.00,0.00,0.00,0.00,0.0089,5.9911,0.00,0.00,0,0,0.00,0.00,0,0
452456,0.00,0.00,0.00,0.00,0.00,0.00,0.00,0.0089,5.9911,0.00,0.00,0,0,0.00,0.00,0,0
452656,0.00,0.00,0.00,0.00,0.00,0.00,0.00,0.0089,5.9911,0.00,0.00,0,0,0.00,0.00,0,0
452856,0.00,0.00,0.00,0.00,0.00,0.00,0.00,0.0089,5.9911,0.00,0.00,0,0,0.00,0.00,0,0
453056,0.00,0.00,0.00,0.00,0.00,0.00,0.00,0.0089,5.9911,0.00,0.00,0,0,0.00,0.00,0,0
453256,0.00,0.00,0.00,0.00,0.00,0.00,0.00,0.0089,5.9911,0.00,0.00,0,0,0.00,0.00,0,0
453456,0.00,0.00,0.00,0.00,0.00,0.00,0.00,0.0089,5.9911,0.00,0.00,0,0,0.00,0.00,0,0
453656,0.00,0.00,0.00,0.00,0.00,0.00,0.00,0.0089,5.9911,0.00,0.00,0,0,0.00,0.00,0,0
453856,0.00,0.00,0.00,0.00,0.00,0.00,0.00,0.0089,5.9911,0.00,0.00,0,0,0.00,0.00,0,0
454056,0.00,0.00,0.00,0.00,0.00,0.00,0.00,0.0089,5.9911,0.00,0.00,0,0,0.00,0.00,0,0
454256,0.00,0.00,0.00,0.00,0.00,0.00,0.00,0.0089,5.9911,0.00,0.00,0,0,0.00,0.00,0,0
454456,0.00,0.00,0.00,0.00,0.00,0.00,0.00,0.0089,5.9911,0.00,0.00,0,0,0.00,0.00,0,0
454656,0.00,0.00,0.00,0.00,0.00,0.00,0.00,0.0089,5.9911,0.00,0.00,0,0,0.00,0.00,0,0
454856,0.00,0.00,0.00,0.00,0.00,0.00,0.00,0.0089,5.9911,0.00,0.00,0,0,0.00,0.00,0,0
455056,0.00,0.00,0.00,0.00,0.00,0.00,0.00,0.0089,5.9911,0.00,0.00,0,0,0.00,0.00,0,0
455256,0.00,0.00,0.00,0.00,0.00,0.00,0.00,0.0089,5.9911,0.00,0.00,0,0,0.00,0.00,0,0
455456,0.00,0.00,0.00,0.00,0.00,0.00,0.00,0.0089,5.9911,0.00,0.00,0,0,0.00,0.00,0,0
455656,0.00,0.00,0.00,0.00,0.00,0.00,0.00,0.0089,5.9911,0.00,0.00,0,0,0.00,0.00,0,0
455856,0.00,0.00,0.00,0.00,0.00,0.00,0.00,0.0089,5.9911,0.00,0.00,0,0,0.00,0.00,0,0
456056,0.00,0.00,0.00,0.00,0.00,0.00,0.00,0.0089,5.9911,0.00,0.00,0,0,0.00,0.00,0,0
456256,0.00,0.00,0.00,0.00,0.00,0.00,0.00,0.0089,5.9911,0.00,0.00,0,0,0.00,0.00,0,0
456456,0.00,0.00,0.00,0.00,0.00,0.00,0.00,0.0089,5.9911,0.00,0.00,0,0,0.00,0.00,0,0
456656,0.00,0.00,0.00,0.00,0.00,0.00,0.00,0.0089,5.9911,0.00,0.00,0,0,0.00,0.00,0,0
456856,0.00,0.00,0.00,0.00,0.00,0.00,0.00,0.0089,5.9911,0.00,0.00,0,0,0.00,0.00,0,0
457056,0.00,0.00,0.00,0.00,0.00,0.00,0.00,0.0089,5.9911,0.00,0.00,0,0,0.00,0.00,0,0
457256,0.00,0.00,0.00,0.00,0.00,0.00,0.00,0.0089,5.9911,0.00,0.00,0,0,0.00,0.00,0,0
457456,0.00,0.00,0.00,0.00,0.00,0.00,0.00,0.0089,5.9911,0.00,0.00,0,0,0.00,0.00,0,0
457656,0.00,0.00,0.00,0.00,0.00,0.00,0.00,0.0089,5.9911,0.00,0.00,0,0,0.00,0.00,0,0
457856,0.00,0.00,0.00,0.00,0.00,0.00,0.00,0.0089,5.9911,0.00,0.00,0,0,0.00,0.00,0,0
458056,0.00,0.00,0.00,0.00,0.00,0.00,0.00,0.0089,5.9911,0.00,0.00,0,0,0.00,0.00,0,0
458256,0.00,0.00,0.00,0.00,0.00,0.00,0.00,0.0089,5.9911,0.00,0.00,0,0,0.00,0.00,0,0
458456,0.00,0.00,0.00,0.00,0.00,0.00,0.00,0.0089,5.9911,0.00,0.00,0,0,0.00,0.00,0,0
458656,0.00,0.00,0.00,0.00,0.00,0.00,0.00,0.0089,5.9911,0.00,0.00,0,0,0.00,0.00,0,0
458856,0.00,0.00,0.00,0.00,0.00,0.00,0.00,0.0089,5.9911,0.00,0.00,0,0,0.00,0.00,0,0
459056,0.00,0.00,0.00,0.00,0.00,0.00,0.00,0.0089,5.9911,0.00,0.00,0,0,0.00,0.00,0,0
459256,0.00,0.00,0.00,0.00,0.00,0.00,0.00,0.0089,5.9911,0.00,0.00,0,0,0.00,0.00,0,0
459456,0.00,0.00,0.00,0.00,0.00,0.00,0.00,0.0089,5.9911,0.00,0.00,0,0,0.00,0.00,0,0
459656,0.00,0.00,0.00,0.00,0.00,0.00,0.00,0.0089,5.9911,0.00,0.00,0,0,0.00,0.00,0,0
459856,0.00,0.00,0.00,0.00,0.00,0.00,0.00,0.0089,5.9911,0.00,0.00,0,0,0.00,0.00,0,0
460056,0.00,0.00,0.00,0.00,0.00,0.00,0.00,0.0089,5.9911,0.00,0.00,0,0,0.00,0.00,0,0
460256,0.00,0.00,0.00,0.00,0.00,0.00,0.00,0.0089,5.9911,0.00,0.00,0,0,0.00,0.00,0,0
460456,0.00,0.00,0.00,0.00,0.00,0.00,0.00,0.0089,5.9911,0.00,0.00,0,0,0.00,0.00,0,0
460656,0.00,0.00,0.00,0.00,0.00,0.00,0.00,0.0089,5.9911,0.00,0.00,0,0,0.00,0.00,0,0
460856,0.00,0.00,0.00,0.00,0.00,0.00,0.00,0.0089,5.9911,0.00,0.00,0,0,0.00,0.00,0,0
461056,0.00,0.00,0.00,0.00,0.00,0.00,0.00,0.0089,5.9911,0.00,0.00,0,0,0.00,0.00,0,0
461256,0.00,0.00,0.00,0.00,0.00,0.00,0.00,0.0089,5.9911,0.00,0.00,0,0,0.00,0.00,0,0
461456,0.00,0.00,0.00,0.00,0.00,0.00,0.00,0.0089,5.9911,0.00,0.00,0,0,0.00,0.00,0,0
461656,0.00,0.00,0.00,0.00,0.00,0.00,0.00,0.0089,5.9911,0.00,0.00,0,0,0.00,0.00,0,0
461856,0.00,0.00,0.00,0.00,0.00,0.00,0.00,0.0089,5.9911,0.00,0.00,0,0,0.00,0.00,0,0
462056,0.00,0.00,0.00,0.00,0.00,0.00,0.00,0.0089,5.9911,0.00,0.00,0,0,0.00,0.00,0,0
462256,0.00,0.00,0.00,0.00,0.00,0.00,0.00,0.0089,5.9911,0.00,0.00,0,0,0.00,0.00,0,0
462456,0.00,0.00,0.00,0.00,0.00,0.00,0.00,0.0089,5.9911,0.00,0.00,0,0,0.00,0.00,0,0
462656,0.00,0.00,0.00,0.00,0.00,0.00,0.00,0.0089,5.9911,0.00,0.00,0,0,0.00,0.00,0,0
462856,0.00,0.00,0.00,0.00,0.00,0.00,0.00,0.0089,5.9911,0.00,0.00,0,0,0.00,0.00,0,0
463056,0.00,0.00,0.00,0.00,0.00,0.00,0.00,0.0089,5.9911,0.00,0.00,0,0,0.00,0.00,0,0
463256,0.00,0.00,0.00,0.00,0.00,0.00,0.00,0.0089,5.9911,0.00,0.00,0,0,0.00,0.00,0,0
463456,0.00,0.00,0.00,0.00,0.00,0.00,0.00,0.0089,5.9911,0.00,0.00,0,0,0.00,0.00,0,0
463656,0.00,0.00,0.00,0.00,0.00,0.00,0.00,0.0089,5.9911,0.00,0.00,0,0,0.00,0.00,0,0
463856,0.00,0.00,0.00,0.00,0.00,0.00,0.00,0.0089,5.9911,0.00,0.00,0,0,0.00,0.00,0,0
464056,0.00,0.00,0.00,0.00,0.00,0.00,0.00,0.0089,5.9911,0.00,0.00,0,0,0.00,0.00,0,0
464256,0.00,0.00,0.00,0.00,0.00,0.00,0.00,0.0089,5.9911,0.00,0.00,0,0,0.00,0.00,0,0
464456,0.00,0.00,0.00,0.00,0.00,0.00,0.00,0.0089,5.9911,0.00,0.00,0,0,0.00,0.00,0,0
464656,0.00,0.00,0.00,0.00,0.00,0.00,0.00,0.0089,5.9911,0.00,0.00,0,0,0.00,0.00,0,0
464856,0.00,0.00,0.00,0.00,0.00,0.00,0.00,0.0089,5.9911,0.00,0.00,0,0,0.00,0.00,0,0
465056,0.00,0.00,0.00,0.00,0.00,0.00,0.00,0.0089,5.9911,0.00,0.00,0,0,0.00,0.00,0,0
465256,0.00,0.00,0.00,0.00,0.00,0.00,0.00,0.0089,5.9911,0.00,0.00,0,0,0.00,0.00,0,0
465456,0.00,0.00,0.00,0.00,0.00,0.00,0.00,0.0089,5.9911,0.00,0.00,0,0,0.00,0.00,0,0
465656,0.00,0.00,0.00,0.00,0.00,0.00,0.00,0.0089,5.9911,0.00,0.00,0,0,0.00,0.00,0,0
465856,0.00,0.00,0.00,0.00,0.00,0.00,0.00,0.0089,5.9911,0.00,0.00,0,0,0.00,0.00,0,0
466056,0.00,0.00,0.00,0.00,0.00,0.00,0.00,0.0089,5.9911,0.00,0.00,0,0,0.00,0.00,0,0
466256,0.00,0.00,0.00,0.00,0.00,0.00,0.00,0.0089,5.9911,0.00,0.00,0,0,0.00,0.00,0,0
466456,0.00,0.00,0.00,0.00,0.00,0.00,0.00,0.0089,5.9911,0.00,0.00,0,0,0.00,0.00,0,0
466656,0.00,0.00,0.00,0.00,0.00,0.00,0.00,0.0089,5.9911,0.00,0.00,0,0,0.00,0.00,0,0
466856,0.00,0.00,0.00,0.00,0.00,0.00,0.00,0.0089,5.9911,0.00,0.00,0,0,0.00,0.00,0,0
467056,0.00,0.00,0.00,0.00,0.00,0.00,0.00,0.0089,5.9911,0.00,0.00,0,0,0.00,0.00,0,0
467256,0.00,0.00,0.00,0.00,0.00,0.00,0.00,0.0089,5.9911,0.00,0.00,0,0,0.00,0.00,0,0
467456,0.00,0.00,0.00,0.00,0.00,0.00,0.00,0.0089,5.9911,0.00,0.00,0,0,0.00,0.00,0,0
467656,0.00,0.00,0.00,0.00,0.00,0.00,0.00,0.0089,5.9911,0.00,0.00,0,0,0.00,0.00,0,0
467856,0.00,0.00,0.00,0.00,0.00,0.00,0.00,0.0089,5.9911,0.00,0.00,0,0,0.00,0.00,0,0
468056,0.00,0.00,0.00,0.00,0.00,0.00,0.00,0.0089,5.9911,0.00,0.00,0,0,0.00,0.00,0,0
468256,0.00,0.00,0.00,0.00,0.00,0.00,0.00,0.0089,5.9911,0.00,0.00,0,0,0.00,0.00,0,0
468456,0.00,0.00,0.00,0.00,0.00,0.00,0.00,0.0089,5.9911,0.00,0.00,0,0,0.00,0.00,0,0
468656,0.00,0.00,0.00,0.00,0.00,0.00,0.00,0.0089,5.9911,0.00,0.00,0,0,0.00,0.00,0,0
468856,0.00,0.00,0.00,0.00,0.00,0.00,0.00,0.0089,5.9911,0.00,0.00,0,0,0.00,0.00,0,0
469056,0.00,0.00,0.00,0.00,0.00,0.00,0.00,0.0089,5.9911,0.00,0.00,0,0,0.00,0.00,0,0
469256,0.00,0.00,0.00,0.00,0.00,0.00,0.00,0.0089,5.9911,0.00,0.00,0,0,0.00,0.00,0,0
469456,0.00,0.00,0.00,0.00,0.00,0.00,0.00,0.0089,5.9911,0.00,0.00,0,0,0.00,0.00,0,0
469656,0.00,0.00,0.00,0.00,0.00,0.00,0.00,0.0089,5.9911,0.00,0.00,0,0,0.00,0.00,0,0
469856,0.00,0.00,0.00,0.00,0.00,0.00,0.00,0.0089,5.9911,0.00,0.00,0,0,0.00,0.00,0,0
470056,0.00,0.00,0.00,0.00,0.00,0.00,0.00,0.0089,5.9911,0.00,0.00,0,0,0.00,0.00,0,0
470256,0.00,0.00,0.00,0.00,0.00,0.00,0.00,0.0089,5.9911,0.00,0.00,0,0,0.00,0.00,0,0
470456,0.00,0.00,0.00,0.00,0.00,0.00,0.00,0.0089,5.9911,0.00,0.00,0,0,0.00,0.00,0,0
470656,0.00,0.00,0.00,0.00,0.00,0.00,0.00,0.0089,5.9911,0.00,0.00,0,0,0.00,0.00,0,0
470856,0.00,0.00,0.00,0.00,0.00,0.00,0.00,0.0089,5.9911,0.00,0.00,0,0,0.00,0.00,0,0
471056,0.00,0.00,0.00,0.00,0.00,0.00,0.00,0.0089,5.9911,0.00,0.00,0,0,0.00,0.00,0,0
471256,0.00,0.00,0.00,0.00,0.00,0.00,0.00,0.0089,5.9911,0.00,0.00,0,0,0.00,0.00,0,0
471456,0.00,0.00,0.00,0.00,0.00,0.00,0.00,0.0089,5.9911,0.00,0.00,0,0,0.00,0.00,0,0
471656,0.00,0.00,0.00,0.00,0.00,0.00,0.00,0.0089,5.9911,0.00,0.00,0,0,0.00,0.00,0,0
471856,0.00,0.00,0.00,0.00,0.00,0.00,0.00,0.0089,5.9911,0.00,0.00,0,0,0.00,0.00,0,0
472056,0.00,0.00,0.00,0.00,0.00,0.00,0.00,0.0089,5.9911,0.00,0.00,0,0,0.00,0.00,0,0
472256,0.00,0.00,0.00,0.00,0.00,0.00,0.00,0.0089,5.9911,0.00,0.00,0,0,0.00,0.00,0,0
472456,0.00,0.00,0.00,0.00,0.00,0.00,0.00,0.0089,5.9911,0.00,0.00,0,0,0.00,0.00,0,0
472656,0.00,0.00,0.00,0.00,0.00,0.00,0.00,0.0089,5.9911,0.00,0.00,0,0,0.00,0.00,0,0
472856,0.00,0.00,0.00,0.00,0.00,0.00,0.00,0.0089,5.9911,0.00,0.00,0,0,0.00,0.00,0,0
473056,0.00,0.00,0.00,0.00,0.00,0.00,0.00,0.0089,5.9911,0.00,0.00,0,0,0.00,0.00,0,0
473256,0.00,0.00,0.00,0.00,0.00,0.00,0.00,0.0089,5.9911,0.00,0.00,0,0,0.00,0.00,0,0
473456,0.00,0.00,0.00,0.00,0.00,0.00,0.00,0.0089,5.9911,0.00,0.00,0,0,0.00,0.00,0,0
473656,0.00,0.00,0.00,0.00,0.00,0.00,0.00,0.0089,5.9911,0.00,0.00,0,0,0.00,0.00,0,0
473856,0.00,0.00,0.00,0.00,0.00,0.00,0.00,0.0089,5.9911,0.00,0.00,0,0,0.00,0.00,0,0
474056,0.00,0.00,0.00,0.00,0.00,0.00,0.00,0.0089,5.9911,0.00,0.00,0,0,0.00,0.00,0,0
474256,0.00,0.00,0.00,0.00,0.00,0.00,0.00,0.0089,5.9911,0.00,0.00,0,0,0.00,0.00,0,0
474456,0.00,0.00,0.00,0.00,0.00,0.00,0.00,0.0089,5.9911,0.00,0.00,0,0,0.00,0.00,0,0
474656,0.00,0.00,0.00,0.00,0.00,0.00,0.00,0.0089,5.9911,0.00,0.00,0,0,0.00,0.00,0,0
474856,0.00,0.00,0.00,0.00,0.00,0.00,0.00,0.0089,5.9911,0.00,0.00,0,0,0.00,0.00,0,0
475056,0.00,0.00,0.00,0.00,0.00,0.00,0.00,0.0089,5.9911,0.00,0.00,0,0,0.00,0.00,0,0
475256,0.00,0.00,0.00,0.00,0.00,0.00,0.00,0.0089,5.9911,0.00,0.00,0,0,0.00,0.00,0,0
475456,0.00,0.00,0.00,0.00,0.00,0.00,0.00,0.0089,5.9911,0.00,0.00,0,0,0.00,0.00,0,0
475656,0.00,0.00,0.00,0.00,0.00,0.00,0.00,0.0089,5.9911,0.00,0.00,0,0,0.00,0.00,0,0
475856,0.00,0.00,0.00,0.00,0.00,0.00,0.00,0.0089,5.9911,0.00,0.00,0,0,0.00,0.00,0,0
476056,0.00,0.00,0.00,0.00,0.00,0.00,0.00,0.0089,5.9911,0.00,0.00,0,0,0.00,0.00,0,0
476256,0.00,0.00,0.00,0.00,0.00,0.00,0.00,0.0089,5.9911,0.00,0.00,0,0,0.00,0.00,0,0
476456,0.00,0.00,0.00,0.00,0.00,0.00,0.00,0.0089,5.9911,0.00,0.00,0,0,0.00,0.00,0,0
476656,0.00,0.00,0.00,0.00,0.00,0.00,0.00,0.0089,5.9911,0.00,0.00,0,0,0.00,0.00,0,0
476856,0.00,0.00,0.00,0.00,0.00,0.00,0.00,0.0089,5.9911,0.00,0.00,0,0,0.00,0.00,0,0
477056,0.00,0.00,0.00,0.00,0.00,0.00,0.00,0.0089,5.9911,0.00,0.00,0,0,0.00,0.00,0,0
477256,0.00,0.00,0.00,0.00,0.00,0.00,0.00,0.0089,5.9911,0.00,0.00,0,0,0.00,0.00,0,0
477456,0.00,0.00,0.00,0.00,0.00,0.00,0.00,0.0089,5.9911,0.00,0.00,0,0,0.00,0.00,0,0
477656,0.00,0.00,0.00,0.00,0.00,0.00,0.00,0.0089,5.9911,0.00,0.00,0,0,0.00,0.00,0,0
477856,0.00,0.00,0.00,0.00,0.00,0.00,0.00,0.0089,5.9911,0.00,0.00,0,0,0.00,0.00,0,0
478056,0.00,0.00,0.00,0.00,0.00,0.00,0.00,0.0089,5.9911,0.00,0.00,0,0,0.00,0.00,0,0
478256,0.00,0.00,0.00,0.00,0.00,0.00,0.00,0.0089,5.9911,0.00,0.00,0,0,0.00,0.00,0,0
478456,0.00,0.00,0.00,0.00,0.00,0.00,0.00,0.0089,5.9911,0.00,0.00,0,0,0.00,0.00,0,0
478656,0.00,0.00,0.00,0.00,0.00,0.00,0.00,0.0089,5.9911,0.00,0.00,0,0,0.00,0.00,0,0
478856,0.00,0.00,0.00,0.00,0.00,0.00,0.00,0.0089,5.9911,0.00,0.00,0,0,0.00,0.00,0,0
479056,0.00,0.00,0.00,0.00,0.00,0.00,0.00,0.0089,5.9911,0.00,0.00,0,0,0.00,0.00,0,0
479256,0.00,0.00,0.00,0.00,0.00,0.00,0.00,0.0089,5.9911,0.00,0.00,0,0,0.00,0.00,0,0
479456,0.00,0.00,0.00,0.00,0.00,0.00,0.00,0.0089,5.9911,0.00,0.00,0,0,0.00,0.00,0,0
479656,0.00,0.00,0.00,0.00,0.00,0.00,0.00,0.0089,5.9911,0.00,0.00,0,0,0.00,0.00,0,0
479856,0.00,0.00,0.00,0.00,0.00,0.00,0.00,0.0089,5.9911,0.00,0.00,0,0,0.00,0.00,0,0
480056,0.00,0.00,0.00,0.00,0.00,0.00,0.00,0.0089,5.9911,0.00,0.00,0,0,0.00,0.00,0,0
480256,0.00,0.00,0.00,0.00,0.00,0.00,0.00,0.0089,5.9911,0.00,0.00,0,0,0.00,0.00,0,0
480456,0.00,0.00,0.00,0.00,0.00,0.00,0.00,0.0089,5.9911,0.00,0.00,0,0,0.00,0.00,0,0
480656,0.00,0.00,0.00,0.00,0.00,0.00,0.00,0.0089,5.9911,0.00,0.00,0,0,0.00,0.00,0,0
480856,0.00,0.00,0.00,0.00,0.00,0.00,0.00,0.0089,5.9911,0.00,0.00,0,0,0.00,0.00,0,0
481056,0.00,0.00,0.00,0.00,0.00,0.00,0.00,0.0089,5.9911,0.00,0.00,0,0,0.00,0.00,0,0
481256,0.00,0.00,0.00,0.00,0.00,0.00,0.00,0.0089,5.9911,0.00,0.00,0,0,0.00,0.00,0,0
481456,0.00,0.00,0.00,0.00,0.00,0.00,0.00,0.0089,5.9911,0.00,0.00,0,0,0.00,0.00,0,0
481656,0.00,0.00,0.00,0.00,0.00,0.00,0.00,0.0089,5.9911,0.00,0.00,0,0,0.00,0.00,0,0
481856,0.00,0.00,0.00,0.00,0.00,0.00,0.00,0.0089,5.9911,0.00,0.00,0,0,0.00,0.00,0,0
482056,0.00,0.00,0.00,0.00,0.00,0.00,0.00,0.0089,5.9911,0.00,0.00,0,0,0.00,0.00,0,0
482256,0.00,0.00,0.00,0.00,0.00,0.00,0.00,0.0089,5.9911,0.00,0.00,0,0,0.00,0.00,0,0
482456,0.00,0.00,0.00,0.00,0.00,0.00,0.00,0.0089,5.9911,0.00,0.00,0,0,0.00,0.00,0,0
482656,0.00,0.00,0.00,0.00,0.00,0.00,0.00,0.0089,5.9911,0.00,0.00,0,0,0.00,0.00,0,0
482856,0.00,0.00,0.00,0.00,0.00,0.00,0.00,0.0089,5.9911,0.00,0.00,0,0,0.00,0.00,0,0
483056,0.00,0.00,0.00,0.00,0.00,0.00,0.00,0.0089,5.9911,0.00,0.00,0,0,0.00,0.00,0,0
483256,0.00,0.00,0.00,0.00,0.00,0.00,0.00,0.0089,5.9911,0.00,0.00,0,0,0.00,0.00,0,0
483456,0.00,0.00,0.00,0.00,0.00,0.00,0.00,0.0089,5.9911,0.00,0.00,0,0,0.00,0.00,0,0
483656,0.00,0.00,0.00,0.00,0.00,0.00,0.00,0.0089,5.9911,0.00,0.00,0,0,0.00,0.00,0,0
483856,0.00,0.00,0.00,0.00,0.00,0.00,0.00,0.0089,5.9911,0.00,0.00,0,0,0.00,0.00,0,0
484056,0.00,0.00,0.00,0.00,0.00,0.00,0.00,0.0089,5.9911,0.00,0.00,0,0,0.00,0.00,0,0
484256,0.00,0.00,0.00,0.00,0.00,0.00,0.00,0.0089,5.9911,0.00,0.00,0,0,0.00,0.00,0,0
484456,0.00,0.00,0.00,0.00,0.00,0.00,0.00,0.0089,5.9911,0.00,0.00,0,0,0.00,0.00,0,0
484656,0.00,0.00,0.00,0.00,0.00,0.00,0.00,0.0089,5.9911,0.00,0.00,0,0,0.00,0.00,0,0
484856,0.00,0.00,0.00,0.00,0.00,0.00,0.00,0.0089,5.9911,0.00,0.00,0,0,0.00,0.00,0,0
485056,0.00,0.00,0.00,0.00,0.00,0.00,0.00,0.0089,5.9911,0.00,0.00,0,0,0.00,0.00,0,0
485256,0.00,0.00,0.00,0.00,0.00,0.00,0.00,0.0089,5.9911,0.00,0.00,0,0,0.00,0.00,0,0
485456,0.00,0.00,0.00,0.00,0.00,0.00,0.00,0.0089,5.9911,0.00,0.00,0,0,0.00,0.00,0,0
485656,0.00,0.00,0.00,0.00,0.00,0.00,0.00,0.0089,5.9911,0.00,0.00,0,0,0.00,0.00,0,0
485856,0.00,0.00,0.00,0.00,0.00,0.00,0.00,0.0089,5.9911,0.00,0.00,0,0,0.00,0.00,0,0
486056,0.00,0.00,0.00,0.00,0.00,0.00,0.00,0.0089,5.9911,0.00,0.00,0,0,0.00,0.00,0,0
486256,0.00,0.00,0.00,0.00,0.00,0.00,0.00,0.0089,5.9911,0.00,0.00,0,0,0.00,0.00,0,0
486456,0.00,0.00,0.00,0.00,0.00,0.00,0.00,0.0089,5.9911,0.00,0.00,0,0,0.00,0.00,0,0
486656,0.00,0.00,0.00,0.00,0.00,0.00,0.00,0.0089,5.9911,0.00,0.00,0,0,0.00,0.00,0,0
486856,0.00,0.00,0.00,0.00,0.00,0.00,0.00,0.0089,5.9911,0.00,0.00,0,0,0.00,0.00,0,0
487056,0.00,0.00,0.00,0.00,0.00,0.00,0.00,0.0089,5.9911,0.00,0.00,0,0,0.00,0.00,0,0
487256,0.00,0.00,0.00,0.00,0.00,0.00,0.00,0.0089,5.9911,0.00,0.00,0,0,0.00,0.00,0,0
487456,0.00,0.00,0.00,0.00,0.00,0.00,0.00,0.0089,5.9911,0.00,0.00,0,0,0.00,0.00,0,0
487656,0.00,0.00,0.00,0.00,0.00,0.00,0.00,0.0089,5.9911,0.00,0.00,0,0,0.00,0.00,0,0
487856,0.00,0.00,0.00,0.00,0.00,0.00,0.00,0.0089,5.9911,0.00,0.00,0,0,0.00,0.00,0,0
488056,0.00,0.00,0.00,0.00,0.00,0.00,0.00,0.0089,5.9911,0.00,0.00,0,0,0.00,0.00,0,0
488256,0.00,0.00,0.00,0.00,0.00,0.00,0.00,0.0089,5.9911,0.00,0.00,0,0,0.00,0.00,0,0
488456,0.00,0.00,0.00,0.00,0.00,0.00,0.00,0.0089,5.9911,0.00,0.00,0,0,0.00,0.00,0,0
488656,0.00,0.00,0.00,0.00,0.00,0.00,0.00,0.0089,5.9911,0.00,0.00,0,0,0.00,0.00,0,0
488856,0.00,0.00,0.00,0.00,0.00,0.00,0.00,0.0089,5.9911,0.00,0.00,0,0,0.00,0.00,0,0
489056,0.00,0.00,0.00,0.00,0.00,0.00,0.00,0.0089,5.9911,0.00,0.00,0,0,0.00,0.00,0,0
489256,0.00,0.00,0.00,0.00,0.00,0.00,0.00,0.0089,5.9911,0.00,0.00,0,0,0.00,0.00,0,0
489456,0.00,0.00,0.00,0.00,0.00,0.00,0.00,0.0089,5.9911,0.00,0.00,0,0,0.00,0.00,0,0
489656,0.00,0.00,0.00,0.00,0.00,0.00,0.00,0.0089,5.9911,0.00,0.00,0,0,0.00,0.00,0,0
489856,0.00,0.00,0.00,0.00,0.00,0.00,0.00,0.0089,5.9911,0.00,0.00,0,0,0.00,0.00,0,0
490056,0.00,0.00,0.00,0.00,0.00,0.00,0.00,0.0089,5.9911,0.00,0.00,0,0,0.00,0.00,0,0
490256,0.00,0.00,0.00,0.00,0.00,0.00,0.00,0.0089,5.9911,0.00,0.00,0,0,0.00,0.00,0,0
490456,0.00,0.00,0.00,0.00,0.00,0.00,0.00,0.0089,5.9911,0.00,0.00,0,0,0.00,0.00,0,0
490656,0.00,0.00,0.00,0.00,0.00,0.00,0.00,0.0089,5.9911,0.00,0.00,0,0,0.00,0.00,0,0
490856,0.00,0.00,0.00,0.00,0.00,0.00,0.00,0.0089,5.9911,0.00,0.00,0,0,0.00,0.00,0,0
491056,0.00,0.00,0.00,0.00,0.00,0.00,0.00,0.0089,5.9911,0.00,0.00,0,0,0.00,0.00,0,0
491256,0.00,0.00,0.00,0.00,0.00,0.00,0.00,0.0089,5.9911,0.00,0.00,0,0,0.00,0.00,0,0
491456,0.00,0.00,0.00,0.00,0.00,0.00,0.00,0.0089,5.9911,0.00,0.00,0,0,0.00,0.00,0,0
491656,0.00,0.00,0.00,0.00,0.00,0.00,0.00,0.0089,5.9911,0.00,0.00,0,0,0.00,0.00,0,0
491856,0.00,0.00,0.00,0.00,0.00,0.00,0.00,0.0089,5.9911,0.00,0.00,0,0,0.00,0.00,0,0
492056,0.00,0.00,0.00,0.00,0.00,0.00,0.00,0.0089,5.9911,0.00,0.00,0,0,0.00,0.00,0,0
492256,0.00,0.00,0.00,0.00,0.00,0.00,0.00,0.0089,5.9911,0.00,0.00,0,0,0.00,0.00,0,0
492456,0.00,0.00,0.00,0.00,0.00,0.00,0.00,0.0089,5.9911,0.00,0.00,0,0,0.00,0.00,0,0
492656,0.00,0.00,0.00,0.00,0.00,0.00,0.00,0.0089,5.9911,0.00,0.00,0,0,0.00,0.00,0,0
492856,0.00,0.00,0.00,0.00,0.00,0.00,0.00,0.0089,5.9911,0.00,0.00,0,0,0.00,0.00,0,0
493056,0.00,0.00,0.00,0.00,0.00,0.00,0.00,0.0089,5.9911,0.00,0.00,0,0,0.00,0.00,0,0
493256,0.00,0.00,0.00,0.00,0.00,0.00,0.00,0.0089,5.9911,0.00,0.00,0,0,0.00,0.00,0,0
493456,0.00,0.00,0.00,0.00,0.00,0.00,0.00,0.0089,5.9911,0.00,0.00,0,0,0.00,0.00,0,0
493656,0.00,0.00,0.00,0.00,0.00,0.00,0.00,0.0089,5.9911,0.00,0.00,0,0,0.00,0.00,0,0
493856,0.00,0.00,0.00,0.00,0.00,0.00,0.00,0.0089,5.9911,0.00,0.00,0,0,0.00,0.00,0,0
494056,0.00,0.00,0.00,0.00,0.00,0.00,0.00,0.0089,5.9911,0.00,0.00,0,0,0.00,0.00,0,0
494256,0.00,0.00,0.00,0.00,0.00,0.00,0.00,0.0089,5.9911,0.00,0.00,0,0,0.00,0.00,0,0
494456,0.00,0.00,0.00,0.00,0.00,0.00,0.00,0.0089,5.9911,0.00,0.00,0,0,0.00,0.00,0,0
494656,0.00,0.00,0.00,0.00,0.00,0.00,0.00,0.0089,5.9911,0.00,0.00,0,0,0.00,0.00,0,0
494856,0.00,0.00,0.00,0.00,0.00,0.00,0.00,0.0089,5.9911,0.00,0.00,0,0,0.00,0.00,0,0
495056,0.00,0.00,0.00,0.00,0.00,0.00,0.00,0.0089,5.9911,0.00,0.00,0,0,0.00,0.00,0,0
495256,0.00,0.00,0.00,0.00,0.00,0.00,0.00,0.0089,5.9911,0.00,0.00,0,0,0.00,0.00,0,0
495456,0.00,0.00,0.00,0.00,0.00,0.00,0.00,0.0089,5.9911,0.00,0.00,0,0,0.00,0.00,0,0
495656,0.00,0.00,0.00,0.00,0.00,0.00,0.00,0.0089,5.9911,0.00,0.00,0,0,0.00,0.00,0,0
495856,0.00,0.00,0.00,0.00,0.00,0.00,0.00,0.0089,5.9911,0.00,0.00,0,0,0.00,0.00,0,0
496056,0.00,0.00,0.00,0.00,0.00,0.00,0.00,0.0089,5.9911,0.00,0.00,0,0,0.00,0.00,0,0
496256,0.00,0.00,0.00,0.00,0.00,0.00,0.00,0.0089,5.9911,0.00,0.00,0,0,0.00,0.00,0,0
496456,0.00,0.00,0.00,0.00,0.00,0.00,0.00,0.0089,5.9911,0.00,0.00,0,0,0.00,0.00,0,0
496656,0.00,0.00,0.00,0.00,0.00,0.00,0.00,0.0089,5.9911,0.00,0.00,0,0,0.00,0.00,0,0
496856,0.00,0.00,0.00,0.00,0.00,0.00,0.00,0.0089,5.9911,0.00,0.00,0,0,0.00,0.00,0,0
497056,0.00,0.00,0.00,0.00,0.00,0.00,0.00,0.0089,5.9911,0.00,0.00,0,0,0.00,0.00,0,0
497256,0.00,0.00,0.00,0.00,0.00,0.00,0.00,0.0089,5.9911,0.00,0.00,0,0,0.00,0.00,0,0
497456,0.00,0.00,0.00,0.00,0.00,0.00,0.00,0.0089,5.9911,0.00,0.00,0,0,0.00,0.00,0,0
497656,0.00,0.00,0.00,0.00,0.00,0.00,0.00,0.0089,5.9911,0.00,0.00,0,0,0.00,0.00,0,0
497856,0.00,0.00,0.00,0.00,0.00,0.00,0.00,0.0089,5.9911,0.00,0.00,0,0,0.00,0.00,0,0
498056,0.00,0.00,0.00,0.00,0.00,0.00,0.00,0.0089,5.9911,0.00,0.00,0,0,0.00,0.00,0,0
498256,0.00,0.00,0.00,0.00,0.00,0.00,0.00,0.0089,5.9911,0.00,0.00,0,0,0.00,0.00,0,0
498456,0.00,0.00,0.00,0.00,0.00,0.00,0.00,0.0089,5.9911,0.00,0.00,0,0,0.00,0.00,0,0
498656,0.00,0.00,0.00,0.00,0.00,0.00,0.00,0.0089,5.9911,0.00,0.00,0,0,0.00,0.00,0,0
498856,0.00,0.00,0.00,0.00,0.00,0.00,0.00,0.0089,5.9911,0.00,0.00,0,0,0.00,0.00,0,0
499056,0.00,0.00,0.00,0.00,0.00,0.00,0.00,0.0089,5.9911,0.00,0.00,0,0,0.00,0.00,0,0
499256,0.00,0.00,0.00,0.00,0.00,0.00,0.00,0.0089,5.9911,0.00,0.00,0,0,0.00,0.00,0,0
499456,0.00,0.00,0.00,0.00,0.00,0.00,0.00,0.0089,5.9911,0.00,0.00,0,0,0.00,0.00,0,0
499656,0.00,0.00,0.00,0.00,0.00,0.00,0.00,0.0089,5.9911,0.00,0.00,0,0,0.00,0.00,0,0
499856,0.00,0.00,0.00,0.00,0.00,0.00,0.00,0.0089,5.9911,0.00,0.00,0,0,0.00,0.00,0,0
500056,0.00,0.00,0.00,0.00,0.00,0.00,0.00,0.0089,5.9911,0.00,0.00,0,0,0.00,0.00,0,0
500256,0.00,0.00,0.00,0.00,0.00,0.00,0.00,0.0089,5.9911,0.00,0.00,0,0,0.00,0.00,0,0
500456,0.00,0.00,0.00,0.00,0.00,0.00,0.00,0.0089,5.9911,0.00,0.00,0,0,0.00,0.00,0,0
500656,0.00,0.00,0.00,0.00,0.00,0.00,0.00,0.0089,5.9911,0.00,0.00,0,0,0.00,0.00,0,0
500856,0.00,0.00,0.00,0.00,0.00,0.00,0.00,0.0089,5.9911,0.00,0.00,0,0,0.00,0.00,0,0
501056,0.00,0.00,0.00,0.00,0.00,0.00,0.00,0.0089,5.9911,0.00,0.00,0,0,0.00,0.00,0,0
501256,0.00,0.00,0.00,0.00,0.00,0.00,0.00,0.0089,5.9911,0.00,0.00,0,0,0.00,0.00,0,0
501456,0.00,0.00,0.00,0.00,0.00,0.00,0.00,0.0089,5.9911,0.00,0.00,0,0,0.00,0.00,0,0
501656,0.00,0.00,0.00,0.00,0.00,0.00,0.00,0.0089,5.9911,0.00,0.00,0,0,0.00,0.00,0,0
501856,0.00,0.00,0.00,0.00,0.00,0.00,0.00,0.0089,5.9911,0.00,0.00,0,0,0.00,0.00,0,0
502056,0.00,0.00,0.00,0.00,0.00,0.00,0.00,0.0089,5.9911,0.00,0.00,0,0,0.00,0.00,0,0
502256,0.00,0.00,0.00,0.00,0.00,0.00,0.00,0.0089,5.9911,0.00,0.00,0,0,0.00,0.00,0,0
502456,0.00,0.00,0.00,0.00,0.00,0.00,0.00,0.0089,5.9911,0.00,0.00,0,0,0.00,0.00,0,0
502656,0.00,0.00,0.00,0.00,0.00,0.00,0.00,0.0089,5.9911,0.00,0.00,0,0,0.00,0.00,0,0
502856,0.00,0.00,0.00,0.00,0.00,0.00,0.00,0.0089,5.9911,0.00,0.00,0,0,0.00,0.00,0,0
503056,0.00,0.00,0.00,0.00,0.00,0.00,0.00,0.0089,5.9911,0.00,0.00,0,0,0.00,0.00,0,0
503256,0.00,0.00,0.00,0.00,0.00,0.00,0.00,0.0089,5.9911,0.00,0.00,0,0,0.00,0.00,0,0
503456,0.00,0.00,0.00,0.00,0.00,0.00,0.00,0.0089,5.9911,0.00,0.00,0,0,0.00,0.00,0,0
503656,0.00,0.00,0.00,0.00,0.00,0.00,0.00,0.0089,5.9911,0.00,0.00,0,0,0.00,0.00,0,0
503856,0.00,0.00,0.00,0.00,0.00,0.00,0.00,0.0089,5.9911,0.00,0.00,0,0,0.00,0.00,0,0
504056,0.00,0.00,0.00,0.00,0.00,0.00,0.00,0.0089,5.9911,0.00,0.00,0,0,0.00,0.00,0,0
504256,0.00,0.00,0.00,0.00,0.00,0.00,0.00,0.0089,5.9911,0.00,0.00,0,0,0.00,0.00,0,0
504456,0.00,0.00,0.00,0.00,0.00,0.00,0.00,0.0089,5.9911,0.00,0.00,0,0,0.00,0.00,0,0
504656,0.00,0.00,0.00,0.00,0.00,0.00,0.00,0.0089,5.9911,0.00,0.00,0,0,0.00,0.00,0,0
504856,0.00,0.00,0.00,0.00,0.00,0.00,0.00,0.0089,5.9911,0.00,0.00,0,0,0.00,0.00,0,0
505056,0.00,0.00,0.00,0.00,0.00,0.00,0.00,0.0089,5.9911,0.00,0.00,0,0,0.00,0.00,0,0
505256,0.00,0.00,0.00,0.00,0.00,0.00,0.00,0.0089,5.9911,0.00,0.00,0,0,0.00,0.00,0,0
505456,0.00,0.00,0.00,0.00,0.00,0.00,0.00,0.0089,5.9911,0.00,0.00,0,0,0.00,0.00,0,0
505656,0.00,0.00,0.00,0.00,0.00,0.00,0.00,0.0089,5.9911,0.00,0.00,0,0,0.00,0.00,0,0
505856,0.00,0.00,0.00,0.00,0.00,0.00,0.00,0.0089,5.9911,0.00,0.00,0,0,0.00,0.00,0,0
506056,0.00,0.00,0.00,0.00,0.00,0.00,0.00,0.0089,5.9911,0.00,0.00,0,0,0.00,0.00,0,0
506256,0.00,0.00,0.00,0.00,0.00,0.00,0.00,0.0089,5.9911,0.00,0.00,0,0,0.00,0.00,0,0
506456,0.00,0.00,0.00,0.00,0.00,0.00,0.00,0.0089,5.9911,0.00,0.00,0,0,0.00,0.00,0,0
506656,0.00,0.00,0.00,0.00,0.00,0.00,0.00,0.0089,5.9911,0.00,0.00,0,0,0.00,0.00,0,0
506856,0.00,0.00,0.00,0.00,0.00,0.00,0.00,0.0089,5.9911,0.00,0.00,0,0,0.00,0.00,0,0
507056,0.00,0.00,0.00,0.00,0.00,0.00,0.00,0.0089,5.9911,0.00,0.00,0,0,0.00,0.00,0,0
507256,0.00,0.00,0.00,0.00,0.00,0.00,0.00,0.0089,5.9911,0.00,0.00,0,0,0.00,0.00,0,0
507456,0.00,0.00,0.00,0.00,0.00,0.00,0.00,0.0089,5.9911,0.00,0.00,0,0,0.00,0.00,0,0
507656,0.00,0.00,0.00,0.00,0.00,0.00,0.00,0.0089,5.9911,0.00,0.00,0,0,0.00,0.00,0,0
507856,0.00,0.00,0.00,0.00,0.00,0.00,0.00,0.0089,5.9911,0.00,0.00,0,0,0.00,0.00,0,0
508056,0.00,0.00,0.00,0.00,0.00,0.00,0.00,0.0089,5.9911,0.00,0.00,0,0,0.00,0.00,0,0
508256,0.00,0.00,0.00,0.00,0.00,0.00,0.00,0.0089,5.9911,0.00,0.00,0,0,0.00,0.00,0,0
508456,0.00,0.00,0.00,0.00,0.00,0.00,0.00,0.0089,5.9911,0.00,0.00,0,0,0.00,0.00,0,0
508656,0.00,0.00,0.00,0.00,0.00,0.00,0.00,0.0089,5.9911,0.00,0.00,0,0,0.00,0.00,0,0
508856,0.00,0.00,0.00,0.00,0.00,0.00,0.00,0.0089,5.9911,0.00,0.00,0,0,0.00,0.00,0,0
509056,0.00,0.00,0.00,0.00,0.00,0.00,0.00,0.0089,5.9911,0.00,0.00,0,0,0.00,0.00,0,0
509256,0.00,0.00,0.00,0.00,0.00,0.00,0.00,0.0089,5.9911,0.00,0.00,0,0,0.00,0.00,0,0
509456,0.00,0.00,0.00,0.00,0.00,0.00,0.00,0.0089,5.9911,0.00,0.00,0,0,0.00,0.00,0,0
509656,0.00,0.00,0.00,0.00,0.00,0.00,0.00,0.0089,5.9911,0.00,0.00,0,0,0.00,0.00,0,0
509856,0.00,0.00,0.00,0.00,0.00,0.00,0.00,0.0089,5.9911,0.00,0.00,0,0,0.00,0.00,0,0
510056,0.00,0.00,0.00,0.00,0.00,0.00,0.00,0.0089,5.9911,0.00,0.00,0,0,0.00,0.00,0,0
510256,0.00,0.00,0.00,0.00,0.00,0.00,0.00,0.0089,5.9911,0.00,0.00,0,0,0.00,0.00,0,0
510456,0.00,0.00,0.00,0.00,0.00,0.00,0.00,0.0089,5.9911,0.00,0.00,0,0,0.00,0.00,0,0
510656,0.00,0.00,0.00,0.00,0.00,0.00,0.00,0.0089,5.9911,0.00,0.00,0,0,0.00,0.00,0,0
510856,0.00,0.00,0.00,0.00,0.00,0.00,0.00,0.0089,5.9911,0.00,0.00,0,0,0.00,0.00,0,0
511057,0.00,0.00,0.00,0.00,0.00,0.00,0.00,0.0089,5.9911,0.00,0.00,0,0,0.00,0.00,0,0
511256,0.00,0.00,0.00,0.00,0.00,0.00,0.00,0.0089,5.9911,0.00,0.00,0,0,0.00,0.00,0,0
511456,0.00,0.00,0.00,0.00,0.00,0.00,0.00,0.0089,5.9911,0.00,0.00,0,0,0.00,0.00,0,0
511656,0.00,0.00,0.00,0.00,0.00,0.00,0.00,0.0089,5.9911,0.00,0.00,0,0,0.00,0.00,0,0
511856,0.00,0.00,0.00,0.00,0.00,0.00,0.00,0.0089,5.9911,0.00,0.00,0,0,0.00,0.00,0,0
512056,0.00,0.00,0.00,0.00,0.00,0.00,0.00,0.0089,5.9911,0.00,0.00,0,0,0.00,0.00,0,0
512256,0.00,0.00,0.00,0.00,0.00,0.00,0.00,0.0089,5.9911,0.00,0.00,0,0,0.00,0.00,0,0
512456,0.00,0.00,0.00,0.00,0.00,0.00,0.00,0.0089,5.9911,0.00,0.00,0,0,0.00,0.00,0,0
512656,0.00,0.00,0.00,0.00,0.00,0.00,0.00,0.0089,5.9911,0.00,0.00,0,0,0.00,0.00,0,0
512856,0.00,0.00,0.00,0.00,0.00,0.00,0.00,0.0089,5.9911,0.00,0.00,0,0,0.00,0.00,0,0
513056,0.00,0.00,0.00,0.00,0.00,0.00,0.00,0.0089,5.9911,0.00,0.00,0,0,0.00,0.00,0,0
513256,0.00,0.00,0.00,0.00,0.00,0.00,0.00,0.0089,5.9911,0.00,0.00,0,0,0.00,0.00,0,0
513456,0.00,0.00,0.00,0.00,0.00,0.00,0.00,0.0089,5.9911,0.00,0.00,0,0,0.00,0.00,0,0
513656,0.00,0.00,0.00,0.00,0.00,0.00,0.00,0.0089,5.9911,0.00,0.00,0,0,0.00,0.00,0,0
513856,0.00,0.00,0.00,0.00,0.00,0.00,0.00,0.0089,5.9911,0.00,0.00,0,0,0.00,0.00,0,0
514056,0.00,0.00,0.00,0.00,0.00,0.00,0.00,0.0089,5.9911,0.00,0.00,0,0,0.00,0.00,0,0
514256,0.00,0.00,0.00,0.00,0.00,0.00,0.00,0.0089,5.9911,0.00,0.00,0,0,0.00,0.00,0,0
514456,0.00,0.00,0.00,0.00,0.00,0.00,0.00,0.0089,5.9911,0.00,0.00,0,0,0.00,0.00,0,0
514656,0.00,0.00,0.00,0.00,0.00,0.00,0.00,0.0089,5.9911,0.00,0.00,0,0,0.00,0.00,0,0
514856,0.00,0.00,0.00,0.00,0.00,0.00,0.00,0.0089,5.9911,0.00,0.00,0,0,0.00,0.00,0,0
515056,0.00,0.00,0.00,0.00,0.00,0.00,0.00,0.0089,5.9911,0.00,0.00,0,0,0.00,0.00,0,0
515256,0.00,0.00,0.00,0.00,0.00,0.00,0.00,0.0089,5.9911,0.00,0.00,0,0,0.00,0.00,0,0
515456,0.00,0.00,0.00,0.00,0.00,0.00,0.00,0.0089,5.9911,0.00,0.00,0,0,0.00,0.00,0,0
515656,0.00,0.00,0.00,0.00,0.00,0.00,0.00,0.0089,5.9911,0.00,0.00,0,0,0.00,0.00,0,0
515856,0.00,0.00,0.00,0.00,0.00,0.00,0.00,0.0089,5.9911,0.00,0.00,0,0,0.00,0.00,0,0
516056,0.00,0.00,0.00,0.00,0.00,0.00,0.00,0.0089,5.9911,0.00,0.00,0,0,0.00,0.00,0,0
516256,0.00,0.00,0.00,0.00,0.00,0.00,0.00,0.0089,5.9911,0.00,0.00,0,0,0.00,0.00,0,0
516456,0.00,0.00,0.00,0.00,0.00,0.00,0.00,0.0089,5.9911,0.00,0.00,0,0,0.00,0.00,0,0
516656,0.00,0.00,0.00,0.00,0.00,0.00,0.00,0.0089,5.9911,0.00,0.00,0,0,0.00,0.00,0,0
516856,0.00,0.00,0.00,0.00,0.00,0.00,0.00,0.0089,5.9911,0.00,0.00,0,0,0.00,0.00,0,0
517056,0.00,0.00,0.00,0.00,0.00,0.00,0.00,0.0089,5.9911,0.00,0.00,0,0,0.00,0.00,0,0
517256,0.00,0.00,0.00,0.00,0.00,0.00,0.00,0.0089,5.9911,0.00,0.00,0,0,0.00,0.00,0,0
517456,0.00,0.00,0.00,0.00,0.00,0.00,0.00,0.0089,5.9911,0.00,0.00,0,0,0.00,0.00,0,0
517656,0.00,0.00,0.00,0.00,0.00,0.00,0.00,0.0089,5.9911,0.00,0.00,0,0,0.00,0.00,0,0
517856,0.00,0.00,0.00,0.00,0.00,0.00,0.00,0.0089,5.9911,0.00,0.00,0,0,0.00,0.00,0,0
518056,0.00,0.00,0.00,0.00,0.00,0.00,0.00,0.0089,5.9911,0.00,0.00,0,0,0.00,0.00,0,0
518256,0.00,0.00,0.00,0.00,0.00,0.00,0.00,0.0089,5.9911,0.00,0.00,0,0,0.00,0.00,0,0
518456,0.00,0.00,0.00,0.00,0.00,0.00,0.00,0.0089,5.9911,0.00,0.00,0,0,0.00,0.00,0,0
518656,0.00,0.00,0.00,0.00,0.00,0.00,0.00,0.0089,5.9911,0.00,0.00,0,0,0.00,0.00,0,0
518856,0.00,0.00,0.00,0.00,0.00,0.00,0.00,0.0089,5.9911,0.00,0.00,0,0,0.00,0.00,0,0
519056,0.00,0.00,0.00,0.00,0.00,0.00,0.00,0.0089,5.9911,0.00,0.00,0,0,0.00,0.00,0,0
519256,0.00,0.00,0.00,0.00,0.00,0.00,0.00,0.0089,5.9911,0.00,0.00,0,0,0.00,0.00,0,0
519456,0.00,0.00,0.00,0.00,0.00,0.00,0.00,0.0089,5.9911,0.00,0.00,0,0,0.00,0.00,0,0
519656,0.00,0.00,0.00,0.00,0.00,0.00,0.00,0.0089,5.9911,0.00,0.00,0,0,0.00,0.00,0,0
519856,0.00,0.00,0.00,0.00,0.00,0.00,0.00,0.0089,5.9911,0.00,0.00,0,0,0.00,0.00,0,0
520056,0.00,0.00,0.00,0.00,0.00,0.00,0.00,0.0089,5.9911,0.00,0.00,0,0,0.00,0.00,0,0
520256,0.00,0.00,0.00,0.00,0.00,0.00,0.00,0.0089,5.9911,0.00,0.00,0,0,0.00,0.00,0,0
520456,0.00,0.00,0.00,0.00,0.00,0.00,0.00,0.0089,5.9911,0.00,0.00,0,0,0.00,0.00,0,0
520656,0.00,0.00,0.00,0.00,0.00,0.00,0.00,0.0089,5.9911,0.00,0.00,0,0,0.00,0.00,0,0
520856,0.00,0.00,0.00,0.00,0.00,0.00,0.00,0.0089,5.9911,0.00,0.00,0,0,0.00,0.00,0,0
521056,0.00,0.00,0.00,0.00,0.00,0.00,0.00,0.0089,5.9911,0.00,0.00,0,0,0.00,0.00,0,0
521256,0.00,0.00,0.00,0.00,0.00,0.00,0.00,0.0089,5.9911,0.00,0.00,0,0,0.00,0.00,0,0
521456,0.00,0.00,0.00,0.00,0.00,0.00,0.00,0.0089,5.9911,0.00,0.00,0,0,0.00,0.00,0,0
521656,0.00,0.00,0.00,0.00,0.00,0.00,0.00,0.0089,5.9911,0.00,0.00,0,0,0.00,0.00,0,0
521856,0.00,0.00,0.00,0.00,0.00,0.00,0.00,0.0089,5.9911,0.00,0.00,0,0,0.00,0.00,0,0
522056,0.00,0.00,0.00,0.00,0.00,0.00,0.00,0.0089,5.9911,0.00,0.00,0,0,0.00,0.00,0,0
522256,0.00,0.00,0.00,0.00,0.00,0.00,0.00,0.0089,5.9911,0.00,0.00,0,0,0.00,0.00,0,0
522456,0.00,0.00,0.00,0.00,0.00,0.00,0.00,0.0089,5.9911,0.00,0.00,0,0,0.00,0.00,0,0
522656,0.00,0.00,0.00,0.00,0.00,0.00,0.00,0.0089,5.9911,0.00,0.00,0,0,0.00,0.00,0,0
522856,0.00,0.00,0.00,0.00,0.00,0.00,0.00,0.0089,5.9911,0.00,0.00,0,0,0.00,0.00,0,0
523056,0.00,0.00,0.00,0.00,0.00,0.00,0.00,0.0089,5.9911,0.00,0.00,0,0,0.00,0.00,0,0
523256,0.00,0.00,0.00,0.00,0.00,0.00,0.00,0.0089,5.9911,0.00,0.00,0,0,0.00,0.00,0,0
523456,0.00,0.00,0.00,0.00,0.00,0.00,0.00,0.0089,5.9911,0.00,0.00,0,0,0.00,0.00,0,0
523656,0.00,0.00,0.00,0.00,0.00,0.00,0.00,0.0089,5.9911,0.00,0.00,0,0,0.00,0.00,0,0
523856,0.00,0.00,0.00,0.00,0.00,0.00,0.00,0.0089,5.9911,0.00,0.00,0,0,0.00,0.00,0,0
524056,0.00,0.00,0.00,0.00,0.00,0.00,0.00,0.0089,5.9911,0.00,0.00,0,0,0.00,0.00,0,0
524256,12.50,50.00,0.00,0.00,0.00,0.00,0.00,0.0089,5.9911,0.00,0.00,0,0,0.00,0.00,0,0
524456,9.38,0.00,0.00,0.00,0.00,0.00,0.00,0.0089,5.9911,0.00,0.00,0,0,0.00,0.00,0,0
524656,7.03,0.00,0.00,0.00,0.00,0.00,0.00,0.0089,5.9911,0.00,0.00,0,0,0.00,0.00,0,0
524856,17.77,50.00,0.00,0.00,0.01,0.00,0.00,0.0089,5.9911,0.00,0.00,0,0,0.00,0.00,0,0
525056,13.33,0.00,0.00,0.00,0.00,0.00,0.00,0.0089,5.9911,0.00,0.00,0,0,0.00,0.00,0,0
525256,10.00,0.00,0.00,0.00,0.00,0.00,0.00,0.0089,5.9911,0.00,0.00,0,0,0.00,0.00,0,0
525456,7.50,0.00,0.00,0.00,0.00,0.00,0.00,0.0089,5.9911,0.00,0.00,0,0,0.00,0.00,0,0
525656,5.62,0.00,0.00,0.00,0.00,0.00,0.00,0.0089,5.9911,0.00,0.00,0,0,0.00,0.00,0,0
525856,16.72,50.00,0.00,0.00,0.01,0.00,0.00,0.0089,5.9911,0.00,0.00,0,0,0.00,0.00,0,0
526056,12.54,0.00,0.00,0.00,0.00,0.00,0.00,0.0089,5.9911,0.00,0.00,0,0,0.00,0.00,0,0
526256,9.40,0.00,0.00,0.00,0.00,0.00,0.00,0.0089,5.9911,0.00,0.00,0,0,0.00,0.00,0,0
526456,19.55,50.00,0.00,0.00,0.01,0.00,0.00,0.0089,5.9911,0.00,0.00,0,0,0.00,0.00,0,0
526656,14.66,0.00,0.00,0.00,0.01,0.00,0.00,0.0089,5.9911,0.00,0.00,0,0,0.00,0.00,0,0
526856,23.50,50.00,0.00,0.00,0.01,0.00,0.00,0.0089,5.9911,0.00,0.00,0,0,0.00,0.00,0,0
527056,17.62,0.00,0.00,0.00,0.01,0.00,0.00,0.0089,5.9911,0.00,0.00,0,0,0.00,0.00,0,0
527256,25.72,50.00,0.00,0.00,0.01,0.00,0.00,0.0089,5.9911,0.00,0.00,0,0,0.00,0.00,0,0
527456,19.29,0.00,0.00,0.00,0.01,0.00,0.00,0.0089,5.9911,0.00,0.00,0,0,0.00,0.00,0,0
527656,26.97,50.00,0.00,0.00,0.01,0.00,0.00,0.0089,5.9911,0.00,0.00,0,0,0.00,0.00,0,0
527856,20.22,0.00,0.00,0.00,0.01,0.00,0.00,0.0089,5.9911,0.00,0.00,0,0,0.00,0.00,0,0
528056,27.67,50.00,0.00,0.00,0.01,0.00,0.00,0.0089,5.9911,0.00,0.00,0,0,0.00,0.00,0,0
528256,20.75,0.00,0.00,0.00,0.01,0.00,0.00,0.0089,5.9911,0.00,0.00,0,0,0.00,0.00,0,0
528456,28.06,50.00,0.00,0.00,0.01,0.00,0.00,0.0089,5.9911,0.00,0.00,0,0,0.00,0.00,0,0
528656,21.05,0.00,0.00,0.00,0.01,0.00,0.00,0.0089,5.9911,0.00,0.00,0,0,0.00,0.00,0,0
528856,28.29,50.00,0.00,0.00,0.01,0.00,0.00,0.0089,5.9911,0.00,0.00,0,0,0.00,0.00,0,0
529056,21.21,0.00,0.00,0.00,0.01,0.00,0.00,0.0089,5.9911,0.00,0.00,0,0,0.00,0.00,0,0
529256,28.41,50.00,0.00,0.00,0.01,0.00,0.00,0.0089,5.9911,0.00,0.00,0,0,0.00,0.00,0,0
529456,21.31,0.00,0.00,0.00,0.01,0.00,0.00,0.0089,5.9911,0.00,0.00,0,0,0.00,0.00,0,0
529656,28.48,50.00,0.00,0.00,0.01,0.00,0.00,0.0089,5.9911,0.00,0.00,0,0,0.00,0.00,0,0
529856,21.36,0.00,0.00,0.00,0.01,0.00,0.00,0.0089,5.9911,0.00,0.00,0,0,0.00,0.00,0,0
530056,28.52,50.00,0.00,0.00,0.01,0.00,0.00,0.0089,5.9911,0.00,0.00,0,0,0.00,0.00,0,0
530256,21.39,0.00,0.00,0.00,0.01,0.00,0.00,0.0089,5.9911,0.00,0.00,0,0,0.00,0.00,0,0
530456,16.04,0.00,0.00,0.00,0.01,0.00,0.00,0.0089,5.9911,0.00,0.00,0,0,0.00,0.00,0,0
530656,24.53,50.00,0.00,0.00,0.01,0.00,0.00,0.0089,5.9911,0.00,0.00,0,0,0.00,0.00,0,0
530856,18.40,0.00,0.00,0.00,0.01,0.00,0.00,0.0089,5.9911,0.00,0.00,0,0,0.00,0.00,0,0
531056,13.80,0.00,0.00,0.00,0.00,0.00,0.00,0.0089,5.9911,0.00,0.00,0,0,0.00,0.00,0,0
531256,10.35,0.00,0.00,0.00,0.00,0.00,0.00,0.0089,5.9911,0.00,0.00,0,0,0.00,0.00,0,0
531456,7.76,0.00,0.00,0.00,0.00,0.00,0.00,0.0089,5.9911,0.00,0.00,0,0,0.00,0.00,0,0
531656,5.82,0.00,0.00,0.00,0.00,0.00,0.00,0.0089,5.9911,0.00,0.00,0,0,0.00,0.00,0,0
531856,4.37,0.00,0.00,0.00,0.00,0.00,0.00,0.0089,5.9911,0.00,0.00,0,0,0.00,0.00,0,0
532056,3.27,0.00,0.00,0.00,0.00,0.00,0.00,0.0089,5.9911,0.00,0.00,0,0,0.00,0.00,0,0
532256,2.46,0.00,0.00,0.00,0.00,0.00,0.00,0.0089,5.9911,0.00,0.00,0,0,0.00,0.00,0,0
532456,1.84,0.00,0.00,0.00,0.00,0.00,0.00,0.0089,5.9911,0.00,0.00,0,0,0.00,0.00,0,0
532656,1.38,0.00,0.00,0.00,0.00,0.00,0.00,0.0089,5.9911,0.00,0.00,0,0,0.00,0.00,0,0
532856,1.04,0.00,0.00,0.00,0.00,0.00,0.00,0.0089,5.9911,0.00,0.00,0,0,0.00,0.00,0,0
533056,0.78,0.00,0.00,0.00,0.00,0.00,0.00,0.0089,5.9911,0.00,0.00,0,0,0.00,0.00,0,0
533256,0.58,0.00,0.00,0.00,0.00,0.00,0.00,0.0089,5.9911,0.00,0.00,0,0,0.00,0.00,0,0
533456,0.44,0.00,0.00,0.00,0.00,0.00,0.00,0.0089,5.9911,0.00,0.00,0,0,0.00,0.00,0,0
533656,0.33,0.00,0.00,0.00,0.00,0.00,0.00,0.0089,5.9911,0.00,0.00,0,0,0.00,0.00,0,0
533856,0.25,0.00,0.00,0.00,0.00,0.00,0.00,0.0089,5.9911,0.00,0.00,0,0,0.00,0.00,0,0
534056,0.18,0.00,0.00,0.00,0.00,0.00,0.00,0.0089,5.9911,0.00,0.00,0,0,0.00,0.00,0,0
534256,0.14,0.00,0.00,0.00,0.00,0.00,0.00,0.0089,5.9911,0.00,0.00,0,0,0.00,0.00,0,0
534456,0.10,0.00,0.00,0.00,0.00,0.00,0.00,0.0089,5.9911,0.00,0.00,0,0,0.00,0.00,0,0
534656,0.08,0.00,0.00,0.00,0.00,0.00,0.00,0.0089,5.9911,0.00,0.00,0,0,0.00,0.00,0,0
534856,0.06,0.00,0.00,0.00,0.00,0.00,0.00,0.0089,5.9911,0.00,0.00,0,0,0.00,0.00,0,0
535056,0.04,0.00,0.00,0.00,0.00,0.00,0.00,0.0089,5.9911,0.00,0.00,0,0,0.00,0.00,0,0
535256,0.03,0.00,0.00,0.00,0.00,0.00,0.00,0.0089,5.9911,0.00,0.00,0,0,0.00,0.00,0,0
535456,0.02,0.00,0.00,0.00,0.00,0.00,0.00,0.0089,5.9911,0.00,0.00,0,0,0.00,0.00,0,0
535656,0.02,0.00,0.00,0.00,0.00,0.00,0.00,0.0089,5.9911,0.00,0.00,0,0,0.00,0.00,0,0
535856,0.01,0.00,0.00,0.00,0.00,0.00,0.00,0.0089,5.9911,0.00,0.00,0,0,0.00,0.00,0,0
536056,0.01,0.00,0.00,0.00,0.00,0.00,0.00,0.0089,5.9911,0.00,0.00,0,0,0.00,0.00,0,0
536256,0.01,0.00,0.00,0.00,0.00,0.00,0.00,0.0089,5.9911,0.00,0.00,0,0,0.00,0.00,0,0
536456,0.01,0.00,0.00,0.00,0.00,0.00,0.00,0.0089,5.9911,0.00,0.00,0,0,0.00,0.00,0,0
536656,0.00,0.00,0.00,0.00,0.00,0.00,0.00,0.0089,5.9911,0.00,0.00,0,0,0.00,0.00,0,0
536856,0.00,0.00,0.00,0.00,0.00,0.00,0.00,0.0089,5.9911,0.00,0.00,0,0,0.00,0.00,0,0
537056,0.00,0.00,0.00,0.00,0.00,0.00,0.00,0.0089,5.9911,0.00,0.00,0,0,0.00,0.00,0,0
537256,0.00,0.00,0.00,0.00,0.00,0.00,0.00,0.0089,5.9911,0.00,0.00,0,0,0.00,0.00,0,0
537456,0.00,0.00,0.00,0.00,0.00,0.00,0.00,0.0089,5.9911,0.00,0.00,0,0,0.00,0.00,0,0
537656,0.00,0.00,0.00,0.00,0.00,0.00,0.00,0.0089,5.9911,0.00,0.00,0,0,0.00,0.00,0,0
537856,0.00,0.00,0.00,0.00,0.00,0.00,0.00,0.0089,5.9911,0.00,0.00,0,0,0.00,0.00,0,0
538056,0.00,0.00,0.00,0.00,0.00,0.00,0.00,0.0089,5.9911,0.00,0.00,0,0,0.00,0.00,0,0
538256,0.00,0.00,0.00,0.00,0.00,0.00,0.00,0.0089,5.9911,0.00,0.00,0,0,0.00,0.00,0,0
538456,0.00,0.00,0.00,0.00,0.00,0.00,0.00,0.0089,5.9911,0.00,0.00,0,0,0.00,0.00,0,0
538656,0.00,0.00,0.00,0.00,0.00,0.00,0.00,0.0089,5.9911,0.00,0.00,0,0,0.00,0.00,0,0
538856,0.00,0.00,0.00,0.00,0.00,0.00,0.00,0.0089,5.9911,0.00,0.00,0,0,0.00,0.00,0,0
539056,0.00,0.00,0.00,0.00,0.00,0.00,0.00,0.0089,5.9911,0.00,0.00,0,0,0.00,0.00,0,0
539256,0.00,0.00,0.00,0.00,0.00,0.00,0.00,0.0089,5.9911,0.00,0.00,0,0,0.00,0.00,0,0
539456,0.00,0.00,0.00,0.00,0.00,0.00,0.00,0.0089,5.9911,0.00,0.00,0,0,0.00,0.00,0,0
539656,0.00,0.00,0.00,0.00,0.00,0.00,0.00,0.0089,5.9911,0.00,0.00,0,0,0.00,0.00,0,0
539856,0.00,0.00,0.00,0.00,0.00,0.00,0.00,0.0089,5.9911,0.00,0.00,0,0,0.00,0.00,0,0
540056,0.00,0.00,0.00,0.00,0.00,0.00,0.00,0.0089,5.9911,0.00,0.00,0,0,0.00,0.00,0,0
540256,0.00,0.00,0.00,0.00,0.00,0.00,0.00,0.0089,5.9911,0.00,0.00,0,0,0.00,0.00,0,0
540456,0.00,0.00,0.00,0.00,0.00,0.00,0.00,0.0089,5.9911,0.00,0.00,0,0,0.00,0.00,0,0
540656,0.00,0.00,0.00,0.00,0.00,0.00,0.00,0.0089,5.9911,0.00,0.00,0,0,0.00,0.00,0,0
540856,0.00,0.00,0.00,0.00,0.00,0.00,0.00,0.0089,5.9911,0.00,0.00,0,0,0.00,0.00,0,0
541056,0.00,0.00,0.00,0.00,0.00,0.00,0.00,0.0089,5.9911,0.00,0.00,0,0,0.00,0.00,0,0
541256,0.00,0.00,0.00,0.00,0.00,0.00,0.00,0.0089,5.9911,0.00,0.00,0,0,0.00,0.00,0,0
541456,0.00,0.00,0.00,0.00,0.00,0.00,0.00,0.0089,5.9911,0.00,0.00,0,0,0.00,0.00,0,0
541656,0.00,0.00,0.00,0.00,0.00,0.00,0.00,0.0089,5.9911,0.00,0.00,0,0,0.00,0.00,0,0
541856,0.00,0.00,0.00,0.00,0.00,0.00,0.00,0.0089,5.9911,0.00,0.00,0,0,0.00,0.00,0,0
542056,0.00,0.00,0.00,0.00,0.00,0.00,0.00,0.0089,5.9911,0.00,0.00,0,0,0.00,0.00,0,0
542256,0.00,0.00,0.00,0.00,0.00,0.00,0.00,0.0089,5.9911,0.00,0.00,0,0,0.00,0.00,0,0
542456,0.00,0.00,0.00,0.00,0.00,0.00,0.00,0.0089,5.9911,0.00,0.00,0,0,0.00,0.00,0,0
542656,0.00,0.00,0.00,0.00,0.00,0.00,0.00,0.0089,5.9911,0.00,0.00,0,0,0.00,0.00,0,0
542856,0.00,0.00,0.00,0.00,0.00,0.00,0.00,0.0089,5.9911,0.00,0.00,0,0,0.00,0.00,0,0
543056,0.00,0.00,0.00,0.00,0.00,0.00,0.00,0.0089,5.9911,0.00,0.00,0,0,0.00,0.00,0,0
543256,0.00,0.00,0.00,0.00,0.00,0.00,0.00,0.0089,5.9911,0.00,0.00,0,0,0.00,0.00,0,0
543456,0.00,0.00,0.00,0.00,0.00,0.00,0.00,0.0089,5.9911,0.00,0.00,0,0,0.00,0.00,0,0
543656,0.00,0.00,0.00,0.00,0.00,0.00,0.00,0.0089,5.9911,0.00,0.00,0,0,0.00,0.00,0,0
543856,0.00,0.00,0.00,0.00,0.00,0.00,0.00,0.0089,5.9911,0.00,0.00,0,0,0.00,0.00,0,0
544056,0.00,0.00,0.00,0.00,0.00,0.00,0.00,0.0089,5.9911,0.00,0.00,0,0,0.00,0.00,0,0
544256,0.00,0.00,0.00,0.00,0.00,0.00,0.00,0.0089,5.9911,0.00,0.00,0,0,0.00,0.00,0,0
544456,0.00,0.00,0.00,0.00,0.00,0.00,0.00,0.0089,5.9911,0.00,0.00,0,0,0.00,0.00,0,0
544656,0.00,0.00,0.00,0.00,0.00,0.00,0.00,0.0089,5.9911,0.00,0.00,0,0,0.00,0.00,0,0
544856,0.00,0.00,0.00,0.00,0.00,0.00,0.00,0.0089,5.9911,0.00,0.00,0,0,0.00,0.00,0,0
545056,0.00,0.00,0.00,0.00,0.00,0.00,0.00,0.0089,5.9911,0.00,0.00,0,0,0.00,0.00,0,0
545256,0.00,0.00,0.00,0.00,0.00,0.00,0.00,0.0089,5.9911,0.00,0.00,0,0,0.00,0.00,0,0
545456,0.00,0.00,0.00,0.00,0.00,0.00,0.00,0.0089,5.9911,0.00,0.00,0,0,0.00,0.00,0,0
545656,0.00,0.00,0.00,0.00,0.00,0.00,0.00,0.0089,5.9911,0.00,0.00,0,0,0.00,0.00,0,0
545856,0.00,0.00,0.00,0.00,0.00,0.00,0.00,0.0089,5.9911,0.00,0.00,0,0,0.00,0.00,0,0
546056,0.00,0.00,0.00,0.00,0.00,0.00,0.00,0.0089,5.9911,0.00,0.00,0,0,0.00,0.00,0,0
546256,0.00,0.00,0.00,0.00,0.00,0.00,0.00,0.0089,5.9911,0.00,0.00,0,0,0.00,0.00,0,0
546456,0.00,0.00,0.00,0.00,0.00,0.00,0.00,0.0089,5.9911,0.00,0.00,0,0,0.00,0.00,0,0
546656,0.00,0.00,0.00,0.00,0.00,0.00,0.00,0.0089,5.9911,0.00,0.00,0,0,0.00,0.00,0,0
546856,0.00,0.00,0.00,0.00,0.00,0.00,0.00,0.0089,5.9911,0.00,0.00,0,0,0.00,0.00,0,0
547056,0.00,0.00,0.00,0.00,0.00,0.00,0.00,0.0089,5.9911,0.00,0.00,0,0,0.00,0.00,0,0
547256,0.00,0.00,0.00,0.00,0.00,0.00,0.00,0.0089,5.9911,0.00,0.00,0,0,0.00,0.00,0,0
547456,0.00,0.00,0.00,0.00,0.00,0.00,0.00,0.0089,5.9911,0.00,0.00,0,0,0.00,0.00,0,0
547656,0.00,0.00,0.00,0.00,0.00,0.00,0.00,0.0089,5.9911,0.00,0.00,0,0,0.00,0.00,0,0
547856,0.00,0.00,0.00,0.00,0.00,0.00,0.00,0.0089,5.9911,0.00,0.00,0,0,0.00,0.00,0,0
548056,0.00,0.00,0.00,0.00,0.00,0.00,0.00,0.0089,5.9911,0.00,0.00,0,0,0.00,0.00,0,0
548256,0.00,0.00,0.00,0.00,0.00,0.00,0.00,0.0089,5.9911,0.00,0.00,0,0,0.00,0.00,0,0
548456,0.00,0.00,0.00,0.00,0.00,0.00,0.00,0.0089,5.9911,0.00,0.00,0,0,0.00,0.00,0,0
548656,0.00,0.00,0.00,0.00,0.00,0.00,0.00,0.0089,5.9911,0.00,0.00,0,0,0.00,0.00,0,0
548856,0.00,0.00,0.00,0.00,0.00,0.00,0.00,0.0089,5.9911,0.00,0.00,0,0,0.00,0.00,0,0
549056,0.00,0.00,0.00,0.00,0.00,0.00,0.00,0.0089,5.9911,0.00,0.00,0,0,0.00,0.00,0,0
549256,0.00,0.00,0.00,0.00,0.00,0.00,0.00,0.0089,5.9911,0.00,0.00,0,0,0.00,0.00,0,0
549456,0.00,0.00,0.00,0.00,0.00,0.00,0.00,0.0089,5.9911,0.00,0.00,0,0,0.00,0.00,0,0
549656,0.00,0.00,0.00,0.00,0.00,0.00,0.00,0.0089,5.9911,0.00,0.00,0,0,0.00,0.00,0,0
549856,0.00,0.00,0.00,0.00,0.00,0.00,0.00,0.0089,5.9911,0.00,0.00,0,0,0.00,0.00,0,0
550056,0.00,0.00,0.00,0.00,0.00,0.00,0.00,0.0089,5.9911,0.00,0.00,0,0,0.00,0.00,0,0
550256,0.00,0.00,0.00,0.00,0.00,0.00,0.00,0.0089,5.9911,0.00,0.00,0,0,0.00,0.00,0,0
550456,0.00,0.00,0.00,0.00,0.00,0.00,0.00,0.0089,5.9911,0.00,0.00,0,0,0.00,0.00,0,0
550656,0.00,0.00,0.00,0.00,0.00,0.00,0.00,0.0089,5.9911,0.00,0.00,0,0,0.00,0.00,0,0
550856,0.00,0.00,0.00,0.00,0.00,0.00,0.00,0.0089,5.9911,0.00,0.00,0,0,0.00,0.00,0,0
551056,0.00,0.00,0.00,0.00,0.00,0.00,0.00,0.0089,5.9911,0.00,0.00,0,0,0.00,0.00,0,0
551256,0.00,0.00,0.00,0.00,0.00,0.00,0.00,0.0089,5.9911,0.00,0.00,0,0,0.00,0.00,0,0
551456,0.00,0.00,0.00,0.00,0.00,0.00,0.00,0.0089,5.9911,0.00,0.00,0,0,0.00,0.00,0,0
551656,0.00,0.00,0.00,0.00,0.00,0.00,0.00,0.0089,5.9911,0.00,0.00,0,0,0.00,0.00,0,0
551856,0.00,0.00,0.00,0.00,0.00,0.00,0.00,0.0089,5.9911,0.00,0.00,0,0,0.00,0.00,0,0
552056,0.00,0.00,0.00,0.00,0.00,0.00,0.00,0.0089,5.9911,0.00,0.00,0,0,0.00,0.00,0,0
552256,0.00,0.00,0.00,0.00,0.00,0.00,0.00,0.0089,5.9911,0.00,0.00,0,0,0.00,0.00,0,0
552456,0.00,0.00,0.00,0.00,0.00,0.00,0.00,0.0089,5.9911,0.00,0.00,0,0,0.00,0.00,0,0
552656,0.00,0.00,0.00,0.00,0.00,0.00,0.00,0.0089,5.9911,0.00,0.00,0,0,0.00,0.00,0,0
552856,0.00,0.00,0.00,0.00,0.00,0.00,0.00,0.0089,5.9911,0.00,0.00,0,0,0.00,0.00,0,0
553056,0.00,0.00,0.00,0.00,0.00,0.00,0.00,0.0089,5.9911,0.00,0.00,0,0,0.00,0.00,0,0
553256,0.00,0.00,0.00,0.00,0.00,0.00,0.00,0.0089,5.9911,0.00,0.00,0,0,0.00,0.00,0,0
553456,0.00,0.00,0.00,0.00,0.00,0.00,0.00,0.0089,5.9911,0.00,0.00,0,0,0.00,0.00,0,0
553656,0.00,0.00,0.00,0.00,0.00,0.00,0.00,0.0089,5.9911,0.00,0.00,0,0,0.00,0.00,0,0
553856,0.00,0.00,0.00,0.00,0.00,0.00,0.00,0.0089,5.9911,0.00,0.00,0,0,0.00,0.00,0,0
554056,0.00,0.00,0.00,0.00,0.00,0.00,0.00,0.0089,5.9911,0.00,0.00,0,0,0.00,0.00,0,0
554256,0.00,0.00,0.00,0.00,0.00,0.00,0.00,0.0089,5.9911,0.00,0.00,0,0,0.00,0.00,0,0
554456,0.00,0.00,0.00,0.00,0.00,0.00,0.00,0.0089,5.9911,0.00,0.00,0,0,0.00,0.00,0,0
554656,0.00,0.00,0.00,0.00,0.00,0.00,0.00,0.0089,5.9911,0.00,0.00,0,0,0.00,0.00,0,0
554856,0.00,0.00,0.00,0.00,0.00,0.00,0.00,0.0089,5.9911,0.00,0.00,0,0,0.00,0.00,0,0
555056,0.00,0.00,0.00,0.00,0.00,0.00,0.00,0.0089,5.9911,0.00,0.00,0,0,0.00,0.00,0,0
555256,0.00,0.00,0.00,0.00,0.00,0.00,0.00,0.0089,5.9911,0.00,0.00,0,0,0.00,0.00,0,0
555456,0.00,0.00,0.00,0.00,0.00,0.00,0.00,0.0089,5.9911,0.00,0.00,0,0,0.00,0.00,0,0
555656,0.00,0.00,0.00,0.00,0.00,0.00,0.00,0.0089,5.9911,0.00,0.00,0,0,0.00,0.00,0,0
555856,0.00,0.00,0.00,0.00,0.00,0.00,0.00,0.0089,5.9911,0.00,0.00,0,0,0.00,0.00,0,0
556056,0.00,0.00,0.00,0.00,0.00,0.00,0.00,0.0089,5.9911,0.00,0.00,0,0,0.00,0.00,0,0
556256,0.00,0.00,0.00,0.00,0.00,0.00,0.00,0.0089,5.9911,0.00,0.00,0,0,0.00,0.00,0,0
556456,0.00,0.00,0.00,0.00,0.00,0.00,0.00,0.0089,5.9911,0.00,0.00,0,0,0.00,0.00,0,0
556656,0.00,0.00,0.00,0.00,0.00,0.00,0.00,0.0089,5.9911,0.00,0.00,0,0,0.00,0.00,0,0
556856,0.00,0.00,0.00,0.00,0.00,0.00,0.00,0.0089,5.9911,0.00,0.00,0,0,0.00,0.00,0,0
557056,0.00,0.00,0.00,0.00,0.00,0.00,0.00,0.0089,5.9911,0.00,0.00,0,0,0.00,0.00,0,0
557256,0.00,0.00,0.00,0.00,0.00,0.00,0.00,0.0089,5.9911,0.00,0.00,0,0,0.00,0.00,0,0
557456,0.00,0.00,0.00,0.00,0.00,0.00,0.00,0.0089,5.9911,0.00,0.00,0,0,0.00,0.00,0,0
557656,0.00,0.00,0.00,0.00,0.00,0.00,0.00,0.0089,5.9911,0.00,0.00,0,0,0.00,0.00,0,0
557856,0.00,0.00,0.00,0.00,0.00,0.00,0.00,0.0089,5.9911,0.00,0.00,0,0,0.00,0.00,0,0
558056,0.00,0.00,0.00,0.00,0.00,0.00,0.00,0.0089,5.9911,0.00,0.00,0,0,0.00,0.00,0,0
558256,0.00,0.00,0.00,0.00,0.00,0.00,0.00,0.0089,5.9911,0.00,0.00,0,0,0.00,0.00,0,0
558456,0.00,0.00,0.00,0.00,0.00,0.00,0.00,0.0089,5.9911,0.00,0.00,0,0,0.00,0.00,0,0
558656,0.00,0.00,0.00,0.00,0.00,0.00,0.00,0.0089,5.9911,0.00,0.00,0,0,0.00,0.00,0,0
558856,0.00,0.00,0.00,0.00,0.00,0.00,0.00,0.0089,5.9911,0.00,0.00,0,0,0.00,0.00,0,0
559056,0.00,0.00,0.00,0.00,0.00,0.00,0.00,0.0089,5.9911,0.00,0.00,0,0,0.00,0.00,0,0
559256,0.00,0.00,0.00,0.00,0.00,0.00,0.00,0.0089,5.9911,0.00,0.00,0,0,0.00,0.00,0,0
559456,0.00,0.00,0.00,0.00,0.00,0.00,0.00,0.0089,5.9911,0.00,0.00,0,0,0.00,0.00,0,0
559656,0.00,0.00,0.00,0.00,0.00,0.00,0.00,0.0089,5.9911,0.00,0.00,0,0,0.00,0.00,0,0
559856,0.00,0.00,0.00,0.00,0.00,0.00,0.00,0.0089,5.9911,0.00,0.00,0,0,0.00,0.00,0,0
560056,0.00,0.00,0.00,0.00,0.00,0.00,0.00,0.0089,5.9911,0.00,0.00,0,0,0.00,0.00,0,0
560256,0.00,0.00,0.00,0.00,0.00,0.00,0.00,0.0089,5.9911,0.00,0.00,0,0,0.00,0.00,0,0
560456,0.00,0.00,0.00,0.00,0.00,0.00,0.00,0.0089,5.9911,0.00,0.00,0,0,0.00,0.00,0,0
560656,0.00,0.00,0.00,0.00,0.00,0.00,0.00,0.0089,5.9911,0.00,0.00,0,0,0.00,0.00,0,0
560856,0.00,0.00,0.00,0.00,0.00,0.00,0.00,0.0089,5.9911,0.00,0.00,0,0,0.00,0.00,0,0
561056,0.00,0.00,0.00,0.00,0.00,0.00,0.00,0.0089,5.9911,0.00,0.00,0,0,0.00,0.00,0,0
561256,0.00,0.00,0.00,0.00,0.00,0.00,0.00,0.0089,5.9911,0.00,0.00,0,0,0.00,0.00,0,0
561456,0.00,0.00,0.00,0.00,0.00,0.00,0.00,0.0089,5.9911,0.00,0.00,0,0,0.00,0.00,0,0
561656,0.00,0.00,0.00,0.00,0.00,0.00,0.00,0.0089,5.9911,0.00,0.00,0,0,0.00,0.00,0,0
561856,0.00,0.00,0.00,0.00,0.00,0.00,0.00,0.0089,5.9911,0.00,0.00,0,0,0.00,0.00,0,0
562056,0.00,0.00,0.00,0.00,0.00,0.00,0.00,0.0089,5.9911,0.00,0.00,0,0,0.00,0.00,0,0
562256,0.00,0.00,0.00,0.00,0.00,0.00,0.00,0.0089,5.9911,0.00,0.00,0,0,0.00,0.00,0,0
562456,0.00,0.00,0.00,0.00,0.00,0.00,0.00,0.0089,5.9911,0.00,0.00,0,0,0.00,0.00,0,0
562656,0.00,0.00,0.00,0.00,0.00,0.00,0.00,0.0089,5.9911,0.00,0.00,0,0,0.00,0.00,0,0
562856,0.00,0.00,0.00,0.00,0.00,0.00,0.00,0.0089,5.9911,0.00,0.00,0,0,0.00,0.00,0,0
563056,0.00,0.00,0.00,0.00,0.00,0.00,0.00,0.0089,5.9911,0.00,0.00,0,0,0.00,0.00,0,0
563256,0.00,0.00,0.00,0.00,0.00,0.00,0.00,0.0089,5.9911,0.00,0.00,0,0,0.00,0.00,0,0
563456,0.00,0.00,0.00,0.00,0.00,0.00,0.00,0.0089,5.9911,0.00,0.00,0,0,0.00,0.00,0,0
563656,0.00,0.00,0.00,0.00,0.00,0.00,0.00,0.0089,5.9911,0.00,0.00,0,0,0.00,0.00,0,0
563856,0.00,0.00,0.00,0.00,0.00,0.00,0.00,0.0089,5.9911,0.00,0.00,0,0,0.00,0.00,0,0
564056,0.00,0.00,0.00,0.00,0.00,0.00,0.00,0.0089,5.9911,0.00,0.00,0,0,0.00,0.00,0,0
564256,0.00,0.00,0.00,0.00,0.00,0.00,0.00,0.0089,5.9911,0.00,0.00,0,0,0.00,0.00,0,0
564456,0.00,0.00,0.00,0.00,0.00,0.00,0.00,0.0089,5.9911,0.00,0.00,0,0,0.00,0.00,0,0
564656,0.00,0.00,0.00,0.00,0.00,0.00,0.00,0.0089,5.9911,0.00,0.00,0,0,0.00,0.00,0,0
564856,0.00,0.00,0.00,0.00,0.00,0.00,0.00,0.0089,5.9911,0.00,0.00,0,0,0.00,0.00,0,0
565056,0.00,0.00,0.00,0.00,0.00,0.00,0.00,0.0089,5.9911,0.00,0.00,0,0,0.00,0.00,0,0
565256,0.00,0.00,0.00,0.00,0.00,0.00,0.00,0.0089,5.9911,0.00,0.00,0,0,0.00,0.00,0,0
565456,0.00,0.00,0.00,0.00,0.00,0.00,0.00,0.0089,5.9911,0.00,0.00,0,0,0.00,0.00,0,0
565656,0.00,0.00,0.00,0.00,0.00,0.00,0.00,0.0089,5.9911,0.00,0.00,0,0,0.00,0.00,0,0
565856,0.00,0.00,0.00,0.00,0.00,0.00,0.00,0.0089,5.9911,0.00,0.00,0,0,0.00,0.00,0,0
566056,0.00,0.00,0.00,0.00,0.00,0.00,0.00,0.0089,5.9911,0.00,0.00,0,0,0.00,0.00,0,0
566256,0.00,0.00,0.00,0.00,0.00,0.00,0.00,0.0089,5.9911,0.00,0.00,0,0,0.00,0.00,0,0
566456,0.00,0.00,0.00,0.00,0.00,0.00,0.00,0.0089,5.9911,0.00,0.00,0,0,0.00,0.00,0,0
566656,0.00,0.00,0.00,0.00,0.00,0.00,0.00,0.0089,5.9911,0.00,0.00,0,0,0.00,0.00,0,0
566856,0.00,0.00,0.00,0.00,0.00,0.00,0.00,0.0089,5.9911,0.00,0.00,0,0,0.00,0.00,0,0
567056,0.00,0.00,0.00,0.00,0.00,0.00,0.00,0.0089,5.9911,0.00,0.00,0,0,0.00,0.00,0,0
567256,0.00,0.00,0.00,0.00,0.00,0.00,0.00,0.0089,5.9911,0.00,0.00,0,0,0.00,0.00,0,0
567456,0.00,0.00,0.00,0.00,0.00,0.00,0.00,0.0089,5.9911,0.00,0.00,0,0,0.00,0.00,0,0
567656,0.00,0.00,0.00,0.00,0.00,0.00,0.00,0.0089,5.9911,0.00,0.00,0,0,0.00,0.00,0,0
567856,0.00,0.00,0.00,0.00,0.00,0.00,0.00,0.0089,5.9911,0.00,0.00,0,0,0.00,0.00,0,0
568056,0.00,0.00,0.00,0.00,0.00,0.00,0.00,0.0089,5.9911,0.00,0.00,0,0,0.00,0.00,0,0
568256,0.00,0.00,0.00,0.00,0.00,0.00,0.00,0.0089,5.9911,0.00,0.00,0,0,0.00,0.00,0,0
568456,0.00,0.00,0.00,0.00,0.00,0.00,0.00,0.0089,5.9911,0.00,0.00,0,0,0.00,0.00,0,0
568656,0.00,0.00,0.00,0.00,0.00,0.00,0.00,0.0089,5.9911,0.00,0.00,0,0,0.00,0.00,0,0
568856,0.00,0.00,0.00,0.00,0.00,0.00,0.00,0.0089,5.9911,0.00,0.00,0,0,0.00,0.00,0,0
569056,0.00,0.00,0.00,0.00,0.00,0.00,0.00,0.0089,5.9911,0.00,0.00,0,0,0.00,0.00,0,0
569256,0.00,0.00,0.00,0.00,0.00,0.00,0.00,0.0089,5.9911,0.00,0.00,0,0,0.00,0.00,0,0
569456,0.00,0.00,0.00,0.00,0.00,0.00,0.00,0.0089,5.9911,0.00,0.00,0,0,0.00,0.00,0,0
569656,0.00,0.00,0.00,0.00,0.00,0.00,0.00,0.0089,5.9911,0.00,0.00,0,0,0.00,0.00,0,0
569856,0.00,0.00,0.00,0.00,0.00,0.00,0.00,0.0089,5.9911,0.00,0.00,0,0,0.00,0.00,0,0
570056,0.00,0.00,0.00,0.00,0.00,0.00,0.00,0.0089,5.9911,0.00,0.00,0,0,0.00,0.00,0,0
570256,0.00,0.00,0.00,0.00,0.00,0.00,0.00,0.0089,5.9911,0.00,0.00,0,0,0.00,0.00,0,0
570456,0.00,0.00,0.00,0.00,0.00,0.00,0.00,0.0089,5.9911,0.00,0.00,0,0,0.00,0.00,0,0
570656,0.00,0.00,0.00,0.00,0.00,0.00,0.00,0.0089,5.9911,0.00,0.00,0,0,0.00,0.00,0,0
570856,0.00,0.00,0.00,0.00,0.00,0.00,0.00,0.0089,5.9911,0.00,0.00,0,0,0.00,0.00,0,0
571056,0.00,0.00,0.00,0.00,0.00,0.00,0.00,0.0089,5.9911,0.00,0.00,0,0,0.00,0.00,0,0
571256,0.00,0.00,0.00,0.00,0.00,0.00,0.00,0.0089,5.9911,0.00,0.00,0,0,0.00,0.00,0,0
571456,0.00,0.00,0.00,0.00,0.00,0.00,0.00,0.0089,5.9911,0.00,0.00,0,0,0.00,0.00,0,0
571656,0.00,0.00,0.00,0.00,0.00,0.00,0.00,0.0089,5.9911,0.00,0.00,0,0,0.00,0.00,0,0
571856,0.00,0.00,0.00,0.00,0.00,0.00,0.00,0.0089,5.9911,0.00,0.00,0,0,0.00,0.00,0,0
572056,0.00,0.00,0.00,0.00,0.00,0.00,0.00,0.0089,5.9911,0.00,0.00,0,0,0.00,0.00,0,0
572256,0.00,0.00,0.00,0.00,0.00,0.00,0.00,0.0089,5.9911,0.00,0.00,0,0,0.00,0.00,0,0
572456,0.00,0.00,0.00,0.00,0.00,0.00,0.00,0.0089,5.9911,0.00,0.00,0,0,0.00,0.00,0,0
572656,0.00,0.00,0.00,0.00,0.00,0.00,0.00,0.0089,5.9911,0.00,0.00,0,0,0.00,0.00,0,0
572856,0.00,0.00,0.00,0.00,0.00,0.00,0.00,0.0089,5.9911,0.00,0.00,0,0,0.00,0.00,0,0
573056,0.00,0.00,0.00,0.00,0.00,0.00,0.00,0.0089,5.9911,0.00,0.00,0,0,0.00,0.00,0,0
573256,0.00,0.00,0.00,0.00,0.00,0.00,0.00,0.0089,5.9911,0.00,0.00,0,0,0.00,0.00,0,0
573456,0.00,0.00,0.00,0.00,0.00,0.00,0.00,0.0089,5.9911,0.00,0.00,0,0,0.00,0.00,0,0
573656,0.00,0.00,0.00,0.00,0.00,0.00,0.00,0.0089,5.9911,0.00,0.00,0,0,0.00,0.00,0,0
573856,0.00,0.00,0.00,0.00,0.00,0.00,0.00,0.0089,5.9911,0.00,0.00,0,0,0.00,0.00,0,0
574056,0.00,0.00,0.00,0.00,0.00,0.00,0.00,0.0089,5.9911,0.00,0.00,0,0,0.00,0.00,0,0
574256,0.00,0.00,0.00,0.00,0.00,0.00,0.00,0.0089,5.9911,0.00,0.00,0,0,0.00,0.00,0,0
574456,0.00,0.00,0.00,0.00,0.00,0.00,0.00,0.0089,5.9911,0.00,0.00,0,0,0.00,0.00,0,0
574656,0.00,0.00,0.00,0.00,0.00,0.00,0.00,0.0089,5.9911,0.00,0.00,0,0,0.00,0.00,0,0
574856,0.00,0.00,0.00,0.00,0.00,0.00,0.00,0.0089,5.9911,0.00,0.00,0,0,0.00,0.00,0,0
575056,0.00,0.00,0.00,0.00,0.00,0.00,0.00,0.0089,5.9911,0.00,0.00,0,0,0.00,0.00,0,0
575256,0.00,0.00,0.00,0.00,0.00,0.00,0.00,0.0089,5.9911,0.00,0.00,0,0,0.00,0.00,0,0
575456,0.00,0.00,0.00,0.00,0.00,0.00,0.00,0.0089,5.9911,0.00,0.00,0,0,0.00,0.00,0,0
575656,0.00,0.00,0.00,0.00,0.00,0.00,0.00,0.0089,5.9911,0.00,0.00,0,0,0.00,0.00,0,0
575856,0.00,0.00,0.00,0.00,0.00,0.00,0.00,0.0089,5.9911,0.00,0.00,0,0,0.00,0.00,0,0
576056,0.00,0.00,0.00,0.00,0.00,0.00,0.00,0.0089,5.9911,0.00,0.00,0,0,0.00,0.00,0,0
576256,0.00,0.00,0.00,0.00,0.00,0.00,0.00,0.0089,5.9911,0.00,0.00,0,0,0.00,0.00,0,0
576456,0.00,0.00,0.00,0.00,0.00,0.00,0.00,0.0089,5.9911,0.00,0.00,0,0,0.00,0.00,0,0
576656,0.00,0.00,0.00,0.00,0.00,0.00,0.00,0.0089,5.9911,0.00,0.00,0,0,0.00,0.00,0,0
576856,0.00,0.00,0.00,0.00,0.00,0.00,0.00,0.0089,5.9911,0.00,0.00,0,0,0.00,0.00,0,0
577056,0.00,0.00,0.00,0.00,0.00,0.00,0.00,0.0089,5.9911,0.00,0.00,0,0,0.00,0.00,0,0
577256,0.00,0.00,0.00,0.00,0.00,0.00,0.00,0.0089,5.9911,0.00,0.00,0,0,0.00,0.00,0,0
577456,0.00,0.00,0.00,0.00,0.00,0.00,0.00,0.0089,5.9911,0.00,0.00,0,0,0.00,0.00,0,0
577656,0.00,0.00,0.00,0.00,0.00,0.00,0.00,0.0089,5.9911,0.00,0.00,0,0,0.00,0.00,0,0
577856,0.00,0.00,0.00,0.00,0.00,0.00,0.00,0.0089,5.9911,0.00,0.00,0,0,0.00,0.00,0,0
578056,0.00,0.00,0.00,0.00,0.00,0.00,0.00,0.0089,5.9911,0.00,0.00,0,0,0.00,0.00,0,0
578256,0.00,0.00,0.00,0.00,0.00,0.00,0.00,0.0089,5.9911,0.00,0.00,0,0,0.00,0.00,0,0
578456,0.00,0.00,0.00,0.00,0.00,0.00,0.00,0.0089,5.9911,0.00,0.00,0,0,0.00,0.00,0,0
578656,0.00,0.00,0.00,0.00,0.00,0.00,0.00,0.0089,5.9911,0.00,0.00,0,0,0.00,0.00,0,0
578856,0.00,0.00,0.00,0.00,0.00,0.00,0.00,0.0089,5.9911,0.00,0.00,0,0,0.00,0.00,0,0
579056,0.00,0.00,0.00,0.00,0.00,0.00,0.00,0.0089,5.9911,0.00,0.00,0,0,0.00,0.00,0,0
579256,0.00,0.00,0.00,0.00,0.00,0.00,0.00,0.0089,5.9911,0.00,0.00,0,0,0.00,0.00,0,0
579456,0.00,0.00,0.00,0.00,0.00,0.00,0.00,0.0089,5.9911,0.00,0.00,0,0,0.00,0.00,0,0
579656,0.00,0.00,0.00,0.00,0.00,0.00,0.00,0.0089,5.9911,0.00,0.00,0,0,0.00,0.00,0,0
579856,0.00,0.00,0.00,0.00,0.00,0.00,0.00,0.0089,5.9911,0.00,0.00,0,0,0.00,0.00,0,0
580056,0.00,0.00,0.00,0.00,0.00,0.00,0.00,0.0089,5.9911,0.00,0.00,0,0,0.00,0.00,0,0
580256,0.00,0.00,0.00,0.00,0.00,0.00,0.00,0.0089,5.9911,0.00,0.00,0,0,0.00,0.00,0,0
580456,0.00,0.00,0.00,0.00,0.00,0.00,0.00,0.0089,5.9911,0.00,0.00,0,0,0.00,0.00,0,0
580656,0.00,0.00,0.00,0.00,0.00,0.00,0.00,0.0089,5.9911,0.00,0.00,0,0,0.00,0.00,0,0
580856,0.00,0.00,0.00,0.00,0.00,0.00,0.00,0.0089,5.9911,0.00,0.00,0,0,0.00,0.00,0,0
581056,0.00,0.00,0.00,0.00,0.00,0.00,0.00,0.0089,5.9911,0.00,0.00,0,0,0.00,0.00,0,0
581256,0.00,0.00,0.00,0.00,0.00,0.00,0.00,0.0089,5.9911,0.00,0.00,0,0,0.00,0.00,0,0
581456,0.00,0.00,0.00,0.00,0.00,0.00,0.00,0.0089,5.9911,0.00,0.00,0,0,0.00,0.00,0,0
581656,0.00,0.00,0.00,0.00,0.00,0.00,0.00,0.0089,5.9911,0.00,0.00,0,0,0.00,0.00,0,0
581856,0.00,0.00,0.00,0.00,0.00,0.00,0.00,0.0089,5.9911,0.00,0.00,0,0,0.00,0.00,0,0
582056,0.00,0.00,0.00,0.00,0.00,0.00,0.00,0.0089,5.9911,0.00,0.00,0,0,0.00,0.00,0,0
582256,0.00,0.00,0.00,0.00,0.00,0.00,0.00,0.0089,5.9911,0.00,0.00,0,0,0.00,0.00,0,0
582456,0.00,0.00,0.00,0.00,0.00,0.00,0.00,0.0089,5.9911,0.00,0.00,0,0,0.00,0.00,0,0
582656,0.00,0.00,0.00,0.00,0.00,0.00,0.00,0.0089,5.9911,0.00,0.00,0,0,0.00,0.00,0,0
582856,0.00,0.00,0.00,0.00,0.00,0.00,0.00,0.0089,5.9911,0.00,0.00,0,0,0.00,0.00,0,0
583056,0.00,0.00,0.00,0.00,0.00,0.00,0.00,0.0089,5.9911,0.00,0.00,0,0,0.00,0.00,0,0
583256,0.00,0.00,0.00,0.00,0.00,0.00,0.00,0.0089,5.9911,0.00,0.00,0,0,0.00,0.00,0,0
583456,0.00,0.00,0.00,0.00,0.00,0.00,0.00,0.0089,5.9911,0.00,0.00,0,0,0.00,0.00,0,0
583656,0.00,0.00,0.00,0.00,0.00,0.00,0.00,0.0089,5.9911,0.00,0.00,0,0,0.00,0.00,0,0
583856,0.00,0.00,0.00,0.00,0.00,0.00,0.00,0.0089,5.9911,0.00,0.00,0,0,0.00,0.00,0,0
584056,0.00,0.00,0.00,0.00,0.00,0.00,0.00,0.0089,5.9911,0.00,0.00,0,0,0.00,0.00,0,0
584256,0.00,0.00,0.00,0.00,0.00,0.00,0.00,0.0089,5.9911,0.00,0.00,0,0,0.00,0.00,0,0
584456,0.00,0.00,0.00,0.00,0.00,0.00,0.00,0.0089,5.9911,0.00,0.00,0,0,0.00,0.00,0,0
584656,0.00,0.00,0.00,0.00,0.00,0.00,0.00,0.0089,5.9911,0.00,0.00,0,0,0.00,0.00,0,0
584856,0.00,0.00,0.00,0.00,0.00,0.00,0.00,0.0089,5.9911,0.00,0.00,0,0,0.00,0.00,0,0
585056,0.00,0.00,0.00,0.00,0.00,0.00,0.00,0.0089,5.9911,0.00,0.00,0,0,0.00,0.00,0,0
585256,0.00,0.00,0.00,0.00,0.00,0.00,0.00,0.0089,5.9911,0.00,0.00,0,0,0.00,0.00,0,0
585456,0.00,0.00,0.00,0.00,0.00,0.00,0.00,0.0089,5.9911,0.00,0.00,0,0,0.00,0.00,0,0
585656,0.00,0.00,0.00,0.00,0.00,0.00,0.00,0.0089,5.9911,0.00,0.00,0,0,0.00,0.00,0,0
585856,0.00,0.00,0.00,0.00,0.00,0.00,0.00,0.0089,5.9911,0.00,0.00,0,0,0.00,0.00,0,0
586056,0.00,0.00,0.00,0.00,0.00,0.00,0.00,0.0089,5.9911,0.00,0.00,0,0,0.00,0.00,0,0
586256,0.00,0.00,0.00,0.00,0.00,0.00,0.00,0.0089,5.9911,0.00,0.00,0,0,0.00,0.00,0,0
586456,0.00,0.00,0.00,0.00,0.00,0.00,0.00,0.0089,5.9911,0.00,0.00,0,0,0.00,0.00,0,0
586656,0.00,0.00,0.00,0.00,0.00,0.00,0.00,0.0089,5.9911,0.00,0.00,0,0,0.00,0.00,0,0
586856,0.00,0.00,0.00,0.00,0.00,0.00,0.00,0.0089,5.9911,0.00,0.00,0,0,0.00,0.00,0,0
587056,0.00,0.00,0.00,0.00,0.00,0.00,0.00,0.0089,5.9911,0.00,0.00,0,0,0.00,0.00,0,0
587256,0.00,0.00,0.00,0.00,0.00,0.00,0.00,0.0089,5.9911,0.00,0.00,0,0,0.00,0.00,0,0
587456,0.00,0.00,0.00,0.00,0.00,0.00,0.00,0.0089,5.9911,0.00,0.00,0,0,0.00,0.00,0,0
587656,0.00,0.00,0.00,0.00,0.00,0.00,0.00,0.0089,5.9911,0.00,0.00,0,0,0.00,0.00,0,0
587856,0.00,0.00,0.00,0.00,0.00,0.00,0.00,0.0089,5.9911,0.00,0.00,0,0,0.00,0.00,0,0
588056,0.00,0.00,0.00,0.00,0.00,0.00,0.00,0.0089,5.9911,0.00,0.00,0,0,0.00,0.00,0,0
588256,0.00,0.00,0.00,0.00,0.00,0.00,0.00,0.0089,5.9911,0.00,0.00,0,0,0.00,0.00,0,0
588456,0.00,0.00,0.00,0.00,0.00,0.00,0.00,0.0089,5.9911,0.00,0.00,0,0,0.00,0.00,0,0
588656,0.00,0.00,0.00,0.00,0.00,0.00,0.00,0.0089,5.9911,0.00,0.00,0,0,0.00,0.00,0,0
588856,0.00,0.00,0.00,0.00,0.00,0.00,0.00,0.0089,5.9911,0.00,0.00,0,0,0.00,0.00,0,0
589056,0.00,0.00,0.00,0.00,0.00,0.00,0.00,0.0089,5.9911,0.00,0.00,0,0,0.00,0.00,0,0
589256,0.00,0.00,0.00,0.00,0.00,0.00,0.00,0.0089,5.9911,0.00,0.00,0,0,0.00,0.00,0,0
589456,0.00,0.00,0.00,0.00,0.00,0.00,0.00,0.0089,5.9911,0.00,0.00,0,0,0.00,0.00,0,0
589656,0.00,0.00,0.00,0.00,0.00,0.00,0.00,0.0089,5.9911,0.00,0.00,0,0,0.00,0.00,0,0
589856,0.00,0.00,0.00,0.00,0.00,0.00,0.00,0.0089,5.9911,0.00,0.00,0,0,0.00,0.00,0,0
590056,0.00,0.00,0.00,0.00,0.00,0.00,0.00,0.0089,5.9911,0.00,0.00,0,0,0.00,0.00,0,0
590256,0.00,0.00,0.00,0.00,0.00,0.00,0.00,0.0089,5.9911,0.00,0.00,0,0,0.00,0.00,0,0
590456,0.00,0.00,0.00,0.00,0.00,0.00,0.00,0.0089,5.9911,0.00,0.00,0,0,0.00,0.00,0,0
590656,0.00,0.00,0.00,0.00,0.00,0.00,0.00,0.0089,5.9911,0.00,0.00,0,0,0.00,0.00,0,0
590856,0.00,0.00,0.00,0.00,0.00,0.00,0.00,0.0089,5.9911,0.00,0.00,0,0,0.00,0.00,0,0
591056,0.00,0.00,0.00,0.00,0.00,0.00,0.00,0.0089,5.9911,0.00,0.00,0,0,0.00,0.00,0,0
591256,0.00,0.00,0.00,0.00,0.00,0.00,0.00,0.0089,5.9911,0.00,0.00,0,0,0.00,0.00,0,0
591456,0.00,0.00,0.00,0.00,0.00,0.00,0.00,0.0089,5.9911,0.00,0.00,0,0,0.00,0.00,0,0
591656,0.00,0.00,0.00,0.00,0.00,0.00,0.00,0.0089,5.9911,0.00,0.00,0,0,0.00,0.00,0,0
591856,0.00,0.00,0.00,0.00,0.00,0.00,0.00,0.0089,5.9911,0.00,0.00,0,0,0.00,0.00,0,0
592056,0.00,0.00,0.00,0.00,0.00,0.00,0.00,0.0089,5.9911,0.00,0.00,0,0,0.00,0.00,0,0
592256,0.00,0.00,0.00,0.00,0.00,0.00,0.00,0.0089,5.9911,0.00,0.00,0,0,0.00,0.00,0,0
592456,0.00,0.00,0.00,0.00,0.00,0.00,0.00,0.0089,5.9911,0.00,0.00,0,0,0.00,0.00,0,0
592656,0.00,0.00,0.00,0.00,0.00,0.00,0.00,0.0089,5.9911,0.00,0.00,0,0,0.00,0.00,0,0
592856,0.00,0.00,0.00,0.00,0.00,0.00,0.00,0.0089,5.9911,0.00,0.00,0,0,0.00,0.00,0,0
593056,0.00,0.00,0.00,0.00,0.00,0.00,0.00,0.0089,5.9911,0.00,0.00,0,0,0.00,0.00,0,0
593256,0.00,0.00,0.00,0.00,0.00,0.00,0.00,0.0089,5.9911,0.00,0.00,0,0,0.00,0.00,0,0
593456,0.00,0.00,0.00,0.00,0.00,0.00,0.00,0.0089,5.9911,0.00,0.00,0,0,0.00,0.00,0,0
593656,0.00,0.00,0.00,0.00,0.00,0.00,0.00,0.0089,5.9911,0.00,0.00,0,0,0.00,0.00,0,0
593856,0.00,0.00,0.00,0.00,0.00,0.00,0.00,0.0089,5.9911,0.00,0.00,0,0,0.00,0.00,0,0
594056,0.00,0.00,0.00,0.00,0.00,0.00,0.00,0.0089,5.9911,0.00,0.00,0,0,0.00,0.00,0,0
594256,0.00,0.00,0.00,0.00,0.00,0.00,0.00,0.0089,5.9911,0.00,0.00,0,0,0.00,0.00,0,0
594456,0.00,0.00,0.00,0.00,0.00,0.00,0.00,0.0089,5.9911,0.00,0.00,0,0,0.00,0.00,0,0
594656,0.00,0.00,0.00,0.00,0.00,0.00,0.00,0.0089,5.9911,0.00,0.00,0,0,0.00,0.00,0,0
594856,0.00,0.00,0.00,0.00,0.00,0.00,0.00,0.0089,5.9911,0.00,0.00,0,0,0.00,0.00,0,0
595056,0.00,0.00,0.00,0.00,0.00,0.00,0.00,0.0089,5.9911,0.00,0.00,0,0,0.00,0.00,0,0
595256,0.00,0.00,0.00,0.00,0.00,0.00,0.00,0.0089,5.9911,0.00,0.00,0,0,0.00,0.00,0,0
595456,0.00,0.00,0.00,0.00,0.00,0.00,0.00,0.0089,5.9911,0.00,0.00,0,0,0.00,0.00,0,0
595656,0.00,0.00,0.00,0.00,0.00,0.00,0.00,0.0089,5.9911,0.00,0.00,0,0,0.00,0.00,0,0
595856,0.00,0.00,0.00,0.00,0.00,0.00,0.00,0.0089,5.9911,0.00,0.00,0,0,0.00,0.00,0,0
596056,0.00,0.00,0.00,0.00,0.00,0.00,0.00,0.0089,5.9911,0.00,0.00,0,0,0.00,0.00,0,0
596256,0.00,0.00,0.00,0.00,0.00,0.00,0.00,0.0089,5.9911,0.00,0.00,0,0,0.00,0.00,0,0
596456,0.00,0.00,0.00,0.00,0.00,0.00,0.00,0.0089,5.9911,0.00,0.00,0,0,0.00,0.00,0,0
596656,0.00,0.00,0.00,0.00,0.00,0.00,0.00,0.0089,5.9911,0.00,0.00,0,0,0.00,0.00,0,0
596856,0.00,0.00,0.00,0.00,0.00,0.00,0.00,0.0089,5.9911,0.00,0.00,0,0,0.00,0.00,0,0
597056,0.00,0.00,0.00,0.00,0.00,0.00,0.00,0.0089,5.9911,0.00,0.00,0,0,0.00,0.00,0,0
597256,0.00,0.00,0.00,0.00,0.00,0.00,0.00,0.0089,5.9911,0.00,0.00,0,0,0.00,0.00,0,0
597456,0.00,0.00,0.00,0.00,0.00,0.00,0.00,0.0089,5.9911,0.00,0.00,0,0,0.00,0.00,0,0
597656,0.00,0.00,0.00,0.00,0.00,0.00,0.00,0.0089,5.9911,0.00,0.00,0,0,0.00,0.00,0,0
597856,0.00,0.00,0.00,0.00,0.00,0.00,0.00,0.0089,5.9911,0.00,0.00,0,0,0.00,0.00,0,0
598056,0.00,0.00,0.00,0.00,0.00,0.00,0.00,0.0089,5.9911,0.00,0.00,0,0,0.00,0.00,0,0
598256,0.00,0.00,0.00,0.00,0.00,0.00,0.00,0.0089,5.9911,0.00,0.00,0,0,0.00,0.00,0,0
598456,0.00,0.00,0.00,0.00,0.00,0.00,0.00,0.0089,5.9911,0.00,0.00,0,0,0.00,0.00,0,0
598656,0.00,0.00,0.00,0.00,0.00,0.00,0.00,0.0089,5.9911,0.00,0.00,0,0,0.00,0.00,0,0
598856,0.00,0.00,0.00,0.00,0.00,0.00,0.00,0.0089,5.9911,0.00,0.00,0,0,0.00,0.00,0,0
599056,0.00,0.00,0.00,0.00,0.00,0.00,0.00,0.0089,5.9911,0.00,0.00,0,0,0.00,0.00,0,0
599256,0.00,0.00,0.00,0.00,0.00,0.00,0.00,0.0089,5.9911,0.00,0.00,0,0,0.00,0.00,0,0
599456,0.00,0.00,0.00,0.00,0.00,0.00,0.00,0.0089,5.9911,0.00,0.00,0,0,0.00,0.00,0,0
599656,0.00,0.00,0.00,0.00,0.00,0.00,0.00,0.0089,5.9911,0.00,0.00,0,0,0.00,0.00,0,0
599856,0.00,0.00,0.00,0.00,0.00,0.00,0.00,0.0089,5.9911,0.00,0.00,0,0,0.00,0.00,0,0
600056,0.00,0.00,0.00,0.00,0.00,0.00,0.00,0.0089,5.9911,0.00,0.00,0,0,0.00,0.00,0,0
600256,0.00,0.00,0.00,0.00,0.00,0.00,0.00,0.0089,5.9911,0.00,0.00,0,0,0.00,0.00,0,0
600456,0.00,0.00,0.00,0.00,0.00,0.00,0.00,0.0089,5.9911,0.00,0.00,0,0,0.00,0.00,0,0
