time_ms,rl_rpm,rl_rpm_raw,rr_rpm,rr_rpm_raw,rl_speed_mph,rr_speed_mph,speed_mph,fl_rpm,fr_rpm,fuel_consumed_l,fuel_remaining_l,engine_rpm,secondary_rpm,mode,status,temperature_c,brake_pot,motor_setpoint,motor_position
852,0.00,0.00,0.00,0.00,0.00,0.00,0.00,0.00,0.00,0.0000,6.0000,0.00,0.00,0,0,0.00,0.00,-2475,-2075
1052,0.00,0.00,0.00,0.00,0.00,0.00,0.00,0.00,0.00,0.0000,6.0000,0.00,0.00,0,0,0.00,0.00,-3464,-3064
1252,0.00,0.00,0.00,0.00,0.00,0.00,0.00,0.00,0.00,0.0000,6.0000,0.00,0.00,0,0,0.00,0.00,-4718,-4318
1452,0.00,0.00,0.00,0.00,0.00,0.00,0.00,0.00,0.00,0.0000,6.0000,0.00,0.00,0,0,0.00,0.00,-5916,-5516
1652,0.00,0.00,0.00,0.00,0.00,0.00,0.00,0.00,0.00,0.0000,6.0000,0.00,0.00,0,0,0.00,0.00,-5217,-5617
1852,0.00,0.00,0.00,0.00,0.00,0.00,0.00,0.00,0.00,0.0000,6.0000,0.00,0.00,0,0,0.00,0.00,-4444,-4844
2052,0.00,0.00,0.00,0.00,0.00,0.00,0.00,0.00,0.00,0.0000,6.0000,0.00,0.00,0,0,0.00,0.00,-4720,-4670
2252,0.00,0.00,0.00,0.00,0.00,0.00,0.00,0.00,0.00,0.0000,6.0000,0.00,0.00,0,0,0.00,0.00,-4922,-4872
2452,0.00,0.00,0.00,0.00,0.00,0.00,0.00,0.00,0.00,0.0000,6.0000,0.00,0.00,0,0,0.00,0.00,-5121,-5071
2652,0.00,0.00,0.00,0.00,0.00,0.00,0.00,0.00,0.00,0.0000,6.0000,0.00,0.00,0,0,0.00,0.00,-5325,-5275
2852,0.00,0.00,0.00,0.00,0.00,0.00,0.00,0.00,0.00,0.0000,6.0000,0.00,0.00,0,0,0.00,0.00,-5514,-5464
3052,0.00,0.00,0.00,0.00,0.00,0.00,0.00,0.00,0.00,0.0000,6.0000,0.00,0.00,0,0,0.00,0.00,-5713,-5663
3252,0.00,0.00,0.00,0.00,0.00,0.00,0.00,0.00,0.00,0.0000,6.0000,0.00,0.00,0,0,0.00,0.00,-6700,-7500
3452,0.00,0.00,0.00,0.00,0.00,0.00,0.00,0.00,0.00,0.0000,6.0000,0.00,0.00,0,0,0.00,0.00,0,-5610
3652,0.00,0.00,0.00,0.00,0.00,0.00,0.00,0.00,0.00,0.0000,6.0000,0.00,0.00,0,0,0.00,0.00,0,-4157
3852,0.00,0.00,12.50,50.00,0.00,0.82,0.41,0.00,0.00,0.0000,6.0000,0.00,0.00,0,0,0.00,0.00,0,-1926
4052,0.00,0.00,21.88,50.00,0.00,1.43,0.72,0.00,0.00,0.0000,6.0000,0.00,0.00,0,0,0.00,0.00,0,-466
4252,0.00,0.00,16.41,0.00,0.00,1.07,0.54,0.00,0.00,0.0000,6.0000,0.00,0.00,0,0,0.00,0.00,0,0
4452,0.00,0.00,12.30,0.00,0.00,0.81,0.40,0.00,0.00,0.0000,6.0000,0.00,0.00,0,0,0.00,0.00,0,0
4652,0.00,0.00,9.23,0.00,0.00,0.60,0.30,0.00,0.00,0.0000,6.0000,0.00,0.00,0,0,0.00,0.00,0,0
4852,0.00,0.00,6.92,0.00,0.00,0.45,0.23,0.00,0.00,0.0000,6.0000,0.00,0.00,0,0,0.00,0.00,0,0
5052,0.00,0.00,5.19,0.00,0.00,0.34,0.17,0.00,0.00,0.0000,6.0000,0.00,0.00,0,0,0.00,0.00,0,0
5252,0.00,0.00,3.89,0.00,0.00,0.25,0.13,0.00,0.00,0.0000,6.0000,0.00,0.00,0,0,0.00,0.00,0,0
5452,0.00,0.00,2.92,0.00,0.00,0.19,0.10,0.00,0.00,0.0000,6.0000,0.00,0.00,0,0,0.00,0.00,0,0
5652,0.00,0.00,2.19,0.00,0.00,0.14,0.07,0.00,0.00,0.0000,6.0000,0.00,0.00,0,0,0.00,0.00,0,0
5852,0.00,0.00,1.64,0.00,0.00,0.11,0.05,0.00,0.00,0.0000,6.0000,0.00,0.00,0,0,0.00,0.00,0,0
6052,0.00,0.00,1.23,0.00,0.00,0.08,0.04,0.00,0.00,0.0000,6.0000,0.00,0.00,0,0,0.00,0.00,0,0
6252,0.00,0.00,0.92,0.00,0.00,0.06,0.03,0.00,0.00,0.0000,6.0000,0.00,0.00,0,0,0.00,0.00,0,0
6452,0.00,0.00,0.69,0.00,0.00,0.05,0.02,0.00,0.00,0.0000,6.0000,0.00,0.00,0,0,0.00,0.00,0,0
6652,0.00,0.00,0.52,0.00,0.00,0.03,0.02,0.00,0.00,0.0000,6.0000,0.00,0.00,0,0,0.00,0.00,0,0
6852,0.00,0.00,0.39,0.00,0.00,0.03,0.01,0.00,0.00,0.0000,6.0000,0.00,0.00,0,0,0.00,0.00,0,0
7052,0.00,0.00,0.29,0.00,0.00,0.02,0.01,0.00,0.00,0.0000,6.0000,0.00,0.00,0,0,0.00,0.00,0,0
7252,0.00,0.00,0.22,0.00,0.00,0.01,0.01,0.00,0.00,0.0000,6.0000,0.00,0.00,0,0,0.00,0.00,0,0
7452,0.00,0.00,0.16,0.00,0.00,0.01,0.01,0.00,0.00,0.0000,6.0000,0.00,0.00,0,0,0.00,0.00,0,0
7652,0.00,0.00,0.12,0.00,0.00,0.01,0.00,0.00,0.00,0.0000,6.0000,0.00,0.00,0,0,0.00,0.00,0,0
7852,0.00,0.00,0.09,0.00,0.00,0.01,0.00,0.00,0.00,0.0000,6.0000,0.00,0.00,0,0,0.00,0.00,0,0
8052,0.00,0.00,0.07,0.00,0.00,0.00,0.00,0.00,0.00,0.0000,6.0000,0.00,0.00,0,0,0.00,0.00,0,0
8252,0.00,0.00,0.05,0.00,0.00,0.00,0.00,0.00,0.00,0.0000,6.0000,0.00,0.00,0,0,0.00,0.00,0,0
8452,0.00,0.00,0.04,0.00,0.00,0.00,0.00,0.00,0.00,0.0000,6.0000,0.00,0.00,0,0,0.00,0.00,0,0
8652,0.00,0.00,0.03,0.00,0.00,0.00,0.00,0.00,0.00,0.0000,6.0000,0.00,0.00,0,0,0.00,0.00,0,0
8852,0.00,0.00,0.02,0.00,0.00,0.00,0.00,0.00,0.00,0.0000,6.0000,0.00,0.00,0,0,0.00,0.00,0,0
9052,0.00,0.00,0.02,0.00,0.00,0.00,0.00,0.00,0.00,0.0000,6.0000,0.00,0.00,0,0,0.00,0.00,0,0
9252,0.00,0.00,0.01,0.00,0.00,0.00,0.00,0.00,0.00,0.0000,6.0000,0.00,0.00,0,0,0.00,0.00,0,0
9452,0.00,0.00,0.01,0.00,0.00,0.00,0.00,0.00,0.00,0.0000,6.0000,0.00,0.00,0,0,0.00,0.00,0,0
9652,0.00,0.00,0.01,0.00,0.00,0.00,0.00,0.00,0.00,0.0000,6.0000,0.00,0.00,0,0,0.00,0.00,0,0
9852,0.00,0.00,0.01,0.00,0.00,0.00,0.00,0.00,0.00,0.0000,6.0000,0.00,0.00,0,0,0.00,0.00,0,0
10052,0.00,0.00,0.00,0.00,0.00,0.00,0.00,0.00,0.00,0.0000,6.0000,0.00,0.00,0,0,0.00,0.00,0,0
10252,0.00,0.00,0.00,0.00,0.00,0.00,0.00,0.00,0.00,0.0000,6.0000,0.00,0.00,0,0,0.00,0.00,0,0
10452,0.00,0.00,0.00,0.00,0.00,0.00,0.00,0.00,0.00,0.0000,6.0000,0.00,0.00,0,0,0.00,0.00,0,0
10652,0.00,0.00,0.00,0.00,0.00,0.00,0.00,0.00,0.00,0.0000,6.0000,0.00,0.00,0,0,0.00,0.00,0,0
10852,0.00,0.00,0.00,0.00,0.00,0.00,0.00,0.00,0.00,0.0000,6.0000,0.00,0.00,0,0,0.00,0.00,0,0
11052,0.00,0.00,0.00,0.00,0.00,0.00,0.00,0.00,0.00,0.0000,6.0000,0.00,0.00,0,0,0.00,0.00,0,0
11252,0.00,0.00,0.00,0.00,0.00,0.00,0.00,0.00,0.00,0.0000,6.0000,0.00,0.00,0,0,0.00,0.00,0,0
11452,0.00,0.00,0.00,0.00,0.00,0.00,0.00,0.00,0.00,0.0000,6.0000,0.00,0.00,0,0,0.00,0.00,0,0
11652,0.00,0.00,0.00,0.00,0.00,0.00,0.00,0.00,0.00,0.0000,6.0000,0.00,0.00,0,0,0.00,0.00,0,0
11852,0.00,0.00,0.00,0.00,0.00,0.00,0.00,0.00,0.00,0.0000,6.0000,0.00,0.00,0,0,0.00,0.00,0,0
12052,0.00,0.00,0.00,0.00,0.00,0.00,0.00,0.00,0.00,0.0000,6.0000,0.00,0.00,0,0,0.00,0.00,0,0
12252,0.00,0.00,0.00,0.00,0.00,0.00,0.00,0.00,0.00,0.0000,6.0000,0.00,0.00,0,0,0.00,0.00,0,0
12452,0.00,0.00,0.00,0.00,0.00,0.00,0.00,0.00,0.00,0.0000,6.0000,0.00,0.00,0,0,0.00,0.00,0,0
12652,0.00,0.00,0.00,0.00,0.00,0.00,0.00,0.00,0.00,0.0000,6.0000,0.00,0.00,0,0,0.00,0.00,0,0
12852,0.00,0.00,0.00,0.00,0.00,0.00,0.00,0.00,0.00,0.0000,6.0000,0.00,0.00,0,0,0.00,0.00,0,0
13052,0.00,0.00,0.00,0.00,0.00,0.00,0.00,0.00,0.00,0.0000,6.0000,0.00,0.00,0,0,0.00,0.00,0,0
13252,0.00,0.00,0.00,0.00,0.00,0.00,0.00,0.00,0.00,0.0000,6.0000,0.00,0.00,0,0,0.00,0.00,0,0
13452,0.00,0.00,0.00,0.00,0.00,0.00,0.00,0.00,0.00,0.0000,6.0000,0.00,0.00,0,0,0.00,0.00,0,0
13652,0.00,0.00,0.00,0.00,0.00,0.00,0.00,0.00,0.00,0.0000,6.0000,0.00,0.00,0,0,0.00,0.00,0,0
13852,0.00,0.00,0.00,0.00,0.00,0.00,0.00,0.00,0.00,0.0000,6.0000,0.00,0.00,0,0,0.00,0.00,0,0
14052,0.00,0.00,0.00,0.00,0.00,0.00,0.00,0.00,0.00,0.0000,6.0000,0.00,0.00,0,0,0.00,0.00,0,0
14252,0.00,0.00,0.00,0.00,0.00,0.00,0.00,0.00,0.00,0.0000,6.0000,0.00,0.00,0,0,0.00,0.00,0,0
14452,0.00,0.00,0.00,0.00,0.00,0.00,0.00,0.00,0.00,0.0000,6.0000,0.00,0.00,0,0,0.00,0.00,0,0
14652,0.00,0.00,0.00,0.00,0.00,0.00,0.00,0.00,0.00,0.0000,6.0000,0.00,0.00,0,0,0.00,0.00,0,0
14852,0.00,0.00,0.00,0.00,0.00,0.00,0.00,0.00,0.00,0.0000,6.0000,0.00,0.00,0,0,0.00,0.00,0,0
15052,0.00,0.00,0.00,0.00,0.00,0.00,0.00,0.00,0.00,0.0000,6.0000,0.00,0.00,0,0,0.00,0.00,0,0
15252,0.00,0.00,0.00,0.00,0.00,0.00,0.00,0.00,0.00,0.0000,6.0000,0.00,0.00,0,0,0.00,0.00,0,0
15452,0.00,0.00,0.00,0.00,0.00,0.00,0.00,0.00,0.00,0.0000,6.0000,0.00,0.00,0,0,0.00,0.00,0,0
15652,0.00,0.00,0.00,0.00,0.00,0.00,0.00,0.00,0.00,0.0000,6.0000,0.00,0.00,0,0,0.00,0.00,0,0
15852,0.00,0.00,0.00,0.00,0.00,0.00,0.00,0.00,0.00,0.0000,6.0000,0.00,0.00,0,0,0.00,0.00,0,0
16052,0.00,0.00,0.00,0.00,0.00,0.00,0.00,0.00,0.00,0.0000,6.0000,0.00,0.00,0,0,0.00,0.00,0,0
16252,0.00,0.00,0.00,0.00,0.00,0.00,0.00,0.00,0.00,0.0000,6.0000,0.00,0.00,0,0,0.00,0.00,0,0
16452,0.00,0.00,0.00,0.00,0.00,0.00,0.00,0.00,0.00,0.0000,6.0000,0.00,0.00,0,0,0.00,0.00,0,0
16652,0.00,0.00,0.00,0.00,0.00,0.00,0.00,0.00,0.00,0.0000,6.0000,0.00,0.00,0,0,0.00,0.00,0,0
16852,0.00,0.00,0.00,0.00,0.00,0.00,0.00,0.00,0.00,0.0000,6.0000,0.00,0.00,0,0,0.00,0.00,0,0
17052,0.00,0.00,0.00,0.00,0.00,0.00,0.00,0.00,0.00,0.0000,6.0000,0.00,0.00,0,0,0.00,0.00,0,0
17252,0.00,0.00,0.00,0.00,0.00,0.00,0.00,0.00,0.00,0.0000,6.0000,0.00,0.00,0,0,0.00,0.00,0,0
17452,0.00,0.00,0.00,0.00,0.00,0.00,0.00,0.00,0.00,0.0000,6.0000,0.00,0.00,0,0,0.00,0.00,0,0
17652,0.00,0.00,0.00,0.00,0.00,0.00,0.00,0.00,0.00,0.0000,6.0000,0.00,0.00,0,0,0.00,0.00,0,0
17852,0.00,0.00,0.00,0.00,0.00,0.00,0.00,0.00,0.00,0.0000,6.0000,0.00,0.00,0,0,0.00,0.00,0,0
18052,0.00,0.00,0.00,0.00,0.00,0.00,0.00,0.00,0.00,0.0000,6.0000,0.00,0.00,0,0,0.00,0.00,0,0
18252,0.00,0.00,0.00,0.00,0.00,0.00,0.00,0.00,0.00,0.0000,6.0000,0.00,0.00,0,0,0.00,0.00,0,0
18452,0.00,0.00,0.00,0.00,0.00,0.00,0.00,0.00,0.00,0.0000,6.0000,0.00,0.00,0,0,0.00,0.00,0,0
18652,0.00,0.00,0.00,0.00,0.00,0.00,0.00,0.00,0.00,0.0000,6.0000,0.00,0.00,0,0,0.00,0.00,0,0
18852,0.00,0.00,0.00,0.00,0.00,0.00,0.00,0.00,0.00,0.0000,6.0000,0.00,0.00,0,0,0.00,0.00,0,0
19052,0.00,0.00,0.00,0.00,0.00,0.00,0.00,0.00,0.00,0.0000,6.0000,0.00,0.00,0,0,0.00,0.00,0,0
19252,0.00,0.00,0.00,0.00,0.00,0.00,0.00,0.00,0.00,0.0000,6.0000,0.00,0.00,0,0,0.00,0.00,0,0
19452,0.00,0.00,0.00,0.00,0.00,0.00,0.00,0.00,0.00,0.0000,6.0000,0.00,0.00,0,0,0.00,0.00,0,0
19652,0.00,0.00,0.00,0.00,0.00,0.00,0.00,0.00,0.00,0.0000,6.0000,0.00,0.00,0,0,0.00,0.00,0,0
19852,0.00,0.00,0.00,0.00,0.00,0.00,0.00,0.00,0.00,0.0000,6.0000,0.00,0.00,0,0,0.00,0.00,0,0
20052,0.00,0.00,0.00,0.00,0.00,0.00,0.00,0.00,0.00,0.0000,6.0000,0.00,0.00,0,0,0.00,0.00,0,0
20252,0.00,0.00,0.00,0.00,0.00,0.00,0.00,0.00,0.00,0.0000,6.0000,0.00,0.00,0,0,0.00,0.00,0,0
20452,0.00,0.00,0.00,0.00,0.00,0.00,0.00,0.00,0.00,0.0000,6.0000,0.00,0.00,0,0,0.00,0.00,0,0
20652,0.00,0.00,0.00,0.00,0.00,0.00,0.00,0.00,0.00,0.0000,6.0000,0.00,0.00,0,0,0.00,0.00,0,0
20852,0.00,0.00,0.00,0.00,0.00,0.00,0.00,0.00,0.00,0.0000,6.0000,0.00,0.00,0,0,0.00,0.00,0,0
21052,0.00,0.00,0.00,0.00,0.00,0.00,0.00,0.00,0.00,0.0000,6.0000,0.00,0.00,0,0,0.00,0.00,0,0
21252,0.00,0.00,0.00,0.00,0.00,0.00,0.00,0.00,0.00,0.0000,6.0000,0.00,0.00,0,0,0.00,0.00,0,0
21452,0.00,0.00,0.00,0.00,0.00,0.00,0.00,0.00,0.00,0.0000,6.0000,0.00,0.00,0,0,0.00,0.00,0,0
21652,0.00,0.00,0.00,0.00,0.00,0.00,0.00,0.00,0.00,0.0000,6.0000,0.00,0.00,0,0,0.00,0.00,0,0
21852,0.00,0.00,0.00,0.00,0.00,0.00,0.00,0.00,0.00,0.0000,6.0000,0.00,0.00,0,0,0.00,0.00,0,0
22052,0.00,0.00,0.00,0.00,0.00,0.00,0.00,0.00,0.00,0.0000,6.0000,0.00,0.00,0,0,0.00,0.00,0,0
22252,0.00,0.00,0.00,0.00,0.00,0.00,0.00,0.00,0.00,0.0000,6.0000,0.00,0.00,0,0,0.00,0.00,0,0
22452,0.00,0.00,0.00,0.00,0.00,0.00,0.00,0.00,0.00,0.0000,6.0000,0.00,0.00,0,0,0.00,0.00,0,0
22652,0.00,0.00,0.00,0.00,0.00,0.00,0.00,0.00,0.00,0.0000,6.0000,0.00,0.00,0,0,0.00,0.00,0,0
22852,0.00,0.00,0.00,0.00,0.00,0.00,0.00,0.00,0.00,0.0000,6.0000,0.00,0.00,0,0,0.00,0.00,0,0
23052,0.00,0.00,0.00,0.00,0.00,0.00,0.00,0.00,0.00,0.0000,6.0000,0.00,0.00,0,0,0.00,0.00,0,0
23252,0.00,0.00,0.00,0.00,0.00,0.00,0.00,0.00,0.00,0.0000,6.0000,0.00,0.00,0,0,0.00,0.00,0,0
23452,0.00,0.00,0.00,0.00,0.00,0.00,0.00,0.00,0.00,0.0000,6.0000,0.00,0.00,0,0,0.00,0.00,0,0
23652,0.00,0.00,0.00,0.00,0.00,0.00,0.00,0.00,0.00,0.0000,6.0000,0.00,0.00,0,0,0.00,0.00,0,0
23852,0.00,0.00,0.00,0.00,0.00,0.00,0.00,0.00,0.00,0.0000,6.0000,0.00,0.00,0,0,0.00,0.00,0,0
24052,0.00,0.00,0.00,0.00,0.00,0.00,0.00,0.00,0.00,0.0000,6.0000,0.00,0.00,0,0,0.00,0.00,0,0
24252,0.00,0.00,0.00,0.00,0.00,0.00,0.00,0.00,0.00,0.0000,6.0000,0.00,0.00,0,0,0.00,0.00,0,0
24452,0.00,0.00,0.00,0.00,0.00,0.00,0.00,0.00,0.00,0.0000,6.0000,0.00,0.00,0,0,0.00,0.00,0,0
24652,0.00,0.00,0.00,0.00,0.00,0.00,0.00,0.00,0.00,0.0000,6.0000,0.00,0.00,0,0,0.00,0.00,0,0
24852,0.00,0.00,0.00,0.00,0.00,0.00,0.00,0.00,0.00,0.0000,6.0000,0.00,0.00,0,0,0.00,0.00,0,0
25052,0.00,0.00,0.00,0.00,0.00,0.00,0.00,0.00,0.00,0.0000,6.0000,0.00,0.00,0,0,0.00,0.00,0,0
25252,0.00,0.00,0.00,0.00,0.00,0.00,0.00,0.00,0.00,0.0000,6.0000,0.00,0.00,0,0,0.00,0.00,0,0
25452,0.00,0.00,0.00,0.00,0.00,0.00,0.00,0.00,0.00,0.0000,6.0000,0.00,0.00,0,0,0.00,0.00,0,0
25652,0.00,0.00,0.00,0.00,0.00,0.00,0.00,0.00,0.00,0.0000,6.0000,0.00,0.00,0,0,0.00,0.00,0,0
25852,0.00,0.00,0.00,0.00,0.00,0.00,0.00,0.00,0.00,0.0000,6.0000,0.00,0.00,0,0,0.00,0.00,0,0
26052,0.00,0.00,0.00,0.00,0.00,0.00,0.00,0.00,0.00,0.0000,6.0000,0.00,0.00,0,0,0.00,0.00,0,0
26252,0.00,0.00,0.00,0.00,0.00,0.00,0.00,0.00,0.00,0.0000,6.0000,0.00,0.00,0,0,0.00,0.00,0,0
26452,0.00,0.00,0.00,0.00,0.00,0.00,0.00,0.00,0.00,0.0000,6.0000,0.00,0.00,0,0,0.00,0.00,0,0
26652,0.00,0.00,0.00,0.00,0.00,0.00,0.00,0.00,0.00,0.0000,6.0000,0.00,0.00,0,0,0.00,0.00,0,0
26852,0.00,0.00,0.00,0.00,0.00,0.00,0.00,0.00,0.00,0.0000,6.0000,0.00,0.00,0,0,0.00,0.00,0,0
27052,0.00,0.00,0.00,0.00,0.00,0.00,0.00,0.00,0.00,0.0000,6.0000,0.00,0.00,0,0,0.00,0.00,0,0
27252,0.00,0.00,0.00,0.00,0.00,0.00,0.00,0.00,0.00,0.0000,6.0000,0.00,0.00,0,0,0.00,0.00,0,0
27452,0.00,0.00,0.00,0.00,0.00,0.00,0.00,0.00,0.00,0.0000,6.0000,0.00,0.00,0,0,0.00,0.00,0,0
27652,0.00,0.00,0.00,0.00,0.00,0.00,0.00,0.00,0.00,0.0000,6.0000,0.00,0.00,0,0,0.00,0.00,0,0
27852,0.00,0.00,0.00,0.00,0.00,0.00,0.00,0.00,0.00,0.0000,6.0000,0.00,0.00,0,0,0.00,0.00,0,0
28052,0.00,0.00,0.00,0.00,0.00,0.00,0.00,0.00,0.00,0.0000,6.0000,0.00,0.00,0,0,0.00,0.00,0,0
28252,0.00,0.00,0.00,0.00,0.00,0.00,0.00,0.00,0.00,0.0000,6.0000,0.00,0.00,0,0,0.00,0.00,0,0
28452,0.00,0.00,0.00,0.00,0.00,0.00,0.00,0.00,0.00,0.0000,6.0000,0.00,0.00,0,0,0.00,0.00,0,0
28652,0.00,0.00,0.00,0.00,0.00,0.00,0.00,0.00,0.00,0.0000,6.0000,0.00,0.00,0,0,0.00,0.00,0,0
28852,0.00,0.00,0.00,0.00,0.00,0.00,0.00,0.00,0.00,0.0000,6.0000,0.00,0.00,0,0,0.00,0.00,0,0
29052,0.00,0.00,0.00,0.00,0.00,0.00,0.00,0.00,0.00,0.0000,6.0000,0.00,0.00,0,0,0.00,0.00,0,0
29252,0.00,0.00,0.00,0.00,0.00,0.00,0.00,0.00,0.00,0.0000,6.0000,0.00,0.00,0,0,0.00,0.00,0,0
29452,0.00,0.00,0.00,0.00,0.00,0.00,0.00,0.00,0.00,0.0000,6.0000,0.00,0.00,0,0,0.00,0.00,0,0
29652,0.00,0.00,0.00,0.00,0.00,0.00,0.00,0.00,0.00,0.0000,6.0000,0.00,0.00,0,0,0.00,0.00,0,0
29852,0.00,0.00,0.00,0.00,0.00,0.00,0.00,0.00,0.00,0.0000,6.0000,0.00,0.00,0,0,0.00,0.00,0,0
30052,0.00,0.00,0.00,0.00,0.00,0.00,0.00,0.00,0.00,0.0000,6.0000,0.00,0.00,0,0,0.00,0.00,0,0
30252,0.00,0.00,0.00,0.00,0.00,0.00,0.00,0.00,0.00,0.0000,6.0000,0.00,0.00,0,0,0.00,0.00,0,0
30452,0.00,0.00,0.00,0.00,0.00,0.00,0.00,0.00,0.00,0.0000,6.0000,0.00,0.00,0,0,0.00,0.00,0,0
30652,0.00,0.00,0.00,0.00,0.00,0.00,0.00,0.00,0.00,0.0000,6.0000,0.00,0.00,0,0,0.00,0.00,0,0
30852,0.00,0.00,0.00,0.00,0.00,0.00,0.00,0.00,0.00,0.0000,6.0000,0.00,0.00,0,0,0.00,0.00,0,0
31052,0.00,0.00,0.00,0.00,0.00,0.00,0.00,0.00,0.00,0.0000,6.0000,0.00,0.00,0,0,0.00,0.00,0,0
31252,0.00,0.00,0.00,0.00,0.00,0.00,0.00,0.00,0.00,0.0000,6.0000,0.00,0.00,0,0,0.00,0.00,0,0
31452,0.00,0.00,0.00,0.00,0.00,0.00,0.00,0.00,0.00,0.0000,6.0000,0.00,0.00,0,0,0.00,0.00,0,0
31652,0.00,0.00,0.00,0.00,0.00,0.00,0.00,0.00,0.00,0.0000,6.0000,0.00,0.00,0,0,0.00,0.00,0,0
31852,0.00,0.00,0.00,0.00,0.00,0.00,0.00,0.00,0.00,0.0000,6.0000,0.00,0.00,0,0,0.00,0.00,0,0
32052,0.00,0.00,0.00,0.00,0.00,0.00,0.00,0.00,0.00,0.0000,6.0000,0.00,0.00,0,0,0.00,0.00,0,0
32252,0.00,0.00,0.00,0.00,0.00,0.00,0.00,0.00,0.00,0.0000,6.0000,0.00,0.00,0,0,0.00,0.00,0,0
32452,0.00,0.00,0.00,0.00,0.00,0.00,0.00,0.00,0.00,0.0000,6.0000,0.00,0.00,0,0,0.00,0.00,0,0
32652,0.00,0.00,0.00,0.00,0.00,0.00,0.00,0.00,0.00,0.0000,6.0000,0.00,0.00,0,0,0.00,0.00,0,0
32852,0.00,0.00,0.00,0.00,0.00,0.00,0.00,0.00,0.00,0.0000,6.0000,0.00,0.00,0,0,0.00,0.00,0,0
33052,0.00,0.00,0.00,0.00,0.00,0.00,0.00,0.00,0.00,0.0000,6.0000,0.00,1.00,0,0,0.00,0.00,0,0
33252,0.00,0.00,0.00,0.00,0.00,0.00,0.00,0.00,0.00,0.0000,6.0000,0.00,1.00,0,0,0.00,0.00,0,0
33452,0.00,0.00,0.00,0.00,0.00,0.00,0.00,0.00,0.00,0.0000,6.0000,0.00,1.00,0,0,0.00,0.00,0,0
33652,0.00,0.00,0.00,0.00,0.00,0.00,0.00,0.00,0.00,0.0000,6.0000,0.00,1.00,0,0,0.00,0.00,0,0
33852,0.00,0.00,0.00,0.00,0.00,0.00,0.00,0.00,0.00,0.0000,6.0000,0.00,1.00,0,0,0.00,0.00,0,0
34052,0.00,0.00,0.00,0.00,0.00,0.00,0.00,0.00,0.00,0.0000,6.0000,0.00,1.00,0,0,0.00,0.00,0,0
34252,0.00,0.00,0.00,0.00,0.00,0.00,0.00,0.00,0.00,0.0000,6.0000,0.00,1.00,0,0,0.00,0.00,0,0
34452,0.00,0.00,0.00,0.00,0.00,0.00,0.00,0.00,0.00,0.0000,6.0000,0.00,1.00,0,0,0.00,0.00,0,0
34652,0.00,0.00,0.00,0.00,0.00,0.00,0.00,0.00,0.00,0.0000,6.0000,0.00,1.00,0,0,0.00,0.00,0,0
34852,0.00,0.00,0.00,0.00,0.00,0.00,0.00,0.00,0.00,0.0000,6.0000,0.00,1.00,0,0,0.00,0.00,0,0
35052,0.00,0.00,0.00,0.00,0.00,0.00,0.00,0.00,0.00,0.0000,6.0000,0.00,1.00,0,0,0.00,0.00,0,0
35252,0.00,0.00,0.00,0.00,0.00,0.00,0.00,0.00,0.00,0.0000,6.0000,0.00,1.00,0,0,0.00,0.00,0,0
35452,0.00,0.00,0.00,0.00,0.00,0.00,0.00,0.00,0.00,0.0000,6.0000,0.00,1.00,0,0,0.00,0.00,0,0
35652,0.00,0.00,0.00,0.00,0.00,0.00,0.00,0.00,0.00,0.0000,6.0000,0.00,1.00,0,0,0.00,0.00,0,0
35852,0.00,0.00,0.00,0.00,0.00,0.00,0.00,0.00,0.00,0.0000,6.0000,0.00,1.00,0,0,0.00,0.00,0,0
36052,0.00,0.00,0.00,0.00,0.00,0.00,0.00,0.00,0.00,0.0000,6.0000,0.00,1.00,0,0,0.00,0.00,0,0
36252,0.00,0.00,0.00,0.00,0.00,0.00,0.00,0.00,0.00,0.0000,6.0000,0.00,1.00,0,0,0.00,0.00,0,0
36452,0.00,0.00,0.00,0.00,0.00,0.00,0.00,0.00,0.00,0.0000,6.0000,0.00,1.00,0,0,0.00,0.00,0,0
36652,0.00,0.00,0.00,0.00,0.00,0.00,0.00,0.00,0.00,0.0000,6.0000,0.00,1.00,0,0,0.00,0.00,0,0
36852,0.00,0.00,0.00,0.00,0.00,0.00,0.00,0.00,0.00,0.0000,6.0000,0.00,1.00,0,0,0.00,0.00,0,0
37052,0.00,0.00,0.00,0.00,0.00,0.00,0.00,0.00,0.00,0.0000,6.0000,0.00,1.00,0,0,0.00,0.00,0,0
37252,0.00,0.00,0.00,0.00,0.00,0.00,0.00,0.00,0.00,0.0000,6.0000,65.60,1.00,0,0,0.00,0.00,0,0
37452,0.00,0.00,0.00,0.00,0.00,0.00,0.00,0.00,0.00,0.0000,6.0000,52.47,1.00,0,0,0.00,0.00,0,0
37652,0.00,0.00,0.00,0.00,0.00,0.00,0.00,0.00,0.00,0.0000,6.0000,113.97,1.00,0,0,0.00,0.00,0,0
37852,0.00,0.00,0.00,0.00,0.00,0.00,0.00,0.00,0.00,0.0000,6.0000,46.68,1.00,0,0,0.00,0.00,0,0
38052,0.00,0.00,0.00,0.00,0.00,0.00,0.00,0.00,0.00,0.0000,6.0000,19.12,1.00,0,0,0.00,0.00,0,0
38252,0.00,0.00,0.00,0.00,0.00,0.00,0.00,0.00,0.00,0.0000,6.0000,7.83,1.00,0,0,0.00,0.00,0,0
38452,0.00,0.00,0.00,0.00,0.00,0.00,0.00,0.00,0.00,0.0000,6.0000,3.21,1.00,0,0,0.00,0.00,0,0
38652,0.00,0.00,0.00,0.00,0.00,0.00,0.00,0.00,0.00,0.0000,6.0000,66.91,1.00,0,0,0.00,0.00,0,0
38852,0.00,0.00,0.00,0.00,0.00,0.00,0.00,0.00,0.00,0.0000,6.0000,268.69,1.00,0,0,0.00,0.00,0,0
39052,0.00,0.00,0.00,0.00,0.00,0.00,0.00,0.00,0.00,0.0000,6.0000,459.49,1.00,0,0,0.00,0.00,0,0
39252,0.00,0.00,0.00,0.00,0.00,0.00,0.00,0.00,0.00,0.0000,6.0000,476.85,1.00,0,0,0.00,0.00,0,0
39452,0.00,0.00,0.00,0.00,0.00,0.00,0.00,0.00,0.00,0.0000,6.0000,293.88,1.00,0,0,0.00,0.00,0,0
39652,0.00,0.00,0.00,0.00,0.00,0.00,0.00,0.00,0.00,0.0000,6.0000,258.93,1.00,0,0,0.00,0.00,0,0
39852,0.00,0.00,0.00,0.00,0.00,0.00,0.00,0.00,0.00,0.0000,6.0000,126.54,1.00,0,0,0.00,0.00,0,0
40052,0.00,0.00,0.00,0.00,0.00,0.00,0.00,0.00,0.00,0.0000,6.0000,51.83,1.00,0,0,0.00,0.00,0,0
40252,0.00,0.00,0.00,0.00,0.00,0.00,0.00,0.00,0.00,0.0000,6.0000,61.23,1.00,0,0,0.00,0.00,0,0
40452,0.00,0.00,0.00,0.00,0.00,0.00,0.00,0.00,0.00,0.0000,6.0000,57.08,1.00,0,0,0.00,0.00,0,0
40652,0.00,0.00,0.00,0.00,0.00,0.00,0.00,0.00,0.00,0.0000,6.0000,55.38,1.00,0,0,0.00,0.00,0,0
40852,0.00,0.00,0.00,0.00,0.00,0.00,0.00,0.00,0.00,0.0000,6.0000,128.28,1.00,0,0,0.00,0.00,0,0
41052,0.00,0.00,0.00,0.00,0.00,0.00,0.00,0.00,0.00,0.0000,6.0000,314.30,1.00,0,0,0.00,0.00,0,0
41252,0.00,0.00,0.00,0.00,0.00,0.00,0.00,0.00,0.00,0.0000,6.0000,221.22,1.00,0,0,0.00,0.00,0,0
41452,0.00,0.00,0.00,0.00,0.00,0.00,0.00,0.00,0.00,0.0000,6.0000,168.69,1.00,0,0,0.00,0.00,0,0
41652,0.00,0.00,0.00,0.00,0.00,0.00,0.00,0.00,0.00,0.0000,6.0000,94.70,1.00,0,0,0.00,0.00,0,0
41852,0.00,0.00,0.00,0.00,0.00,0.00,0.00,0.00,0.00,0.0000,6.0000,38.79,1.00,0,0,0.00,0.00,0,0
42052,0.00,0.00,0.00,0.00,0.00,0.00,0.00,0.00,0.00,0.0000,6.0000,15.89,1.00,0,0,0.00,0.00,0,0
42252,0.00,0.00,0.00,0.00,0.00,0.00,0.00,0.00,0.00,0.0000,6.0000,6.51,1.00,0,0,0.00,0.00,0,0
42452,0.00,0.00,0.00,0.00,0.00,0.00,0.00,0.00,0.00,0.0000,6.0000,2.67,1.00,0,0,0.00,0.00,0,0
42652,0.00,0.00,0.00,0.00,0.00,0.00,0.00,0.00,0.00,0.0000,6.0000,1.09,1.00,0,0,0.00,0.00,0,0
42852,0.00,0.00,0.00,0.00,0.00,0.00,0.00,0.00,0.00,0.0000,6.0000,0.45,1.00,0,0,0.00,0.00,0,0
43052,0.00,0.00,0.00,0.00,0.00,0.00,0.00,0.00,0.00,0.0000,6.0000,0.18,1.00,0,0,0.00,0.00,0,0
43252,0.00,0.00,0.00,0.00,0.00,0.00,0.00,0.00,0.00,0.0000,6.0000,0.08,1.00,0,0,0.00,0.00,0,0
43452,0.00,0.00,0.00,0.00,0.00,0.00,0.00,0.00,0.00,0.0000,6.0000,0.03,1.00,0,0,0.00,0.00,0,0
43652,0.00,0.00,0.00,0.00,0.00,0.00,0.00,0.00,0.00,0.0000,6.0000,0.01,1.00,0,0,0.00,0.00,0,0
43852,0.00,0.00,0.00,0.00,0.00,0.00,0.00,0.00,0.00,0.0000,6.0000,0.01,1.00,0,0,0.00,0.00,0,0
44052,0.00,0.00,0.00,0.00,0.00,0.00,0.00,0.00,0.00,0.0000,6.0000,0.00,1.00,0,0,0.00,0.00,0,0
44252,0.00,0.00,0.00,0.00,0.00,0.00,0.00,0.00,0.00,0.0000,6.0000,0.00,1.00,0,0,0.00,0.00,0,0
44452,0.00,0.00,0.00,0.00,0.00,0.00,0.00,0.00,0.00,0.0000,6.0000,0.00,1.00,0,0,0.00,0.00,0,0
44652,0.00,0.00,0.00,0.00,0.00,0.00,0.00,0.00,0.00,0.0000,6.0000,0.00,1.00,0,0,0.00,0.00,0,0
44852,0.00,0.00,0.00,0.00,0.00,0.00,0.00,0.00,0.00,0.0000,6.0000,0.00,1.00,0,0,0.00,0.00,0,0
45052,0.00,0.00,0.00,0.00,0.00,0.00,0.00,0.00,0.00,0.0000,6.0000,0.00,1.00,0,0,0.00,0.00,0,0
45252,0.00,0.00,0.00,0.00,0.00,0.00,0.00,0.00,0.00,0.0000,6.0000,32.00,1.00,0,0,0.00,0.00,0,0
45452,0.00,0.00,0.00,0.00,0.00,0.00,0.00,0.00,0.00,0.0000,6.0000,13.11,1.00,0,0,0.00,0.00,0,0
45652,0.00,0.00,0.00,0.00,0.00,0.00,0.00,0.00,0.00,0.0000,6.0000,102.97,1.00,0,0,0.00,0.00,0,0
45852,0.00,0.00,0.00,0.00,0.00,0.00,0.00,0.00,0.00,0.0000,6.0000,545.54,1.00,0,0,0.00,0.00,0,0
46052,0.00,0.00,0.00,0.00,0.00,0.00,0.00,0.00,0.00,0.0000,6.0000,695.77,1.00,0,0,0.00,0.00,0,0
46252,0.00,0.00,0.00,0.00,0.00,0.00,0.00,0.00,0.00,0.0000,6.0000,783.23,1.00,0,0,0.00,0.00,0,0
46452,0.00,0.00,0.00,0.00,0.00,0.00,0.00,0.00,0.00,0.0000,6.0000,858.73,1.00,0,0,0.00,0.00,0,0
46652,0.00,0.00,0.00,0.00,0.00,0.00,0.00,0.00,0.00,0.0000,6.0000,967.74,1.00,0,0,0.00,0.00,0,0
46852,0.00,0.00,0.00,0.00,0.00,0.00,0.00,0.00,0.00,0.0000,6.0000,1064.86,1.00,0,0,0.00,0.00,0,0
47052,0.00,0.00,0.00,0.00,0.00,0.00,0.00,0.00,0.00,0.0000,6.0000,1165.13,1.00,0,0,0.00,0.00,0,0
47252,0.00,0.00,0.00,0.00,0.00,0.00,0.00,0.00,0.00,0.0000,6.0000,1271.80,0.00,0,0,0.00,0.00,0,0
47452,0.00,0.00,0.00,0.00,0.00,0.00,0.00,0.00,0.00,0.0000,6.0000,1379.49,0.00,0,0,0.00,0.00,0,0
47652,0.00,0.00,0.00,0.00,0.00,0.00,0.00,0.00,0.00,0.0000,6.0000,1449.20,0.00,0,0,0.00,0.00,0,0
47852,0.00,0.00,0.00,0.00,0.00,0.00,0.00,0.00,0.00,0.0000,6.0000,1603.83,0.00,0,0,0.00,0.00,0,0
48052,0.00,0.00,0.00,0.00,0.00,0.00,0.00,0.00,0.00,0.0000,6.0000,1791.65,0.00,0,0,0.00,0.00,0,0
48252,0.00,0.00,0.00,0.00,0.00,0.00,0.00,0.00,0.00,0.0000,6.0000,1894.18,0.00,0,0,0.00,0.00,0,0
48452,0.00,0.00,0.00,0.00,0.00,0.00,0.00,0.00,0.00,0.0000,6.0000,1936.18,0.00,0,0,0.00,0.00,0,0
48652,0.00,0.00,25.00,100.00,0.00,1.64,0.82,0.00,0.00,0.0000,6.0000,1948.26,0.00,0,0,0.00,0.00,0,0
48852,0.00,0.00,18.75,0.00,0.00,1.23,0.61,0.00,0.00,0.0000,6.0000,1978.81,0.00,0,0,0.00,0.00,0,0
49052,0.00,0.00,14.06,0.00,0.00,0.92,0.46,0.00,0.00,0.0000,6.0000,2043.80,0.00,0,0,0.00,0.00,566,162
49252,0.00,0.00,10.55,0.00,0.00,0.69,0.35,0.00,0.00,0.0000,6.0000,2096.02,0.00,0,0,0.00,0.00,1219,540
49452,0.00,0.00,7.91,0.00,0.00,0.52,0.26,0.00,0.00,0.0000,6.0000,2157.41,0.00,0,0,0.00,0.00,1985,1546
49652,0.00,0.00,30.93,100.00,0.00,2.02,1.01,0.00,0.00,0.0000,6.0000,2182.56,0.00,0,0,0.00,0.00,2299,2115
49852,0.00,0.00,123.20,400.00,0.00,8.06,4.03,0.00,0.00,0.0000,6.0000,2310.94,0.00,0,0,0.00,0.00,3902,3013
50052,0.00,0.00,92.40,0.00,0.00,6.05,3.02,0.00,0.00,0.0000,6.0000,2416.00,0.00,0,0,0.00,0.00,5214,3329
50252,0.00,0.00,69.30,0.00,0.00,4.54,2.27,0.00,0.00,0.0000,6.0000,2499.03,0.00,0,0,0.00,0.00,6251,3563
50452,0.00,0.00,64.47,50.00,0.00,4.22,2.11,0.00,0.00,0.0000,6.0000,2498.16,0.00,0,0,0.00,0.00,6240,4596
50652,0.00,0.00,135.86,350.00,0.00,8.89,4.45,0.00,0.00,0.0000,6.0000,2492.69,0.00,0,0,0.00,0.00,6172,5970
50852,0.00,0.00,101.89,0.00,0.00,6.67,3.33,0.00,0.00,0.0000,6.0000,2477.97,0.00,0,0,0.00,0.00,6527,6372
51052,12.50,50.00,151.42,300.00,0.82,9.91,5.36,0.00,0.00,0.0000,6.0000,2457.54,0.00,0,0,0.00,0.00,6760,6645
51252,9.38,0.00,113.56,0.00,0.61,7.43,4.02,0.00,0.00,0.0000,6.0000,2444.05,0.00,0,0,0.00,0.00,7075,6987
51452,19.53,50.00,85.17,0.00,1.28,5.57,3.43,0.00,0.00,0.0000,6.0000,2392.44,0.00,0,0,0.00,0.00,7068,7084
51652,39.65,100.00,88.88,100.00,2.59,5.82,4.21,0.00,0.00,0.0000,6.0000,2371.30,0.00,0,0,0.00,0.00,6831,6889
51852,42.24,50.00,116.66,200.00,2.76,7.64,5.20,0.00,0.00,0.0000,6.0000,2400.74,0.00,0,0,0.00,0.00,6822,6821
52052,56.68,100.00,87.49,0.00,3.71,5.73,4.72,0.00,0.00,0.0000,6.0000,2493.83,0.00,0,0,0.00,0.00,7146,6959
52252,67.51,100.00,65.62,0.00,4.42,4.29,4.36,0.00,0.00,0.0000,6.0000,2746.59,0.00,0,0,0.00,0.00,9343,7639
52452,75.63,100.00,74.22,100.00,4.95,4.86,4.90,0.00,0.00,0.0000,6.0000,2907.72,0.00,0,0,0.00,0.00,11355,8582
52652,94.22,150.00,230.66,700.00,6.17,15.10,10.63,0.00,0.00,0.0000,6.0000,3059.80,0.00,0,0,0.00,0.00,13254,10266
52852,108.17,150.00,235.50,250.00,7.08,15.41,11.25,0.00,0.00,0.0000,6.0000,3142.58,0.00,0,0,0.00,0.00,14287,12302
53052,118.63,150.00,339.12,650.00,7.76,22.20,14.98,0.00,0.00,0.0000,6.0000,3216.48,0.00,0,0,0.00,0.00,15470,13838
53252,138.97,200.00,329.34,300.00,9.10,21.56,15.33,0.00,0.00,0.0000,6.0000,3232.35,0.00,0,0,0.00,0.00,16779,15115
53452,141.73,150.00,297.01,200.00,9.28,19.44,14.36,0.00,0.00,0.0000,6.0000,3305.73,0.00,0,0,0.00,0.00,18389,16578
53652,168.80,250.00,297.75,300.00,11.05,19.49,15.27,0.00,0.00,0.0000,6.0000,3275.31,0.00,0,0,0.00,0.00,19789,18039
53852,176.60,200.00,398.32,700.00,11.56,26.07,18.81,0.00,0.00,0.0000,6.0000,3270.85,0.00,0,0,0.00,0.00,21272,19531
54052,194.95,250.00,323.74,100.00,12.76,21.19,16.97,0.00,0.00,0.0000,6.0000,3229.02,0.00,0,0,0.00,0.00,21617,19959
54252,208.71,250.00,342.80,400.00,13.66,22.44,18.05,0.00,0.00,0.0000,6.0000,3251.89,0.00,0,0,0.00,0.00,22658,20955
54452,219.03,250.00,407.10,600.00,14.34,26.64,20.49,0.00,0.00,0.0000,6.0000,3181.25,0.00,0,0,0.00,0.00,23808,22246
54652,226.77,250.00,405.33,400.00,14.84,26.53,20.69,0.00,0.00,0.0000,6.0000,3126.72,0.00,0,0,0.00,0.00,24926,23473
54852,232.58,250.00,441.49,550.00,15.22,28.90,22.06,0.00,0.00,0.0000,6.0000,3072.39,0.00,0,0,0.00,0.00,25997,24653
55052,249.44,300.00,468.62,550.00,16.33,30.67,23.50,0.00,0.00,0.0000,6.0000,2997.65,0.00,0,0,0.00,0.00,27154,25959
55252,262.08,300.00,388.97,150.00,17.15,25.46,21.31,0.00,0.00,0.0022,5.9978,2941.44,0.00,0,0,0.00,0.00,28216,27134
55452,271.56,300.00,379.22,350.00,17.77,24.82,21.30,0.00,0.00,0.0022,5.9978,2889.93,0.00,0,0,0.00,0.00,28382,27403
55652,278.67,300.00,334.42,200.00,18.24,21.89,20.06,0.00,0.00,0.0022,5.9978,2862.44,0.00,0,0,0.00,0.00,28802,27878
55852,296.50,350.00,375.81,500.00,19.41,24.60,22.00,0.00,0.00,0.0022,5.9978,2825.57,0.00,0,0,0.00,0.00,29842,28991
56052,297.38,300.00,381.86,400.00,19.46,24.99,22.23,0.00,0.00,0.0022,5.9978,2744.88,0.00,0,0,0.00,0.00,29917,29228
56252,310.53,350.00,373.90,350.00,20.32,24.47,22.40,0.00,0.00,0.0022,5.9978,2745.42,0.00,0,0,0.00,0.00,30534,29844
56452,307.90,300.00,492.92,850.00,20.15,32.26,26.21,0.00,0.00,0.0022,5.9978,2745.64,0.00,0,0,0.00,0.00,31000,30662
56652,318.42,350.00,469.69,400.00,20.84,30.74,25.79,0.00,0.00,0.0022,5.9978,2685.26,0.00,0,0,0.00,0.00,31000,31000
56852,326.32,350.00,402.27,200.00,21.36,26.33,23.84,0.00,0.00,0.0022,5.9978,2695.40,0.00,0,0,0.00,0.00,31000,31000
57052,332.24,350.00,301.70,0.00,21.74,19.75,20.75,0.00,0.00,0.0022,5.9978,2664.68,0.00,0,0,0.00,0.00,31000,31000
57252,336.68,350.00,226.28,0.00,22.04,14.81,18.42,0.00,0.00,0.0022,5.9978,2678.97,0.00,0,0,0.00,0.00,31000,31000
57452,340.01,350.00,169.71,0.00,22.25,11.11,16.68,0.00,0.00,0.0022,5.9978,2724.83,0.00,0,0,0.00,0.00,31000,31000
57652,355.01,400.00,152.28,100.00,23.24,9.97,16.60,0.00,0.00,0.0022,5.9978,2769.21,0.00,0,0,0.00,0.00,31000,31000
57852,353.76,350.00,176.71,250.00,23.15,11.57,17.36,0.00,0.00,0.0022,5.9978,2787.39,1.00,0,0,0.00,0.00,0,30114
58052,340.32,300.00,157.53,100.00,22.27,10.31,16.29,0.00,0.00,0.0022,5.9978,2866.83,1.00,0,0,0.00,0.00,0,28585
58252,330.24,300.00,168.15,200.00,21.61,11.01,16.31,0.00,0.00,0.0022,5.9978,2683.38,1.00,0,0,0.00,0.00,0,25535
58452,297.68,200.00,151.11,100.00,19.48,9.89,14.69,0.00,0.00,0.0022,5.9978,2418.47,1.00,0,0,0.00,0.00,0,22195
58652,260.76,150.00,113.33,0.00,17.07,7.42,12.24,0.00,0.00,0.0022,5.9978,2073.81,1.00,0,0,0.00,0.00,0,18077
58852,220.57,100.00,85.00,0.00,14.44,5.56,10.00,0.00,0.00,0.0022,5.9978,1912.15,1.00,0,0,0.00,0.00,0,13117
59052,177.93,50.00,63.75,0.00,11.65,4.17,7.91,0.00,0.00,0.0022,5.9978,1845.94,1.00,0,0,0.00,0.00,0,8153
59252,133.44,0.00,47.81,0.00,8.73,3.13,5.93,0.00,0.00,0.0022,5.9978,1833.22,1.00,0,0,0.00,0.00,0,2766
59452,100.08,0.00,73.36,150.00,6.55,4.80,5.68,0.00,0.00,0.0022,5.9978,1931.69,1.00,0,0,0.00,0.00,0,1
59652,75.06,0.00,55.02,0.00,4.91,3.60,4.26,0.00,0.00,0.0022,5.9978,1932.02,1.00,0,0,0.00,0.00,0,0
59852,56.30,0.00,41.26,0.00,3.68,2.70,3.19,0.00,0.00,0.0022,5.9978,1972.15,1.00,0,0,0.00,0.00,0,0
60052,42.22,0.00,30.95,0.00,2.76,2.03,2.39,0.00,0.00,0.0022,5.9978,1988.59,1.00,0,0,0.00,0.00,0,0
60252,31.67,0.00,48.21,100.00,2.07,3.16,2.61,0.00,0.00,0.0022,5.9978,2164.93,0.00,0,0,0.00,0.00,2079,113
60452,23.75,0.00,36.16,0.00,1.55,2.37,1.96,0.00,0.00,0.0022,5.9978,2401.32,0.00,0,0,0.00,0.00,5031,460
60652,17.81,0.00,39.62,50.00,1.17,2.59,1.88,0.00,0.00,0.0022,5.9978,2518.62,0.00,0,0,0.00,0.00,6496,1826
60852,13.36,0.00,29.71,0.00,0.87,1.94,1.41,0.00,0.00,0.0022,5.9978,2638.67,0.00,0,0,0.00,0.00,7995,3885
61052,22.52,50.00,22.29,0.00,1.47,1.46,1.47,0.00,0.00,0.0022,5.9978,2701.92,0.00,0,0,0.00,0.00,8785,6320
61252,16.89,0.00,154.21,550.00,1.11,10.09,5.60,0.00,0.00,0.0022,5.9978,2601.75,0.00,0,0,0.00,0.00,8208,7805
61452,37.67,100.00,215.66,400.00,2.47,14.11,8.29,0.00,0.00,0.0022,5.9978,2410.64,0.00,0,0,0.00,0.00,8327,8306
61652,40.75,50.00,286.75,500.00,2.67,18.77,10.72,0.00,0.00,0.0022,5.9978,2383.88,0.00,0,0,0.00,0.00,8141,8174
61852,55.56,100.00,215.06,0.00,3.64,14.08,8.86,0.00,0.00,0.0022,5.9978,2511.48,0.00,0,0,0.00,0.00,8526,8304
62052,66.67,100.00,161.29,0.00,4.36,10.56,7.46,0.00,0.00,0.0022,5.9978,2595.74,0.00,0,0,0.00,0.00,9269,8878
62252,87.50,150.00,120.97,0.00,5.73,7.92,6.82,0.00,0.00,0.0022,5.9978,2558.26,0.00,0,0,0.00,0.00,9933,9617
62452,90.63,100.00,90.73,0.00,5.93,5.94,5.93,0.00,0.00,0.0022,5.9978,2582.90,0.00,0,0,0.00,0.00,10417,10052
62652,92.97,100.00,68.05,0.00,6.08,4.45,5.27,0.00,0.00,0.0022,5.9978,2593.00,0.00,0,0,0.00,0.00,11206,10821
62852,107.23,150.00,101.03,200.00,7.02,6.61,6.82,0.00,0.00,0.0022,5.9978,2597.13,0.00,0,0,0.00,0.00,11793,11399
63052,105.42,100.00,125.78,200.00,6.90,8.23,7.57,0.00,0.00,0.0022,5.9978,2598.83,0.00,0,0,0.00,0.00,12362,11965
63252,116.57,150.00,119.33,100.00,7.63,7.81,7.72,0.00,0.00,0.0022,5.9978,2567.52,0.00,0,0,0.00,0.00,13077,12742
63452,112.42,100.00,89.50,0.00,7.36,5.86,6.61,0.00,0.00,0.0022,5.9978,2462.22,0.00,0,0,0.00,0.00,13291,13167
63652,121.82,150.00,142.12,300.00,7.97,9.30,8.64,0.00,0.00,0.0022,5.9978,2275.40,0.00,0,0,0.00,0.00,12857,13107
63852,116.36,100.00,144.09,150.00,7.62,9.43,8.52,0.00,0.00,0.0022,5.9978,2230.89,0.00,0,0,0.00,0.00,11855,12194
64052,112.27,100.00,170.57,250.00,7.35,11.16,9.26,0.00,0.00,0.0022,5.9978,2298.73,0.00,0,0,0.00,0.00,11090,11293
64252,109.20,100.00,127.93,0.00,7.15,8.37,7.76,0.00,0.00,0.0022,5.9978,2358.52,0.00,0,0,0.00,0.00,10659,10742
64452,106.90,100.00,95.95,0.00,7.00,6.28,6.64,0.00,0.00,0.0022,5.9978,2290.53,0.00,0,0,0.00,0.00,10066,10285
64652,105.18,100.00,96.96,100.00,6.88,6.35,6.61,0.00,0.00,0.0022,5.9978,2237.08,0.00,0,0,0.00,0.00,9175,9501
64852,103.88,100.00,210.22,550.00,6.80,13.76,10.28,0.00,0.00,0.0022,5.9978,2255.19,0.00,0,0,0.00,0.00,8071,8361
65052,102.91,100.00,282.66,500.00,6.74,18.50,12.62,0.00,0.00,0.0022,5.9978,2254.61,0.00,0,0,0.00,0.00,7097,7388
65252,102.18,100.00,399.50,750.00,6.69,26.15,16.42,0.00,0.00,0.0022,5.9978,2432.93,0.00,0,0,0.00,0.00,6952,6887
65452,89.14,50.00,299.62,0.00,5.83,19.61,12.72,0.00,0.00,0.0022,5.9978,2531.57,0.00,0,0,0.00,0.00,7531,7268
65652,91.85,100.00,249.72,100.00,6.01,16.34,11.18,0.00,0.00,0.0022,5.9978,2539.97,0.00,0,0,0.00,0.00,8003,7724
65852,93.89,100.00,212.29,100.00,6.15,13.89,10.02,0.00,0.00,0.0022,5.9978,2575.41,0.00,0,0,0.00,0.00,8447,8097
66052,95.42,100.00,159.22,0.00,6.25,10.42,8.33,0.00,0.00,0.0022,5.9978,2569.45,0.00,0,0,0.00,0.00,8826,8488
66252,96.56,100.00,119.41,0.00,6.32,7.82,7.07,0.00,0.00,0.0022,5.9978,2561.89,0.00,0,0,0.00,0.00,9526,9203
66452,97.42,100.00,114.56,100.00,6.38,7.50,6.94,0.00,0.00,0.0022,5.9978,2523.91,0.00,0,0,0.00,0.00,9975,9728
66652,98.07,100.00,160.92,300.00,6.42,10.53,8.48,0.00,0.00,0.0022,5.9978,2503.23,0.00,0,0,0.00,0.00,10338,10132
66852,111.05,150.00,120.69,0.00,7.27,7.90,7.58,0.00,0.00,0.0022,5.9978,2494.76,0.00,0,0,0.00,0.00,10877,10688
67052,108.29,100.00,90.52,0.00,7.09,5.92,6.51,0.00,0.00,0.0022,5.9978,2459.30,0.00,0,0,0.00,0.00,11263,11145
67252,106.22,100.00,67.89,0.00,6.95,4.44,5.70,0.00,0.00,0.0022,5.9978,2449.89,0.00,0,0,0.00,0.00,11531,11432
67452,104.66,100.00,100.92,200.00,6.85,6.60,6.73,0.00,0.00,0.0022,5.9978,2420.43,0.00,0,0,0.00,0.00,11707,11667
67652,116.00,150.00,125.69,200.00,7.59,8.23,7.91,0.00,0.00,0.0022,5.9978,2382.77,0.00,0,0,0.00,0.00,11623,11658
67852,112.00,100.00,106.77,50.00,7.33,6.99,7.16,0.00,0.00,0.0022,5.9978,2392.94,0.00,0,0,0.00,0.00,11541,11556
68052,109.00,100.00,92.57,50.00,7.13,6.06,6.60,0.00,0.00,0.0022,5.9978,2417.59,0.00,0,0,0.00,0.00,11698,11663
68252,106.75,100.00,94.43,100.00,6.99,6.18,6.58,0.00,0.00,0.0022,5.9978,2407.21,0.00,0,0,0.00,0.00,11783,11769
68452,117.56,150.00,70.82,0.00,7.69,4.64,6.16,0.00,0.00,0.0022,5.9978,2402.95,0.00,0,0,0.00,0.00,11815,11810
68652,113.17,100.00,53.12,0.00,7.41,3.48,5.44,0.00,0.00,0.0022,5.9978,2308.73,0.00,0,0,0.00,0.00,11405,11588
68852,109.88,100.00,39.84,0.00,7.19,2.61,4.90,0.00,0.00,0.0022,5.9978,2244.54,0.00,0,0,0.00,0.00,10589,10900
69052,107.41,100.00,29.88,0.00,7.03,1.96,4.49,0.00,0.00,0.0022,5.9978,2250.24,0.00,0,0,0.00,0.00,9617,9917
69252,105.56,100.00,22.41,0.00,6.91,1.47,4.19,0.00,0.00,0.0022,5.9978,2273.06,0.00,0,0,0.00,0.00,8881,9135
69452,104.17,100.00,41.81,100.00,6.82,2.74,4.78,0.00,0.00,0.0022,5.9978,2348.01,0.00,0,0,0.00,0.00,8696,8800
69652,103.13,100.00,31.35,0.00,6.75,2.05,4.40,0.00,0.00,0.0022,5.9978,2358.22,0.00,0,0,0.00,0.00,8344,8428
69852,102.34,100.00,23.52,0.00,6.70,1.54,4.12,0.00,0.00,0.0022,5.9978,2382.89,0.00,0,0,0.00,0.00,8143,8178
70052,101.76,100.00,17.64,0.00,6.66,1.15,3.91,0.00,0.00,0.0022,5.9978,2392.99,0.00,0,0,0.00,0.00,8058,8073
70252,88.82,50.00,38.23,100.00,5.81,2.50,4.16,0.00,0.00,0.0022,5.9978,2449.61,0.00,0,0,0.00,0.00,8275,8176
70452,91.61,100.00,28.67,0.00,6.00,1.88,3.94,0.00,0.00,0.0022,5.9978,2477.92,0.00,0,0,0.00,0.00,8589,8434
70652,93.71,100.00,134.00,450.00,6.13,8.77,7.45,0.00,0.00,0.0022,5.9978,2590.00,0.00,0,0,0.00,0.00,9352,8973
70852,107.78,150.00,113.00,50.00,7.05,7.40,7.23,0.00,0.00,0.0022,5.9978,2728.38,0.00,0,0,0.00,0.00,10354,9698
71052,105.84,100.00,84.75,0.00,6.93,5.55,6.24,0.00,0.00,0.0022,5.9978,2810.67,0.00,0,0,0.00,0.00,11001,10180
71252,116.88,150.00,138.56,300.00,7.65,9.07,8.36,0.00,0.00,0.0022,5.9978,2861.97,0.00,0,0,0.00,0.00,12218,11295
71452,112.66,100.00,153.92,200.00,7.37,10.07,8.72,0.00,0.00,0.0022,5.9978,2975.46,0.00,0,0,0.00,0.00,13262,12112
71652,134.49,200.00,215.44,399.99,8.80,14.10,11.45,0.00,0.00,0.0022,5.9978,3076.03,0.00,0,0,0.00,0.00,14118,12766
71852,138.37,150.00,186.58,100.00,9.06,12.21,10.63,0.00,0.00,0.0022,5.9978,3214.82,0.00,0,0,0.00,0.00,15190,12992
72052,141.28,150.00,214.94,300.01,9.25,14.07,11.66,0.00,0.00,0.0022,5.9978,3303.67,0.00,0,0,0.00,0.00,16299,13401
72252,155.96,200.00,336.20,700.00,10.21,22.00,16.11,0.00,0.00,0.0022,5.9978,3413.02,0.00,0,0,0.00,0.00,17665,14927
72452,166.97,200.00,364.65,450.00,10.93,23.87,17.40,0.00,0.00,0.0022,5.9978,3405.33,0.00,0,0,0.00,0.00,18624,16614
72652,175.23,200.00,485.99,850.00,11.47,31.81,21.64,0.00,0.00,0.0022,5.9978,3362.19,0.00,0,0,0.00,0.00,20141,18217
72852,193.92,250.00,426.99,250.00,12.69,27.95,20.32,0.00,0.00,0.0022,5.9978,3286.91,0.00,0,0,0.00,0.00,21545,19772
73052,195.44,200.00,407.74,350.00,12.79,26.69,19.74,0.00,0.00,0.0022,5.9978,3224.08,0.00,0,0,0.00,0.00,22919,21271
73252,209.08,250.00,330.81,100.00,13.68,21.65,17.67,0.00,0.00,0.0022,5.9978,3144.26,0.00,0,0,0.00,0.00,24191,22703
73452,231.81,300.00,298.11,200.00,15.17,19.51,17.34,0.00,0.00,0.0022,5.9978,3059.09,0.00,0,0,0.00,0.00,25341,24023
73652,236.36,250.00,223.58,0.00,15.47,14.63,15.05,0.00,0.00,0.0022,5.9978,3024.20,0.00,0,0,0.00,0.00,25562,24314
73852,252.27,300.00,192.68,100.00,16.51,12.61,14.56,0.00,0.00,0.0022,5.9978,3095.99,0.00,0,0,0.00,0.00,26151,24760
74052,264.20,300.00,144.51,0.00,17.29,9.46,13.38,0.00,0.00,0.0022,5.9978,3091.80,0.00,0,0,0.00,0.00,27434,26051
74252,273.15,300.00,208.39,400.00,17.88,13.64,15.76,0.00,0.00,0.0022,5.9978,3063.20,0.00,0,0,0.00,0.00,28736,27410
74452,292.36,350.00,156.29,0.00,19.14,10.23,14.68,0.00,0.00,0.0022,5.9978,2993.89,0.00,0,0,0.00,0.00,29870,28683
74652,306.77,350.00,117.22,0.00,20.08,7.67,13.88,0.00,0.00,0.0044,5.9956,2939.90,0.00,0,0,0.00,0.00,30646,29567
74852,317.58,350.00,112.91,100.00,20.79,7.39,14.09,0.00,0.00,0.0044,5.9956,2857.30,0.00,0,0,0.00,0.00,31000,30703
75052,325.68,350.00,97.18,50.00,21.32,6.36,13.84,0.00,0.00,0.0044,5.9956,2797.87,0.00,0,0,0.00,0.00,31000,30999
75252,331.76,350.00,110.39,150.00,21.71,7.22,14.47,0.00,0.00,0.0044,5.9956,2778.65,0.00,0,0,0.00,0.00,31000,31000
75452,336.32,350.00,107.79,100.00,22.01,7.05,14.53,0.00,0.00,0.0044,5.9956,2791.25,0.00,0,0,0.00,0.00,31000,31000
75652,352.24,400.00,80.84,0.00,23.05,5.29,14.17,0.00,0.00,0.0044,5.9956,2856.90,0.00,0,0,0.00,0.00,31000,31000
75852,364.18,400.00,60.63,0.00,23.84,3.97,13.90,0.00,0.00,0.0044,5.9956,2880.91,0.00,0,0,0.00,0.00,31000,31000
76052,360.64,350.00,70.47,100.00,23.60,4.61,14.11,0.00,0.00,0.0044,5.9956,2951.22,0.00,0,0,0.00,0.00,31000,31000
76252,370.48,400.00,52.86,0.00,24.25,3.46,13.85,0.00,0.00,0.0044,5.9956,2980.02,0.00,0,0,0.00,0.00,31000,31000
76452,377.86,400.00,39.64,0.00,24.73,2.59,13.66,0.00,0.00,0.0044,5.9956,3057.42,0.00,0,0,0.00,0.00,31000,31000
76652,383.39,400.00,29.73,0.00,25.09,1.95,13.52,0.00,0.00,0.0044,5.9956,3095.52,0.00,0,0,0.00,0.00,31000,30999
76852,400.05,450.00,22.30,0.00,26.18,1.46,13.82,0.00,0.00,0.0044,5.9956,3096.72,0.00,0,0,0.00,0.00,31000,31000
77052,400.03,400.00,16.72,0.00,26.18,1.09,13.64,0.00,0.00,0.0044,5.9956,3157.70,0.00,0,0,0.00,0.00,31000,31000
77252,400.03,400.00,12.54,0.00,26.18,0.82,13.50,0.00,0.00,0.0044,5.9956,3182.67,0.00,0,0,0.00,0.00,31000,31000
77452,412.52,450.00,9.41,0.00,27.00,0.62,13.81,0.00,0.00,0.0044,5.9956,3253.38,0.00,0,0,0.00,0.00,31000,31000
77653,421.84,449.79,7.06,0.00,27.61,0.46,14.04,0.00,0.00,0.0044,5.9956,3287.47,0.00,0,0,0.00,0.00,31000,30999
77852,416.42,400.19,5.29,0.00,27.25,0.35,13.80,0.00,0.00,0.0044,5.9956,3293.43,0.00,0,0,0.00,0.00,31000,31000
78052,424.82,450.00,3.97,0.00,27.80,0.26,14.03,0.00,0.00,0.0044,5.9956,3316.35,0.00,0,0,0.00,0.00,31000,31000
78252,431.11,450.00,15.48,50.00,28.22,1.01,14.61,0.00,0.00,0.0044,5.9956,3325.74,1.00,0,0,0.00,0.00,0,30606
78452,423.34,400.00,61.61,200.00,27.71,4.03,15.87,0.00,0.00,0.0044,5.9956,3133.42,1.00,0,0,0.00,0.00,0,27270
78652,405.00,350.00,121.21,300.00,26.51,7.93,17.22,0.00,0.00,0.0044,5.9956,3086.65,1.00,0,0,0.00,0.00,0,24542
78852,366.25,250.00,90.90,0.00,23.97,5.95,14.96,0.00,0.00,0.0044,5.9956,3027.49,1.00,0,0,0.00,0.00,0,19395
79052,312.19,150.00,68.18,0.00,20.43,4.46,12.45,0.00,0.00,0.0044,5.9956,2728.70,1.00,0,0,0.00,0.00,0,14050
79252,259.14,100.00,51.13,0.00,16.96,3.35,10.15,0.00,0.00,0.0044,5.9956,2494.64,1.00,0,0,0.00,0.00,0,9875
79452,219.36,100.00,38.35,0.00,14.36,2.51,8.43,0.00,0.00,0.0044,5.9956,2459.24,1.00,0,0,0.00,0.00,0,3906
79652,164.52,0.00,116.26,350.00,10.77,7.61,9.19,0.00,0.00,0.0044,5.9956,2516.75,1.00,0,0,0.00,0.00,0,1693
79852,123.39,0.00,112.20,100.00,8.08,7.34,7.71,0.00,0.00,0.0044,5.9956,2546.38,1.00,0,0,0.00,0.00,0,88
80052,92.54,0.00,84.15,0.00,6.06,5.51,5.78,0.00,0.00,0.0044,5.9956,2506.04,1.00,0,0,0.00,0.00,0,0
80252,69.41,0.00,63.11,0.00,4.54,4.13,4.34,0.00,0.00,0.0044,5.9956,2463.91,1.00,0,0,0.00,0.00,0,0
80452,52.05,0.00,47.33,0.00,3.41,3.10,3.25,0.00,0.00,0.0044,5.9956,2426.18,1.00,0,0,0.00,0.00,0,0
80652,39.04,0.00,35.50,0.00,2.56,2.32,2.44,0.00,0.00,0.0044,5.9956,2350.24,1.00,0,0,0.00,0.00,0,0
80852,29.28,0.00,26.62,0.00,1.92,1.74,1.83,0.00,0.00,0.0044,5.9956,2287.14,1.00,0,0,0.00,0.00,0,0
81052,21.96,0.00,19.97,0.00,1.44,1.31,1.37,0.00,0.00,0.0044,5.9956,2256.17,1.00,0,0,0.00,0.00,0,0
81252,16.47,0.00,14.98,0.00,1.08,0.98,1.03,0.00,0.00,0.0044,5.9956,2183.01,1.00,0,0,0.00,0.00,0,0
81452,12.35,0.00,11.23,0.00,0.81,0.74,0.77,0.00,0.00,0.0044,5.9956,2153.04,1.00,0,0,0.00,0.00,0,0
81652,9.26,0.00,8.42,0.00,0.61,0.55,0.58,0.00,0.00,0.0044,5.9956,2140.77,1.00,0,0,0.00,0.00,0,0
81852,6.95,0.00,6.32,0.00,0.45,0.41,0.43,0.00,0.00,0.0044,5.9956,2143.74,1.00,0,0,0.00,0.00,0,0
82052,5.21,0.00,4.74,0.00,0.34,0.31,0.33,0.00,0.00,0.0044,5.9956,2124.48,1.00,0,0,0.00,0.00,0,0
82252,3.91,0.00,3.55,0.00,0.26,0.23,0.24,0.00,0.00,0.0044,5.9956,2103.47,1.00,0,0,0.00,0.00,0,0
82452,2.93,0.00,2.67,0.00,0.19,0.17,0.18,0.00,0.00,0.0044,5.9956,2094.86,1.00,0,0,0.00,0.00,0,0
82652,2.20,0.00,2.00,0.00,0.14,0.13,0.14,0.00,0.00,0.0044,5.9956,2091.33,1.00,0,0,0.00,0.00,0,0
82852,1.65,0.00,1.50,0.00,0.11,0.10,0.10,0.00,0.00,0.0044,5.9956,2089.89,1.00,0,0,0.00,0.00,0,0
83052,1.24,0.00,1.12,0.00,0.08,0.07,0.08,0.00,0.00,0.0044,5.9956,2089.30,1.00,0,0,0.00,0.00,0,0
83252,0.93,0.00,0.84,0.00,0.06,0.06,0.06,0.00,0.00,0.0044,5.9956,2102.18,1.00,0,0,0.00,0.00,0,0
83452,0.70,0.00,0.63,0.00,0.05,0.04,0.04,0.00,0.00,0.0044,5.9956,2073.85,1.00,0,0,0.00,0.00,0,0
83652,0.52,0.00,0.47,0.00,0.03,0.03,0.03,0.00,0.00,0.0044,5.9956,2055.85,1.00,0,0,0.00,0.00,0,0
83852,0.39,0.00,0.36,0.00,0.03,0.02,0.02,0.00,0.00,0.0044,5.9956,2043.36,1.00,0,0,0.00,0.00,0,0
84052,0.29,0.00,0.27,0.00,0.02,0.02,0.02,0.00,0.00,0.0044,5.9956,2078.24,1.00,0,0,0.00,0.00,0,0
84252,0.22,0.00,0.20,0.00,0.01,0.01,0.01,0.00,0.00,0.0044,5.9956,2064.05,1.00,0,0,0.00,0.00,0,0
84452,0.17,0.00,0.15,0.00,0.01,0.01,0.01,0.00,0.00,0.0044,5.9956,2051.83,1.00,0,0,0.00,0.00,0,0
84652,0.12,0.00,0.11,0.00,0.01,0.01,0.01,0.00,0.00,0.0044,5.9956,2041.71,0.00,0,0,0.00,0.00,540,185
84852,0.09,0.00,0.08,0.00,0.01,0.01,0.01,0.00,0.00,0.0044,5.9956,2037.57,0.00,0,0,0.00,0.00,489,573
85052,0.07,0.00,0.06,0.00,0.00,0.00,0.00,0.00,0.00,0.0044,5.9956,2040.99,0.00,0,0,0.00,0.00,531,436
85252,0.05,0.00,0.05,0.00,0.00,0.00,0.00,0.00,0.00,0.0044,5.9956,2077.27,0.00,0,0,0.00,0.00,984,771
85452,0.04,0.00,0.04,0.00,0.00,0.00,0.00,0.00,0.00,0.0044,5.9956,2063.65,0.00,0,0,0.00,0.00,814,634
85652,0.03,0.00,0.03,0.00,0.00,0.00,0.00,0.00,0.00,0.0044,5.9956,2028.17,0.00,0,0,0.00,0.00,371,631
85852,0.02,0.00,50.02,200.00,0.00,3.27,1.64,0.00,0.00,0.0044,5.9956,2011.54,0.00,0,0,0.00,0.00,164,200
86052,0.02,0.00,100.02,250.00,0.00,6.55,3.27,0.00,0.00,0.0044,5.9956,2025.21,0.00,0,0,0.00,0.00,334,356
86252,0.01,0.00,112.51,150.00,0.00,7.36,3.68,0.00,0.00,0.0044,5.9956,2050.32,0.00,0,0,0.00,0.00,648,180
86452,0.01,0.00,134.38,200.00,0.00,8.80,4.40,0.00,0.00,0.0044,5.9956,2020.61,0.00,0,0,0.00,0.00,277,422
86652,0.01,0.00,175.79,300.00,0.00,11.51,5.75,0.00,0.00,0.0044,5.9956,2034.04,0.00,0,0,0.00,0.00,445,350
86852,0.01,0.00,131.84,0.00,0.00,8.63,4.31,0.00,0.00,0.0044,5.9956,2053.94,0.00,0,0,0.00,0.00,693,237
87052,0.00,0.00,98.88,0.00,0.00,6.47,3.24,0.00,0.00,0.0044,5.9956,2027.62,0.00,0,0,0.00,0.00,364,435
87252,0.00,0.00,74.16,0.00,0.00,4.85,2.43,0.00,0.00,0.0044,5.9956,2220.09,0.00,0,0,0.00,0.00,2768,760
87452,0.00,0.00,118.12,250.01,0.00,7.73,3.87,0.00,0.00,0.0044,5.9956,2386.79,0.00,0,0,0.00,0.00,4850,2302
87652,0.00,0.00,88.59,0.00,0.00,5.80,2.90,0.00,0.00,0.0044,5.9956,2492.19,0.00,0,0,0.00,0.00,6166,4024
87852,0.00,0.00,66.44,0.00,0.00,4.35,2.17,0.00,0.00,0.0044,5.9956,2555.84,0.00,0,0,0.00,0.00,6961,5564
88052,0.00,0.00,74.83,100.00,0.00,4.90,2.45,0.00,0.00,0.0044,5.9956,2602.39,0.00,0,0,0.00,0.00,7542,6850
88252,12.50,50.00,131.13,300.01,0.82,8.58,4.70,0.00,0.00,0.0044,5.9956,2503.38,0.00,0,0,0.00,0.00,7891,7685
88452,21.88,50.00,185.84,350.00,1.43,12.16,6.80,0.00,0.00,0.0044,5.9956,2384.74,0.00,0,0,0.00,0.00,7897,7928
88652,41.41,100.00,189.38,200.00,2.71,12.40,7.55,0.00,0.00,0.0044,5.9956,2425.75,0.00,0,0,0.00,0.00,7948,7897
88852,56.05,100.00,167.04,100.00,3.67,10.93,7.30,0.00,0.00,0.0044,5.9956,2528.63,0.00,0,0,0.00,0.00,8348,8091
89052,67.04,100.00,175.28,200.00,4.39,11.47,7.93,0.00,0.00,0.0044,5.9956,2570.77,0.00,0,0,0.00,0.00,8769,8428
89252,75.28,100.00,131.46,0.00,4.93,8.60,6.77,0.00,0.00,0.0044,5.9956,2588.03,0.00,0,0,0.00,0.00,9548,9172
89452,81.46,100.00,98.59,0.00,5.33,6.45,5.89,0.00,0.00,0.0044,5.9956,2595.10,0.00,0,0,0.00,0.00,10161,9771
89652,98.60,150.00,98.95,100.00,6.45,6.48,6.46,0.00,0.00,0.0044,5.9956,2597.99,0.00,0,0,0.00,0.00,10422,10027
89852,98.95,100.00,74.21,0.00,6.48,4.86,5.67,0.00,0.00,0.0044,5.9956,2664.78,0.00,0,0,0.00,0.00,10986,10457
90052,99.21,100.00,155.66,400.00,6.49,10.19,8.34,0.00,0.00,0.0044,5.9956,2658.53,0.00,0,0,0.00,0.00,11813,11296
90252,111.91,150.00,141.74,100.00,7.32,9.28,8.30,0.00,0.00,0.0044,5.9956,2689.58,0.00,0,0,0.00,0.00,12437,11858
90452,121.43,150.00,181.31,300.00,7.95,11.87,9.91,0.00,0.00,0.0044,5.9956,2668.69,0.00,0,0,0.00,0.00,13341,12804
90652,116.07,100.00,235.98,400.00,7.60,15.44,11.52,0.00,0.00,0.0044,5.9956,2653.74,0.00,0,0,0.00,0.00,13808,13301
90852,124.55,150.00,176.99,0.00,8.15,11.58,9.87,0.00,0.00,0.0044,5.9956,2647.61,0.00,0,0,0.00,0.00,14711,14216
91052,130.92,150.00,157.74,100.00,8.57,10.32,9.45,0.00,0.00,0.0044,5.9956,2619.50,0.00,0,0,0.00,0.00,15196,14757
91252,135.69,150.00,118.30,0.00,8.88,7.74,8.31,0.00,0.00,0.0044,5.9956,2633.59,0.00,0,0,0.00,0.00,16036,15569
91452,139.27,150.00,88.73,0.00,9.11,5.81,7.46,0.00,0.00,0.0044,5.9956,2592.76,0.00,0,0,0.00,0.00,16513,16128
91652,154.45,200.00,66.55,0.00,10.11,4.36,7.23,0.00,0.00,0.0044,5.9956,2544.56,0.00,0,0,0.00,0.00,16588,16299
91852,153.34,150.00,49.91,0.00,10.04,3.27,6.65,0.00,0.00,0.0044,5.9956,2366.73,0.00,0,0,0.00,0.00,16411,16478
92052,152.50,150.00,49.93,50.00,9.98,3.27,6.62,0.00,0.00,0.0044,5.9956,2268.29,0.00,0,0,0.00,0.00,15711,15975
92252,139.38,100.00,124.95,350.00,9.12,8.18,8.65,0.00,0.00,0.0044,5.9956,2365.57,0.00,0,0,0.00,0.00,15068,15137
92452,142.03,150.00,93.71,0.00,9.30,6.13,7.71,0.00,0.00,0.0044,5.9956,2425.90,0.00,0,0,0.00,0.00,14982,14931
92652,144.02,150.00,82.78,50.00,9.43,5.42,7.42,0.00,0.00,0.0044,5.9956,2410.61,0.00,0,0,0.00,0.00,15081,15060
92852,145.52,150.00,99.59,150.00,9.52,6.52,8.02,0.00,0.00,0.0044,5.9956,2030.14,0.00,0,0,0.00,0.00,14275,15015
93052,146.64,150.00,249.69,700.00,9.60,16.34,12.97,0.00,0.00,0.0044,5.9956,2248.51,0.00,0,0,0.00,0.00,13232,13535
93252,134.98,100.00,187.27,0.00,8.83,12.26,10.55,0.00,0.00,0.0044,5.9956,2363.55,0.00,0,0,0.00,0.00,12800,12873
93452,138.73,150.00,140.45,0.00,9.08,9.19,9.14,0.00,0.00,0.0044,5.9956,2405.55,0.00,0,0,0.00,0.00,12862,12851
93652,129.05,100.00,130.34,100.00,8.45,8.53,8.49,0.00,0.00,0.0044,5.9956,2402.27,0.00,0,0,0.00,0.00,12886,12882
93852,134.29,150.00,122.75,100.00,8.79,8.03,8.41,0.00,0.00,0.0044,5.9956,2453.41,0.00,0,0,0.00,0.00,13113,13007
94052,125.72,100.00,167.07,300.00,8.23,10.93,9.58,0.00,0.00,0.0044,5.9956,2447.48,0.00,0,0,0.00,0.00,13375,13281
94252,131.79,150.00,125.30,0.00,8.63,8.20,8.41,0.00,0.00,0.0044,5.9956,2471.93,0.00,0,0,0.00,0.00,13772,13629
94452,123.84,100.00,118.97,100.00,8.11,7.79,7.95,0.00,0.00,0.0044,5.9956,2455.06,0.00,0,0,0.00,0.00,14157,14047
94652,130.38,150.00,114.23,100.00,8.53,7.48,8.00,0.00,0.00,0.0044,5.9956,2454.55,0.00,0,0,0.00,0.00,14409,14300
94852,135.29,150.00,85.67,0.00,8.85,5.61,7.23,0.00,0.00,0.0044,5.9956,2422.35,0.00,0,0,0.00,0.00,14576,14532
95052,138.96,150.00,89.25,100.00,9.10,5.84,7.47,0.00,0.00,0.0044,5.9956,2409.15,0.00,0,0,0.00,0.00,14664,14646
95252,129.22,100.00,116.94,200.00,8.46,7.65,8.06,0.00,0.00,0.0044,5.9956,2351.27,0.00,0,0,0.00,0.00,14386,14484
95452,134.42,150.00,112.71,100.00,8.80,7.38,8.09,0.00,0.00,0.0044,5.9956,2327.56,0.00,0,0,0.00,0.00,13975,14120
95652,125.81,100.00,84.53,0.00,8.23,5.53,6.88,0.00,0.00,0.0044,5.9956,2317.85,0.00,0,0,0.00,0.00,13381,13546
95852,131.86,150.00,88.40,100.00,8.63,5.79,7.21,0.00,0.00,0.0044,5.9956,2366.35,0.00,0,0,0.00,0.00,13022,13090
96052,123.89,100.00,66.30,0.00,8.11,4.34,6.22,0.00,0.00,0.0044,5.9956,2386.22,0.00,0,0,0.00,0.00,12859,12887
96252,130.42,150.00,49.72,0.00,8.54,3.25,5.90,0.00,0.00,0.0044,5.9956,2414.84,0.00,0,0,0.00,0.00,13000,12971
96452,122.82,100.00,37.29,0.00,8.04,2.44,5.24,0.00,0.00,0.0044,5.9956,2431.68,0.00,0,0,0.00,0.00,13153,13090
96652,129.61,150.00,27.97,0.00,8.48,1.83,5.16,0.00,0.00,0.0044,5.9956,2465.46,0.00,0,0,0.00,0.00,13477,13347
96852,134.71,150.00,45.98,100.00,8.82,3.01,5.91,0.00,0.00,0.0044,5.9956,2512.89,0.00,0,0,0.00,0.00,14057,13832
97052,126.03,100.00,59.48,100.00,8.25,3.89,6.07,0.00,0.00,0.0044,5.9956,2564.32,0.00,0,0,0.00,0.00,14695,14367
97252,132.02,150.00,69.61,100.00,8.64,4.56,6.60,0.00,0.00,0.0044,5.9956,2650.99,0.00,0,0,0.00,0.00,15061,14560
97452,149.02,200.00,52.21,0.00,9.75,3.42,6.59,0.00,0.00,0.0044,5.9956,2746.96,0.00,0,0,0.00,0.00,15505,14812
97652,149.26,150.00,126.66,350.00,9.77,8.29,9.03,0.00,0.00,0.0044,5.9956,2778.28,0.00,0,0,0.00,0.00,16536,15780
97852,149.45,150.00,244.99,600.00,9.78,16.03,12.91,0.00,0.00,0.0044,5.9956,2851.58,0.00,0,0,0.00,0.00,17317,16414
98052,162.09,200.00,233.74,200.00,10.61,15.30,12.95,0.00,0.00,0.0067,5.9933,2947.21,0.00,0,0,0.00,0.00,18604,17510
98252,171.56,200.00,275.31,400.00,11.23,18.02,14.62,0.00,0.00,0.0067,5.9933,2978.38,0.00,0,0,0.00,0.00,19517,18361
98452,178.67,200.00,281.48,300.00,11.69,18.42,15.06,0.00,0.00,0.0067,5.9933,2991.14,0.00,0,0,0.00,0.00,20757,19575
98652,184.00,200.00,361.11,600.00,12.04,23.63,17.84,0.00,0.00,0.0067,5.9933,3028.37,0.00,0,0,0.00,0.00,22072,20816
98852,200.50,250.00,345.83,300.00,13.12,22.63,17.88,0.00,0.00,0.0067,5.9933,3011.62,0.00,0,0,0.00,0.00,23079,21856
99052,212.88,250.00,359.37,400.00,13.93,23.52,18.73,0.00,0.00,0.0067,5.9933,3004.76,0.00,0,0,0.00,0.00,24118,22909
99252,222.16,250.00,394.53,500.00,14.54,25.82,20.18,0.00,0.00,0.0067,5.9933,3001.95,0.00,0,0,0.00,0.00,24646,23443
99452,241.62,300.00,383.40,350.00,15.81,25.09,20.45,0.00,0.00,0.0067,5.9933,3032.80,0.00,0,0,0.00,0.00,25325,24060
99652,243.71,250.00,337.55,200.00,15.95,22.09,19.02,0.00,0.00,0.0067,5.9933,3045.43,0.00,0,0,0.00,0.00,25595,24305
99852,257.79,300.00,315.66,250.00,16.87,20.66,18.77,0.00,0.00,0.0067,5.9933,3111.09,0.00,0,0,0.00,0.00,26548,25126
100052,268.34,300.00,311.75,300.00,17.56,20.40,18.98,0.00,0.00,0.0067,5.9933,3071.10,0.00,0,0,0.00,0.00,27602,26260
100252,288.75,350.00,346.31,450.00,18.90,22.67,20.78,0.00,0.00,0.0067,5.9933,3029.12,0.00,0,0,0.00,0.00,28811,27553
100452,291.57,300.00,384.73,500.00,19.08,25.18,22.13,0.00,0.00,0.0067,5.9933,2959.45,0.00,0,0,0.00,0.00,29932,28814
100652,306.17,350.00,401.05,450.00,20.04,26.25,23.14,0.00,0.00,0.0067,5.9933,2865.31,0.00,0,0,0.00,0.00,30637,29707
100852,304.63,300.00,363.29,250.00,19.94,23.78,21.86,0.00,0.00,0.0067,5.9933,2761.15,0.00,0,0,0.00,0.00,31000,30710
101052,315.97,350.00,347.47,300.00,20.68,22.74,21.71,0.00,0.00,0.0067,5.9933,2731.61,0.00,0,0,0.00,0.00,31000,31000
101252,324.48,350.00,260.60,0.00,21.24,17.06,19.15,0.00,0.00,0.0067,5.9933,2693.91,0.00,0,0,0.00,0.00,31000,31000
101452,330.86,350.00,195.45,0.00,21.65,12.79,17.22,0.00,0.00,0.0067,5.9933,2670.46,0.00,0,0,0.00,0.00,31000,31000
101652,335.64,350.00,196.59,200.00,21.97,12.87,17.42,0.00,0.00,0.0067,5.9933,2721.34,0.00,0,0,0.00,0.00,31000,31000
101852,339.23,350.00,172.44,100.00,22.20,11.29,16.74,0.00,0.00,0.0067,5.9933,2747.30,0.00,0,0,0.00,0.00,31000,31000
102052,354.43,400.00,129.33,0.00,23.20,8.46,15.83,0.00,0.00,0.0067,5.9933,2778.41,0.00,0,0,0.00,0.00,31000,31000
102252,353.32,350.00,147.00,200.00,23.12,9.62,16.37,0.00,0.00,0.0067,5.9933,2823.16,0.00,0,0,0.00,0.00,31000,31000
102452,352.49,350.00,135.25,100.00,23.07,8.85,15.96,0.00,0.00,0.0067,5.9933,2841.49,0.00,0,0,0.00,0.00,31000,31000
102652,364.37,400.00,101.44,0.00,23.85,6.64,15.24,0.00,0.00,0.0067,5.9933,2848.99,0.00,0,0,0.00,0.00,31000,31000
102852,360.78,350.00,101.08,100.00,23.61,6.62,15.11,0.00,0.00,0.0067,5.9933,2885.67,0.00,0,0,0.00,0.00,31000,31000
103052,370.58,400.00,75.81,0.00,24.25,4.96,14.61,0.00,0.00,0.0067,5.9933,2892.69,0.00,0,0,0.00,0.00,31000,31000
103252,377.94,400.00,81.86,100.00,24.74,5.36,15.05,0.00,0.00,0.0067,5.9933,2916.05,0.00,0,0,0.00,0.00,31000,31000
103452,383.45,400.00,61.39,0.00,25.10,4.02,14.56,0.00,0.00,0.0067,5.9933,2954.09,0.00,0,0,0.00,0.00,31000,31000
103652,375.09,350.00,121.04,300.00,24.55,7.92,16.24,0.00,0.00,0.0067,5.9933,2974.80,0.00,0,0,0.00,0.00,31000,31000
103852,381.32,400.00,90.78,0.00,24.96,5.94,15.45,0.00,0.00,0.0067,5.9933,3015.28,0.00,0,0,0.00,0.00,31000,31000
104052,385.99,400.00,93.09,100.00,25.26,6.09,15.68,0.00,0.00,0.0067,5.9933,3006.26,0.00,0,0,0.00,0.00,31000,31000
104252,389.49,400.00,94.82,100.00,25.49,6.21,15.85,0.00,0.00,0.0067,5.9933,3063.04,0.00,0,0,0.00,0.00,31000,31000
104452,392.12,400.00,121.11,200.00,25.66,7.93,16.80,0.00,0.00,0.0067,5.9933,3091.42,0.00,0,0,0.00,0.00,31000,31000
104652,394.09,400.00,90.83,0.00,25.79,5.95,15.87,0.00,0.00,0.0067,5.9933,3103.05,0.00,0,0,0.00,0.00,31000,31000
104852,395.57,400.00,118.13,200.00,25.89,7.73,16.81,0.00,0.00,0.0067,5.9933,3074.21,0.00,0,0,0.00,0.00,31000,31000
105052,396.67,400.00,138.59,200.00,25.96,9.07,17.52,0.00,0.00,0.0067,5.9933,3090.88,0.00,0,0,0.00,0.00,31000,31000
105252,397.51,400.00,103.95,0.00,26.02,6.80,16.41,0.00,0.00,0.0067,5.9933,2925.22,1.00,0,0,0.00,0.00,0,30904
105452,398.13,400.00,90.46,50.00,26.06,5.92,15.99,0.00,0.00,0.0067,5.9933,2819.29,1.00,0,0,0.00,0.00,0,28981
105652,386.10,350.00,67.84,0.00,25.27,4.44,14.86,0.00,0.00,0.0067,5.9933,2873.50,1.00,0,0,0.00,0.00,0,24156
105852,377.07,350.00,50.88,0.00,24.68,3.33,14.00,0.00,0.00,0.0067,5.9933,2988.19,1.00,0,0,0.00,0.00,0,20211
106052,357.80,300.00,38.16,0.00,23.42,2.50,12.96,0.00,0.00,0.0067,5.9933,3027.16,1.00,0,0,0.00,0.00,0,15308
106252,343.35,300.00,28.62,0.00,22.47,1.87,12.17,0.00,0.00,0.0067,5.9933,3063.61,1.00,0,0,0.00,0.00,0,11239
106452,332.52,300.00,21.47,0.00,21.76,1.40,11.58,0.00,0.00,0.0067,5.9933,3051.65,1.00,0,0,0.00,0.00,0,6946
106652,311.89,250.00,28.60,50.00,20.41,1.87,11.14,0.00,0.00,0.0067,5.9933,2955.56,0.00,0,0,0.00,0.00,11952,2872
106852,308.91,300.00,21.45,0.00,20.22,1.40,10.81,0.00,0.00,0.0067,5.9933,2888.04,0.00,0,0,0.00,0.00,11109,2692
107052,294.19,250.00,16.09,0.00,19.25,1.05,10.15,0.00,0.00,0.0067,5.9933,2783.58,0.00,0,0,0.00,0.00,9804,3653
107252,283.14,250.00,12.07,0.00,18.53,0.79,9.66,0.00,0.00,0.0067,5.9933,2675.20,0.00,0,0,0.00,0.00,8451,4135
107452,274.85,250.00,9.05,0.00,17.99,0.59,9.29,0.00,0.00,0.0067,5.9933,2598.80,0.00,0,0,0.00,0.00,7497,4996
107652,256.14,200.00,6.79,0.00,16.76,0.44,8.60,0.00,0.00,0.0067,5.9933,2559.51,0.00,0,0,0.00,0.00,7006,6028
107852,242.11,200.00,5.09,0.00,15.85,0.33,8.09,0.00,0.00,0.0067,5.9933,2583.41,0.00,0,0,0.00,0.00,7319,6953
108052,231.58,200.00,3.82,0.00,15.16,0.25,7.70,0.00,0.00,0.0067,5.9933,2658.81,0.00,0,0,0.00,0.00,8318,7801
108252,211.18,150.00,2.86,0.00,13.82,0.19,7.00,0.00,0.00,0.0067,5.9933,2834.65,0.00,0,0,0.00,0.00,10442,8338
108452,208.39,200.00,14.65,50.00,13.64,0.96,7.30,0.00,0.00,0.0067,5.9933,2911.79,0.00,0,0,0.00,0.00,11406,9480
108652,193.79,150.00,73.49,250.00,12.68,4.81,8.75,0.00,0.00,0.0067,5.9933,2995.87,0.00,0,0,0.00,0.00,12455,11010
108852,182.84,150.00,105.11,200.00,11.97,6.88,9.42,0.00,0.00,0.0067,5.9933,3076.39,0.00,0,0,0.00,0.00,13817,12465
109052,174.63,150.00,116.34,150.00,11.43,7.61,9.52,0.00,0.00,0.0067,5.9933,3031.29,0.00,0,0,0.00,0.00,14870,13608
109252,168.47,150.00,124.75,150.00,11.03,8.16,9.60,0.00,0.00,0.0067,5.9933,3038.42,0.00,0,0,0.00,0.00,15629,14353
109452,163.86,150.00,93.56,0.00,10.72,6.12,8.42,0.00,0.00,0.0067,5.9933,2800.06,0.00,0,0,0.00,0.00,15411,14611
109652,160.39,150.00,70.17,0.00,10.50,4.59,7.55,0.00,0.00,0.0067,5.9933,2661.46,0.00,0,0,0.00,0.00,15625,15103
109852,157.79,150.00,102.63,200.00,10.33,6.72,8.52,0.00,0.00,0.0067,5.9933,2677.66,0.00,0,0,0.00,0.00,16588,16033
110052,168.35,200.00,101.97,100.00,11.02,6.67,8.85,0.00,0.00,0.0067,5.9933,2717.89,0.00,0,0,0.00,0.00,17165,16530
110252,163.76,150.00,76.48,0.00,10.72,5.01,7.86,0.00,0.00,0.0067,5.9933,2641.89,0.00,0,0,0.00,0.00,17994,17511
110452,160.32,150.00,57.36,0.00,10.49,3.75,7.12,0.00,0.00,0.0067,5.9933,2524.68,0.00,0,0,0.00,0.00,18286,18037
110652,170.24,200.00,43.02,0.00,11.14,2.82,6.98,0.00,0.00,0.0067,5.9933,2451.07,0.00,0,0,0.00,0.00,18653,18551
110852,165.18,150.00,32.26,0.00,10.81,2.11,6.46,0.00,0.00,0.0067,5.9933,1985.42,0.00,0,0,0.00,0.00,0,18507
111052,161.38,150.00,224.20,800.00,10.56,14.67,12.62,0.00,0.00,0.0067,5.9933,2164.59,0.00,0,0,0.00,0.00,16145,16616
111252,158.54,150.00,168.15,0.00,10.38,11.01,10.69,0.00,0.00,0.0067,5.9933,2263.58,0.00,0,0,0.00,0.00,15532,15805
111452,156.40,150.00,176.11,200.00,10.24,11.53,10.88,0.00,0.00,0.0067,5.9933,2384.12,0.00,0,0,0.00,0.00,15103,15135
111652,154.80,150.00,157.08,100.00,10.13,10.28,10.21,0.00,0.00,0.0067,5.9933,2543.58,0.00,0,0,0.00,0.00,15637,15350
111852,153.60,150.00,117.81,0.00,10.05,7.71,8.88,0.00,0.00,0.0067,5.9933,2616.89,0.00,0,0,0.00,0.00,16424,15991
112052,152.70,150.00,88.36,0.00,9.99,5.78,7.89,0.00,0.00,0.0067,5.9933,2664.52,0.00,0,0,0.00,0.00,16942,16413
112252,164.53,200.00,116.27,200.00,10.77,7.61,9.19,0.00,0.00,0.0067,5.9933,2718.91,0.00,0,0,0.00,0.00,17915,17278
112452,160.89,150.00,137.20,200.00,10.53,8.98,9.76,0.00,0.00,0.0067,5.9933,2714.30,0.00,0,0,0.00,0.00,18590,17962
112652,170.67,200.00,202.90,400.00,11.17,13.28,12.23,0.00,0.00,0.0067,5.9933,2712.42,0.00,0,0,0.00,0.00,19502,18878
112852,178.00,200.00,227.18,300.00,11.65,14.87,13.26,0.00,0.00,0.0067,5.9933,2698.53,0.00,0,0,0.00,0.00,20143,19546
113052,183.50,200.00,245.38,300.00,12.01,16.06,14.04,0.00,0.00,0.0067,5.9933,2692.84,0.00,0,0,0.00,0.00,20988,20403
113252,187.63,200.00,259.04,300.00,12.28,16.95,14.62,0.00,0.00,0.0067,5.9933,2684.11,0.00,0,0,0.00,0.00,21332,20764
113452,190.72,200.00,194.28,0.00,12.48,12.72,12.60,0.00,0.00,0.0067,5.9933,2700.05,0.00,0,0,0.00,0.00,21601,21001
113652,193.04,200.00,145.71,0.00,12.63,9.54,11.09,0.00,0.00,0.0067,5.9933,2666.58,0.00,0,0,0.00,0.00,22006,21473
113852,207.28,250.00,109.28,0.00,13.57,7.15,10.36,0.00,0.00,0.0067,5.9933,2615.75,0.00,0,0,0.00,0.00,22851,22420
114052,205.46,200.00,81.96,0.00,13.45,5.36,9.41,0.00,0.00,0.0067,5.9933,2513.97,0.00,0,0,0.00,0.00,23154,22927
114252,216.60,250.00,61.47,0.00,14.18,4.02,9.10,0.00,0.00,0.0067,5.9933,2406.68,0.00,0,0,0.00,0.00,23422,23409
114452,212.45,200.00,46.10,0.00,13.90,3.02,8.46,0.00,0.00,0.0067,5.9933,2337.14,0.00,0,0,0.00,0.00,23177,23303
114652,209.33,200.00,34.58,0.00,13.70,2.26,7.98,0.00,0.00,0.0067,5.9933,2311.03,0.00,0,0,0.00,0.00,22819,22997
114852,207.00,200.00,25.93,0.00,13.55,1.70,7.62,0.00,0.00,0.0067,5.9933,2271.08,0.00,0,0,0.00,0.00,22207,22465
115052,217.75,250.00,19.45,0.00,14.25,1.27,7.76,0.00,0.00,0.0067,5.9933,2281.59,0.00,0,0,0.00,0.00,21428,21665
115252,213.31,200.00,14.59,0.00,13.96,0.95,7.46,0.00,0.00,0.0067,5.9933,2319.50,0.00,0,0,0.00,0.00,20973,21134
115452,209.98,200.00,10.94,0.00,13.74,0.72,7.23,0.00,0.00,0.0067,5.9933,2367.03,0.00,0,0,0.00,0.00,20642,20708
115652,207.49,200.00,8.21,0.00,13.58,0.54,7.06,0.00,0.00,0.0067,5.9933,2366.01,0.00,0,0,0.00,0.00,20278,20346
115852,193.12,150.00,6.15,0.00,12.64,0.40,6.52,0.00,0.00,0.0067,5.9933,2360.48,0.00,0,0,0.00,0.00,19997,20077
116052,194.84,200.00,4.62,0.00,12.75,0.30,6.53,0.00,0.00,0.0067,5.9933,2358.21,0.00,0,0,0.00,0.00,19661,19745
116252,196.13,200.00,3.46,0.00,12.84,0.23,6.53,0.00,0.00,0.0067,5.9933,2408.48,0.00,0,0,0.00,0.00,19676,19660
116452,197.09,199.99,2.60,0.00,12.90,0.17,6.53,0.00,0.00,0.0067,5.9933,2429.08,0.00,0,0,0.00,0.00,19872,19814
116652,185.32,150.01,1.95,0.00,12.13,0.13,6.13,0.00,0.00,0.0067,5.9933,2411.91,0.00,0,0,0.00,0.00,19998,19975
116852,188.99,200.00,1.46,0.00,12.37,0.10,6.23,0.00,0.00,0.0067,5.9933,2339.28,0.00,0,0,0.00,0.00,19778,19900
117052,191.74,200.00,1.10,0.00,12.55,0.07,6.31,0.00,0.00,0.0067,5.9933,2282.65,0.00,0,0,0.00,0.00,19174,19409
117252,181.31,150.00,0.82,0.00,11.87,0.05,5.96,0.00,0.00,0.0067,5.9933,2286.33,0.00,0,0,0.00,0.00,18613,18841
117452,185.98,200.00,0.62,0.00,12.17,0.04,6.11,0.00,0.00,0.0067,5.9933,2281.44,0.00,0,0,0.00,0.00,18036,18274
117652,176.99,150.00,0.46,0.00,11.58,0.03,5.81,0.00,0.00,0.0067,5.9933,2319.44,0.00,0,0,0.00,0.00,17551,17713
117852,170.24,150.00,50.35,200.00,11.14,3.30,7.22,0.00,0.00,0.0067,5.9933,2314.52,0.00,0,0,0.00,0.00,16935,17106
118052,165.18,150.00,37.76,0.00,10.81,2.47,6.64,0.00,0.00,0.0067,5.9933,2364.99,0.00,0,0,0.00,0.00,16563,16634
118252,173.88,200.00,28.32,0.00,11.38,1.85,6.62,0.00,0.00,0.0067,5.9933,2365.18,0.00,0,0,0.00,0.00,16241,16311
118452,167.91,150.00,21.24,0.00,10.99,1.39,6.19,0.00,0.00,0.0067,5.9933,2365.26,0.00,0,0,0.00,0.00,15901,15971
118652,163.44,150.00,15.93,0.00,10.70,1.04,5.87,0.00,0.00,0.0067,5.9933,2365.29,0.00,0,0,0.00,0.00,15582,15652
118852,160.08,150.00,11.95,0.00,10.48,0.78,5.63,0.00,0.00,0.0067,5.9933,2360.18,0.00,0,0,0.00,0.00,15232,15312
119052,157.56,150.00,8.96,0.00,10.31,0.59,5.45,0.00,0.00,0.0067,5.9933,2351.69,0.00,0,0,0.00,0.00,14941,15038
119252,143.17,100.00,6.72,0.00,9.37,0.44,4.91,0.00,0.00,0.0067,5.9933,2354.61,0.00,0,0,0.00,0.00,14578,14669
119452,144.88,150.00,5.04,0.00,9.48,0.33,4.91,0.00,0.00,0.0067,5.9933,2328.93,0.00,0,0,0.00,0.00,14143,14286
119652,146.16,150.00,3.78,0.00,9.57,0.25,4.91,0.00,0.00,0.0067,5.9933,2318.41,0.00,0,0,0.00,0.00,13585,13749
119852,134.62,100.00,2.84,0.00,8.81,0.19,4.50,0.00,0.00,0.0067,5.9933,2280.50,0.00,0,0,0.00,0.00,12822,13061
120052,138.46,150.00,2.13,0.00,9.06,0.14,4.60,0.00,0.00,0.0067,5.9933,2298.57,0.00,0,0,0.00,0.00,12093,12296
120252,128.85,100.00,26.59,100.00,8.43,1.74,5.09,0.00,0.00,0.0067,5.9933,1910.46,0.00,0,0,0.00,0.00,0,11835
120452,134.14,150.00,107.45,350.00,8.78,7.03,7.91,0.00,0.00,0.0067,5.9933,2355.00,0.00,0,0,0.00,0.00,10760,10851
120652,138.10,150.00,93.08,50.00,9.04,6.09,7.57,0.00,0.00,0.0067,5.9933,2545.73,0.00,0,0,0.00,0.00,11341,11050
120852,128.58,100.00,69.81,0.00,8.42,4.57,6.49,0.00,0.00,0.0067,5.9933,2558.25,0.00,0,0,0.00,0.00,11792,11476
121052,133.93,150.00,77.36,100.00,8.77,5.06,6.91,0.00,0.00,0.0067,5.9933,2510.90,0.00,0,0,0.00,0.00,12288,12067
121252,125.45,100.00,58.02,0.00,8.21,3.80,6.00,0.00,0.00,0.0067,5.9933,2433.90,0.00,0,0,0.00,0.00,12532,12465
121452,119.09,100.00,43.52,0.00,7.79,2.85,5.32,0.00,0.00,0.0067,5.9933,1978.39,0.00,0,0,0.00,0.00,0,12450
121652,126.82,150.00,57.64,100.00,8.30,3.77,6.04,0.00,0.00,0.0067,5.9933,2174.83,0.00,0,0,0.00,0.00,10263,10714
121852,120.11,100.00,143.23,400.00,7.86,9.37,8.62,0.00,0.00,0.0067,5.9933,2255.29,0.00,0,0,0.00,0.00,9200,9490
122052,127.58,150.00,157.42,200.00,8.35,10.30,9.33,0.00,0.00,0.0067,5.9933,2340.73,0.00,0,0,0.00,0.00,8695,8814
122252,120.69,100.00,118.07,0.00,7.90,7.73,7.81,0.00,0.00,0.0067,5.9933,2375.72,0.00,0,0,0.00,0.00,8425,8474
122452,115.52,100.00,88.55,0.00,7.56,5.80,6.68,0.00,0.00,0.0067,5.9933,2390.06,0.00,0,0,0.00,0.00,8307,8327
122652,111.64,100.00,66.41,0.00,7.31,4.35,5.83,0.00,0.00,0.0067,5.9933,2488.41,0.00,0,0,0.00,0.00,8607,8431
122852,108.73,100.00,49.81,0.00,7.12,3.26,5.19,0.00,0.00,0.0067,5.9933,2528.69,0.00,0,0,0.00,0.00,9159,8902
123052,119.05,150.00,37.36,0.00,7.79,2.44,5.12,0.00,0.00,0.0067,5.9933,2545.19,0.00,0,0,0.00,0.00,9775,9485
123252,114.28,100.00,28.02,0.00,7.48,1.83,4.66,0.00,0.00,0.0067,5.9933,2511.95,0.00,0,0,0.00,0.00,9905,9682
123452,110.71,100.00,21.01,0.00,7.25,1.38,4.31,0.00,0.00,0.0067,5.9933,2538.34,0.00,0,0,0.00,0.00,10178,9902
123652,108.03,100.00,15.76,0.00,7.07,1.03,4.05,0.00,0.00,0.0067,5.9933,2522.26,0.00,0,0,0.00,0.00,10636,10392
123852,118.53,150.00,11.82,0.00,7.76,0.77,4.27,0.00,0.00,0.0067,5.9933,2450.08,0.00,0,0,0.00,0.00,10983,10883
124052,113.89,100.00,8.86,0.00,7.45,0.58,4.02,0.00,0.00,0.0067,5.9933,2388.51,0.00,0,0,0.00,0.00,11058,11081
124252,110.42,100.00,6.65,0.00,7.23,0.44,3.83,0.00,0.00,0.0067,5.9933,2329.70,0.00,0,0,0.00,0.00,10736,10877
124452,107.82,100.00,4.99,0.00,7.06,0.33,3.69,0.00,0.00,0.0067,5.9933,2345.60,0.00,0,0,0.00,0.00,10330,10439
124652,105.86,100.00,28.74,100.00,6.93,1.88,4.40,0.00,0.00,0.0067,5.9933,2292.07,0.00,0,0,0.00,0.00,9992,10208
124852,116.90,150.01,21.55,0.00,7.65,1.41,4.53,0.00,0.00,0.0067,5.9933,2290.19,0.00,0,0,0.00,0.00,9393,9613
125052,112.67,100.00,16.17,0.00,7.37,1.06,4.22,0.00,0.00,0.0067,5.9933,2323.02,0.00,0,0,0.00,0.00,8832,8986
125252,109.50,100.00,12.12,0.00,7.17,0.79,3.98,0.00,0.00,0.0067,5.9933,2285.18,0.00,0,0,0.00,0.00,8354,8584
125452,107.13,100.00,9.09,0.00,7.01,0.60,3.80,0.00,0.00,0.0067,5.9933,2287.37,0.00,0,0,0.00,0.00,7829,8055
125652,105.35,100.00,6.82,0.00,6.89,0.45,3.67,0.00,0.00,0.0067,5.9933,2347.76,0.00,0,0,0.00,0.00,7600,7705
125852,104.01,100.00,5.11,0.00,6.81,0.33,3.57,0.00,0.00,0.0067,5.9933,2291.07,0.00,0,0,0.00,0.00,7284,7502
126052,90.51,50.00,28.84,100.00,5.92,1.89,3.91,0.00,0.00,0.0067,5.9933,2355.38,0.00,0,0,0.00,0.00,6815,6905
126252,92.88,100.00,96.63,300.00,6.08,6.32,6.20,0.00,0.00,0.0067,5.9933,2350.84,0.00,0,0,0.00,0.00,6522,6621
126452,94.66,100.00,72.47,0.00,6.20,4.74,5.47,0.00,0.00,0.0067,5.9933,2354.26,0.00,0,0,0.00,0.00,6174,6266
126652,96.00,100.00,116.85,250.00,6.28,7.65,6.97,0.00,0.00,0.0067,5.9933,2355.67,0.00,0,0,0.00,0.00,5802,5891
126852,97.00,100.00,100.14,50.00,6.35,6.55,6.45,0.00,0.00,0.0067,5.9933,2351.42,0.00,0,0,0.00,0.00,5629,5727
127052,85.25,50.00,75.10,0.00,5.58,4.92,5.25,0.00,0.00,0.0067,5.9933,2354.50,0.00,0,0,0.00,0.00,5282,5373
127252,88.94,100.00,81.33,100.00,5.82,5.32,5.57,0.00,0.00,0.0067,5.9933,2360.88,0.00,0,0,0.00,0.00,4992,5071
127452,91.70,100.00,111.00,200.00,6.00,7.26,6.63,0.00,0.00,0.0067,5.9933,2445.58,0.00,0,0,0.00,0.00,5584,4950
127652,81.28,50.00,83.25,0.00,5.32,5.45,5.38,0.00,0.00,0.0067,5.9933,2484.27,0.00,0,0,0.00,0.00,6067,5282
127852,85.96,100.00,62.44,0.00,5.63,4.09,4.86,0.00,0.00,0.0067,5.9933,2466.52,0.00,0,0,0.00,0.00,5988,5855
128052,89.47,100.00,59.33,50.00,5.86,3.88,4.87,0.00,0.00,0.0067,5.9933,2427.25,0.00,0,0,0.00,0.00,6229,6175
128252,92.10,100.00,94.49,200.00,6.03,6.18,6.11,0.00,0.00,0.0067,5.9933,2427.32,0.00,0,0,0.00,0.00,6244,6190
128452,81.58,50.00,145.87,300.00,5.34,9.55,7.44,0.00,0.00,0.0067,5.9933,2350.71,0.00,0,0,0.00,0.00,6088,6187
128652,86.18,100.00,121.90,50.00,5.64,7.98,6.81,0.00,0.00,0.0067,5.9933,2314.21,0.00,0,0,0.00,0.00,5658,5830
128852,89.64,100.00,141.43,200.00,5.87,9.26,7.56,0.00,0.00,0.0067,5.9933,2307.26,0.00,0,0,0.00,0.00,5013,5199
129052,79.73,50.00,193.57,350.00,5.22,12.67,8.94,0.00,0.00,0.0067,5.9933,2341.53,0.00,0,0,0.00,0.00,4456,4573
129252,84.80,100.00,232.68,350.00,5.55,15.23,10.39,0.00,0.00,0.0067,5.9933,2315.57,0.00,0,0,0.00,0.00,4148,4317
129452,88.60,100.00,212.01,150.00,5.80,13.88,9.84,0.00,0.00,0.0067,5.9933,2333.42,0.00,0,0,0.00,0.00,4183,4285
129652,78.95,50.00,196.51,150.00,5.17,12.86,9.01,0.00,0.00,0.0067,5.9933,2308.39,0.00,0,0,0.00,0.00,3885,4069
129852,84.21,100.00,184.88,150.00,5.51,12.10,8.81,0.00,0.00,0.0067,5.9933,2296.88,0.00,0,0,0.00,0.00,3824,4031
130052,88.16,100.00,301.16,650.00,5.77,19.71,12.74,0.00,0.00,0.0067,5.9933,1917.14,0.00,0,0,0.00,0.00,0,3711
130252,78.62,50.00,238.37,50.00,5.15,15.60,10.37,0.00,0.00,0.0067,5.9933,2104.62,0.00,0,0,0.00,0.00,1451,2042
130452,83.96,100.00,216.28,150.00,5.50,14.16,9.83,0.00,0.00,0.0067,5.9933,2186.53,0.00,0,0,0.00,0.00,2349,1679
130652,75.47,50.00,162.21,0.00,4.94,10.62,7.78,0.00,0.00,0.0067,5.9933,2220.08,0.00,0,0,0.00,0.00,2768,2030
130852,81.60,100.00,246.66,500.00,5.34,16.14,10.74,0.00,0.00,0.0067,5.9933,2248.23,0.00,0,0,0.00,0.00,3119,2646
131052,86.20,100.00,259.99,300.00,5.64,17.02,11.33,0.00,0.00,0.0067,5.9933,2219.75,0.00,0,0,0.00,0.00,2764,2823
131252,77.15,50.00,219.99,100.00,5.05,14.40,9.72,0.00,0.00,0.0067,5.9933,2196.93,0.00,0,0,0.00,0.00,2479,2478
131452,82.86,100.00,240.00,300.00,5.42,15.71,10.57,0.00,0.00,0.0067,5.9933,2198.74,0.00,0,0,0.00,0.00,2501,2497
131652,87.15,100.00,205.00,100.00,5.70,13.42,9.56,0.00,0.00,0.0067,5.9933,2204.85,0.00,0,0,0.00,0.00,2578,2385
131852,90.36,100.00,216.25,250.00,5.91,14.15,10.03,0.00,0.00,0.0067,5.9933,2169.99,0.00,0,0,0.00,0.00,2142,2335
132052,80.27,50.00,174.69,50.00,5.25,11.43,8.34,0.00,0.00,0.0067,5.9933,2162.11,0.00,0,0,0.00,0.00,2297,2773
132252,85.20,100.00,293.51,650.00,5.58,19.21,12.39,0.00,0.00,0.0067,5.9933,2118.85,0.00,0,0,0.00,0.00,1504,1931
132452,88.90,100.00,332.64,450.00,5.82,21.77,13.79,0.00,0.00,0.0067,5.9933,2141.16,0.00,0,0,0.00,0.00,1782,1599
132652,79.18,50.00,261.98,50.00,5.18,17.15,11.16,0.00,0.00,0.0067,5.9933,2123.42,0.00,0,0,0.00,0.00,1561,1560
132852,84.38,100.00,283.98,350.00,5.52,18.59,12.05,0.00,0.00,0.0067,5.9933,3687.03,0.00,0,0,0.00,0.00,20000,1580
133052,88.29,100.00,325.49,450.00,5.78,21.30,13.54,0.00,0.00,0.0067,5.9933,2727.19,0.00,0,0,0.00,0.00,9100,1771
133252,78.72,50.00,306.62,250.00,5.15,20.07,12.61,0.00,0.00,0.0067,5.9933,2350.34,0.00,0,0,0.00,0.00,4394,1942
133452,84.04,100.00,329.96,399.99,5.50,21.60,13.55,0.00,0.00,0.0067,5.9933,2203.98,0.00,0,0,0.00,0.00,2567,2398
133652,75.53,50.00,247.47,0.00,4.94,16.20,10.57,0.00,0.00,0.0067,5.9933,2109.15,0.00,0,0,0.00,0.00,1993,2575
133852,81.65,100.00,198.10,50.00,5.34,12.97,9.15,0.00,0.00,0.0067,5.9933,2065.19,0.00,0,0,0.00,0.00,834,1156
134052,73.73,50.00,211.08,250.00,4.83,13.81,9.32,0.00,0.00,0.0067,5.9933,2047.18,0.00,0,0,0.00,0.00,609,972
134252,67.80,50.00,208.31,200.00,4.44,13.63,9.04,0.00,0.00,0.0067,5.9933,2079.81,0.00,0,0,0.00,0.00,1016,640
134452,63.35,50.00,218.73,250.00,4.15,14.32,9.23,0.00,0.00,0.0067,5.9933,2040.86,0.00,0,0,0.00,0.00,530,842
134652,60.01,50.00,226.55,250.00,3.93,14.83,9.38,0.00,0.00,0.0067,5.9933,2041.21,0.00,0,0,0.00,0.00,534,307
134852,57.51,50.00,194.91,100.00,3.76,12.76,8.26,0.00,0.00,0.0067,5.9933,2109.36,0.00,0,0,0.00,0.00,1385,523
135052,55.63,50.00,221.18,300.00,3.64,14.48,9.06,0.00,0.00,0.0067,5.9933,2137.27,0.00,0,0,0.00,0.00,1734,1340
135252,54.22,50.00,215.89,200.00,3.55,14.13,8.84,0.00,0.00,0.0067,5.9933,2148.71,0.00,0,0,0.00,0.00,1876,1734
135452,53.17,50.00,186.92,100.00,3.48,12.23,7.86,0.00,0.00,0.0067,5.9933,2158.79,0.00,0,0,0.00,0.00,2002,1719
135652,52.38,50.00,190.19,200.00,3.43,12.45,7.94,0.00,0.00,0.0067,5.9933,2183.12,0.00,0,0,0.00,0.00,2306,1850
135852,51.78,50.00,217.64,300.00,3.39,14.24,8.82,0.00,0.00,0.0067,5.9933,2193.09,0.00,0,0,0.00,0.00,2431,2349
136052,51.34,50.00,213.23,200.00,3.36,13.96,8.66,0.00,0.00,0.0067,5.9933,3413.33,0.00,0,0,0.00,0.00,17668,2475
136252,51.00,50.00,209.92,200.00,3.34,13.74,8.54,0.00,0.00,0.0067,5.9933,2728.98,0.00,0,0,0.00,0.00,9123,3420
136452,50.75,50.00,207.44,200.00,3.32,13.58,8.45,0.00,0.00,0.0067,5.9933,2416.67,0.00,0,0,0.00,0.00,5223,4618
136652,38.06,0.00,168.08,50.00,2.49,11.00,6.75,0.00,0.00,0.0067,5.9933,2288.75,0.00,0,0,0.00,0.00,4375,4598
136852,41.05,50.00,288.56,650.00,2.69,18.89,10.79,0.00,0.00,0.0067,5.9933,2236.35,0.00,0,0,0.00,0.00,3444,3772
137052,43.29,50.00,266.42,200.00,2.83,17.44,10.14,0.00,0.00,0.0067,5.9933,2275.37,0.00,0,0,0.00,0.00,3458,3094
137252,44.96,50.00,249.82,200.00,2.94,16.35,9.65,0.00,0.00,0.0067,5.9933,2262.87,0.00,0,0,0.00,0.00,3302,3218
137452,33.72,0.00,187.36,0.00,2.21,12.26,7.23,0.00,0.00,0.0067,5.9933,2278.23,0.00,0,0,0.00,0.00,3494,3450
137652,37.79,50.00,140.52,0.00,2.47,9.20,5.84,0.00,0.00,0.0067,5.9933,2310.12,0.00,0,0,0.00,0.00,3892,3730
137852,28.34,0.00,167.89,250.00,1.86,10.99,6.42,0.00,0.00,0.0067,5.9933,2323.19,0.00,0,0,0.00,0.00,4180,4334
138052,33.76,50.00,163.42,150.00,2.21,10.70,6.45,0.00,0.00,0.0067,5.9933,2342.94,0.00,0,0,0.00,0.00,4302,4321
138252,37.82,50.00,122.56,0.00,2.48,8.02,5.25,0.00,0.00,0.0067,5.9933,2324.15,0.00,0,0,0.00,0.00,4067,4019
138452,28.36,0.00,91.92,0.00,1.86,6.02,3.94,0.00,0.00,0.0067,5.9933,2308.45,0.00,0,0,0.00,0.00,3871,4052
138652,21.27,0.00,68.94,0.00,1.39,4.51,2.95,0.00,0.00,0.0067,5.9933,2362.50,0.00,0,0,0.00,0.00,4546,4347
138852,28.45,50.00,126.71,300.00,1.86,8.29,5.08,0.00,0.00,0.0067,5.9933,2278.66,0.00,0,0,0.00,0.00,4139,4382
139052,21.34,0.00,170.03,300.00,1.40,11.13,6.26,0.00,0.00,0.0067,5.9933,2310.30,0.00,0,0,0.00,0.00,3952,4132
139252,28.51,50.00,127.52,0.00,1.87,8.35,5.11,0.00,0.00,0.0067,5.9933,2354.07,0.00,0,0,0.00,0.00,4441,4443
139452,21.38,0.00,95.64,0.00,1.40,6.26,3.83,0.00,0.00,0.0067,5.9933,2394.07,0.00,0,0,0.00,0.00,4940,4742
139652,16.03,0.00,71.73,0.00,1.05,4.69,2.87,0.00,0.00,0.0067,5.9933,2423.17,0.00,0,0,0.00,0.00,5304,5057
139852,24.53,50.00,78.80,100.00,1.61,5.16,3.38,0.00,0.00,0.0067,5.9933,2377.49,0.00,0,0,0.00,0.00,5148,5194
140052,18.39,0.00,59.10,0.00,1.20,3.87,2.54,0.00,0.00,0.0067,5.9933,2293.18,0.00,0,0,0.00,0.00,4661,4875
140252,26.30,50.00,69.32,100.00,1.72,4.54,3.13,0.00,0.00,0.0067,5.9933,2298.65,0.00,0,0,0.00,0.00,4033,4236
140452,19.72,0.00,51.99,0.00,1.29,3.40,2.35,0.00,0.00,0.0067,5.9933,2272.41,0.00,0,0,0.00,0.00,3421,3647
140652,27.29,50.00,63.99,100.00,1.79,4.19,2.99,0.00,0.00,0.0067,5.9933,2282.14,0.00,0,0,0.00,0.00,3543,3522
140852,20.47,0.00,48.00,0.00,1.34,3.14,2.24,0.00,0.00,0.0067,5.9933,2351.72,0.00,0,0,0.00,0.00,4412,3666
141052,15.35,0.00,36.00,0.00,1.00,2.36,1.68,0.00,0.00,0.0067,5.9933,2380.23,0.00,0,0,0.00,0.00,4768,4347
141252,24.01,50.00,52.00,100.00,1.57,3.40,2.49,0.00,0.00,0.0067,5.9933,2349.88,0.00,0,0,0.00,0.00,4714,4815
141452,18.01,0.00,76.50,150.00,1.18,5.01,3.09,0.00,0.00,0.0067,5.9933,2144.08,0.00,0,0,0.00,0.00,3460,3972
141652,13.51,0.00,194.87,550.00,0.88,12.75,6.82,0.00,0.00,0.0067,5.9933,2268.97,0.00,0,0,0.00,0.00,3378,3034
141852,10.13,0.00,208.66,250.00,0.66,13.66,7.16,0.00,0.00,0.0067,5.9933,2102.31,0.00,0,0,0.00,0.00,2124,2720
142052,7.60,0.00,218.99,250.00,0.50,14.33,7.42,0.00,0.00,0.0067,5.9933,2338.55,0.00,0,0,0.00,0.00,4247,2279
142252,5.70,0.00,226.74,250.00,0.37,14.84,7.61,0.00,0.00,0.0067,5.9933,2472.43,0.00,0,0,0.00,0.00,5919,3644
142452,4.27,0.00,207.56,150.00,0.28,13.58,6.93,0.00,0.00,0.0067,5.9933,2605.35,0.00,0,0,0.00,0.00,7579,5229
142652,3.21,0.00,230.67,300.00,0.21,15.10,7.65,0.00,0.00,0.0067,5.9933,2597.07,0.00,0,0,0.00,0.00,7475,6803
142852,14.90,50.00,198.00,100.00,0.98,12.96,6.97,0.00,0.00,0.0067,5.9933,2480.72,0.00,0,0,0.00,0.00,7455,7294
143052,23.68,50.00,186.00,150.00,1.55,12.17,6.86,0.00,0.00,0.0067,5.9933,2113.38,0.00,0,0,0.00,0.00,6540,7114
143252,30.26,50.00,139.50,0.00,1.98,9.13,5.56,0.00,0.00,0.0067,5.9933,1867.88,0.00,0,0,0.00,0.00,0,5050
143452,35.19,50.00,104.63,0.00,2.30,6.85,4.58,0.00,0.00,0.0067,5.9933,1827.80,1.00,0,0,0.00,0.00,0,656
143652,38.90,50.00,90.97,50.00,2.55,5.95,4.25,0.00,0.00,0.0067,5.9933,1811.39,1.00,0,0,0.00,0.00,0,0
143852,41.67,50.00,93.23,100.00,2.73,6.10,4.41,0.00,0.00,0.0067,5.9933,1830.27,1.00,0,0,0.00,0.00,0,0
144052,31.25,0.00,94.92,100.00,2.05,6.21,4.13,0.00,0.00,0.0067,5.9933,1838.00,1.00,0,0,0.00,0.00,0,0
144252,23.44,0.00,71.19,0.00,1.53,4.66,3.10,0.00,0.00,0.0067,5.9933,1908.04,0.00,0,0,0.00,0.00,0,0
144452,17.58,0.00,65.89,50.00,1.15,4.31,2.73,0.00,0.00,0.0067,5.9933,1909.85,0.00,0,0,0.00,0.00,0,0
144652,13.19,0.00,61.92,50.00,0.86,4.05,2.46,0.00,0.00,0.0067,5.9933,1931.08,0.00,0,0,0.00,0.00,0,0
144852,22.39,50.00,46.44,0.00,1.47,3.04,2.25,0.00,0.00,0.0067,5.9933,1931.77,0.00,0,0,0.00,0.00,0,0
145052,16.79,0.00,97.33,250.00,1.10,6.37,3.73,0.00,0.00,0.0067,5.9933,1972.05,0.00,0,0,0.00,0.00,0,0
145252,12.59,0.00,185.50,450.00,0.82,12.14,6.48,0.00,0.00,0.0067,5.9933,2054.15,0.00,0,0,0.00,0.00,696,109
145452,9.45,0.00,189.12,200.00,0.62,12.38,6.50,0.00,0.00,0.0067,5.9933,2114.66,0.00,0,0,0.00,0.00,1451,451
145652,7.08,0.00,154.34,50.00,0.46,10.10,5.28,0.00,0.00,0.0067,5.9933,2283.13,0.00,0,0,0.00,0.00,3555,1717
145852,5.31,0.00,190.76,300.00,0.35,12.48,6.42,0.00,0.00,0.0067,5.9933,2326.53,0.00,0,0,0.00,0.00,4097,3100
146052,3.98,0.00,205.57,250.00,0.26,13.45,6.86,0.00,0.00,0.0067,5.9933,2317.43,0.00,0,0,0.00,0.00,3983,3724
146252,2.99,0.00,179.18,100.00,0.20,11.73,5.96,0.00,0.00,0.0067,5.9933,2300.58,0.00,0,0,0.00,0.00,3773,3903
146452,2.24,0.00,134.38,0.00,0.15,8.80,4.47,0.00,0.00,0.0067,5.9933,2327.28,0.00,0,0,0.00,0.00,4106,4248
146652,1.68,0.00,100.79,0.00,0.11,6.60,3.35,0.00,0.00,0.0067,5.9933,1853.73,0.00,0,0,0.00,0.00,0,4516
146852,1.26,0.00,88.09,50.00,0.08,5.77,2.92,0.00,0.00,0.0067,5.9933,2155.66,0.00,0,0,0.00,0.00,2936,3425
147052,0.95,0.00,153.57,350.00,0.06,10.05,5.06,0.00,0.00,0.0067,5.9933,2418.00,0.00,0,0,0.00,0.00,5239,3201
147252,0.71,0.00,115.18,0.00,0.05,7.54,3.79,0.00,0.00,0.0067,5.9933,2493.45,0.00,0,0,0.00,0.00,6181,3525
147452,0.53,0.00,98.88,50.00,0.03,6.47,3.25,0.00,0.00,0.0067,5.9933,2470.28,0.00,0,0,0.00,0.00,5892,4414
147652,0.40,0.00,111.66,150.00,0.03,7.31,3.67,0.00,0.00,0.0067,5.9933,2363.19,0.00,0,0,0.00,0.00,5043,5117
147852,0.30,0.00,83.75,0.00,0.02,5.48,2.75,0.00,0.00,0.0067,5.9933,2247.32,0.00,0,0,0.00,0.00,4424,4730
148052,0.22,0.00,175.31,450.00,0.01,11.47,5.74,0.00,0.00,0.0067,5.9933,2187.38,0.00,0,0,0.00,0.00,3264,3690
148252,0.17,0.00,193.98,250.00,0.01,12.70,6.35,0.00,0.00,0.0067,5.9933,2169.23,0.00,0,0,0.00,0.00,2280,2742
148452,0.13,0.00,170.49,100.00,0.01,11.16,5.58,0.00,0.00,0.0067,5.9933,2259.40,0.00,0,0,0.00,0.00,3259,2344
148652,0.09,0.00,177.86,200.00,0.01,11.64,5.82,0.00,0.00,0.0067,5.9933,2342.41,0.00,0,0,0.00,0.00,4295,3431
148852,0.07,0.00,133.40,0.00,0.00,8.73,4.37,0.00,0.00,0.0067,5.9933,2344.41,0.00,0,0,0.00,0.00,4320,4145
149052,0.05,0.00,100.05,0.00,0.00,6.55,3.28,0.00,0.00,0.0067,5.9933,2377.23,0.00,0,0,0.00,0.00,4730,4597
149252,0.04,0.00,75.04,0.00,0.00,4.91,2.46,0.00,0.00,0.0067,5.9933,2390.67,0.00,0,0,0.00,0.00,4898,4865
149452,0.03,0.00,56.28,0.00,0.00,3.68,1.84,0.00,0.00,0.0067,5.9933,2396.18,0.00,0,0,0.00,0.00,4967,4954
149652,0.02,0.00,42.21,0.00,0.00,2.76,1.38,0.00,0.00,0.0067,5.9933,2398.44,0.00,0,0,0.00,0.00,4995,4990
149852,0.02,0.00,31.66,0.00,0.00,2.07,1.04,0.00,0.00,0.0067,5.9933,2399.36,0.00,0,0,0.00,0.00,5007,5005
150052,0.01,0.00,48.74,100.00,0.00,3.19,1.60,0.00,0.00,0.0067,5.9933,2399.74,0.00,0,0,0.00,0.00,5011,5010
150252,0.01,0.00,36.56,0.00,0.00,2.39,1.20,0.00,0.00,0.0067,5.9933,2399.89,0.00,0,0,0.00,0.00,5013,5014
150452,0.01,0.00,77.42,200.00,0.00,5.07,2.53,0.00,0.00,0.0067,5.9933,2439.96,0.00,0,0,0.00,0.00,5513,5014
150652,0.01,0.00,58.06,0.00,0.00,3.80,1.90,0.00,0.00,0.0067,5.9933,2481.97,0.00,0,0,0.00,0.00,6038,5360
150852,0.00,0.00,43.55,0.00,0.00,2.85,1.43,0.00,0.00,0.0067,5.9933,2433.57,0.00,0,0,0.00,0.00,5999,5932
151052,0.00,0.00,82.66,200.00,0.00,5.41,2.71,0.00,0.00,0.0067,5.9933,2300.62,0.00,0,0,0.00,0.00,5830,6029
151252,12.50,50.00,112.00,200.00,0.82,7.33,4.07,0.00,0.00,0.0067,5.9933,2201.22,0.00,0,0,0.00,0.00,4777,5175
151452,9.38,0.00,134.00,200.00,0.61,8.77,4.69,0.00,0.00,0.0067,5.9933,2134.90,0.00,0,0,0.00,0.00,3430,3961
151652,7.03,0.00,238.00,550.00,0.46,15.58,8.02,0.00,0.00,0.0067,5.9933,2080.85,0.00,0,0,0.00,0.00,1816,2455
151852,5.27,0.00,216.00,150.00,0.35,14.14,7.24,0.00,0.00,0.0067,5.9933,2093.60,0.00,0,0,0.00,0.00,1188,1382
152052,3.96,0.00,162.00,0.00,0.26,10.60,5.43,0.00,0.00,0.0067,5.9933,2084.13,0.00,0,0,0.00,0.00,1070,714
152252,2.97,0.00,121.50,0.00,0.19,7.95,4.07,0.00,0.00,0.0067,5.9933,2146.69,0.00,0,0,0.00,0.00,1851,1409
152452,2.23,0.00,91.12,0.00,0.15,5.96,3.05,0.00,0.00,0.0067,5.9933,2198.64,0.00,0,0,0.00,0.00,2500,1978
152652,1.67,0.00,143.34,300.00,0.11,9.38,4.75,0.00,0.00,0.0067,5.9933,2251.92,0.00,0,0,0.00,0.00,3165,2895
152852,1.25,0.00,157.51,200.00,0.08,10.31,5.20,0.00,0.00,0.0067,5.9933,1931.86,0.00,0,0,0.00,0.00,0,2983
153052,0.94,0.00,268.13,600.00,0.06,17.55,8.81,0.00,0.00,0.0067,5.9933,2147.77,0.00,0,0,0.00,0.00,1865,1108
153252,0.70,0.00,201.10,0.00,0.05,13.16,6.60,0.00,0.00,0.0067,5.9933,2296.69,0.00,0,0,0.00,0.00,3724,1579
153452,0.53,0.00,150.82,0.00,0.03,9.87,4.95,0.00,0.00,0.0067,5.9933,2397.68,0.00,0,0,0.00,0.00,4986,1888
153652,0.40,0.00,113.12,0.00,0.03,7.40,3.71,0.00,0.00,0.0067,5.9933,2431.05,0.00,0,0,0.00,0.00,5402,2168
153852,0.30,0.00,97.34,50.00,0.02,6.37,3.20,0.00,0.00,0.0067,5.9933,2465.20,0.00,0,0,0.00,0.00,5829,3685
154052,0.22,0.00,110.50,150.00,0.01,7.23,3.62,0.00,0.00,0.0067,5.9933,2512.79,0.00,0,0,0.00,0.00,6423,5297
154252,0.17,0.00,432.88,1400.00,0.01,28.33,14.17,0.00,0.00,0.0067,5.9933,2414.20,0.00,0,0,0.00,0.00,6109,6081
154452,12.63,50.00,324.66,0.00,0.83,21.25,11.04,0.00,0.00,0.0067,5.9933,2391.42,0.00,0,0,0.00,0.00,6234,6252
154652,9.47,0.00,243.49,0.00,0.62,15.94,8.28,0.00,0.00,0.0067,5.9933,2392.25,0.00,0,0,0.00,0.00,6234,6250
154852,19.60,50.00,220.12,150.00,1.28,14.41,7.84,0.00,0.00,0.0067,5.9933,1937.15,0.00,0,0,0.00,0.00,0,4888
155052,14.70,0.00,165.09,0.00,0.96,10.81,5.88,0.00,0.00,0.0067,5.9933,1921.78,1.00,0,0,0.00,0.00,0,618
155252,11.03,0.00,136.32,50.00,0.72,8.92,4.82,0.00,0.00,0.0067,5.9933,1907.48,1.00,0,0,0.00,0.00,0,0
155452,8.27,0.00,102.24,0.00,0.54,6.69,3.62,0.00,0.00,0.0067,5.9933,1922.10,1.00,0,0,0.00,0.00,0,0
155652,6.20,0.00,76.68,0.00,0.41,5.02,2.71,0.00,0.00,0.0067,5.9933,1936.09,1.00,0,0,0.00,0.00,0,0
155852,4.65,0.00,57.51,0.00,0.30,3.76,2.03,0.00,0.00,0.0067,5.9933,1941.82,1.00,0,0,0.00,0.00,0,0
156052,3.49,0.00,93.13,200.00,0.23,6.10,3.16,0.00,0.00,0.0067,5.9933,1976.17,1.00,0,0,0.00,0.00,0,0
156252,2.62,0.00,69.85,0.00,0.17,4.57,2.37,0.00,0.00,0.0067,5.9933,1990.24,1.00,0,0,0.00,0.00,0,0
156452,1.96,0.00,52.39,0.00,0.13,3.43,1.78,0.00,0.00,0.0067,5.9933,2028.00,1.00,0,0,0.00,0.00,0,0
156652,1.47,0.00,39.29,0.00,0.10,2.57,1.33,0.00,0.00,0.0067,5.9933,2011.47,0.00,0,0,0.00,0.00,163,0
156852,1.10,0.00,29.47,0.00,0.07,1.93,1.00,0.00,0.00,0.0067,5.9933,2004.70,0.00,0,0,0.00,0.00,78,94
157052,0.83,0.00,22.10,0.00,0.05,1.45,0.75,0.00,0.00,0.0067,5.9933,2027.52,0.00,0,0,0.00,0.00,363,180
157252,0.62,0.00,41.58,100.00,0.04,2.72,1.38,0.00,0.00,0.0067,5.9933,2043.27,0.00,0,0,0.00,0.00,560,283
157452,0.47,0.00,31.18,0.00,0.03,2.04,1.04,0.00,0.00,0.0067,5.9933,2057.73,0.00,0,0,0.00,0.00,740,320
157652,0.35,0.00,23.39,0.00,0.02,1.53,0.78,0.00,0.00,0.0067,5.9933,2121.24,0.00,0,0,0.00,0.00,1534,636
157852,0.26,0.00,67.54,200.00,0.02,4.42,2.22,0.00,0.00,0.0067,5.9933,2147.26,0.00,0,0,0.00,0.00,1858,1474
158053,0.20,0.00,50.65,0.00,0.01,3.32,1.66,0.00,0.00,0.0067,5.9933,2171.76,0.00,0,0,0.00,0.00,2164,1709
158252,0.15,0.00,63.01,100.07,0.01,4.12,2.07,0.00,0.00,0.0067,5.9933,2122.83,0.00,0,0,0.00,0.00,1553,1835
158452,0.11,0.00,47.26,0.00,0.01,3.09,1.55,0.00,0.00,0.0067,5.9933,1893.98,0.00,0,0,0.00,0.00,0,1557
158652,0.08,0.00,310.44,1100.00,0.01,20.32,10.16,0.00,0.00,0.0067,5.9933,2106.65,0.00,0,0,0.00,0.00,1351,75
158852,0.06,0.00,232.83,0.00,0.00,15.24,7.62,0.00,0.00,0.0067,5.9933,2247.85,0.00,0,0,0.00,0.00,3114,321
159052,0.05,0.00,187.12,50.00,0.00,12.25,6.13,0.00,0.00,0.0067,5.9933,2285.20,0.00,0,0,0.00,0.00,3581,1150
159252,0.03,0.00,377.84,950.00,0.00,24.73,12.37,0.00,0.00,0.0067,5.9933,2266.90,0.00,0,0,0.00,0.00,3352,2807
159452,0.03,0.00,358.38,300.00,0.00,23.46,11.73,0.00,0.00,0.0067,5.9933,2205.93,0.00,0,0,0.00,0.00,2789,3178
159652,0.02,0.00,268.79,0.00,0.00,17.59,8.80,0.00,0.00,0.0067,5.9933,2228.03,0.00,0,0,0.00,0.00,2867,2725
159852,0.01,0.00,201.59,0.00,0.00,13.19,6.60,0.00,0.00,0.0067,5.9933,2303.96,0.00,0,0,0.00,0.00,3815,3164
160052,0.01,0.00,176.19,100.00,0.00,11.53,5.77,0.00,0.00,0.0067,5.9933,2340.18,0.00,0,0,0.00,0.00,4268,3392
160252,0.01,0.00,132.14,0.00,0.00,8.65,4.32,0.00,0.00,0.0067,5.9933,2349.90,0.00,0,0,0.00,0.00,4389,3600
160452,0.01,0.00,99.11,0.00,0.00,6.49,3.24,0.00,0.00,0.0067,5.9933,2379.48,0.00,0,0,0.00,0.00,4758,4435
160652,0.00,0.00,74.33,0.00,0.00,4.86,2.43,0.00,0.00,0.0067,5.9933,2347.53,0.00,0,0,0.00,0.00,4683,4788
160852,0.00,0.00,55.75,0.00,0.00,3.65,1.82,0.00,0.00,0.0067,5.9933,2436.06,0.00,0,0,0.00,0.00,5465,4821
161052,0.00,0.00,41.81,0.00,0.00,2.74,1.37,0.00,0.00,0.0067,5.9933,2414.77,0.00,0,0,0.00,0.00,5199,5146
161252,0.00,0.00,43.86,50.00,0.00,2.87,1.44,0.00,0.00,0.0067,5.9933,2348.45,0.00,0,0,0.00,0.00,4967,5071
161452,0.00,0.00,120.39,350.00,0.00,7.88,3.94,0.00,0.00,0.0067,5.9933,2326.41,0.00,0,0,0.00,0.00,4512,4660
161652,0.00,0.00,90.30,0.00,0.00,5.91,2.95,0.00,0.00,0.0067,5.9933,2317.38,0.00,0,0,0.00,0.00,3983,4105
161852,0.00,0.00,67.72,0.00,0.00,4.43,2.22,0.00,0.00,0.0067,5.9933,2365.68,0.00,0,0,0.00,0.00,4586,3746
162052,0.00,0.00,50.79,0.00,0.00,3.32,1.66,0.00,0.00,0.0067,5.9933,2396.18,0.00,0,0,0.00,0.00,4967,4006
162252,0.00,0.00,38.09,0.00,0.00,2.49,1.25,0.00,0.00,0.0067,5.9933,2438.44,0.00,0,0,0.00,0.00,5494,4725
162452,0.00,0.00,28.57,0.00,0.00,1.87,0.93,0.00,0.00,0.0067,5.9933,2415.74,0.00,0,0,0.00,0.00,5263,5232
162652,0.00,0.00,21.43,0.00,0.00,1.40,0.70,0.00,0.00,0.0067,5.9933,2406.45,0.00,0,0,0.00,0.00,5337,5325
162852,0.00,0.00,66.07,200.00,0.00,4.32,2.16,0.00,0.00,0.0067,5.9933,2402.64,0.00,0,0,0.00,0.00,5367,5362
163052,12.50,50.00,124.55,300.00,0.82,8.15,4.49,0.00,0.00,0.0067,5.9933,2380.60,0.00,0,0,0.00,0.00,5161,5200
163252,9.38,0.00,93.41,0.00,0.61,6.11,3.36,0.00,0.00,0.0067,5.9933,1866.40,0.00,0,0,0.00,0.00,0,5093
163452,7.03,0.00,145.06,300.00,0.46,9.49,4.98,0.00,0.00,0.0067,5.9933,2067.96,0.00,0,0,0.00,0.00,3242,3907
163652,5.27,0.00,108.80,0.00,0.35,7.12,3.73,0.00,0.00,0.0067,5.9933,2145.92,0.00,0,0,0.00,0.00,2413,2922
163852,3.96,0.00,106.60,100.00,0.26,6.98,3.62,0.00,0.00,0.0067,5.9933,2263.93,0.00,0,0,0.00,0.00,3315,2746
164052,2.97,0.00,79.95,0.00,0.19,5.23,2.71,0.00,0.00,0.0067,5.9933,2344.26,0.00,0,0,0.00,0.00,4319,3458
164252,2.22,0.00,59.96,0.00,0.15,3.92,2.04,0.00,0.00,0.0067,5.9933,2377.17,0.00,0,0,0.00,0.00,4729,4228
164452,1.67,0.00,44.97,0.00,0.11,2.94,1.53,0.00,0.00,0.0067,5.9933,2416.25,0.00,0,0,0.00,0.00,5217,4892
164652,1.25,0.00,33.73,0.00,0.08,2.21,1.14,0.00,0.00,0.0067,5.9933,2446.66,0.00,0,0,0.00,0.00,5597,5159
164852,0.94,0.00,25.30,0.00,0.06,1.66,0.86,0.00,0.00,0.0067,5.9933,2419.11,0.00,0,0,0.00,0.00,5460,5422
165052,0.70,0.00,68.97,200.00,0.05,4.51,2.28,0.00,0.00,0.0067,5.9933,2367.83,0.00,0,0,0.00,0.00,5470,5535
165252,13.03,50.00,51.73,0.00,0.85,3.39,2.12,0.00,0.00,0.0067,5.9933,2289.22,0.00,0,0,0.00,0.00,4947,5169
165452,9.77,0.00,63.80,100.00,0.64,4.18,2.41,0.00,0.00,0.0067,5.9933,2138.95,1.00,0,0,0.00,0.00,0,4239
165652,7.33,0.00,97.85,200.00,0.48,6.40,3.44,0.00,0.00,0.0067,5.9933,2117.39,1.00,0,0,0.00,0.00,0,2729
165852,5.50,0.00,148.38,299.99,0.36,9.71,5.04,0.00,0.00,0.0067,5.9933,2080.08,1.00,0,0,0.00,0.00,0,228
166052,4.12,0.00,111.29,0.00,0.27,7.28,3.78,0.00,0.00,0.0067,5.9933,2064.80,1.00,0,0,0.00,0.00,0,0
166252,3.09,0.00,83.47,0.00,0.20,5.46,2.83,0.00,0.00,0.0067,5.9933,2052.14,1.00,0,0,0.00,0.00,0,0
166452,2.32,0.00,62.60,0.00,0.15,4.10,2.12,0.00,0.00,0.0067,5.9933,2081.84,1.00,0,0,0.00,0.00,0,0
166652,1.74,0.00,46.95,0.00,0.11,3.07,1.59,0.00,0.00,0.0067,5.9933,2073.52,1.00,0,0,0.00,0.00,0,0
166852,1.30,0.00,35.21,0.00,0.09,2.30,1.20,0.00,0.00,0.0067,5.9933,2062.11,1.00,0,0,0.00,0.00,0,0
167052,0.98,0.00,26.41,0.00,0.06,1.73,0.90,0.00,0.00,0.0067,5.9933,2051.04,1.00,0,0,0.00,0.00,0,0
167252,0.73,0.00,19.81,0.00,0.05,1.30,0.67,0.00,0.00,0.0067,5.9933,2046.51,1.00,0,0,0.00,0.00,0,0
167452,0.55,0.00,14.86,0.00,0.04,0.97,0.50,0.00,0.00,0.0067,5.9933,2071.53,1.00,0,0,0.00,0.00,0,0
167652,0.41,0.00,11.14,0.00,0.03,0.73,0.38,0.00,0.00,0.0067,5.9933,2115.38,1.00,0,0,0.00,0.00,0,0
167852,0.31,0.00,8.36,0.00,0.02,0.55,0.28,0.00,0.00,0.0067,5.9933,2184.86,1.00,0,0,0.00,0.00,0,0
168052,0.23,0.00,6.27,0.00,0.02,0.41,0.21,0.00,0.00,0.0067,5.9933,2225.80,1.00,0,0,0.00,0.00,0,0
168252,0.17,0.00,4.70,0.00,0.01,0.31,0.16,0.00,0.00,0.0067,5.9933,2263.05,1.00,0,0,0.00,0.00,0,0
168452,0.13,0.00,3.53,0.00,0.01,0.23,0.12,0.00,0.00,0.0067,5.9933,2278.30,1.00,0,0,0.00,0.00,0,0
168652,0.10,0.00,2.64,0.00,0.01,0.17,0.09,0.00,0.00,0.0067,5.9933,2350.15,0.00,0,0,0.00,0.00,4392,182
168852,0.07,0.00,1.98,0.00,0.00,0.13,0.07,0.00,0.00,0.0067,5.9933,2432.06,0.00,0,0,0.00,0.00,5415,596
169052,0.06,0.00,76.49,300.00,0.00,5.01,2.50,0.00,0.00,0.0067,5.9933,2465.61,0.00,0,0,0.00,0.00,5834,2126
169252,0.04,0.00,132.37,300.00,0.00,8.66,4.33,0.00,0.00,0.0067,5.9933,2452.48,0.00,0,0,0.00,0.00,5670,4102
169452,0.03,0.00,199.27,400.00,0.00,13.04,6.52,0.00,0.00,0.0067,5.9933,2441.97,0.00,0,0,0.00,0.00,5539,5367
169652,0.02,0.00,174.46,100.00,0.00,11.42,5.71,0.00,0.00,0.0067,5.9933,2417.19,0.00,0,0,0.00,0.00,5666,5632
169852,0.02,0.00,155.84,100.00,0.00,10.20,5.10,0.00,0.00,0.0067,5.9933,2407.04,0.00,0,0,0.00,0.00,5739,5725
170052,0.01,0.00,141.88,100.00,0.00,9.29,4.64,0.00,0.00,0.0067,5.9933,2402.89,0.00,0,0,0.00,0.00,5771,5766
170252,12.51,50.00,106.41,0.00,0.82,6.96,3.89,0.00,0.00,0.0067,5.9933,2361.18,0.00,0,0,0.00,0.00,5702,5780
170452,9.38,0.00,154.81,300.01,0.61,10.13,5.37,0.00,0.00,0.0067,5.9933,2384.10,0.00,0,0,0.00,0.00,5510,5542
170652,19.54,50.00,141.11,100.00,1.28,9.24,5.26,0.00,0.00,0.0067,5.9933,2393.49,0.00,0,0,0.00,0.00,5428,5442
170852,14.65,0.00,105.83,0.00,0.96,6.93,3.94,0.00,0.00,0.0067,5.9933,2376.85,0.00,0,0,0.00,0.00,5246,5293
171052,23.49,50.00,91.87,50.00,1.54,6.01,3.78,0.00,0.00,0.0067,5.9933,2358.52,0.00,0,0,0.00,0.00,5035,5118
171252,17.62,0.00,231.40,649.99,1.15,15.15,8.15,0.00,0.00,0.0067,5.9933,2466.51,0.00,0,0,0.00,0.00,5845,4987
171452,25.71,50.00,173.55,0.00,1.68,11.36,6.52,0.00,0.00,0.0067,5.9933,2452.84,0.00,0,0,0.00,0.00,5674,5327
171652,19.28,0.00,180.16,200.00,1.26,11.79,6.53,0.00,0.00,0.0067,5.9933,2482.13,0.00,0,0,0.00,0.00,6040,5800
171852,26.96,50.00,135.12,0.00,1.76,8.84,5.30,0.00,0.00,0.0067,5.9933,2459.24,0.00,0,0,0.00,0.00,6289,6171
172052,32.72,50.00,151.34,200.00,2.14,9.91,6.02,0.00,0.00,0.0067,5.9933,2476.74,0.00,0,0,0.00,0.00,6649,6496
172252,37.04,50.00,163.50,199.99,2.42,10.70,6.56,0.00,0.00,0.0067,5.9933,2431.43,0.00,0,0,0.00,0.00,6847,6785
172452,40.28,50.00,172.63,200.01,2.64,11.30,6.97,0.00,0.00,0.0067,5.9933,2372.88,0.00,0,0,0.00,0.00,6890,6945
172652,42.71,50.00,204.47,300.00,2.80,13.38,8.09,0.00,0.00,0.0067,5.9933,2388.89,0.00,0,0,0.00,0.00,6811,6834
172852,57.03,100.00,178.35,100.00,3.73,11.67,7.70,0.00,0.00,0.0067,5.9933,2395.45,0.00,0,0,0.00,0.00,6755,6765
173052,55.28,50.00,133.77,0.00,3.62,8.75,6.19,0.00,0.00,0.0067,5.9933,2423.74,0.00,0,0,0.00,0.00,6873,6826
173252,66.46,100.00,162.82,250.00,4.35,10.66,7.50,0.00,0.00,0.0067,5.9933,2441.72,0.00,0,0,0.00,0.00,7061,6978
173452,74.84,100.00,184.62,250.00,4.90,12.08,8.49,0.00,0.00,0.0067,5.9933,2482.69,0.00,0,0,0.00,0.00,7447,7282
173652,81.13,100.00,138.46,0.00,5.31,9.06,7.19,0.00,0.00,0.0067,5.9933,2499.47,0.00,0,0,0.00,0.00,7798,7600
173852,85.85,100.00,103.85,0.00,5.62,6.80,6.21,0.00,0.00,0.0067,5.9933,2558.82,0.00,0,0,0.00,0.00,8354,8037
174052,89.39,100.00,77.89,0.00,5.85,5.10,5.47,0.00,0.00,0.0067,5.9933,2551.13,0.00,0,0,0.00,0.00,8742,8440
174252,92.04,100.00,108.41,200.00,6.02,7.10,6.56,0.00,0.00,0.0067,5.9933,2579.98,0.00,0,0,0.00,0.00,9515,9156
174452,94.03,100.00,106.31,100.00,6.15,6.96,6.56,0.00,0.00,0.0067,5.9933,2623.80,0.00,0,0,0.00,0.00,10207,9760
174652,95.52,100.00,104.73,100.00,6.25,6.85,6.55,0.00,0.00,0.0067,5.9933,2609.75,0.00,0,0,0.00,0.00,10668,10249
174852,109.14,150.00,78.55,0.00,7.14,5.14,6.14,0.00,0.00,0.0067,5.9933,2603.99,0.00,0,0,0.00,0.00,11485,11078
175052,106.86,100.00,58.91,0.00,6.99,3.86,5.42,0.00,0.00,0.0067,5.9933,2627.24,0.00,0,0,0.00,0.00,12018,11564
175252,117.64,150.00,44.18,0.00,7.70,2.89,5.30,0.00,0.00,0.0067,5.9933,2590.68,0.00,0,0,0.00,0.00,12668,12287
175452,113.23,100.00,33.14,0.00,7.41,2.17,4.79,0.00,0.00,0.0067,5.9933,2503.70,0.00,0,0,0.00,0.00,13095,12888
175652,122.42,150.00,24.85,0.00,8.01,1.63,4.82,0.00,0.00,0.0067,5.9933,2502.96,0.00,0,0,0.00,0.00,13269,13064
175852,116.82,100.00,68.64,200.00,7.65,4.49,6.07,0.00,0.00,0.0067,5.9933,2442.17,0.00,0,0,0.00,0.00,13417,13333
176052,125.11,150.00,51.48,0.00,8.19,3.37,5.78,0.00,0.00,0.0067,5.9933,2417.27,0.00,0,0,0.00,0.00,13587,13553
176252,131.34,150.00,38.61,0.00,8.60,2.53,5.56,0.00,0.00,0.0067,5.9933,2407.08,0.00,0,0,0.00,0.00,13668,13654
176452,123.50,100.00,28.96,0.00,8.08,1.90,4.99,0.00,0.00,0.0067,5.9933,2025.70,0.00,0,0,0.00,0.00,12886,13635
176652,130.13,150.00,71.72,200.00,8.52,4.69,6.61,0.00,0.00,0.0067,5.9933,2278.69,0.00,0,0,0.00,0.00,11992,12235
176852,122.59,100.00,53.79,0.00,8.02,3.52,5.77,0.00,0.00,0.0067,5.9933,2382.31,0.00,0,0,0.00,0.00,11690,11726
177052,129.45,150.00,40.34,0.00,8.47,2.64,5.56,0.00,0.00,0.0089,5.9911,2424.75,0.00,0,0,0.00,0.00,11707,11658
177252,122.08,100.00,30.26,0.00,7.99,1.98,4.99,0.00,0.00,0.0089,5.9911,2435.74,0.00,0,0,0.00,0.00,11953,11882
177452,129.06,150.00,22.69,0.00,8.45,1.49,4.97,0.00,0.00,0.0089,5.9911,2480.24,0.00,0,0,0.00,0.00,12272,12112
177652,121.80,100.00,17.02,0.00,7.97,1.11,4.54,0.00,0.00,0.0089,5.9911,2498.47,0.00,0,0,0.00,0.00,12698,12502
177852,128.85,150.00,12.76,0.00,8.43,0.84,4.63,0.00,0.00,0.0089,5.9911,2472.33,0.00,0,0,0.00,0.00,12986,12842
178052,121.64,100.00,9.57,0.00,7.96,0.63,4.29,0.00,0.00,0.0089,5.9911,2455.23,0.00,0,0,0.00,0.00,13253,13143
178252,128.73,150.00,7.18,0.00,8.43,0.47,4.45,0.00,0.00,0.0089,5.9911,2443.10,0.00,0,0,0.00,0.00,13584,13498
178452,121.55,100.00,5.38,0.00,7.96,0.35,4.15,0.00,0.00,0.0089,5.9911,2411.39,0.00,0,0,0.00,0.00,13654,13632
178652,128.66,150.00,4.04,0.00,8.42,0.26,4.34,0.00,0.00,0.0089,5.9911,2409.11,0.00,0,0,0.00,0.00,13662,13644
178852,121.49,100.00,53.03,200.00,7.95,3.47,5.71,0.00,0.00,0.0089,5.9911,2352.00,0.00,0,0,0.00,0.00,13406,13503
179052,128.62,150.00,39.77,0.00,8.42,2.60,5.51,0.00,0.00,0.0089,5.9911,2380.34,0.00,0,0,0.00,0.00,13174,13214
179252,133.97,150.00,29.83,0.00,8.77,1.95,5.36,0.00,0.00,0.0089,5.9911,2412.43,0.00,0,0,0.00,0.00,13306,13282
179452,125.47,100.00,22.37,0.00,8.21,1.46,4.84,0.00,0.00,0.0089,5.9911,2406.36,0.00,0,0,0.00,0.00,13354,13342
179652,131.61,150.00,16.78,0.00,8.61,1.10,4.86,0.00,0.00,0.0089,5.9911,1882.85,0.00,0,0,0.00,0.00,0,13045
179852,123.70,100.00,62.58,200.00,8.10,4.10,6.10,0.00,0.00,0.0089,5.9911,2220.18,0.00,0,0,0.00,0.00,11427,11787
180052,130.28,150.00,146.94,400.00,8.53,9.62,9.07,0.00,0.00,0.0089,5.9911,2351.94,0.00,0,0,0.00,0.00,11049,11146
180252,122.71,100.00,110.20,0.00,8.03,7.21,7.62,0.00,0.00,0.0089,5.9911,2440.80,0.00,0,0,0.00,0.00,11137,11056
180452,117.03,100.00,157.65,300.00,7.66,10.32,8.99,0.00,0.00,0.0089,5.9911,2448.71,0.00,0,0,0.00,0.00,11343,11246
180652,125.27,150.00,193.24,300.00,8.20,12.65,10.42,0.00,0.00,0.0089,5.9911,2485.55,0.00,0,0,0.00,0.00,11649,11478
180852,118.96,100.00,144.93,0.00,7.79,9.49,8.64,0.00,0.00,0.0089,5.9911,2467.04,0.00,0,0,0.00,0.00,11961,11827
181052,114.22,100.00,158.70,200.00,7.48,10.39,8.93,0.00,0.00,0.0089,5.9911,2453.06,0.00,0,0,0.00,0.00,12337,12231
181252,123.16,150.00,181.52,250.00,8.06,11.88,9.97,0.00,0.00,0.0089,5.9911,2447.33,0.00,0,0,0.00,0.00,12647,12553
181452,117.37,100.00,161.14,100.00,7.68,10.55,9.11,0.00,0.00,0.0089,5.9911,2444.99,0.00,0,0,0.00,0.00,12889,12800
181652,125.53,150.00,170.86,200.00,8.22,11.18,9.70,0.00,0.00,0.0089,5.9911,2418.43,0.00,0,0,0.00,0.00,13042,13006
181852,119.15,100.00,215.64,350.00,7.80,14.11,10.96,0.00,0.00,0.0089,5.9911,2407.55,0.00,0,0,0.00,0.00,13116,13101
182052,126.86,150.00,186.73,100.00,8.30,12.22,10.26,0.00,0.00,0.0089,5.9911,2382.61,0.00,0,0,0.00,0.00,12918,12953
182252,120.14,100.00,177.55,150.00,7.86,11.62,9.74,0.00,0.00,0.0089,5.9911,2418.48,0.00,0,0,0.00,0.00,13008,12972
182452,127.61,150.00,208.16,300.00,8.35,13.62,10.99,0.00,0.00,0.0089,5.9911,2433.17,0.00,0,0,0.00,0.00,13195,13129
182652,120.71,100.00,218.62,250.00,7.90,14.31,11.10,0.00,0.00,0.0089,5.9911,2506.07,0.00,0,0,0.00,0.00,13608,13396
182852,128.03,150.00,238.97,300.00,8.38,15.64,12.01,0.00,0.00,0.0089,5.9911,2541.05,0.00,0,0,0.00,0.00,14210,13928
183052,133.52,150.00,254.22,300.00,8.74,16.64,12.69,0.00,0.00,0.0089,5.9911,2555.37,0.00,0,0,0.00,0.00,14767,14457
183252,137.64,150.00,290.67,399.99,9.01,19.02,14.02,0.00,0.00,0.0089,5.9911,2581.72,0.00,0,0,0.00,0.00,15217,14854
183452,140.73,150.00,293.00,300.01,9.21,19.18,14.19,0.00,0.00,0.0089,5.9911,2618.11,0.00,0,0,0.00,0.00,16103,15667
183652,143.05,150.00,269.75,200.00,9.36,17.66,13.51,0.00,0.00,0.0089,5.9911,2659.90,0.00,0,0,0.00,0.00,16771,16252
183852,144.79,150.00,227.31,100.00,9.48,14.88,12.18,0.00,0.00,0.0089,5.9911,2650.14,0.00,0,0,0.00,0.00,17391,16891
184052,158.59,200.00,195.48,100.00,10.38,12.79,11.59,0.00,0.00,0.0089,5.9911,2681.02,0.00,0,0,0.00,0.00,17992,17430
184252,156.44,150.00,246.61,400.00,10.24,16.14,13.19,0.00,0.00,0.0089,5.9911,2673.18,0.00,0,0,0.00,0.00,18253,17707
184452,167.33,200.00,247.46,250.00,10.95,16.20,13.57,0.00,0.00,0.0089,5.9911,2661.98,0.00,0,0,0.00,0.00,18597,18074
184652,163.00,150.00,273.10,350.00,10.67,17.87,14.27,0.00,0.00,0.0089,5.9911,2685.87,0.00,0,0,0.00,0.00,19577,19006
184852,172.25,200.00,304.82,400.00,11.27,19.95,15.61,0.00,0.00,0.0089,5.9911,2635.17,0.00,0,0,0.00,0.00,20017,19547
185052,179.19,200.00,316.12,350.00,11.73,20.69,16.21,0.00,0.00,0.0089,5.9911,2640.01,0.00,0,0,0.00,0.00,20815,20335
185252,184.39,200.00,349.59,450.00,12.07,22.88,17.47,0.00,0.00,0.0089,5.9911,2616.39,0.00,0,0,0.00,0.00,21452,21020
185452,188.29,200.00,362.19,400.00,12.32,23.71,18.01,0.00,0.00,0.0089,5.9911,2606.71,0.00,0,0,0.00,0.00,22061,21648
185652,191.22,200.00,321.64,200.00,12.52,21.05,16.78,0.00,0.00,0.0089,5.9911,2562.75,0.00,0,0,0.00,0.00,22736,22411
185852,193.41,200.00,241.23,0.00,12.66,15.79,14.22,0.00,0.00,0.0089,5.9911,2512.74,0.00,0,0,0.00,0.00,23089,22864
186052,207.56,250.00,180.92,0.00,13.58,11.84,12.71,0.00,0.00,0.0089,5.9911,2486.18,0.00,0,0,0.00,0.00,23403,23231
186252,205.67,200.00,135.69,0.00,13.46,8.88,11.17,0.00,0.00,0.0089,5.9911,2403.30,0.00,0,0,0.00,0.00,23513,23507
186452,204.25,200.00,114.27,50.00,13.37,7.48,10.42,0.00,0.00,0.0089,5.9911,2119.58,0.00,0,0,0.00,0.00,22314,22875
186652,215.69,250.00,148.20,250.00,14.12,9.70,11.91,0.00,0.00,0.0089,5.9911,2317.14,0.00,0,0,0.00,0.00,21436,21602
186852,211.77,200.00,111.15,0.00,13.86,7.27,10.57,0.00,0.00,0.0089,5.9911,2452.14,0.00,0,0,0.00,0.00,21687,21583
187052,208.83,200.00,83.36,0.00,13.67,5.46,9.56,0.00,0.00,0.0089,5.9911,2481.84,0.00,0,0,0.00,0.00,22087,21924
187252,206.62,200.00,62.52,0.00,13.52,4.09,8.81,0.00,0.00,0.0089,5.9911,2465.52,0.00,0,0,0.00,0.00,22400,22269
187452,204.96,200.00,196.89,600.00,13.41,12.89,13.15,0.00,0.00,0.0089,5.9911,2466.84,0.00,0,0,0.00,0.00,22680,22547
187652,216.22,250.00,172.67,100.00,14.15,11.30,12.73,0.00,0.00,0.0089,5.9911,2427.38,0.00,0,0,0.00,0.00,22824,22770
187852,212.17,200.00,154.50,100.00,13.89,10.11,12.00,0.00,0.00,0.0089,5.9911,2411.21,0.00,0,0,0.00,0.00,22940,22918
188052,209.13,200.00,165.88,200.00,13.69,10.86,12.27,0.00,0.00,0.0089,5.9911,2404.59,0.00,0,0,0.00,0.00,22994,22985
188252,206.84,200.00,124.41,0.00,13.54,8.14,10.84,0.00,0.00,0.0089,5.9911,2401.88,0.00,0,0,0.00,0.00,23014,23011
188452,217.63,250.00,93.31,0.00,14.24,6.11,10.18,0.00,0.00,0.0089,5.9911,2400.77,0.00,0,0,0.00,0.00,23022,23021
188652,213.22,200.00,69.98,0.00,13.96,4.58,9.27,0.00,0.00,0.0089,5.9911,2440.32,0.00,0,0,0.00,0.00,23103,23023
188852,209.92,200.00,52.48,0.00,13.74,3.44,8.59,0.00,0.00,0.0089,5.9911,2416.51,0.00,0,0,0.00,0.00,23255,23222
189052,219.94,250.00,39.36,0.00,14.39,2.58,8.49,0.00,0.00,0.0089,5.9911,2467.24,0.00,0,0,0.00,0.00,23594,23460
189252,214.95,200.00,54.52,100.00,14.07,3.57,8.82,0.00,0.00,0.0089,5.9911,2459.54,0.00,0,0,0.00,0.00,23886,23767
189452,223.72,250.00,190.89,600.00,14.64,12.49,13.57,0.00,0.00,0.0089,5.9911,2476.87,0.00,0,0,0.00,0.00,24232,24079
189652,217.79,200.00,193.17,200.00,14.25,12.64,13.45,0.00,0.00,0.0089,5.9911,2523.97,0.00,0,0,0.00,0.00,24673,24426
189852,225.84,250.00,144.88,0.00,14.78,9.48,12.13,0.00,0.00,0.0089,5.9911,2508.38,0.00,0,0,0.00,0.00,25205,24989
190052,231.88,250.00,171.16,250.00,15.18,11.20,13.19,0.00,0.00,0.0089,5.9911,2562.47,0.00,0,0,0.00,0.00,25683,25359
190252,236.41,250.00,290.87,650.00,15.47,19.04,17.26,0.00,0.00,0.0089,5.9911,2584.63,0.00,0,0,0.00,0.00,26051,25682
190452,239.81,250.00,305.65,350.00,15.70,20.00,17.85,0.00,0.00,0.0089,5.9911,2633.70,0.00,0,0,0.00,0.00,26501,26034
190652,254.86,300.00,266.74,150.00,16.68,17.46,17.07,0.00,0.00,0.0089,5.9911,2645.81,0.00,0,0,0.00,0.00,27334,26843
190852,253.64,250.00,200.05,0.00,16.60,13.09,14.85,0.00,0.00,0.0089,5.9911,2644.36,0.00,0,0,0.00,0.00,27951,27463
191052,265.21,299.93,212.53,249.95,17.36,13.91,15.63,0.00,0.00,0.0089,5.9911,2650.17,0.00,0,0,0.00,0.00,28651,28151
191252,273.93,300.07,234.41,300.07,17.93,15.34,16.64,0.00,0.00,0.0089,5.9911,2620.55,0.00,0,0,0.00,0.00,29364,28923
191452,280.45,300.00,288.31,450.00,18.36,18.87,18.61,0.00,0.00,0.0089,5.9911,2587.94,0.00,0,0,0.00,0.00,29798,29423
191652,285.33,300.00,278.73,250.00,18.68,18.24,18.46,0.00,0.00,0.0089,5.9911,2529.46,0.00,0,0,0.00,0.00,30429,30171
191852,289.00,300.00,309.05,400.00,18.92,20.23,19.57,0.00,0.00,0.0089,5.9911,2505.51,0.00,0,0,0.00,0.00,30835,30624
192052,304.25,350.00,269.29,150.00,19.91,17.62,18.77,0.00,0.00,0.0089,5.9911,2495.70,0.00,0,0,0.00,0.00,31000,30821
192252,303.19,300.00,201.96,0.00,19.84,13.22,16.53,0.00,0.00,0.0089,5.9911,2504.80,0.00,0,0,0.00,0.00,31000,31000
192452,314.89,350.00,251.47,400.00,20.61,16.46,18.53,0.00,0.00,0.0089,5.9911,2508.53,0.00,0,0,0.00,0.00,31000,31000
192652,311.17,300.00,213.61,100.00,20.37,13.98,17.17,0.00,0.00,0.0089,5.9911,2536.93,0.00,0,0,0.00,0.00,31000,31000
192852,320.88,350.00,210.20,200.00,21.00,13.76,17.38,0.00,0.00,0.0089,5.9911,2574.17,0.00,0,0,0.00,0.00,31000,31000
193052,328.16,350.00,232.65,300.00,21.48,15.23,18.35,0.00,0.00,0.0089,5.9911,2589.42,0.00,0,0,0.00,0.00,31000,31000
193252,333.62,350.00,211.99,150.00,21.84,13.87,17.85,0.00,0.00,0.0089,5.9911,2635.67,0.00,0,0,0.00,0.00,31000,31000
193452,337.71,350.00,171.49,50.00,22.10,11.22,16.66,0.00,0.00,0.0089,5.9911,2646.61,0.00,0,0,0.00,0.00,31000,31000
193652,340.79,350.00,128.62,0.00,22.30,8.42,15.36,0.00,0.00,0.0089,5.9911,2671.57,0.00,0,0,0.00,0.00,31000,31000
193852,343.09,350.00,146.46,200.00,22.46,9.59,16.02,0.00,0.00,0.0089,5.9911,2715.40,0.00,0,0,0.00,0.00,31000,31000
194052,344.81,349.99,134.85,100.00,22.57,8.83,15.70,0.00,0.00,0.0089,5.9911,2765.35,0.00,0,0,0.00,0.00,31000,31000
194252,346.11,350.01,101.14,0.00,22.65,6.62,14.64,0.00,0.00,0.0089,5.9911,2785.81,0.00,0,0,0.00,0.00,31000,31000
194452,359.58,400.00,75.85,0.00,23.53,4.96,14.25,0.00,0.00,0.0089,5.9911,2814.67,0.00,0,0,0.00,0.00,31000,31000
194652,357.19,350.00,81.89,100.00,23.38,5.36,14.37,0.00,0.00,0.0089,5.9911,2866.49,0.00,0,0,0.00,0.00,31000,31000
194852,367.89,400.00,86.42,100.00,24.08,5.66,14.87,0.00,0.00,0.0089,5.9911,2892.83,0.00,0,0,0.00,0.00,31000,31000
195052,363.42,350.00,64.81,0.00,23.79,4.24,14.01,0.00,0.00,0.0089,5.9911,2935.62,0.00,0,0,0.00,0.00,31000,31000
195252,372.56,400.00,48.61,0.00,24.38,3.18,13.78,0.00,0.00,0.0089,5.9911,2953.15,0.00,0,0,0.00,0.00,31000,31000
195452,379.42,400.00,36.46,0.00,24.83,2.39,13.61,0.00,0.00,0.0089,5.9911,2960.33,0.00,0,0,0.00,0.00,31000,31000
195652,384.57,400.00,27.34,0.00,25.17,1.79,13.48,0.00,0.00,0.0089,5.9911,2983.75,0.00,0,0,0.00,0.00,31000,31000
195852,388.43,400.00,20.51,0.00,25.42,1.34,13.38,0.00,0.00,0.0089,5.9911,3013.82,0.00,0,0,0.00,0.00,31000,31000
196052,391.32,400.00,15.38,0.00,25.61,1.01,13.31,0.00,0.00,0.0089,5.9911,3066.14,0.00,0,0,0.00,0.00,31000,31000
196252,393.49,400.00,61.54,200.00,25.75,4.03,14.89,0.00,0.00,0.0089,5.9911,3092.69,0.00,0,0,0.00,0.00,31000,31000
196452,395.12,400.00,46.15,0.00,25.86,3.02,14.44,0.00,0.00,0.0089,5.9911,3103.57,0.00,0,0,0.00,0.00,31000,31000
196652,396.34,400.00,34.61,0.00,25.94,2.27,14.10,0.00,0.00,0.0089,5.9911,3100.02,0.00,0,0,0.00,0.00,31000,31000
196852,397.25,400.00,25.96,0.00,26.00,1.70,13.85,0.00,0.00,0.0089,5.9911,3133.45,0.00,0,0,0.00,0.00,31000,31000
197052,397.94,400.00,19.47,0.00,26.05,1.27,13.66,0.00,0.00,0.0089,5.9911,3147.14,0.00,0,0,0.00,0.00,31000,31000
197252,398.46,400.00,27.10,50.00,26.08,1.77,13.93,0.00,0.00,0.0089,5.9911,3045.87,1.00,0,0,0.00,0.00,0,30614
197452,398.84,400.00,20.33,0.00,26.10,1.33,13.72,0.00,0.00,0.0089,5.9911,2900.71,1.00,0,0,0.00,0.00,0,27267
197652,374.13,300.00,15.25,0.00,24.49,1.00,12.74,0.00,0.00,0.0089,5.9911,2906.85,1.00,0,0,0.00,0.00,0,21935
197852,355.60,300.00,11.43,0.00,23.27,0.75,12.01,0.00,0.00,0.0089,5.9911,2961.85,1.00,0,0,0.00,0.00,0,18826
198052,341.70,300.00,21.08,50.00,22.36,1.38,11.87,0.00,0.00,0.0089,5.9911,2984.37,1.00,0,0,0.00,0.00,0,17657
198252,318.77,250.00,28.31,50.00,20.86,1.85,11.36,0.00,0.00,0.0089,5.9911,3019.20,1.00,0,0,0.00,0.00,0,15260
198452,301.58,250.00,21.23,0.00,19.74,1.39,10.56,0.00,0.00,0.0089,5.9911,3007.86,0.00,0,0,0.00,0.00,13130,11915
198652,288.69,250.00,28.42,50.00,18.89,1.86,10.38,0.00,0.00,0.0089,5.9911,3003.22,0.00,0,0,0.00,0.00,13139,11933
198852,279.01,250.00,96.32,300.00,18.26,6.30,12.28,0.00,0.00,0.0089,5.9911,2975.72,0.00,0,0,0.00,0.00,14283,13132
199052,259.26,200.00,109.74,150.00,16.97,7.18,12.08,0.00,0.00,0.0089,5.9911,2937.57,0.00,0,0,0.00,0.00,15383,14308
199252,244.45,200.00,119.80,150.00,16.00,7.84,11.92,0.00,0.00,0.0089,5.9911,2921.95,0.00,0,0,0.00,0.00,16236,15193
199452,233.33,200.00,139.85,200.00,15.27,9.15,12.21,0.00,0.00,0.0089,5.9911,2902.43,0.00,0,0,0.00,0.00,17349,16345
199652,225.00,200.00,104.89,0.00,14.73,6.86,10.80,0.00,0.00,0.0089,5.9911,2862.44,0.00,0,0,0.00,0.00,18408,17484
199852,218.75,200.00,78.67,0.00,14.32,5.15,9.73,0.00,0.00,0.0089,5.9911,2727.97,0.00,0,0,0.00,0.00,18926,18271
200052,201.56,150.00,59.00,0.00,13.19,3.86,8.53,0.00,0.00,0.0089,5.9911,2554.82,1.00,0,0,0.00,0.00,0,19010
200252,201.17,200.00,56.75,50.00,13.17,3.71,8.44,0.00,0.00,0.0089,5.9911,2423.41,1.00,0,0,0.00,0.00,0,17811
200452,188.38,150.00,42.56,0.00,12.33,2.79,7.56,0.00,0.00,0.0089,5.9911,2357.11,1.00,0,0,0.00,0.00,0,14421
200652,178.78,150.00,31.92,0.00,11.70,2.09,6.90,0.00,0.00,0.0089,5.9911,2356.83,1.00,0,0,0.00,0.00,0,10857
200852,159.09,100.00,23.94,0.00,10.41,1.57,5.99,0.00,0.00,0.0089,5.9911,2382.32,0.00,0,0,0.00,0.00,6147,6183
201052,156.82,150.00,55.46,150.00,10.26,3.63,6.95,0.00,0.00,0.0089,5.9911,2392.76,0.00,0,0,0.00,0.00,6060,6075
201252,142.61,100.00,41.59,0.00,9.33,2.72,6.03,0.00,0.00,0.0089,5.9911,2417.51,0.00,0,0,0.00,0.00,6228,6193
201452,131.96,100.00,31.19,0.00,8.64,2.04,5.34,0.00,0.00,0.0089,5.9911,2451.31,0.00,0,0,0.00,0.00,6379,6277
201652,123.97,100.00,73.40,200.00,8.11,4.80,6.46,0.00,0.00,0.0089,5.9911,2533.02,0.00,0,0,0.00,0.00,6758,6492
201852,117.98,100.00,55.05,0.00,7.72,3.60,5.66,0.00,0.00,0.0089,5.9911,2702.16,0.00,0,0,0.00,0.00,8788,6782
202052,113.48,100.00,41.28,0.00,7.43,2.70,5.06,0.00,0.00,0.0089,5.9911,2759.93,0.00,0,0,0.00,0.00,9509,7044
202252,110.11,100.00,43.46,50.00,7.21,2.84,5.03,0.00,0.00,0.0089,5.9911,2783.59,0.00,0,0,0.00,0.00,9805,8082
202452,107.58,100.00,132.60,400.00,7.04,8.68,7.86,0.00,0.00,0.0089,5.9911,2793.28,0.00,0,0,0.00,0.00,10160,9374
202652,105.69,100.00,111.95,50.00,6.92,7.33,7.12,0.00,0.00,0.0089,5.9911,2765.25,0.00,0,0,0.00,0.00,10815,10085
202852,116.77,150.00,158.96,300.00,7.64,10.40,9.02,0.00,0.00,0.0089,5.9911,2745.77,0.00,0,0,0.00,0.00,11845,11154
203052,125.07,150.00,181.72,250.00,8.19,11.89,10.04,0.00,0.00,0.0089,5.9911,2777.79,0.00,0,0,0.00,0.00,12590,11835
203252,118.81,100.00,173.79,150.00,7.78,11.37,9.58,0.00,0.00,0.0089,5.9911,2770.42,0.00,0,0,0.00,0.00,13636,12896
203452,126.60,150.00,155.34,100.00,8.29,10.17,9.23,0.00,0.00,0.0089,5.9911,2767.40,0.00,0,0,0.00,0.00,14275,13541
203652,132.45,150.00,166.51,200.00,8.67,10.90,9.78,0.00,0.00,0.0089,5.9911,2726.17,0.00,0,0,0.00,0.00,15176,14524
203852,136.84,150.00,149.88,100.00,8.96,9.81,9.38,0.00,0.00,0.0089,5.9911,2737.76,0.00,0,0,0.00,0.00,15846,15171
204052,140.13,150.00,112.41,0.00,9.17,7.36,8.26,0.00,0.00,0.0089,5.9911,2650.03,0.00,0,0,0.00,0.00,16355,15855
204252,155.10,200.00,84.31,0.00,10.15,5.52,7.83,0.00,0.00,0.0089,5.9911,2502.41,0.00,0,0,0.00,0.00,16351,16147
204452,153.82,150.00,63.23,0.00,10.07,4.14,7.10,0.00,0.00,0.0089,5.9911,2481.95,0.00,0,0,0.00,0.00,16633,16470
204652,152.87,150.00,47.42,0.00,10.01,3.10,6.55,0.00,0.00,0.0089,5.9911,2499.17,0.00,0,0,0.00,0.00,17070,16872
204852,152.15,150.00,35.57,0.00,9.96,2.33,6.14,0.00,0.00,0.0089,5.9911,2526.70,0.00,0,0,0.00,0.00,17665,17412
205052,151.61,150.00,26.68,0.00,9.92,1.75,5.83,0.00,0.00,0.0089,5.9911,2477.50,0.00,0,0,0.00,0.00,17957,17803
205252,163.71,200.00,20.01,0.00,10.71,1.31,6.01,0.00,0.00,0.0089,5.9911,2431.74,0.00,0,0,0.00,0.00,18191,18128
205452,160.28,150.00,15.00,0.00,10.49,0.98,5.74,0.00,0.00,0.0089,5.9911,2389.67,0.00,0,0,0.00,0.00,18169,18190
205652,157.71,150.00,11.25,0.00,10.32,0.74,5.53,0.00,0.00,0.0089,5.9911,2355.77,0.00,0,0,0.00,0.00,18037,18126
205852,168.28,200.00,8.44,0.00,11.01,0.55,5.78,0.00,0.00,0.0089,5.9911,2284.28,0.00,0,0,0.00,0.00,17469,17701
206052,163.71,150.00,6.33,0.00,10.71,0.41,5.56,0.00,0.00,0.0089,5.9911,2260.12,0.00,0,0,0.00,0.00,16795,17075
206252,160.28,149.99,117.24,449.98,10.49,7.67,9.08,0.00,0.00,0.0089,5.9911,2224.63,0.00,0,0,0.00,0.00,15737,16088
206452,157.71,150.01,150.43,250.01,10.32,9.85,10.08,0.00,0.00,0.0089,5.9911,2235.69,0.00,0,0,0.00,0.00,14716,15045
206652,143.29,100.00,137.83,100.00,9.38,9.02,9.20,0.00,0.00,0.0089,5.9911,2246.62,0.00,0,0,0.00,0.00,13712,14019
206852,144.96,150.00,240.87,550.00,9.49,15.76,12.63,0.00,0.00,0.0089,5.9911,2251.09,0.00,0,0,0.00,0.00,12685,12983
207052,133.72,100.00,218.15,150.00,8.75,14.28,11.52,0.00,0.00,0.0089,5.9911,2379.01,0.00,0,0,0.00,0.00,12208,12250
207252,137.79,150.00,163.61,0.00,9.02,10.71,9.86,0.00,0.00,0.0089,5.9911,2422.38,0.00,0,0,0.00,0.00,12226,12182
207452,128.34,100.00,122.71,0.00,8.40,8.03,8.22,0.00,0.00,0.0089,5.9911,2441.17,0.00,0,0,0.00,0.00,12405,12323
207652,133.76,150.00,92.03,0.00,8.75,6.02,7.39,0.00,0.00,0.0089,5.9911,2442.46,0.00,0,0,0.00,0.00,12693,12609
207852,125.32,100.00,69.02,0.00,8.20,4.52,6.36,0.00,0.00,0.0089,5.9911,2449.39,0.00,0,0,0.00,0.00,12916,12818
208052,131.49,150.00,51.77,0.00,8.61,3.39,6.00,0.00,0.00,0.0089,5.9911,2445.83,0.00,0,0,0.00,0.00,13058,12967
208252,123.62,100.00,63.83,100.00,8.09,4.18,6.13,0.00,0.00,0.0089,5.9911,2450.77,0.00,0,0,0.00,0.00,13245,13144
208452,130.21,150.00,47.87,0.00,8.52,3.13,5.83,0.00,0.00,0.0089,5.9911,2420.80,0.00,0,0,0.00,0.00,13423,13382
208652,135.16,150.00,35.90,0.00,8.85,2.35,5.60,0.00,0.00,0.0089,5.9911,2408.52,0.00,0,0,0.00,0.00,13518,13501
208852,126.37,100.00,26.93,0.00,8.27,1.76,5.02,0.00,0.00,0.0089,5.9911,2419.41,0.00,0,0,0.00,0.00,0,13541
209052,132.28,150.00,20.20,0.00,8.66,1.32,4.99,0.00,0.00,0.0089,5.9911,2392.07,0.00,0,0,0.00,0.00,13339,13355
209252,124.21,100.00,15.15,0.00,8.13,0.99,4.56,0.00,0.00,0.0089,5.9911,2371.15,0.00,0,0,0.00,0.00,13106,13164
209452,130.66,150.00,11.36,0.00,8.55,0.74,4.65,0.00,0.00,0.0089,5.9911,2335.70,0.00,0,0,0.00,0.00,12759,12888
209652,122.99,100.00,8.52,0.00,8.05,0.56,4.30,0.00,0.00,0.0089,5.9911,2281.18,0.00,0,0,0.00,0.00,12221,12459
209852,117.24,100.00,6.39,0.00,7.67,0.42,4.05,0.00,0.00,0.0089,5.9911,2253.73,0.00,0,0,0.00,0.00,11410,11703
210052,112.93,100.00,4.79,0.00,7.39,0.31,3.85,0.00,0.00,0.0089,5.9911,2190.01,0.00,0,0,0.00,0.00,10533,10953
210252,109.70,100.00,78.59,300.00,7.18,5.14,6.16,0.00,0.00,0.0089,5.9911,2163.91,0.00,0,0,0.00,0.00,9244,9717
210452,107.27,100.00,208.95,600.00,7.02,13.68,10.35,0.00,0.00,0.0089,5.9911,2159.62,0.00,0,0,0.00,0.00,7798,8279
210652,105.46,100.00,306.71,600.00,6.90,20.07,13.49,0.00,0.00,0.0089,5.9911,2162.98,0.00,0,0,0.00,0.00,6372,6847
210852,91.59,50.00,380.03,600.00,5.99,24.87,15.43,0.00,0.00,0.0089,5.9911,2216.84,0.00,0,0,0.00,0.00,5178,5545
211052,93.69,100.00,335.02,200.00,6.13,21.93,14.03,0.00,0.00,0.0089,5.9911,2324.98,0.00,0,0,0.00,0.00,4502,4653
211252,82.77,50.00,251.27,0.00,5.42,16.45,10.93,0.00,0.00,0.0089,5.9911,2369.27,0.00,0,0,0.00,0.00,4631,4469
211452,74.58,50.00,213.45,100.00,4.88,13.97,9.43,0.00,0.00,0.0089,5.9911,2419.41,0.00,0,0,0.00,0.00,5257,4767
211652,80.93,100.00,160.09,0.00,5.30,10.48,7.89,0.00,0.00,0.0089,5.9911,2439.95,0.00,0,0,0.00,0.00,5513,4940
211852,73.20,50.00,145.07,100.00,4.79,9.49,7.14,0.00,0.00,0.0089,5.9911,2468.84,0.00,0,0,0.00,0.00,5874,5286
212052,67.40,50.00,133.80,100.00,4.41,8.76,6.58,0.00,0.00,0.0089,5.9911,2480.68,0.00,0,0,0.00,0.00,6199,6038
212252,75.55,100.00,100.35,0.00,4.94,6.57,5.76,0.00,0.00,0.0089,5.9911,2458.65,0.00,0,0,0.00,0.00,6534,6417
212452,81.66,100.00,75.26,0.00,5.34,4.93,5.14,0.00,0.00,0.0089,5.9911,2476.50,0.00,0,0,0.00,0.00,6867,6714
212652,73.75,50.00,56.45,0.00,4.83,3.69,4.26,0.00,0.00,0.0089,5.9911,2483.82,0.00,0,0,0.00,0.00,7320,7153
212852,80.31,100.00,67.34,100.00,5.26,4.41,4.83,0.00,0.00,0.0089,5.9911,2526.81,0.00,0,0,0.00,0.00,7898,7645
213052,85.23,100.00,50.50,0.00,5.58,3.31,4.44,0.00,0.00,0.0089,5.9911,2517.54,0.00,0,0,0.00,0.00,8320,8085
213252,88.92,100.00,37.88,0.00,5.82,2.48,4.15,0.00,0.00,0.0089,5.9911,2500.63,0.00,0,0,0.00,0.00,8652,8451
213452,91.69,100.00,103.41,300.00,6.00,6.77,6.38,0.00,0.00,0.0089,5.9911,2533.70,0.00,0,0,0.00,0.00,9219,8952
213652,93.77,100.00,77.56,0.00,6.14,5.08,5.61,0.00,0.00,0.0089,5.9911,2520.36,0.00,0,0,0.00,0.00,9605,9365
213852,95.33,100.00,58.17,0.00,6.24,3.81,5.02,0.00,0.00,0.0089,5.9911,2474.90,0.00,0,0,0.00,0.00,9920,9771
214052,96.50,100.00,43.62,0.00,6.32,2.86,4.59,0.00,0.00,0.0089,5.9911,2462.68,0.00,0,0,0.00,0.00,10208,10083
214252,97.37,100.00,57.72,100.00,6.37,3.78,5.08,0.00,0.00,0.0089,5.9911,2425.67,0.00,0,0,0.00,0.00,10443,10392
214452,110.53,150.00,43.29,0.00,7.23,2.83,5.03,0.00,0.00,0.0089,5.9911,2410.52,0.00,0,0,0.00,0.00,10558,10537
214652,107.90,100.00,32.47,0.00,7.06,2.12,4.59,0.00,0.00,0.0089,5.9911,2404.31,0.00,0,0,0.00,0.00,10604,10596
214852,105.92,100.00,24.35,0.00,6.93,1.59,4.26,0.00,0.00,0.0089,5.9911,2369.76,0.00,0,0,0.00,0.00,10473,10534
215052,104.44,100.00,18.26,0.00,6.84,1.20,4.02,0.00,0.00,0.0089,5.9911,2367.38,0.00,0,0,0.00,0.00,10210,10276
215252,103.33,100.00,13.70,0.00,6.76,0.90,3.83,0.00,0.00,0.0089,5.9911,2366.16,0.00,0,0,0.00,0.00,9888,9956
215452,102.50,100.00,10.27,0.00,6.71,0.67,3.69,0.00,0.00,0.0089,5.9911,2418.14,0.00,0,0,0.00,0.00,9857,9821
215652,101.87,100.00,7.70,0.00,6.67,0.50,3.59,0.00,0.00,0.0089,5.9911,2433.03,0.00,0,0,0.00,0.00,10067,10001
215852,101.41,100.00,30.78,100.00,6.64,2.01,4.33,0.00,0.00,0.0089,5.9911,2434.01,0.00,0,0,0.00,0.00,10342,10274
216052,113.55,150.00,23.08,0.00,7.43,1.51,4.47,0.00,0.00,0.0089,5.9911,2434.41,0.00,0,0,0.00,0.00,10626,10558
216252,110.17,100.00,17.31,0.00,7.21,1.13,4.17,0.00,0.00,0.0089,5.9911,2434.57,0.00,0,0,0.00,0.00,10907,10838
216452,107.62,100.00,37.98,100.00,7.04,2.49,4.77,0.00,0.00,0.0089,5.9911,2434.64,0.00,0,0,0.00,0.00,11169,11100
216652,105.72,100.00,28.49,0.00,6.92,1.86,4.39,0.00,0.00,0.0089,5.9911,2434.67,0.00,0,0,0.00,0.00,11330,11261
216852,116.79,150.00,21.37,0.00,7.64,1.40,4.52,0.00,0.00,0.0089,5.9911,2439.80,0.00,0,0,0.00,0.00,11532,11453
217052,112.59,100.00,16.02,0.00,7.37,1.05,4.21,0.00,0.00,0.0089,5.9911,2456.30,0.00,0,0,0.00,0.00,11760,11648
217252,109.44,100.00,12.02,0.00,7.16,0.79,3.97,0.00,0.00,0.0089,5.9911,2423.06,0.00,0,0,0.00,0.00,11930,11884
217452,119.58,150.00,9.01,0.00,7.83,0.59,4.21,0.00,0.00,0.0089,5.9911,2409.45,0.00,0,0,0.00,0.00,12024,12006
217652,114.69,100.00,244.26,950.00,7.51,15.99,11.75,0.00,0.00,0.0089,5.9911,2104.51,0.00,0,0,0.00,0.00,10931,11522
217852,111.02,100.00,195.70,50.00,7.27,12.81,10.04,0.00,0.00,0.0089,5.9911,2310.97,0.00,0,0,0.00,0.00,10031,10210
218052,120.76,150.00,146.77,0.00,7.90,9.61,8.75,0.00,0.00,0.0089,5.9911,2481.61,0.00,0,0,0.00,0.00,10250,10087
218252,115.57,100.00,135.08,100.00,7.56,8.84,8.20,0.00,0.00,0.0089,5.9911,2519.51,0.00,0,0,0.00,0.00,10616,10377
218452,111.68,100.00,101.31,0.00,7.31,6.63,6.97,0.00,0.00,0.0089,5.9911,2535.03,0.00,0,0,0.00,0.00,11268,10998
218652,108.76,100.00,125.98,200.00,7.12,8.25,7.68,0.00,0.00,0.0089,5.9911,2573.39,0.00,0,0,0.00,0.00,11767,11421
218852,119.07,150.00,94.49,0.00,7.79,6.18,6.99,0.00,0.00,0.0089,5.9911,2589.10,0.00,0,0,0.00,0.00,12346,11968
219052,126.80,150.00,120.86,200.00,8.30,7.91,8.10,0.00,0.00,0.0089,5.9911,2627.54,0.00,0,0,0.00,0.00,13186,12731
219252,120.10,100.00,90.65,0.00,7.86,5.93,6.90,0.00,0.00,0.0089,5.9911,2611.28,0.00,0,0,0.00,0.00,13592,13170
219452,127.58,150.00,142.99,300.00,8.35,9.36,8.85,0.00,0.00,0.0089,5.9911,2625.10,0.00,0,0,0.00,0.00,14388,13938
219652,133.18,150.00,132.24,100.00,8.72,8.66,8.69,0.00,0.00,0.0089,5.9911,2670.76,0.00,0,0,0.00,0.00,14913,14372
219852,137.39,150.00,99.18,0.00,8.99,6.49,7.74,0.00,0.00,0.0089,5.9911,2694.58,0.00,0,0,0.00,0.00,15123,14534
220052,140.54,150.00,99.38,100.00,9.20,6.50,7.85,0.00,0.00,0.0089,5.9911,2716.82,0.00,0,0,0.00,0.00,15509,14876
220252,142.90,150.00,74.54,0.00,9.35,4.88,7.12,0.00,0.00,0.0089,5.9911,2765.93,0.00,0,0,0.00,0.00,16612,15881
220452,157.18,200.00,130.91,300.01,10.29,8.57,9.43,0.00,0.00,0.0089,5.9911,2746.05,0.00,0,0,0.00,0.00,17213,16521
220652,155.38,150.00,235.68,550.00,10.17,15.43,12.80,0.00,0.00,0.0111,5.9889,2803.50,0.00,0,0,0.00,0.00,18409,17602
220852,166.54,200.00,301.76,500.00,10.90,19.75,15.32,0.00,0.00,0.0111,5.9889,2841.43,0.00,0,0,0.00,0.00,19188,18306
221052,174.90,200.00,338.82,450.00,11.45,22.18,16.81,0.00,0.00,0.0111,5.9889,2842.57,0.00,0,0,0.00,0.00,20291,19406
221252,181.18,200.00,366.61,450.00,11.86,23.99,17.93,0.00,0.00,0.0111,5.9889,2869.92,0.00,0,0,0.00,0.00,21142,20203
221452,198.38,250.00,412.46,550.00,12.98,27.00,19.99,0.00,0.00,0.0111,5.9889,2914.72,0.00,0,0,0.00,0.00,22163,21134
221652,198.79,200.00,421.85,450.00,13.01,27.61,20.31,0.00,0.00,0.0111,5.9889,2904.59,0.00,0,0,0.00,0.00,23120,22111
221852,211.59,250.00,428.88,450.00,13.85,28.07,20.96,0.00,0.00,0.0111,5.9889,2935.32,0.00,0,0,0.00,0.00,23505,22435
222052,221.19,250.00,346.66,100.00,14.48,22.69,18.58,0.00,0.00,0.0111,5.9889,2947.91,0.00,0,0,0.00,0.00,23790,22695
222252,240.89,300.00,310.00,200.00,15.77,20.29,18.03,0.00,0.00,0.0111,5.9889,2938.66,0.00,0,0,0.00,0.00,24484,23407
222452,243.17,250.00,257.50,100.00,15.92,16.85,16.38,0.00,0.00,0.0111,5.9889,2851.68,0.00,0,0,0.00,0.00,25313,24410
222652,244.88,250.00,193.12,0.00,16.03,12.64,14.33,0.00,0.00,0.0111,5.9889,2637.49,0.00,0,0,0.00,0.00,25937,25463
222852,246.16,250.00,144.84,0.00,16.11,9.48,12.80,0.00,0.00,0.0111,5.9889,2497.27,0.00,0,0,0.00,0.00,26215,26021
223052,247.12,250.00,108.63,0.00,16.17,7.11,11.64,0.00,0.00,0.0111,5.9889,2382.24,0.00,0,0,0.00,0.00,26224,26260
223252,247.84,250.00,81.47,0.00,16.22,5.33,10.78,0.00,0.00,0.0111,5.9889,2295.87,0.00,0,0,0.00,0.00,25673,25882
223452,235.88,200.00,61.11,0.00,15.44,4.00,9.72,0.00,0.00,0.0111,5.9889,2239.27,0.00,0,0,0.00,0.00,24808,25130
223652,239.41,250.00,95.83,200.00,15.67,6.27,10.97,0.00,0.00,0.0111,5.9889,2236.57,0.00,0,0,0.00,0.00,23795,24122
223852,229.56,200.00,121.87,200.00,15.02,7.98,11.50,0.00,0.00,0.0111,5.9889,2275.46,1.00,0,0,0.00,0.00,0,23107
224052,234.67,250.00,116.40,100.00,15.36,7.62,11.49,0.00,0.00,0.0111,5.9889,2262.91,0.00,0,0,0.00,0.00,21861,22136
224252,226.00,200.00,99.80,50.00,14.79,6.53,10.66,0.00,0.00,0.0111,5.9889,2318.25,1.00,0,0,0.00,0.00,0,21035
224452,207.00,150.00,87.35,50.00,13.55,5.72,9.63,0.00,0.00,0.0111,5.9889,2326.14,0.00,0,0,0.00,0.00,19086,19234
224652,205.25,200.00,153.01,349.99,13.43,10.01,11.72,0.00,0.00,0.0111,5.9889,2144.50,0.00,0,0,0.00,0.00,17972,18483
224852,203.94,200.00,277.26,650.01,13.35,18.15,15.75,0.00,0.00,0.0111,5.9889,2295.35,0.00,0,0,0.00,0.00,17084,17294
225052,190.45,150.00,207.95,0.00,12.47,13.61,13.04,0.00,0.00,0.0111,5.9889,2417.61,0.00,0,0,0.00,0.00,16905,16870
225252,180.34,150.00,155.96,0.00,11.80,10.21,11.01,0.00,0.00,0.0111,5.9889,2432.82,0.00,0,0,0.00,0.00,17131,17066
225452,185.26,200.00,116.97,0.00,12.12,7.66,9.89,0.00,0.00,0.0111,5.9889,2433.92,0.00,0,0,0.00,0.00,17365,17298
225652,176.44,150.00,87.73,0.00,11.55,5.74,8.64,0.00,0.00,0.0111,5.9889,2300.77,1.00,0,0,0.00,0.00,0,17396
225852,169.83,150.00,78.30,50.00,11.12,5.12,8.12,0.00,0.00,0.0111,5.9889,2261.75,1.00,0,0,0.00,0.00,0,14438
226052,164.87,150.00,58.72,0.00,10.79,3.84,7.32,0.00,0.00,0.0111,5.9889,2317.77,0.00,0,0,0.00,0.00,9164,9329
226252,148.65,100.00,131.54,350.00,9.73,8.61,9.17,0.00,0.00,0.0111,5.9889,2366.32,0.00,0,0,0.00,0.00,8746,8814
226452,148.99,150.00,98.66,0.00,9.75,6.46,8.10,0.00,0.00,0.0111,5.9889,2386.21,0.00,0,0,0.00,0.00,8622,8650
226652,136.74,100.00,73.99,0.00,8.95,4.84,6.90,0.00,0.00,0.0111,5.9889,2446.83,0.00,0,0,0.00,0.00,8869,8776
226852,140.06,150.00,155.49,400.00,9.17,10.18,9.67,0.00,0.00,0.0111,5.9889,2516.78,0.00,0,0,0.00,0.00,9365,9132
227052,130.04,100.00,216.62,400.00,8.51,14.18,11.34,0.00,0.00,0.0111,5.9889,2631.51,0.00,0,0,0.00,0.00,10116,9653
227252,122.53,100.00,162.47,0.00,8.02,10.63,9.33,0.00,0.00,0.0111,5.9889,2698.99,0.00,0,0,0.00,0.00,10636,10039
227452,129.40,150.00,121.85,0.00,8.47,7.98,8.22,0.00,0.00,0.0111,5.9889,2706.15,0.00,0,0,0.00,0.00,11012,10400
227652,122.05,100.00,116.39,100.00,7.99,7.62,7.80,0.00,0.00,0.0111,5.9889,2675.48,0.00,0,0,0.00,0.00,11723,11173
227852,129.04,150.00,87.29,0.00,8.45,5.71,7.08,0.00,0.00,0.0111,5.9889,2662.92,0.00,0,0,0.00,0.00,12192,11667
228052,121.78,100.00,127.97,250.00,7.97,8.38,8.17,0.00,0.00,0.0111,5.9889,2691.37,0.00,0,0,0.00,0.00,13184,12602
228252,128.83,150.00,133.48,150.00,8.43,8.74,8.58,0.00,0.00,0.0111,5.9889,2735.03,0.00,0,0,0.00,0.00,13812,13142
228452,134.13,150.00,125.11,100.00,8.78,8.19,8.48,0.00,0.00,0.0111,5.9889,2773.39,0.00,0,0,0.00,0.00,14750,14004
228652,138.09,150.00,143.83,200.00,9.04,9.41,9.23,0.00,0.00,0.0111,5.9889,2789.10,0.00,0,0,0.00,0.00,15545,14767
228852,141.07,150.00,132.87,100.00,9.23,8.70,8.96,0.00,0.00,0.0111,5.9889,2856.02,0.00,0,0,0.00,0.00,16176,15264
229052,155.80,200.00,149.65,200.00,10.20,9.79,10.00,0.00,0.00,0.0111,5.9889,2854.94,0.00,0,0,0.00,0.00,17212,16303
229252,166.85,200.00,162.24,200.00,10.92,10.62,10.77,0.00,0.00,0.0111,5.9889,2874.99,0.00,0,0,0.00,0.00,18274,17325
229452,175.14,200.00,121.68,0.00,11.46,7.96,9.71,0.00,0.00,0.0111,5.9889,2916.79,0.00,0,0,0.00,0.00,18702,17669
229652,168.85,150.00,91.26,0.00,11.05,5.97,8.51,0.00,0.00,0.0111,5.9889,2940.32,0.00,0,0,0.00,0.00,18972,17892
229852,176.64,200.00,143.45,300.00,11.56,9.39,10.47,0.00,0.00,0.0111,5.9889,2915.07,0.00,0,0,0.00,0.00,19669,18639
230052,194.98,250.00,232.58,500.00,12.76,15.22,13.99,0.00,0.00,0.0111,5.9889,2899.61,0.00,0,0,0.00,0.00,20577,19578
230252,196.24,200.00,186.94,50.00,12.84,12.24,12.54,0.00,0.00,0.0111,5.9889,2893.28,0.00,0,0,0.00,0.00,21666,20680
230452,197.18,200.00,252.70,450.00,12.91,16.54,14.72,0.00,0.00,0.0111,5.9889,2890.69,0.00,0,0,0.00,0.00,22558,21577
230652,210.38,250.00,277.03,350.00,13.77,18.13,15.95,0.00,0.00,0.0111,5.9889,2897.63,0.00,0,0,0.00,0.00,23705,22710
230852,220.29,250.00,270.27,250.00,14.42,17.69,16.05,0.00,0.00,0.0111,5.9889,2871.99,0.00,0,0,0.00,0.00,24722,23779
231052,227.72,250.00,277.70,300.00,14.90,18.18,16.54,0.00,0.00,0.0111,5.9889,2829.49,0.00,0,0,0.00,0.00,25418,24560
231252,233.29,250.00,245.78,150.00,15.27,16.09,15.68,0.00,0.00,0.0111,5.9889,2812.08,0.00,0,0,0.00,0.00,26529,25705
231452,249.96,300.00,296.83,450.00,16.36,19.43,17.89,0.00,0.00,0.0111,5.9889,2779.35,0.00,0,0,0.00,0.00,26692,25934
231652,262.47,300.00,360.12,550.00,17.18,23.57,20.37,0.00,0.00,0.0111,5.9889,2791.54,0.00,0,0,0.00,0.00,27122,26339
231852,259.36,250.00,432.59,650.00,16.97,28.31,22.64,0.00,0.00,0.0111,5.9889,2817.02,0.00,0,0,0.00,0.00,28232,27398
232052,269.52,300.00,449.45,500.00,17.64,29.42,23.53,0.00,0.00,0.0111,5.9889,2786.49,0.00,0,0,0.00,0.00,29032,28260
232252,289.64,350.00,362.08,100.00,18.96,23.70,21.33,0.00,0.00,0.0111,5.9889,2741.99,0.00,0,0,0.00,0.00,29810,29127
232452,292.23,300.00,309.06,150.00,19.13,20.23,19.68,0.00,0.00,0.0111,5.9889,2690.16,0.00,0,0,0.00,0.00,30588,30008
232652,294.17,300.00,319.30,350.00,19.25,20.90,20.08,0.00,0.00,0.0111,5.9889,2636.93,0.00,0,0,0.00,0.00,31000,30694
232852,308.13,350.00,326.97,350.00,20.17,21.40,20.78,0.00,0.00,0.0111,5.9889,2589.53,0.00,0,0,0.00,0.00,31000,31000
233052,318.60,350.00,357.73,450.00,20.85,23.41,22.13,0.00,0.00,0.0111,5.9889,2595.71,0.00,0,0,0.00,0.00,31000,31000
233252,326.45,350.00,318.30,200.00,21.37,20.83,21.10,0.00,0.00,0.0111,5.9889,2638.24,0.00,0,0,0.00,0.00,31000,31000
233452,332.34,350.00,301.22,250.00,21.75,19.71,20.73,0.00,0.00,0.0111,5.9889,2641.26,0.00,0,0,0.00,0.00,31000,31000
233652,324.25,300.00,263.42,150.00,21.22,17.24,19.23,0.00,0.00,0.0111,5.9889,2642.50,0.00,0,0,0.00,0.00,31000,31000
233852,330.69,350.00,197.56,0.00,21.64,12.93,17.29,0.00,0.00,0.0111,5.9889,2649.41,0.00,0,0,0.00,0.00,31000,31000
234052,335.52,350.00,148.17,0.00,21.96,9.70,15.83,0.00,0.00,0.0111,5.9889,2660.24,0.00,0,0,0.00,0.00,31000,31000
234252,339.14,350.00,111.13,0.00,22.20,7.27,14.73,0.00,0.00,0.0111,5.9889,2624.67,0.00,0,0,0.00,0.00,31000,31001
234452,341.85,350.00,83.35,0.00,22.37,5.46,13.91,0.00,0.00,0.0111,5.9889,2610.11,0.00,0,0,0.00,0.00,31000,31000
234652,343.89,350.00,62.51,0.00,22.51,4.09,13.30,0.00,0.00,0.0111,5.9889,2578.54,0.00,0,0,0.00,0.00,31000,31000
234852,345.42,350.00,46.88,0.00,22.61,3.07,12.84,0.00,0.00,0.0111,5.9889,2570.73,0.00,0,0,0.00,0.00,31000,31000
235052,346.56,350.00,35.16,0.00,22.68,2.30,12.49,0.00,0.00,0.0111,5.9889,2588.01,0.00,0,0,0.00,0.00,31000,31000
235252,347.42,350.00,26.37,0.00,22.74,1.73,12.23,0.00,0.00,0.0111,5.9889,2615.57,0.00,0,0,0.00,0.00,31000,31000
235452,348.07,350.00,19.78,0.00,22.78,1.29,12.04,0.00,0.00,0.0111,5.9889,2606.38,0.00,0,0,0.00,0.00,31000,31000
235652,348.55,350.00,14.83,0.00,22.81,0.97,11.89,0.00,0.00,0.0111,5.9889,2623.09,0.00,0,0,0.00,0.00,31000,31000
235852,348.91,350.00,11.13,0.00,22.84,0.73,11.78,0.00,0.00,0.0111,5.9889,2635.06,0.00,0,0,0.00,0.00,31000,31000
236052,349.18,350.00,8.34,0.00,22.85,0.55,11.70,0.00,0.00,0.0111,5.9889,2639.96,0.00,0,0,0.00,0.00,31000,31000
236252,349.39,350.00,6.26,0.00,22.87,0.41,11.64,0.00,0.00,0.0111,5.9889,2636.85,0.00,0,0,0.00,0.00,31000,31000
236452,349.54,350.00,4.69,0.00,22.88,0.31,11.59,0.00,0.00,0.0111,5.9889,2667.57,0.00,0,0,0.00,0.00,31000,31000
236652,349.66,350.00,3.52,0.00,22.88,0.23,11.56,0.00,0.00,0.0111,5.9889,2688.16,0.00,0,0,0.00,0.00,31000,31000
236852,349.74,350.00,2.64,0.00,22.89,0.17,11.53,0.00,0.00,0.0111,5.9889,2701.71,0.00,0,0,0.00,0.00,31000,31000
237052,362.31,400.00,1.98,0.00,23.71,0.13,11.92,0.00,0.00,0.0111,5.9889,2707.26,0.00,0,0,0.00,0.00,31000,31000
237252,359.23,350.00,1.49,0.00,23.51,0.10,11.80,0.00,0.00,0.0111,5.9889,2669.53,0.00,0,0,0.00,0.00,31000,31000
237452,356.92,349.99,1.11,0.00,23.36,0.07,11.72,0.00,0.00,0.0111,5.9889,2688.96,0.00,0,0,0.00,0.00,31000,31000
237652,355.19,350.01,0.84,0.00,23.25,0.05,11.65,0.00,0.00,0.0111,5.9889,2668.44,0.00,0,0,0.00,0.00,31000,31000
237852,353.89,350.00,0.63,0.00,23.16,0.04,11.60,0.00,0.00,0.0111,5.9889,2653.63,0.00,0,0,0.00,0.00,31000,31000
238052,352.92,350.00,0.47,0.00,23.10,0.03,11.56,0.00,0.00,0.0111,5.9889,2653.97,0.00,0,0,0.00,0.00,31000,31000
238252,352.19,350.00,0.35,0.00,23.05,0.02,11.54,0.00,0.00,0.0111,5.9889,2647.71,0.00,0,0,0.00,0.00,31000,31000
238452,351.64,350.00,0.26,0.00,23.01,0.02,11.52,0.00,0.00,0.0111,5.9889,2645.14,0.00,0,0,0.00,0.00,31000,31000
238652,351.23,350.00,0.20,0.00,22.99,0.01,11.50,0.00,0.00,0.0111,5.9889,2618.49,0.00,0,0,0.00,0.00,31000,31000
238852,350.92,350.00,50.15,200.00,22.97,3.28,13.13,0.00,0.00,0.0111,5.9889,2668.05,0.00,0,0,0.00,0.00,31000,31000
239052,350.69,350.00,87.61,200.00,22.95,5.73,14.34,0.00,0.00,0.0111,5.9889,2667.87,0.00,0,0,0.00,0.00,31000,31000
239252,350.52,350.00,65.71,0.00,22.94,4.30,13.62,0.00,0.00,0.0111,5.9889,2659.80,0.00,0,0,0.00,0.00,31000,31000
239452,350.39,350.00,49.28,0.00,22.93,3.23,13.08,0.00,0.00,0.0111,5.9889,2684.97,0.00,0,0,0.00,0.00,31000,31000
239652,350.29,350.00,36.96,0.00,22.93,2.42,12.67,0.00,0.00,0.0111,5.9889,2660.41,0.00,0,0,0.00,0.00,31000,31000
239852,350.22,350.00,27.72,0.00,22.92,1.81,12.37,0.00,0.00,0.0111,5.9889,2677.22,0.00,0,0,0.00,0.00,31000,31000
240052,350.16,350.00,45.79,100.00,22.92,3.00,12.96,0.00,0.00,0.0111,5.9889,2657.23,0.00,0,0,0.00,0.00,31000,31000
240252,350.12,350.00,34.34,0.00,22.92,2.25,12.58,0.00,0.00,0.0111,5.9889,2655.44,0.00,0,0,0.00,0.00,31000,31000
240452,350.09,350.00,25.76,0.00,22.91,1.69,12.30,0.00,0.00,0.0111,5.9889,2590.71,0.00,0,0,0.00,0.00,31000,31000
240652,337.57,300.00,56.82,150.00,22.09,3.72,12.91,0.00,0.00,0.0111,5.9889,2446.11,1.00,0,0,0.00,0.00,0,30549
240852,328.18,300.00,42.61,0.00,21.48,2.79,12.13,0.00,0.00,0.0111,5.9889,2366.41,1.00,0,0,0.00,0.00,0,27056
241052,321.13,300.00,56.96,100.00,21.02,3.73,12.37,0.00,0.00,0.0111,5.9889,2451.84,1.00,0,0,0.00,0.00,0,23622
241252,303.35,250.00,67.72,100.00,19.85,4.43,12.14,0.00,0.00,0.0111,5.9889,2564.91,1.00,0,0,0.00,0.00,0,19659
241452,277.51,200.00,63.29,50.00,18.16,4.14,11.15,0.00,0.00,0.0111,5.9889,2703.71,1.00,0,0,0.00,0.00,0,18807
241652,258.13,200.00,84.97,150.00,16.89,5.56,11.23,0.00,0.00,0.0111,5.9889,2760.56,1.00,0,0,0.00,0.00,0,15663
241852,243.60,200.00,63.73,0.00,15.94,4.17,10.06,0.00,0.00,0.0111,5.9889,2809.45,1.00,0,0,0.00,0.00,0,12255
242052,232.70,200.00,47.79,0.00,15.23,3.13,9.18,0.00,0.00,0.0111,5.9889,2864.35,1.00,0,0,0.00,0.00,0,7893
242252,212.03,150.00,35.85,0.00,13.88,2.35,8.11,0.00,0.00,0.0111,5.9889,2826.36,1.00,0,0,0.00,0.00,0,3400
242452,196.52,150.00,26.88,0.00,12.86,1.76,7.31,0.00,0.00,0.0111,5.9889,2770.80,1.00,0,0,0.00,0.00,0,1266
242652,184.89,150.00,32.66,50.00,12.10,2.14,7.12,0.00,0.00,0.0111,5.9889,2690.44,1.00,0,0,0.00,0.00,0,0
242852,163.67,100.00,24.50,0.00,10.71,1.60,6.16,0.00,0.00,0.0111,5.9889,2637.04,1.00,0,0,0.00,0.00,0,0
243052,160.25,150.00,18.37,0.00,10.49,1.20,5.85,0.00,0.00,0.0111,5.9889,2562.69,1.00,0,0,0.00,0.00,0,0
243252,145.19,100.00,13.78,0.00,9.50,0.90,5.20,0.00,0.00,0.0111,5.9889,2506.64,0.00,0,0,0.00,0.00,6346,179
243452,133.89,100.00,10.33,0.00,8.76,0.68,4.72,0.00,0.00,0.0111,5.9889,2411.68,0.00,0,0,0.00,0.00,5160,400
243652,125.42,100.00,20.25,50.00,8.21,1.33,4.77,0.00,0.00,0.0111,5.9889,2364.78,0.00,0,0,0.00,0.00,4575,1004
243852,119.06,100.00,15.19,0.00,7.79,0.99,4.39,0.00,0.00,0.0111,5.9889,2353.58,0.00,0,0,0.00,0.00,4435,2700
244052,114.30,100.00,23.89,50.00,7.48,1.56,4.52,0.00,0.00,0.0111,5.9889,2315.39,0.00,0,0,0.00,0.00,3958,3982
244252,110.72,100.00,17.92,0.00,7.25,1.17,4.21,0.00,0.00,0.0111,5.9889,2307.74,0.00,0,0,0.00,0.00,4020,4205
244452,95.54,50.00,13.44,0.00,6.25,0.88,3.57,0.00,0.00,0.0111,5.9889,2311.63,0.00,0,0,0.00,0.00,3911,3925
244652,96.66,100.00,10.08,0.00,6.33,0.66,3.49,0.00,0.00,0.0111,5.9889,2408.92,0.00,0,0,0.00,0.00,5126,3692
244852,84.99,50.00,20.06,50.00,5.56,1.31,3.44,0.00,0.00,0.0111,5.9889,2521.74,0.00,0,0,0.00,0.00,6535,4839
245052,88.74,100.00,40.04,100.00,5.81,2.62,4.21,0.00,0.00,0.0111,5.9889,2522.82,0.00,0,0,0.00,0.00,6548,6281
245252,79.06,50.00,67.53,150.00,5.17,4.42,4.80,0.00,0.00,0.0111,5.9889,2510.79,0.00,0,0,0.00,0.00,6955,6734
245452,84.29,100.00,50.65,0.00,5.52,3.32,4.42,0.00,0.00,0.0111,5.9889,2537.86,0.00,0,0,0.00,0.00,7250,6975
245652,88.22,100.00,37.99,0.00,5.77,2.49,4.13,0.00,0.00,0.0111,5.9889,2514.07,0.00,0,0,0.00,0.00,7740,7512
245852,91.17,100.00,28.49,0.00,5.97,1.86,3.92,0.00,0.00,0.0111,5.9889,2499.20,0.00,0,0,0.00,0.00,8215,8017
246052,93.37,100.00,21.37,0.00,6.11,1.40,3.75,0.00,0.00,0.0111,5.9889,2493.11,0.00,0,0,0.00,0.00,8572,8386
246252,95.03,100.00,16.03,0.00,6.22,1.05,3.63,0.00,0.00,0.0111,5.9889,2484.22,0.00,0,0,0.00,0.00,9108,8940
246452,96.27,100.00,12.02,0.00,6.30,0.79,3.54,0.00,0.00,0.0111,5.9889,2486.98,0.00,0,0,0.00,0.00,9577,9404
246652,97.20,100.00,9.01,0.00,6.36,0.59,3.48,0.00,0.00,0.0111,5.9889,2528.11,0.00,0,0,0.00,0.00,10030,9774
246852,97.90,100.00,6.76,0.00,6.41,0.44,3.43,0.00,0.00,0.0111,5.9889,2518.07,0.00,0,0,0.00,0.00,10227,9991
247052,98.43,100.00,5.07,0.00,6.44,0.33,3.39,0.00,0.00,0.0111,5.9889,2513.96,0.00,0,0,0.00,0.00,10497,10270
247252,111.32,150.00,3.80,0.00,7.29,0.25,3.77,0.00,0.00,0.0111,5.9889,2512.28,0.00,0,0,0.00,0.00,11025,10801
247452,108.49,100.00,2.85,0.00,7.10,0.19,3.64,0.00,0.00,0.0111,5.9889,2506.47,0.00,0,0,0.00,0.00,11484,11272
247652,106.37,100.00,27.14,100.00,6.96,1.78,4.37,0.00,0.00,0.0111,5.9889,2469.21,0.00,0,0,0.00,0.00,11788,11650
247852,117.28,150.00,20.35,0.00,7.68,1.33,4.50,0.00,0.00,0.0111,5.9889,2428.35,0.00,0,0,0.00,0.00,12038,11982
248052,112.96,100.00,15.27,0.00,7.39,1.00,4.20,0.00,0.00,0.0111,5.9889,2371.61,0.00,0,0,0.00,0.00,12088,12145
248252,109.72,100.00,11.45,0.00,7.18,0.75,3.97,0.00,0.00,0.0111,5.9889,2295.89,0.00,0,0,0.00,0.00,11534,11743
248452,107.29,100.00,8.59,0.00,7.02,0.56,3.79,0.00,0.00,0.0111,5.9889,2239.28,0.00,0,0,0.00,0.00,10604,10926
248652,117.97,150.00,31.44,100.00,7.72,2.06,4.89,0.00,0.00,0.0111,5.9889,2281.69,0.00,0,0,0.00,0.00,9677,9914
248852,113.47,100.00,23.58,0.00,7.43,1.54,4.49,0.00,0.00,0.0111,5.9889,2299.06,0.00,0,0,0.00,0.00,9020,9222
249052,97.61,50.00,17.69,0.00,6.39,1.16,3.77,0.00,0.00,0.0111,5.9889,2358.66,0.00,0,0,0.00,0.00,8608,8691
249252,98.20,100.00,13.26,0.00,6.43,0.87,3.65,0.00,0.00,0.0111,5.9889,2383.07,0.00,0,0,0.00,0.00,8439,8473
249452,98.65,100.00,9.95,0.00,6.46,0.65,3.55,0.00,0.00,0.0111,5.9889,2425.06,0.00,0,0,0.00,0.00,8484,8434
249652,98.99,100.00,7.46,0.00,6.48,0.49,3.48,0.00,0.00,0.0111,5.9889,2410.27,0.00,0,0,0.00,0.00,8591,8571
249852,99.24,100.00,18.10,50.00,6.50,1.18,3.84,0.00,0.00,0.0111,5.9889,2115.08,0.00,0,0,0.00,0.00,7613,8183
250052,99.43,100.00,51.07,150.00,6.51,3.34,4.93,0.00,0.00,0.0111,5.9889,2315.30,0.00,0,0,0.00,0.00,6726,6896
250252,99.57,100.00,38.30,0.00,6.52,2.51,4.51,0.00,0.00,0.0111,5.9889,2417.79,0.00,0,0,0.00,0.00,6746,6711
250452,99.68,100.00,28.73,0.00,6.52,1.88,4.20,0.00,0.00,0.0111,5.9889,2467.77,0.00,0,0,0.00,0.00,7016,6881
250652,87.26,50.00,21.55,0.00,5.71,1.41,3.56,0.00,0.00,0.0111,5.9889,2453.36,0.00,0,0,0.00,0.00,7274,7168
250852,90.45,100.00,16.16,0.00,5.92,1.06,3.49,0.00,0.00,0.0111,5.9889,2447.46,0.00,0,0,0.00,0.00,7586,7492
251052,92.83,100.00,12.12,0.00,6.08,0.79,3.43,0.00,0.00,0.0111,5.9889,2445.04,0.00,0,0,0.00,0.00,7865,7775
251252,94.63,100.00,9.09,0.00,6.19,0.59,3.39,0.00,0.00,0.0111,5.9889,2478.93,0.00,0,0,0.00,0.00,8221,8064
251452,95.97,100.00,6.82,0.00,6.28,0.45,3.36,0.00,0.00,0.0111,5.9889,2464.33,0.00,0,0,0.00,0.00,8470,8342
251652,96.98,100.00,5.11,0.00,6.35,0.33,3.34,0.00,0.00,0.0111,5.9889,2478.83,0.00,0,0,0.00,0.00,8892,8735
251852,97.73,100.00,53.83,200.00,6.40,3.52,4.96,0.00,0.00,0.0111,5.9889,2484.77,0.00,0,0,0.00,0.00,9386,9217
252052,98.30,100.00,40.38,0.00,6.43,2.64,4.54,0.00,0.00,0.0111,5.9889,2487.20,0.00,0,0,0.00,0.00,9803,9629
252252,98.72,100.00,30.28,0.00,6.46,1.98,4.22,0.00,0.00,0.0111,5.9889,2488.20,0.00,0,0,0.00,0.00,10136,9960
252452,99.04,100.00,47.71,100.00,6.48,3.12,4.80,0.00,0.00,0.0111,5.9889,2488.61,0.00,0,0,0.00,0.00,10580,10403
252652,111.78,150.00,35.78,0.00,7.32,2.34,4.83,0.00,0.00,0.0111,5.9889,2528.77,0.00,0,0,0.00,0.00,11060,10803
252852,108.84,100.00,26.84,0.00,7.12,1.76,4.44,0.00,0.00,0.0111,5.9889,2478.35,0.00,0,0,0.00,0.00,11416,11260
253052,106.63,100.00,45.13,100.00,6.98,2.95,4.97,0.00,0.00,0.0111,5.9889,2518.17,0.00,0,0,0.00,0.00,11867,11631
253252,117.47,150.00,33.85,0.00,7.69,2.22,4.95,0.00,0.00,0.0111,5.9889,2514.00,0.00,0,0,0.00,0.00,12395,12167
253452,113.10,100.00,25.38,0.00,7.40,1.66,4.53,0.00,0.00,0.0111,5.9889,2478.70,0.00,0,0,0.00,0.00,12778,12621
253652,122.33,150.00,19.04,0.00,8.01,1.25,4.63,0.00,0.00,0.0111,5.9889,2484.71,0.00,0,0,0.00,0.00,13138,12969
253852,116.75,100.00,14.28,0.00,7.64,0.93,4.29,0.00,0.00,0.0111,5.9889,2487.18,0.00,0,0,0.00,0.00,13523,13349
254052,125.06,150.00,60.71,200.00,8.19,3.97,6.08,0.00,0.00,0.0111,5.9889,2488.19,0.00,0,0,0.00,0.00,13937,13761
254252,131.29,150.00,70.53,100.00,8.59,4.62,6.60,0.00,0.00,0.0111,5.9889,2436.12,0.00,0,0,0.00,0.00,14179,14107
254452,135.97,150.00,52.90,0.00,8.90,3.46,6.18,0.00,0.00,0.0111,5.9889,2414.80,0.00,0,0,0.00,0.00,14313,14284
254652,126.98,100.00,39.67,0.00,8.31,2.60,5.45,0.00,0.00,0.0111,5.9889,2406.06,0.00,0,0,0.00,0.00,14372,14360
254852,132.73,150.00,29.76,0.00,8.69,1.95,5.32,0.00,0.00,0.0111,5.9889,2402.48,0.00,0,0,0.00,0.00,14399,14395
255052,137.05,150.00,47.32,100.00,8.97,3.10,6.03,0.00,0.00,0.0111,5.9889,2401.02,0.00,0,0,0.00,0.00,14411,14409
255252,140.29,150.00,35.49,0.00,9.18,2.32,5.75,0.00,0.00,0.0111,5.9889,2400.42,0.00,0,0,0.00,0.00,14415,14415
255452,130.22,100.00,26.62,0.00,8.52,1.74,5.13,0.00,0.00,0.0111,5.9889,2368.17,0.00,0,0,0.00,0.00,14277,14341
255652,135.16,150.00,19.96,0.00,8.85,1.31,5.08,0.00,0.00,0.0111,5.9889,2346.96,0.00,0,0,0.00,0.00,14045,14152
255852,138.87,150.00,14.97,0.00,9.09,0.98,5.03,0.00,0.00,0.0111,5.9889,2346.28,0.00,0,0,0.00,0.00,13717,13825
256052,129.15,100.00,11.23,0.00,8.45,0.73,4.59,0.00,0.00,0.0111,5.9889,2312.40,0.00,0,0,0.00,0.00,13294,13470
256252,134.37,150.00,8.42,0.00,8.79,0.55,4.67,0.00,0.00,0.0111,5.9889,2338.52,0.00,0,0,0.00,0.00,12802,12925
256452,125.77,100.00,6.32,0.00,8.23,0.41,4.32,0.00,0.00,0.0111,5.9889,2400.42,0.00,0,0,0.00,0.00,12720,12720
256652,131.83,150.00,4.74,0.00,8.63,0.31,4.47,0.00,0.00,0.0111,5.9889,2400.17,0.00,0,0,0.00,0.00,12720,12720
256852,123.87,100.00,3.55,0.00,8.11,0.23,4.17,0.00,0.00,0.0111,5.9889,2360.07,0.00,0,0,0.00,0.00,12640,12720
257052,130.40,150.00,2.66,0.00,8.53,0.17,4.35,0.00,0.00,0.0111,5.9889,2383.65,0.00,0,0,0.00,0.00,12450,12483
257252,122.80,100.00,2.00,0.00,8.04,0.13,4.08,0.00,0.00,0.0111,5.9889,2418.90,0.00,0,0,0.00,0.00,12549,12512
257452,129.60,150.00,1.50,0.00,8.48,0.10,4.29,0.00,0.00,0.0111,5.9889,2439.74,0.00,0,0,0.00,0.00,12706,12627
257652,122.20,100.00,1.12,0.00,8.00,0.07,4.04,0.00,0.00,0.0111,5.9889,2448.28,0.00,0,0,0.00,0.00,12892,12796
257852,129.15,150.00,0.84,0.00,8.45,0.06,4.25,0.00,0.00,0.0111,5.9889,2445.38,0.00,0,0,0.00,0.00,13037,12947
258052,121.86,100.00,0.63,0.00,7.98,0.04,4.01,0.00,0.00,0.0111,5.9889,2444.19,0.00,0,0,0.00,0.00,13284,13196
258252,128.90,150.00,0.47,0.00,8.44,0.03,4.23,0.00,0.00,0.0111,5.9889,2478.58,0.00,0,0,0.00,0.00,13669,13512
258452,134.17,150.00,0.36,0.00,8.78,0.02,4.40,0.00,0.00,0.0111,5.9889,2432.19,0.00,0,0,0.00,0.00,13917,13853
258652,125.63,100.00,0.27,0.00,8.22,0.02,4.12,0.00,0.00,0.0111,5.9889,2360.92,0.00,0,0,0.00,0.00,13837,13916
258852,131.72,150.00,0.20,0.00,8.62,0.01,4.32,0.00,0.00,0.0111,5.9889,2358.39,0.00,0,0,0.00,0.00,13583,13667
259052,123.79,100.00,0.15,0.00,8.10,0.01,4.06,0.00,0.00,0.0111,5.9889,2384.06,0.00,0,0,0.00,0.00,13493,13525
259252,130.34,150.00,0.11,0.00,8.53,0.01,4.27,0.00,0.00,0.0111,5.9889,2340.99,0.00,0,0,0.00,0.00,13174,13293
259452,122.76,100.00,0.08,0.00,8.03,0.01,4.02,0.00,0.00,0.0111,5.9889,2283.35,0.00,0,0,0.00,0.00,12650,12884
259652,129.57,150.00,25.06,100.00,8.48,1.64,5.06,0.00,0.00,0.0111,5.9889,2286.62,0.00,0,0,0.00,0.00,11897,12124
259852,122.18,100.00,18.80,0.00,8.00,1.23,4.61,0.00,0.00,0.0111,5.9889,2327.96,0.00,0,0,0.00,0.00,11358,11503
260052,116.63,100.00,14.10,0.00,7.63,0.92,4.28,0.00,0.00,0.0111,5.9889,2370.49,0.00,0,0,0.00,0.00,11083,11143
260252,124.97,150.00,10.57,0.00,8.18,0.69,4.44,0.00,0.00,0.0111,5.9889,2448.39,0.00,0,0,0.00,0.00,11254,11158
260452,118.73,100.00,7.93,0.00,7.77,0.52,4.14,0.00,0.00,0.0111,5.9889,2419.82,0.00,0,0,0.00,0.00,11360,11321
260652,114.05,100.00,5.95,0.00,7.46,0.39,3.93,0.00,0.00,0.0111,5.9889,2433.72,0.00,0,0,0.00,0.00,11553,11486
260852,110.54,100.00,4.46,0.00,7.23,0.29,3.76,0.00,0.00,0.0111,5.9889,2413.81,0.00,0,0,0.00,0.00,11688,11661
261052,120.40,150.00,3.35,0.00,7.88,0.22,4.05,0.00,0.00,0.0111,5.9889,2375.07,0.00,0,0,0.00,0.00,11598,11648
261252,115.30,100.00,27.51,100.00,7.55,1.80,4.67,0.00,0.00,0.0111,5.9889,3595.56,0.00,0,0,0.00,0.00,19944,11620
261452,111.48,100.00,20.63,0.00,7.30,1.35,4.32,0.00,0.00,0.0111,5.9889,2864.10,0.00,0,0,0.00,0.00,12974,12046
261652,121.11,150.00,40.47,100.00,7.93,2.65,5.29,0.00,0.00,0.0111,5.9889,2524.50,0.00,0,0,0.00,0.00,13294,13046
261852,115.83,100.00,30.36,0.00,7.58,1.99,4.78,0.00,0.00,0.0111,5.9889,2385.39,0.00,0,0,0.00,0.00,13391,13421
262052,111.87,100.00,22.77,0.00,7.32,1.49,4.41,0.00,0.00,0.0111,5.9889,2275.94,0.00,0,0,0.00,0.00,12790,13039
262252,121.40,150.00,42.07,100.00,7.95,2.75,5.35,0.00,0.00,0.0111,5.9889,2231.10,0.00,0,0,0.00,0.00,11786,12124
262452,116.05,100.00,31.56,0.00,7.60,2.07,4.83,0.00,0.00,0.0111,5.9889,2233.22,0.00,0,0,0.00,0.00,10822,11156
262652,112.04,100.00,48.67,100.00,7.33,3.19,5.26,0.00,0.00,0.0111,5.9889,2266.09,0.00,0,0,0.00,0.00,9958,10226
262852,109.03,100.00,36.50,0.00,7.14,2.39,4.76,0.00,0.00,0.0111,5.9889,2313.15,0.00,0,0,0.00,0.00,9467,9641
263052,106.77,100.00,27.38,0.00,6.99,1.79,4.39,0.00,0.00,0.0111,5.9889,2338.83,0.00,0,0,0.00,0.00,9089,9212
263252,105.08,100.00,45.53,100.00,6.88,2.98,4.93,0.00,0.00,0.0111,5.9889,2374.94,0.00,0,0,0.00,0.00,8796,8847
263452,103.81,100.00,34.15,0.00,6.79,2.24,4.51,0.00,0.00,0.0111,5.9889,2415.34,0.00,0,0,0.00,0.00,8862,8832
263652,102.86,100.00,25.61,0.00,6.73,1.68,4.20,0.00,0.00,0.0111,5.9889,2424.80,0.00,0,0,0.00,0.00,8937,8888
263852,102.14,100.00,19.21,0.00,6.69,1.26,3.97,0.00,0.00,0.0111,5.9889,2410.16,0.00,0,0,0.00,0.00,9051,9031
264052,101.61,100.00,14.41,0.00,6.65,0.94,3.80,0.00,0.00,0.0111,5.9889,2042.76,0.00,0,0,0.00,0.00,8261,8976
264252,101.21,100.00,60.80,200.00,6.62,3.98,5.30,0.00,0.00,0.0111,5.9889,2319.27,0.00,0,0,0.00,0.00,7405,7567
264452,100.90,100.00,45.60,0.00,6.60,2.98,4.79,0.00,0.00,0.0111,5.9889,2453.01,0.00,0,0,0.00,0.00,7523,7417
264652,100.68,100.00,34.20,0.00,6.59,2.24,4.41,0.00,0.00,0.0111,5.9889,2474.20,0.00,0,0,0.00,0.00,7927,7779
264852,100.51,100.00,25.65,0.00,6.58,1.68,4.13,0.00,0.00,0.0111,5.9889,2516.47,0.00,0,0,0.00,0.00,8221,7989
265052,100.38,100.00,19.24,0.00,6.57,1.26,3.91,0.00,0.00,0.0111,5.9889,2525.79,0.00,0,0,0.00,0.00,8472,8221
265252,100.29,100.00,14.43,0.00,6.56,0.94,3.75,0.00,0.00,0.0111,5.9889,2569.60,0.00,0,0,0.00,0.00,9035,8696
265452,100.21,100.00,23.32,50.00,6.56,1.53,4.04,0.00,0.00,0.0111,5.9889,2587.55,0.00,0,0,0.00,0.00,9822,9447
265652,100.16,100.00,29.99,50.00,6.56,1.96,4.26,0.00,0.00,0.0111,5.9889,2621.78,0.00,0,0,0.00,0.00,10351,9908
265852,100.12,100.00,22.49,0.00,6.55,1.47,4.01,0.00,0.00,0.0111,5.9889,2608.92,0.00,0,0,0.00,0.00,10986,10569
266052,112.59,150.00,16.87,0.00,7.37,1.10,4.24,0.00,0.00,0.0111,5.9889,2603.65,0.00,0,0,0.00,0.00,11697,11290
266252,109.44,100.00,12.65,0.00,7.16,0.83,4.00,0.00,0.00,0.0111,5.9889,2601.50,0.00,0,0,0.00,0.00,12185,11783
266452,119.58,150.00,59.49,200.00,7.83,3.89,5.86,0.00,0.00,0.0111,5.9889,2600.61,0.00,0,0,0.00,0.00,13016,12615
266652,114.69,100.00,57.12,50.00,7.51,3.74,5.62,0.00,0.00,0.0111,5.9889,2600.25,0.00,0,0,0.00,0.00,13523,13123
266852,123.51,150.00,130.34,350.00,8.08,8.53,8.31,0.00,0.00,0.0111,5.9889,2600.10,0.00,0,0,0.00,0.00,13762,13362
267052,130.14,150.00,122.75,100.00,8.52,8.03,8.28,0.00,0.00,0.0111,5.9889,2640.04,0.00,0,0,0.00,0.00,14489,14009
267252,135.10,150.00,117.07,100.00,8.84,7.66,8.25,0.00,0.00,0.0111,5.9889,2616.40,0.00,0,0,0.00,0.00,15087,14655
267452,138.83,150.00,87.80,0.00,9.09,5.75,7.42,0.00,0.00,0.0111,5.9889,2581.12,0.00,0,0,0.00,0.00,15648,15286
267652,141.62,150.00,65.85,0.00,9.27,4.31,6.79,0.00,0.00,0.0111,5.9889,2531.79,0.00,0,0,0.00,0.00,16216,15953
267852,143.71,150.00,49.39,0.00,9.41,3.23,6.32,0.00,0.00,0.0111,5.9889,2519.58,0.00,0,0,0.00,0.00,16611,16372
268052,145.29,150.00,37.04,0.00,9.51,2.42,5.97,0.00,0.00,0.0111,5.9889,2514.58,0.00,0,0,0.00,0.00,17114,16885
268252,146.46,150.00,27.78,0.00,9.59,1.82,5.70,0.00,0.00,0.0111,5.9889,2478.93,0.00,0,0,0.00,0.00,17512,17355
268452,147.35,150.00,20.84,0.00,9.64,1.36,5.50,0.00,0.00,0.0111,5.9889,2484.81,0.00,0,0,0.00,0.00,17892,17723
268652,160.51,200.00,15.63,0.00,10.51,1.02,5.76,0.00,0.00,0.0111,5.9889,2487.22,0.00,0,0,0.00,0.00,18279,18105
268852,157.88,150.00,36.72,100.00,10.33,2.40,6.37,0.00,0.00,0.0111,5.9889,2496.21,0.00,0,0,0.00,0.00,18669,18477
269052,168.41,200.00,27.54,0.00,11.02,1.80,6.41,0.00,0.00,0.0111,5.9889,2479.41,0.00,0,0,0.00,0.00,19018,18860
269252,163.81,150.00,45.65,100.00,10.72,2.99,6.85,0.00,0.00,0.0111,5.9889,2432.52,0.00,0,0,0.00,0.00,19229,19164
269452,172.86,200.00,34.24,0.00,11.31,2.24,6.78,0.00,0.00,0.0111,5.9889,2453.32,0.00,0,0,0.00,0.00,19430,19324
269652,167.14,150.00,25.68,0.00,10.94,1.68,6.31,0.00,0.00,0.0111,5.9889,2421.84,0.00,0,0,0.00,0.00,19533,19490
269852,175.36,200.00,19.26,0.00,11.48,1.26,6.37,0.00,0.00,0.0111,5.9889,2429.43,0.00,0,0,0.00,0.00,19740,19682
270052,181.52,200.00,14.45,0.00,11.88,0.95,6.41,0.00,0.00,0.0111,5.9889,2437.65,0.00,0,0,0.00,0.00,19962,19887
270252,173.64,150.00,10.83,0.00,11.36,0.71,6.04,0.00,0.00,0.0111,5.9889,2441.02,0.00,0,0,0.00,0.00,20235,20153
270452,180.23,200.00,33.13,100.00,11.80,2.17,6.98,0.00,0.00,0.0111,5.9889,2416.80,0.00,0,0,0.00,0.00,20396,20363
270652,185.17,200.00,24.84,0.00,12.12,1.63,6.87,0.00,0.00,0.0111,5.9889,2436.54,0.00,0,0,0.00,0.00,20619,20546
270852,188.88,200.00,18.63,0.00,12.36,1.22,6.79,0.00,0.00,0.0111,5.9889,2440.57,0.00,0,0,0.00,0.00,20802,20721
271052,191.66,200.00,13.97,0.00,12.54,0.91,6.73,0.00,0.00,0.0111,5.9889,2416.62,0.00,0,0,0.00,0.00,20930,20897
271252,181.24,150.00,10.48,0.00,11.86,0.69,6.27,0.00,0.00,0.0111,5.9889,2381.21,0.00,0,0,0.00,0.00,20815,20853
271452,185.93,200.00,7.86,0.00,12.17,0.51,6.34,0.00,0.00,0.0111,5.9889,2339.82,0.00,0,0,0.00,0.00,20460,20581
271652,189.45,200.00,5.90,0.00,12.40,0.39,6.39,0.00,0.00,0.0111,5.9889,2317.75,0.00,0,0,0.00,0.00,19944,20109
271852,179.59,150.00,4.42,0.00,11.75,0.29,6.02,0.00,0.00,0.0111,5.9889,2288.23,0.00,0,0,0.00,0.00,19172,19396
272052,184.69,200.00,28.32,100.00,12.09,1.85,6.97,0.00,0.00,0.0111,5.9889,2276.14,0.00,0,0,0.00,0.00,18280,18528
272252,176.02,150.00,21.24,0.00,11.52,1.39,6.46,0.00,0.00,0.0111,5.9889,2296.79,0.00,0,0,0.00,0.00,17602,17809
272452,169.51,150.00,15.93,0.00,11.09,1.04,6.07,0.00,0.00,0.0111,5.9889,2372.12,0.00,0,0,0.00,0.00,17070,17126
272652,177.14,200.00,11.95,0.00,11.59,0.78,6.19,0.00,0.00,0.0111,5.9889,2388.58,0.00,0,0,0.00,0.00,16929,16952
272852,170.35,150.00,8.96,0.00,11.15,0.59,5.87,0.00,0.00,0.0111,5.9889,2395.32,0.00,0,0,0.00,0.00,16868,16878
273052,165.26,150.00,6.72,0.00,10.82,0.44,5.63,0.00,0.00,0.0111,5.9889,2398.08,0.00,0,0,0.00,0.00,16842,16846
273252,161.45,150.00,5.04,0.00,10.57,0.33,5.45,0.00,0.00,0.0111,5.9889,2373.62,0.00,0,0,0.00,0.00,16650,16703
273452,158.59,150.00,3.78,0.00,10.38,0.25,5.31,0.00,0.00,0.0111,5.9889,2389.19,0.00,0,0,0.00,0.00,16520,16542
273652,156.44,150.00,2.83,0.00,10.24,0.19,5.21,0.00,0.00,0.0111,5.9889,2355.57,0.00,0,0,0.00,0.00,16383,16472
273852,154.83,150.00,2.13,0.00,10.13,0.14,5.14,0.00,0.00,0.0111,5.9889,2381.80,0.00,0,0,0.00,0.00,16178,16215
274052,153.62,150.00,1.59,0.00,10.05,0.10,5.08,0.00,0.00,0.0111,5.9889,2392.55,0.00,0,0,0.00,0.00,16088,16103
274252,152.72,150.00,1.20,0.00,10.00,0.08,5.04,0.00,0.00,0.0111,5.9889,2396.95,0.00,0,0,0.00,0.00,16049,16056
274452,152.04,150.00,0.90,0.00,9.95,0.06,5.00,0.00,0.00,0.0111,5.9889,2398.75,0.00,0,0,0.00,0.00,16032,16035
274652,151.53,150.00,0.67,0.00,9.92,0.04,4.98,0.00,0.00,0.0111,5.9889,2399.49,0.00,0,0,0.00,0.00,16023,16025
274852,151.15,150.00,0.50,0.00,9.89,0.03,4.96,0.00,0.00,0.0111,5.9889,2374.19,0.00,0,0,0.00,0.00,15836,15888
275052,150.86,150.00,0.38,0.00,9.87,0.02,4.95,0.00,0.00,0.0111,5.9889,2389.43,0.00,0,0,0.00,0.00,15713,15735
275252,150.64,150.00,25.28,100.00,9.86,1.65,5.76,0.00,0.00,0.0111,5.9889,2395.67,0.00,0,0,0.00,0.00,15658,15667
275452,150.48,150.00,18.96,0.00,9.85,1.24,5.55,0.00,0.00,0.0111,5.9889,2363.37,0.00,0,0,0.00,0.00,15578,15652
275652,150.36,150.00,14.22,0.00,9.84,0.93,5.39,0.00,0.00,0.0111,5.9889,2352.82,0.00,0,0,0.00,0.00,15232,15327
275852,150.27,150.00,10.67,0.00,9.84,0.70,5.27,0.00,0.00,0.0111,5.9889,2363.32,0.00,0,0,0.00,0.00,15161,15235
276052,150.20,150.00,8.00,0.00,9.83,0.52,5.18,0.00,0.00,0.0111,5.9889,2430.99,0.00,0,0,0.00,0.00,15075,15014
276252,150.15,150.00,6.00,0.00,9.83,0.39,5.11,0.00,0.00,0.0111,5.9889,2394.51,0.00,0,0,0.00,0.00,15117,15128
276452,150.11,150.00,4.50,0.00,9.82,0.29,5.06,0.00,0.00,0.0111,5.9889,2397.75,0.00,0,0,0.00,0.00,15128,15133
276652,137.59,100.00,53.37,200.00,9.00,3.49,6.25,0.00,0.00,0.0111,5.9889,2399.08,0.00,0,0,0.00,0.00,15113,15115
276852,140.69,150.00,65.03,100.00,9.21,4.26,6.73,0.00,0.00,0.0111,5.9889,2399.62,0.00,0,0,0.00,0.00,15106,15107
277052,143.02,150.00,48.77,0.00,9.36,3.19,6.28,0.00,0.00,0.0111,5.9889,2367.85,0.00,0,0,0.00,0.00,14953,15018
277252,144.76,150.00,111.58,300.00,9.47,7.30,8.39,0.00,0.00,0.0111,5.9889,2384.14,0.00,0,0,0.00,0.00,14926,14958
277452,133.57,100.00,208.69,500.01,8.74,13.66,11.20,0.00,0.00,0.0133,5.9867,2327.91,0.00,0,0,0.00,0.00,14612,14757
277652,137.68,150.00,256.52,400.00,9.01,16.79,12.90,0.00,0.00,0.0133,5.9867,2410.47,0.00,0,0,0.00,0.00,14422,14402
277852,140.76,150.00,192.39,0.00,9.21,12.59,10.90,0.00,0.00,0.0133,5.9867,2469.89,0.00,0,0,0.00,0.00,14645,14506
278052,143.07,150.00,144.29,0.00,9.36,9.44,9.40,0.00,0.00,0.0133,5.9867,2494.23,0.00,0,0,0.00,0.00,14992,14804
278252,144.80,150.00,108.22,0.00,9.48,7.08,8.28,0.00,0.00,0.0133,5.9867,2464.20,0.00,0,0,0.00,0.00,15379,15251
278452,133.60,100.00,131.16,200.00,8.74,8.58,8.66,0.00,0.00,0.0133,5.9867,2426.29,0.00,0,0,0.00,0.00,15612,15560
278652,137.70,150.00,98.37,0.00,9.01,6.44,7.73,0.00,0.00,0.0133,5.9867,2450.77,0.00,0,0,0.00,0.00,15798,15697
278852,140.78,150.00,73.78,0.00,9.21,4.83,7.02,0.00,0.00,0.0133,5.9867,2460.80,0.00,0,0,0.00,0.00,15984,15863
279052,143.08,150.00,55.33,0.00,9.36,3.62,6.49,0.00,0.00,0.0133,5.9867,2464.90,0.00,0,0,0.00,0.00,16216,16087
279252,157.31,200.00,41.50,0.00,10.30,2.72,6.51,0.00,0.00,0.0133,5.9867,2426.58,0.00,0,0,0.00,0.00,16364,16311
279452,155.48,150.00,31.13,0.00,10.18,2.04,6.11,0.00,0.00,0.0133,5.9867,2431.37,0.00,0,0,0.00,0.00,16602,16540
279652,154.11,150.00,23.34,0.00,10.09,1.53,5.81,0.00,0.00,0.0133,5.9867,2438.45,0.00,0,0,0.00,0.00,16854,16778
279852,153.08,150.00,17.51,0.00,10.02,1.15,5.58,0.00,0.00,0.0133,5.9867,2455.75,0.00,0,0,0.00,0.00,17079,16968
280052,152.31,150.00,13.13,0.00,9.97,0.86,5.41,0.00,0.00,0.0133,5.9867,2422.84,0.00,0,0,0.00,0.00,17266,17221
280252,151.74,150.00,9.85,0.00,9.93,0.64,5.29,0.00,0.00,0.0133,5.9867,2429.83,0.00,0,0,0.00,0.00,17512,17453
280452,151.30,150.00,32.39,100.00,9.90,2.12,6.01,0.00,0.00,0.0133,5.9867,2432.70,0.00,0,0,0.00,0.00,17729,17664
280652,163.48,200.00,24.29,0.00,10.70,1.59,6.14,0.00,0.00,0.0133,5.9867,2438.99,0.00,0,0,0.00,0.00,17941,17864
280852,160.11,150.00,30.72,50.00,10.48,2.01,6.24,0.00,0.00,0.0133,5.9867,2468.45,0.00,0,0,0.00,0.00,18182,18046
281052,157.58,150.00,35.54,50.00,10.31,2.33,6.32,0.00,0.00,0.0133,5.9867,2488.52,0.00,0,0,0.00,0.00,18603,18426
281252,168.19,200.00,26.65,0.00,11.01,1.74,6.38,0.00,0.00,0.0133,5.9867,2468.26,0.00,0,0,0.00,0.00,18964,18828
281452,163.64,150.00,19.99,0.00,10.71,1.31,6.01,0.00,0.00,0.0133,5.9867,2488.44,0.00,0,0,0.00,0.00,19365,19189
281652,172.73,200.00,14.99,0.00,11.31,0.98,6.14,0.00,0.00,0.0133,5.9867,2436.22,0.00,0,0,0.00,0.00,19547,19475
281852,167.05,150.00,61.24,200.00,10.93,4.01,7.47,0.00,0.00,0.0156,5.9844,2374.84,0.00,0,0,0.00,0.00,19604,19655
282052,175.29,200.00,133.43,350.00,11.47,8.73,10.10,0.00,0.00,0.0156,5.9844,2357.69,0.00,0,0,0.00,0.00,19443,19528
282252,168.96,150.00,175.07,300.00,11.06,11.46,11.26,0.00,0.00,0.0156,5.9844,2350.67,0.00,0,0,0.00,0.00,19140,19239
282452,176.72,200.00,206.31,300.00,11.57,13.50,12.53,0.00,0.00,0.0156,5.9844,2047.78,0.00,0,0,0.00,0.00,18095,18800
282652,170.04,150.00,179.73,100.00,11.13,11.76,11.45,0.00,0.00,0.0156,5.9844,2255.73,0.00,0,0,0.00,0.00,16982,17271
282852,165.03,150.00,209.80,300.00,10.80,13.73,12.27,0.00,0.00,0.0156,5.9844,2401.39,0.00,0,0,0.00,0.00,16716,16714
283052,161.27,150.00,194.85,150.00,10.56,12.75,11.65,0.00,0.00,0.0156,5.9844,2440.57,0.00,0,0,0.00,0.00,16800,16719
283252,158.46,150.00,171.14,100.00,10.37,11.20,10.79,0.00,0.00,0.0156,5.9844,2416.62,0.00,0,0,0.00,0.00,16951,16918
283452,156.34,150.00,128.35,0.00,10.23,8.40,9.32,0.00,0.00,0.0156,5.9844,2438.81,0.00,0,0,0.00,0.00,17138,17061
283652,154.76,150.00,96.26,0.00,10.13,6.30,8.21,0.00,0.00,0.0156,5.9844,2481.50,0.00,0,0,0.00,0.00,17504,17342
283852,166.07,200.00,84.70,50.00,10.87,5.54,8.21,0.00,0.00,0.0156,5.9844,2465.38,0.00,0,0,0.00,0.00,17767,17637
284052,162.05,150.00,126.02,250.00,10.61,8.25,9.43,0.00,0.00,0.0156,5.9844,2458.78,0.00,0,0,0.00,0.00,18020,17903
284252,159.04,150.00,94.52,0.00,10.41,6.19,8.30,0.00,0.00,0.0156,5.9844,2464.08,0.00,0,0,0.00,0.00,18271,18143
284452,169.28,200.00,70.89,0.00,11.08,4.64,7.86,0.00,0.00,0.0156,5.9844,2426.25,0.00,0,0,0.00,0.00,18436,18384
284652,164.46,150.00,53.17,0.00,10.76,3.48,7.12,0.00,0.00,0.0156,5.9844,2410.75,0.00,0,0,0.00,0.00,18546,18525
284852,173.34,200.00,39.87,0.00,11.35,2.61,6.98,0.00,0.00,0.0156,5.9844,2351.92,0.00,0,0,0.00,0.00,18220,18317
285052,167.51,150.00,29.91,0.00,10.96,1.96,6.46,0.00,0.00,0.0156,5.9844,2319.83,0.00,0,0,0.00,0.00,17732,17893
285252,163.13,150.00,22.43,0.00,10.68,1.47,6.07,0.00,0.00,0.0156,5.9844,2367.16,0.00,0,0,0.00,0.00,17409,17475
285452,172.35,200.00,16.82,0.00,11.28,1.10,6.19,0.00,0.00,0.0156,5.9844,2386.55,0.00,0,0,0.00,0.00,17251,17278
285652,166.76,150.00,12.62,0.00,10.91,0.83,5.87,0.00,0.00,0.0156,5.9844,2354.49,0.00,0,0,0.00,0.00,17104,17196
285852,162.57,150.00,9.46,0.00,10.64,0.62,5.63,0.00,0.00,0.0156,5.9844,2315.76,0.00,0,0,0.00,0.00,16619,16788
286052,159.43,150.00,32.10,100.00,10.43,2.10,6.27,0.00,0.00,0.0156,5.9844,2273.02,0.00,0,0,0.00,0.00,15883,16137
286252,157.07,150.00,24.07,0.00,10.28,1.58,5.93,0.00,0.00,0.0156,5.9844,2322.39,0.00,0,0,0.00,0.00,15261,15417
286452,155.30,150.00,18.05,0.00,10.16,1.18,5.67,0.00,0.00,0.0156,5.9844,2315.73,0.00,0,0,0.00,0.00,14652,14821
286652,141.48,100.00,13.54,0.00,9.26,0.89,5.07,0.00,0.00,0.0156,5.9844,2385.00,0.00,0,0,0.00,0.00,14265,14295
286852,143.61,150.00,10.16,0.00,9.40,0.66,5.03,0.00,0.00,0.0156,5.9844,2393.86,0.00,0,0,0.00,0.00,14192,14205
287052,145.21,150.00,7.62,0.00,9.50,0.50,5.00,0.00,0.00,0.0156,5.9844,2397.48,0.00,0,0,0.00,0.00,14161,14167
287252,133.90,100.00,5.71,0.00,8.76,0.37,4.57,0.00,0.00,0.0156,5.9844,2378.49,0.00,0,0,0.00,0.00,13914,13958
287452,137.93,150.00,4.28,0.00,9.03,0.28,4.65,0.00,0.00,0.0156,5.9844,2363.39,0.00,0,0,0.00,0.00,13637,13711
287652,140.95,150.00,3.21,0.00,9.22,0.21,4.72,0.00,0.00,0.0156,5.9844,2288.82,0.00,0,0,0.00,0.00,13384,13607
287852,130.71,100.00,2.41,0.00,8.55,0.16,4.36,0.00,0.00,0.0156,5.9844,2236.38,0.00,0,0,0.00,0.00,12482,12810
288052,123.03,100.00,76.81,300.00,8.05,5.03,6.54,0.00,0.00,0.0156,5.9844,2246.90,0.00,0,0,0.00,0.00,11393,11700
288252,117.27,100.00,307.61,1000.00,7.68,20.13,13.90,0.00,0.00,0.0156,5.9844,2305.29,0.00,0,0,0.00,0.00,10710,10900
288452,125.46,150.00,230.70,0.00,8.21,15.10,11.66,0.00,0.00,0.0156,5.9844,2321.21,0.00,0,0,0.00,0.00,10410,10568
288652,119.09,100.00,173.03,0.00,7.79,11.32,9.56,0.00,0.00,0.0156,5.9844,1993.52,0.00,0,0,0.00,0.00,0,10276
288852,114.32,100.00,179.77,200.00,7.48,11.77,9.62,0.00,0.00,0.0156,5.9844,2213.03,0.00,0,0,0.00,0.00,8408,8782
289052,110.74,100.00,134.83,0.00,7.25,8.82,8.04,0.00,0.00,0.0156,5.9844,2283.42,0.00,0,0,0.00,0.00,7741,7975
289252,95.55,50.00,101.12,0.00,6.25,6.62,6.44,0.00,0.00,0.0156,5.9844,2352.25,0.00,0,0,0.00,0.00,7229,7325
289452,96.67,100.00,75.84,0.00,6.33,4.96,5.65,0.00,0.00,0.0156,5.9844,1993.44,0.00,0,0,0.00,0.00,0,7098
289652,97.50,100.00,144.38,350.00,6.38,9.45,7.92,0.00,0.00,0.0156,5.9844,2252.99,0.00,0,0,0.00,0.00,5006,5301
289852,85.62,50.00,170.79,250.00,5.60,11.18,8.39,0.00,0.00,0.0156,5.9844,2397.39,0.00,0,0,0.00,0.00,4982,4795
290052,89.22,100.00,128.09,0.00,5.84,8.38,7.11,0.00,0.00,0.0156,5.9844,2485.01,0.00,0,0,0.00,0.00,6076,5098
290252,79.41,50.00,96.07,0.00,5.20,6.29,5.74,0.00,0.00,0.0156,5.9844,2434.82,0.00,0,0,0.00,0.00,5673,5604
290452,72.06,50.00,97.05,100.00,4.72,6.35,5.53,0.00,0.00,0.0156,5.9844,2439.86,0.00,0,0,0.00,0.00,5897,5818
290652,79.05,100.00,97.79,100.00,5.17,6.40,5.79,0.00,0.00,0.0156,5.9844,2441.93,0.00,0,0,0.00,0.00,6183,6100
290852,71.78,50.00,73.34,0.00,4.70,4.80,4.75,0.00,0.00,0.0156,5.9844,2377.17,0.00,0,0,0.00,0.00,6261,6307
291052,78.84,100.00,80.01,100.00,5.16,5.24,5.20,0.00,0.00,0.0156,5.9844,2325.05,0.00,0,0,0.00,0.00,5910,6060
291252,71.63,50.00,85.00,100.00,4.69,5.56,5.13,0.00,0.00,0.0156,5.9844,2329.63,0.00,0,0,0.00,0.00,5583,5724
291452,78.72,100.00,63.75,0.00,5.15,4.17,4.66,0.00,0.00,0.0156,5.9844,3046.94,0.00,0,0,0.00,0.00,13093,6136
291652,71.54,50.00,97.81,200.00,4.68,6.40,5.54,0.00,0.00,0.0156,5.9844,2506.91,0.00,0,0,0.00,0.00,7416,7203
291852,78.66,100.00,123.36,200.00,5.15,8.07,6.61,0.00,0.00,0.0156,5.9844,2271.49,0.00,0,0,0.00,0.00,7202,7460
292052,71.49,50.00,142.52,200.00,4.68,9.33,7.00,0.00,0.00,0.0156,5.9844,2106.08,0.00,0,0,0.00,0.00,5803,6391
292252,66.12,50.00,169.39,250.00,4.33,11.09,7.71,0.00,0.00,0.0156,5.9844,1990.97,0.00,0,0,0.00,0.00,0,4682
292452,62.09,50.00,127.04,0.00,4.06,8.31,6.19,0.00,0.00,0.0156,5.9844,1996.30,0.00,0,0,0.00,0.00,0,1060
292652,59.07,50.00,107.78,50.00,3.87,7.05,5.46,0.00,0.00,0.0156,5.9844,2116.57,0.00,0,0,0.00,0.00,1475,690
292852,56.80,50.00,105.84,100.00,3.72,6.93,5.32,0.00,0.00,0.0156,5.9844,2165.83,0.00,0,0,0.00,0.00,2090,1692
293052,55.10,50.00,104.38,100.00,3.61,6.83,5.22,0.00,0.00,0.0156,5.9844,2246.48,0.00,0,0,0.00,0.00,3097,1901
293252,41.33,0.00,78.28,0.00,2.70,5.12,3.91,0.00,0.00,0.0156,5.9844,2311.52,0.00,0,0,0.00,0.00,3910,2292
293452,30.99,0.00,83.71,100.00,2.03,5.48,3.75,0.00,0.00,0.0156,5.9844,2395.76,0.00,0,0,0.00,0.00,4962,3597
293652,23.25,0.00,212.78,600.00,1.52,13.93,7.72,0.00,0.00,0.0156,5.9844,2450.74,0.00,0,0,0.00,0.00,5648,4893
293852,17.43,0.00,184.59,100.00,1.14,12.08,6.61,0.00,0.00,0.0156,5.9844,2446.38,0.00,0,0,0.00,0.00,5770,5678
294052,13.08,0.00,138.44,0.00,0.86,9.06,4.96,0.00,0.00,0.0156,5.9844,2419.00,0.00,0,0,0.00,0.00,5958,5921
294252,9.81,0.00,103.83,0.00,0.64,6.80,3.72,0.00,0.00,0.0156,5.9844,2447.78,0.00,0,0,0.00,0.00,6129,6034
294452,7.35,0.00,77.87,0.00,0.48,5.10,2.79,0.00,0.00,0.0156,5.9844,2491.57,0.00,0,0,0.00,0.00,6438,6255
294652,5.52,0.00,83.40,100.00,0.36,5.46,2.91,0.00,0.00,0.0156,5.9844,2555.59,0.00,0,0,0.00,0.00,6957,6575
294852,4.14,0.00,87.55,100.00,0.27,5.73,3.00,0.00,0.00,0.0156,5.9844,2463.73,0.00,0,0,0.00,0.00,7085,6958
295052,15.60,50.00,65.67,0.00,1.02,4.30,2.66,0.00,0.00,0.0156,5.9844,2360.50,0.00,0,0,0.00,0.00,7027,7106
295252,11.70,0.00,99.25,200.00,0.77,6.50,3.63,0.00,0.00,0.0156,5.9844,2318.22,0.00,0,0,0.00,0.00,6588,6752
295452,21.28,50.00,124.44,200.00,1.39,8.14,4.77,0.00,0.00,0.0156,5.9844,2308.90,0.00,0,0,0.00,0.00,6052,6235
295652,28.46,50.00,105.83,50.00,1.86,6.93,4.39,0.00,0.00,0.0156,5.9844,2284.61,0.00,0,0,0.00,0.00,5152,5383
295852,33.84,50.00,141.87,250.00,2.22,9.29,5.75,0.00,0.00,0.0156,5.9844,2332.26,0.00,0,0,0.00,0.00,4523,4659
296052,37.88,50.00,106.40,0.00,2.48,6.96,4.72,0.00,0.00,0.0156,5.9844,2372.25,0.00,0,0,0.00,0.00,4668,4529
296252,28.41,0.00,104.80,100.00,1.86,6.86,4.36,0.00,0.00,0.0156,5.9844,2388.63,0.00,0,0,0.00,0.00,4873,4824
296452,33.81,50.00,78.60,0.00,2.21,5.14,3.68,0.00,0.00,0.0156,5.9844,2447.83,0.00,0,0,0.00,0.00,5612,5032
296652,25.36,0.00,58.95,0.00,1.66,3.86,2.76,0.00,0.00,0.0156,5.9844,2451.59,0.00,0,0,0.00,0.00,5659,5464
296852,31.52,50.00,44.21,0.00,2.06,2.89,2.48,0.00,0.00,0.0156,5.9844,2421.13,0.00,0,0,0.00,0.00,5844,5802
297052,23.64,0.00,33.16,0.00,1.55,2.17,1.86,0.00,0.00,0.0156,5.9844,2408.66,0.00,0,0,0.00,0.00,5935,5918
297252,30.23,50.00,49.87,100.00,1.98,3.26,2.62,0.00,0.00,0.0156,5.9844,2345.07,0.00,0,0,0.00,0.00,5673,5783
297452,35.17,50.00,87.40,200.00,2.30,5.72,4.01,0.00,0.00,0.0156,5.9844,2285.02,0.00,0,0,0.00,0.00,5105,5335
297652,26.38,0.00,65.55,0.00,1.73,4.29,3.01,0.00,0.00,0.0156,5.9844,2327.30,0.00,0,0,0.00,0.00,4469,4615
297852,32.28,50.00,49.16,0.00,2.11,3.22,2.67,0.00,0.00,0.0156,5.9844,2349.74,0.00,0,0,0.00,0.00,4387,4122
298052,36.71,50.00,36.87,0.00,2.40,2.41,2.41,0.00,0.00,0.0156,5.9844,2353.82,0.00,0,0,0.00,0.00,4467,4560
298252,27.53,0.00,27.65,0.00,1.80,1.81,1.81,0.00,0.00,0.0156,5.9844,2381.08,0.00,0,0,0.00,0.00,4778,4684
298452,33.15,50.00,20.74,0.00,2.17,1.36,1.76,0.00,0.00,0.0156,5.9844,2392.25,0.00,0,0,0.00,0.00,4918,4887
298652,24.86,0.00,15.56,0.00,1.63,1.02,1.32,0.00,0.00,0.0156,5.9844,2428.83,0.00,0,0,0.00,0.00,5374,4969
298852,18.65,0.00,11.67,0.00,1.22,0.76,0.99,0.00,0.00,0.0156,5.9844,2414.76,0.00,0,0,0.00,0.00,5199,5163
299052,26.49,50.00,8.75,0.00,1.73,0.57,1.15,0.00,0.00,0.0156,5.9844,3195.22,0.00,0,0,0.00,0.00,14945,5421
299252,19.86,0.00,94.06,350.00,1.30,6.16,3.73,0.00,0.00,0.0156,5.9844,2725.72,0.00,0,0,0.00,0.00,9082,6933
299452,27.40,50.00,183.05,450.00,1.79,11.98,6.89,0.00,0.00,0.0156,5.9844,2395.82,0.00,0,0,0.00,0.00,8048,8057
299652,45.55,100.00,249.79,450.00,2.98,16.35,9.66,0.00,0.00,0.0156,5.9844,2096.53,0.00,0,0,0.00,0.00,6732,7339
299852,46.66,50.00,187.34,0.00,3.05,12.26,7.66,0.00,0.00,0.0156,5.9844,1876.34,1.00,0,0,0.00,0.00,0,5446
300052,35.00,0.00,140.50,0.00,2.29,9.20,5.74,0.00,0.00,0.0156,5.9844,1778.79,1.00,0,0,0.00,0.00,0,962
300252,26.25,0.00,117.88,50.00,1.72,7.72,4.72,0.00,0.00,0.0156,5.9844,1730.83,1.00,0,0,0.00,0.00,0,0
300452,19.69,0.00,88.41,0.00,1.29,5.79,3.54,0.00,0.00,0.0156,5.9844,1771.67,1.00,0,0,0.00,0.00,0,0
300652,14.76,0.00,66.31,0.00,0.97,4.34,2.65,0.00,0.00,0.0156,5.9844,1828.40,1.00,0,0,0.00,0.00,0,0
300852,11.07,0.00,49.73,0.00,0.72,3.25,1.99,0.00,0.00,0.0156,5.9844,1877.23,1.00,0,0,0.00,0.00,0,0
301052,8.30,0.00,62.30,100.00,0.54,4.08,2.31,0.00,0.00,0.0156,5.9844,1889.23,1.00,0,0,0.00,0.00,0,0
301252,6.23,0.00,46.72,0.00,0.41,3.06,1.73,0.00,0.00,0.0156,5.9844,1922.63,1.00,0,0,0.00,0.00,0,0
301452,4.67,0.00,35.04,0.00,0.31,2.29,1.30,0.00,0.00,0.0156,5.9844,1810.23,1.00,0,0,0.00,0.00,0,0
301652,3.50,0.00,26.28,0.00,0.23,1.72,0.97,0.00,0.00,0.0156,5.9844,1674.59,1.00,0,0,0.00,0.00,0,0
301852,2.63,0.00,19.71,0.00,0.17,1.29,0.73,0.00,0.00,0.0156,5.9844,1472.47,1.00,0,0,0.00,0.00,0,0
302052,1.97,0.00,14.78,0.00,0.13,0.97,0.55,0.00,0.00,0.0156,5.9844,1292.08,1.00,0,0,0.00,0.00,0,0
302252,1.48,0.00,11.09,0.00,0.10,0.73,0.41,0.00,0.00,0.0156,5.9844,1140.12,1.00,0,0,0.00,0.00,0,0
302452,1.11,0.00,8.32,0.00,0.07,0.54,0.31,0.00,0.00,0.0156,5.9844,939.31,1.00,0,0,0.00,0.00,0,0
302652,0.83,0.00,6.24,0.00,0.05,0.41,0.23,0.00,0.00,0.0156,5.9844,791.46,1.00,0,0,0.00,0.00,0,0
302852,0.62,0.00,4.68,0.00,0.04,0.31,0.17,0.00,0.00,0.0156,5.9844,652.82,1.00,0,0,0.00,0.00,0,0
303052,0.47,0.00,3.51,0.00,0.03,0.23,0.13,0.00,0.00,0.0156,5.9844,471.56,1.00,0,0,0.00,0.00,0,0
303252,0.35,0.00,2.63,0.00,0.02,0.17,0.10,0.00,0.00,0.0156,5.9844,397.31,1.00,0,0,0.00,0.00,0,0
303452,0.26,0.00,1.97,0.00,0.02,0.13,0.07,0.00,0.00,0.0156,5.9844,280.82,1.00,0,0,0.00,0.00,0,0
303652,0.20,0.00,1.48,0.00,0.01,0.10,0.05,0.00,0.00,0.0156,5.9844,172.62,1.00,0,0,0.00,0.00,0,0
303852,0.15,0.00,1.11,0.00,0.01,0.07,0.04,0.00,0.00,0.0156,5.9844,91.19,0.00,0,0,0.00,0.00,0,0
304052,0.11,0.00,0.83,0.00,0.01,0.05,0.03,0.00,0.00,0.0156,5.9844,37.35,0.00,0,0,0.00,0.00,0,0
304252,0.08,0.00,0.62,0.00,0.01,0.04,0.02,0.00,0.00,0.0156,5.9844,15.30,0.00,0,0,0.00,0.00,0,0
304452,0.06,0.00,0.47,0.00,0.00,0.03,0.02,0.00,0.00,0.0156,5.9844,6.27,0.00,0,0,0.00,0.00,0,0
304652,0.05,0.00,0.35,0.00,0.00,0.02,0.01,0.00,0.00,0.0156,5.9844,2.57,0.00,0,0,0.00,0.00,0,0
304852,0.04,0.00,0.26,0.00,0.00,0.02,0.01,0.00,0.00,0.0156,5.9844,1.05,0.00,0,0,0.00,0.00,0,0
305052,0.03,0.00,0.20,0.00,0.00,0.01,0.01,0.00,0.00,0.0156,5.9844,0.43,0.00,0,0,0.00,0.00,0,0
305252,0.02,0.00,0.15,0.00,0.00,0.01,0.01,0.00,0.00,0.0156,5.9844,0.18,0.00,0,0,0.00,0.00,0,0
305452,0.01,0.00,0.11,0.00,0.00,0.01,0.00,0.00,0.00,0.0156,5.9844,0.07,0.00,0,0,0.00,0.00,0,0
305652,0.01,0.00,0.08,0.00,0.00,0.01,0.00,0.00,0.00,0.0156,5.9844,0.03,0.00,0,0,0.00,0.00,0,0
305852,0.01,0.00,0.06,0.00,0.00,0.00,0.00,0.00,0.00,0.0156,5.9844,0.01,0.00,0,0,0.00,0.00,0,0
306052,0.01,0.00,0.05,0.00,0.00,0.00,0.00,0.00,0.00,0.0156,5.9844,0.00,0.00,0,0,0.00,0.00,0,0
306252,0.00,0.00,0.04,0.00,0.00,0.00,0.00,0.00,0.00,0.0156,5.9844,0.00,0.00,0,0,0.00,0.00,0,0
306452,0.00,0.00,0.03,0.00,0.00,0.00,0.00,0.00,0.00,0.0156,5.9844,0.00,0.00,0,0,0.00,0.00,0,0
306652,0.00,0.00,0.02,0.00,0.00,0.00,0.00,0.00,0.00,0.0156,5.9844,0.00,0.00,0,0,0.00,0.00,0,0
306852,0.00,0.00,0.01,0.00,0.00,0.00,0.00,0.00,0.00,0.0156,5.9844,0.00,0.00,0,0,0.00,0.00,0,0
307052,0.00,0.00,0.01,0.00,0.00,0.00,0.00,0.00,0.00,0.0156,5.9844,0.00,0.00,0,0,0.00,0.00,0,0
307252,0.00,0.00,0.01,0.00,0.00,0.00,0.00,0.00,0.00,0.0156,5.9844,0.00,0.00,0,0,0.00,0.00,0,0
307452,0.00,0.00,0.01,0.00,0.00,0.00,0.00,0.00,0.00,0.0156,5.9844,0.00,0.00,0,0,0.00,0.00,0,0
307652,0.00,0.00,0.00,0.00,0.00,0.00,0.00,0.00,0.00,0.0156,5.9844,0.00,0.00,0,0,0.00,0.00,0,0
307852,0.00,0.00,0.00,0.00,0.00,0.00,0.00,0.00,0.00,0.0156,5.9844,0.00,0.00,0,0,0.00,0.00,0,0
308052,0.00,0.00,0.00,0.00,0.00,0.00,0.00,0.00,0.00,0.0156,5.9844,0.00,0.00,0,0,0.00,0.00,0,0
308252,0.00,0.00,0.00,0.00,0.00,0.00,0.00,0.00,0.00,0.0156,5.9844,0.00,0.00,0,0,0.00,0.00,0,0
308452,0.00,0.00,0.00,0.00,0.00,0.00,0.00,0.00,0.00,0.0156,5.9844,0.00,0.00,0,0,0.00,0.00,0,0
308652,0.00,0.00,0.00,0.00,0.00,0.00,0.00,0.00,0.00,0.0156,5.9844,0.00,0.00,0,0,0.00,0.00,0,0
308852,0.00,0.00,0.00,0.00,0.00,0.00,0.00,0.00,0.00,0.0156,5.9844,0.00,0.00,0,0,0.00,0.00,0,0
309052,0.00,0.00,0.00,0.00,0.00,0.00,0.00,0.00,0.00,0.0156,5.9844,0.00,0.00,0,0,0.00,0.00,0,0
309252,0.00,0.00,0.00,0.00,0.00,0.00,0.00,0.00,0.00,0.0156,5.9844,0.00,0.00,0,0,0.00,0.00,0,0
309452,0.00,0.00,0.00,0.00,0.00,0.00,0.00,0.00,0.00,0.0156,5.9844,0.00,0.00,0,0,0.00,0.00,0,0
309652,0.00,0.00,0.00,0.00,0.00,0.00,0.00,0.00,0.00,0.0156,5.9844,0.00,0.00,0,0,0.00,0.00,0,0
309852,0.00,0.00,0.00,0.00,0.00,0.00,0.00,0.00,0.00,0.0156,5.9844,0.00,0.00,0,0,0.00,0.00,0,0
310052,0.00,0.00,0.00,0.00,0.00,0.00,0.00,0.00,0.00,0.0156,5.9844,0.00,0.00,0,0,0.00,0.00,0,0
310252,0.00,0.00,0.00,0.00,0.00,0.00,0.00,0.00,0.00,0.0156,5.9844,0.00,0.00,0,0,0.00,0.00,0,0
310452,0.00,0.00,0.00,0.00,0.00,0.00,0.00,0.00,0.00,0.0156,5.9844,0.00,0.00,0,0,0.00,0.00,0,0
310652,0.00,0.00,0.00,0.00,0.00,0.00,0.00,0.00,0.00,0.0156,5.9844,0.00,0.00,0,0,0.00,0.00,0,0
310852,0.00,0.00,0.00,0.00,0.00,0.00,0.00,0.00,0.00,0.0156,5.9844,0.00,0.00,0,0,0.00,0.00,0,0
311052,0.00,0.00,0.00,0.00,0.00,0.00,0.00,0.00,0.00,0.0156,5.9844,0.00,0.00,0,0,0.00,0.00,0,0
311252,0.00,0.00,0.00,0.00,0.00,0.00,0.00,0.00,0.00,0.0156,5.9844,0.00,0.00,0,0,0.00,0.00,0,0
311452,0.00,0.00,0.00,0.00,0.00,0.00,0.00,0.00,0.00,0.0156,5.9844,0.00,0.00,0,0,0.00,0.00,0,0
311652,0.00,0.00,0.00,0.00,0.00,0.00,0.00,0.00,0.00,0.0156,5.9844,0.00,0.00,0,0,0.00,0.00,0,0
311852,0.00,0.00,0.00,0.00,0.00,0.00,0.00,0.00,0.00,0.0156,5.9844,0.00,0.00,0,0,0.00,0.00,0,0
312052,0.00,0.00,0.00,0.00,0.00,0.00,0.00,0.00,0.00,0.0156,5.9844,0.00,0.00,0,0,0.00,0.00,0,0
312252,0.00,0.00,0.00,0.00,0.00,0.00,0.00,0.00,0.00,0.0156,5.9844,0.00,0.00,0,0,0.00,0.00,0,0
312452,0.00,0.00,0.00,0.00,0.00,0.00,0.00,0.00,0.00,0.0156,5.9844,0.00,0.00,0,0,0.00,0.00,0,0
312652,0.00,0.00,0.00,0.00,0.00,0.00,0.00,0.00,0.00,0.0156,5.9844,0.00,0.00,0,0,0.00,0.00,0,0
312852,0.00,0.00,0.00,0.00,0.00,0.00,0.00,0.00,0.00,0.0156,5.9844,0.00,0.00,0,0,0.00,0.00,0,0
313052,0.00,0.00,0.00,0.00,0.00,0.00,0.00,0.00,0.00,0.0156,5.9844,0.00,0.00,0,0,0.00,0.00,0,0
313252,0.00,0.00,0.00,0.00,0.00,0.00,0.00,0.00,0.00,0.0156,5.9844,0.00,0.00,0,0,0.00,0.00,0,0
313452,0.00,0.00,0.00,0.00,0.00,0.00,0.00,0.00,0.00,0.0156,5.9844,0.00,0.00,0,0,0.00,0.00,0,0
313652,0.00,0.00,0.00,0.00,0.00,0.00,0.00,0.00,0.00,0.0156,5.9844,0.00,0.00,0,0,0.00,0.00,0,0
313852,0.00,0.00,0.00,0.00,0.00,0.00,0.00,0.00,0.00,0.0156,5.9844,0.00,0.00,0,0,0.00,0.00,0,0
314052,0.00,0.00,0.00,0.00,0.00,0.00,0.00,0.00,0.00,0.0156,5.9844,0.00,0.00,0,0,0.00,0.00,0,0
314252,0.00,0.00,0.00,0.00,0.00,0.00,0.00,0.00,0.00,0.0156,5.9844,0.00,0.00,0,0,0.00,0.00,0,0
314452,0.00,0.00,0.00,0.00,0.00,0.00,0.00,0.00,0.00,0.0156,5.9844,0.00,0.00,0,0,0.00,0.00,0,0
314652,0.00,0.00,0.00,0.00,0.00,0.00,0.00,0.00,0.00,0.0156,5.9844,0.00,0.00,0,0,0.00,0.00,0,0
314852,0.00,0.00,0.00,0.00,0.00,0.00,0.00,0.00,0.00,0.0156,5.9844,0.00,0.00,0,0,0.00,0.00,0,0
315052,0.00,0.00,0.00,0.00,0.00,0.00,0.00,0.00,0.00,0.0156,5.9844,0.00,0.00,0,0,0.00,0.00,0,0
315252,0.00,0.00,0.00,0.00,0.00,0.00,0.00,0.00,0.00,0.0156,5.9844,0.00,0.00,0,0,0.00,0.00,0,0
315452,0.00,0.00,0.00,0.00,0.00,0.00,0.00,0.00,0.00,0.0156,5.9844,0.00,0.00,0,0,0.00,0.00,0,0
315652,0.00,0.00,0.00,0.00,0.00,0.00,0.00,0.00,0.00,0.0156,5.9844,0.00,0.00,0,0,0.00,0.00,0,0
