time_ms,rl_rpm,rl_rpm_raw,rr_rpm,rr_rpm_raw,rl_speed_mph,rr_speed_mph,speed_mph,fl_rpm,fr_rpm,fuel_consumed_l,fuel_remaining_l,engine_rpm,secondary_rpm,mode,status,temperature_c,brake_pot,motor_setpoint,motor_position
852,0.00,0.00,0.00,0.00,0.00,0.00,0.00,0.00,0.00,0.0000,6.0000,0.00,0.00,0,0,0.00,0.00,-1570,-1170
1052,0.00,0.00,0.00,0.00,0.00,0.00,0.00,0.00,0.00,0.0000,6.0000,0.00,0.00,0,0,0.00,0.00,-2092,-1692
1252,0.00,0.00,0.00,0.00,0.00,0.00,0.00,0.00,0.00,0.0000,6.0000,0.00,0.00,0,0,0.00,0.00,-3067,-2667
1452,0.00,0.00,0.00,0.00,0.00,0.00,0.00,0.00,0.00,0.0000,6.0000,0.00,0.00,0,0,0.00,0.00,-4000,-3600
1652,0.00,0.00,0.00,0.00,0.00,0.00,0.00,0.00,0.00,0.0000,6.0000,0.00,0.00,0,0,0.00,0.00,-5017,-4617
1852,0.00,0.00,0.00,0.00,0.00,0.00,0.00,0.00,0.00,0.0000,6.0000,0.00,0.00,0,0,0.00,0.00,-5976,-5576
2052,0.00,0.00,0.00,0.00,0.00,0.00,0.00,0.00,0.00,0.0000,6.0000,0.00,0.00,0,0,0.00,0.00,-5178,-5578
2252,0.00,0.00,0.00,0.00,0.00,0.00,0.00,0.00,0.00,0.0000,6.0000,0.00,0.00,0,0,0.00,0.00,-4227,-4627
2452,0.00,0.00,0.00,0.00,0.00,0.00,0.00,0.00,0.00,0.0000,6.0000,0.00,0.00,0,0,0.00,0.00,-4555,-4505
2652,0.00,0.00,0.00,0.00,0.00,0.00,0.00,0.00,0.00,0.0000,6.0000,0.00,0.00,0,0,0.00,0.00,-4735,-4685
2852,0.00,0.00,0.00,0.00,0.00,0.00,0.00,0.00,0.00,0.0000,6.0000,0.00,0.00,0,0,0.00,0.00,-4913,-4863
3052,0.00,0.00,0.00,0.00,0.00,0.00,0.00,0.00,0.00,0.0000,6.0000,0.00,0.00,0,0,0.00,0.00,-5085,-5035
3252,0.00,0.00,0.00,0.00,0.00,0.00,0.00,0.00,0.00,0.0000,6.0000,0.00,0.00,0,0,0.00,0.00,-5272,-5222
3452,0.00,0.00,0.00,0.00,0.00,0.00,0.00,0.00,0.00,0.0000,6.0000,0.00,0.00,0,0,0.00,0.00,-5464,-5414
3652,0.00,0.00,0.00,0.00,0.00,0.00,0.00,0.00,0.00,0.0000,6.0000,0.00,0.00,0,0,0.00,0.00,-5648,-5598
3852,0.00,0.00,0.00,0.00,0.00,0.00,0.00,0.00,0.00,0.0000,6.0000,0.00,0.00,0,0,0.00,0.00,-5811,-5761
4052,0.00,0.00,0.00,0.00,0.00,0.00,0.00,0.00,0.00,0.0000,6.0000,0.00,0.00,0,0,0.00,0.00,0,-5997
4252,0.00,0.00,0.00,0.00,0.00,0.00,0.00,0.00,0.00,0.0000,6.0000,0.00,0.00,0,0,0.00,0.00,0,-4849
4452,0.00,0.00,0.00,0.00,0.00,0.00,0.00,0.00,0.00,0.0000,6.0000,0.00,0.00,0,0,0.00,0.00,0,-1871
4652,0.00,0.00,0.00,0.00,0.00,0.00,0.00,0.00,0.00,0.0000,6.0000,0.00,0.00,0,0,0.00,0.00,0,-63
4852,0.00,0.00,0.00,0.00,0.00,0.00,0.00,0.00,0.00,0.0000,6.0000,0.00,0.00,0,0,0.00,0.00,0,0
5052,0.00,0.00,0.00,0.00,0.00,0.00,0.00,0.00,0.00,0.0000,6.0000,0.00,0.00,0,0,0.00,0.00,0,0
5252,0.00,0.00,0.00,0.00,0.00,0.00,0.00,0.00,0.00,0.0000,6.0000,0.00,0.00,0,0,0.00,0.00,0,0
5452,0.00,0.00,0.00,0.00,0.00,0.00,0.00,0.00,0.00,0.0000,6.0000,0.00,0.00,0,0,0.00,0.00,0,0
5652,0.00,0.00,0.00,0.00,0.00,0.00,0.00,0.00,0.00,0.0000,6.0000,0.00,0.00,0,0,0.00,0.00,0,0
5852,0.00,0.00,0.00,0.00,0.00,0.00,0.00,0.00,0.00,0.0000,6.0000,0.00,0.00,0,0,0.00,0.00,0,0
6052,0.00,0.00,0.00,0.00,0.00,0.00,0.00,0.00,0.00,0.0000,6.0000,0.00,0.00,0,0,0.00,0.00,0,0
6252,0.00,0.00,0.00,0.00,0.00,0.00,0.00,0.00,0.00,0.0000,6.0000,0.00,0.00,0,0,0.00,0.00,0,0
6452,0.00,0.00,0.00,0.00,0.00,0.00,0.00,0.00,0.00,0.0000,6.0000,0.00,0.00,0,0,0.00,0.00,0,0
6652,0.00,0.00,0.00,0.00,0.00,0.00,0.00,0.00,0.00,0.0000,6.0000,0.00,0.00,0,0,0.00,0.00,0,0
6852,0.00,0.00,0.00,0.00,0.00,0.00,0.00,0.00,0.00,0.0000,6.0000,0.00,0.00,0,0,0.00,0.00,0,0
7052,0.00,0.00,0.00,0.00,0.00,0.00,0.00,0.00,0.00,0.0000,6.0000,0.00,0.00,0,0,0.00,0.00,0,0
7252,0.00,0.00,0.00,0.00,0.00,0.00,0.00,0.00,0.00,0.0000,6.0000,0.00,0.00,0,0,0.00,0.00,0,0
7452,0.00,0.00,0.00,0.00,0.00,0.00,0.00,0.00,0.00,0.0000,6.0000,0.00,0.00,0,0,0.00,0.00,0,0
7652,0.00,0.00,0.00,0.00,0.00,0.00,0.00,0.00,0.00,0.0000,6.0000,0.00,0.00,0,0,0.00,0.00,0,0
7852,0.00,0.00,0.00,0.00,0.00,0.00,0.00,0.00,0.00,0.0000,6.0000,0.00,0.00,0,0,0.00,0.00,0,0
8052,0.00,0.00,0.00,0.00,0.00,0.00,0.00,0.00,0.00,0.0000,6.0000,0.00,0.00,0,0,0.00,0.00,0,0
8252,0.00,0.00,0.00,0.00,0.00,0.00,0.00,0.00,0.00,0.0000,6.0000,0.00,0.00,0,0,0.00,0.00,0,0
8452,0.00,0.00,0.00,0.00,0.00,0.00,0.00,0.00,0.00,0.0000,6.0000,0.00,0.00,0,0,0.00,0.00,0,0
8652,0.00,0.00,0.00,0.00,0.00,0.00,0.00,0.00,0.00,0.0000,6.0000,0.00,0.00,0,0,0.00,0.00,0,0
8852,0.00,0.00,0.00,0.00,0.00,0.00,0.00,0.00,0.00,0.0000,6.0000,0.00,0.00,0,0,0.00,0.00,0,0
9052,0.00,0.00,0.00,0.00,0.00,0.00,0.00,0.00,0.00,0.0000,6.0000,0.00,0.00,0,0,0.00,0.00,0,0
9252,0.00,0.00,0.00,0.00,0.00,0.00,0.00,0.00,0.00,0.0000,6.0000,0.00,0.00,0,0,0.00,0.00,0,0
9452,0.00,0.00,0.00,0.00,0.00,0.00,0.00,0.00,0.00,0.0000,6.0000,0.00,0.00,0,0,0.00,0.00,0,0
9652,0.00,0.00,0.00,0.00,0.00,0.00,0.00,0.00,0.00,0.0000,6.0000,0.00,0.00,0,0,0.00,0.00,0,0
9852,0.00,0.00,0.00,0.00,0.00,0.00,0.00,0.00,0.00,0.0000,6.0000,0.00,0.00,0,0,0.00,0.00,0,0
10052,0.00,0.00,0.00,0.00,0.00,0.00,0.00,0.00,0.00,0.0000,6.0000,0.00,0.00,0,0,0.00,0.00,0,0
10252,0.00,0.00,0.00,0.00,0.00,0.00,0.00,0.00,0.00,0.0000,6.0000,0.00,0.00,0,0,0.00,0.00,0,0
10452,0.00,0.00,0.00,0.00,0.00,0.00,0.00,0.00,0.00,0.0000,6.0000,0.00,0.00,0,0,0.00,0.00,0,0
10652,0.00,0.00,0.00,0.00,0.00,0.00,0.00,0.00,0.00,0.0000,6.0000,0.00,0.00,0,0,0.00,0.00,0,0
10852,0.00,0.00,0.00,0.00,0.00,0.00,0.00,0.00,0.00,0.0000,6.0000,0.00,0.00,0,0,0.00,0.00,0,0
11052,0.00,0.00,0.00,0.00,0.00,0.00,0.00,0.00,0.00,0.0000,6.0000,0.00,0.00,0,0,0.00,0.00,0,0
11252,0.00,0.00,0.00,0.00,0.00,0.00,0.00,0.00,0.00,0.0000,6.0000,0.00,0.00,0,0,0.00,0.00,0,0
11452,0.00,0.00,0.00,0.00,0.00,0.00,0.00,0.00,0.00,0.0000,6.0000,0.00,0.00,0,0,0.00,0.00,0,0
11652,0.00,0.00,0.00,0.00,0.00,0.00,0.00,0.00,0.00,0.0000,6.0000,0.00,0.00,0,0,0.00,0.00,0,0
11852,0.00,0.00,0.00,0.00,0.00,0.00,0.00,0.00,0.00,0.0000,6.0000,0.00,0.00,0,0,0.00,0.00,0,0
12052,0.00,0.00,0.00,0.00,0.00,0.00,0.00,0.00,0.00,0.0000,6.0000,0.00,0.00,0,0,0.00,0.00,0,0
12252,0.00,0.00,0.00,0.00,0.00,0.00,0.00,0.00,0.00,0.0000,6.0000,0.00,0.00,0,0,0.00,0.00,0,0
12452,0.00,0.00,0.00,0.00,0.00,0.00,0.00,0.00,0.00,0.0000,6.0000,0.00,0.00,0,0,0.00,0.00,0,0
12652,0.00,0.00,0.00,0.00,0.00,0.00,0.00,0.00,0.00,0.0000,6.0000,0.00,0.00,0,0,0.00,0.00,0,0
12852,0.00,0.00,0.00,0.00,0.00,0.00,0.00,0.00,0.00,0.0000,6.0000,0.00,0.00,0,0,0.00,0.00,0,0
13052,0.00,0.00,0.00,0.00,0.00,0.00,0.00,0.00,0.00,0.0000,6.0000,0.00,0.00,0,0,0.00,0.00,0,0
13252,0.00,0.00,0.00,0.00,0.00,0.00,0.00,0.00,0.00,0.0000,6.0000,0.00,0.00,0,0,0.00,0.00,0,0
13452,0.00,0.00,0.00,0.00,0.00,0.00,0.00,0.00,0.00,0.0000,6.0000,0.00,0.00,0,0,0.00,0.00,0,0
13652,0.00,0.00,0.00,0.00,0.00,0.00,0.00,0.00,0.00,0.0000,6.0000,0.00,0.00,0,0,0.00,0.00,0,0
13852,0.00,0.00,0.00,0.00,0.00,0.00,0.00,0.00,0.00,0.0000,6.0000,0.00,0.00,0,0,0.00,0.00,0,0
14052,0.00,0.00,0.00,0.00,0.00,0.00,0.00,0.00,0.00,0.0000,6.0000,0.00,0.00,0,0,0.00,0.00,0,0
14252,0.00,0.00,0.00,0.00,0.00,0.00,0.00,0.00,0.00,0.0000,6.0000,0.00,0.00,0,0,0.00,0.00,0,0
14452,0.00,0.00,0.00,0.00,0.00,0.00,0.00,0.00,0.00,0.0000,6.0000,0.00,0.00,0,0,0.00,0.00,0,0
14652,0.00,0.00,0.00,0.00,0.00,0.00,0.00,0.00,0.00,0.0000,6.0000,0.00,0.00,0,0,0.00,0.00,0,0
14852,0.00,0.00,0.00,0.00,0.00,0.00,0.00,0.00,0.00,0.0000,6.0000,0.00,0.00,0,0,0.00,0.00,0,0
15052,0.00,0.00,0.00,0.00,0.00,0.00,0.00,0.00,0.00,0.0000,6.0000,0.00,0.00,0,0,0.00,0.00,0,0
15252,0.00,0.00,0.00,0.00,0.00,0.00,0.00,0.00,0.00,0.0000,6.0000,0.00,0.00,0,0,0.00,0.00,0,0
15452,0.00,0.00,0.00,0.00,0.00,0.00,0.00,0.00,0.00,0.0000,6.0000,0.00,0.00,0,0,0.00,0.00,0,0
15652,0.00,0.00,0.00,0.00,0.00,0.00,0.00,0.00,0.00,0.0000,6.0000,0.00,0.00,0,0,0.00,0.00,0,0
15852,0.00,0.00,0.00,0.00,0.00,0.00,0.00,0.00,0.00,0.0000,6.0000,0.00,0.00,0,0,0.00,0.00,0,0
16052,0.00,0.00,0.00,0.00,0.00,0.00,0.00,0.00,0.00,0.0000,6.0000,0.00,0.00,0,0,0.00,0.00,0,0
16252,0.00,0.00,0.00,0.00,0.00,0.00,0.00,0.00,0.00,0.0000,6.0000,0.00,0.00,0,0,0.00,0.00,0,0
16452,0.00,0.00,0.00,0.00,0.00,0.00,0.00,0.00,0.00,0.0000,6.0000,0.00,0.00,0,0,0.00,0.00,0,0
16652,0.00,0.00,0.00,0.00,0.00,0.00,0.00,0.00,0.00,0.0000,6.0000,0.00,0.00,0,0,0.00,0.00,0,0
16852,0.00,0.00,0.00,0.00,0.00,0.00,0.00,0.00,0.00,0.0000,6.0000,0.00,0.00,0,0,0.00,0.00,0,0
17052,0.00,0.00,0.00,0.00,0.00,0.00,0.00,0.00,0.00,0.0000,6.0000,0.00,0.00,0,0,0.00,0.00,0,0
17252,0.00,0.00,0.00,0.00,0.00,0.00,0.00,0.00,0.00,0.0000,6.0000,0.00,0.00,0,0,0.00,0.00,0,0
17452,0.00,0.00,0.00,0.00,0.00,0.00,0.00,0.00,0.00,0.0000,6.0000,0.00,0.00,0,0,0.00,0.00,0,0
17652,0.00,0.00,0.00,0.00,0.00,0.00,0.00,0.00,0.00,0.0000,6.0000,0.00,0.00,0,0,0.00,0.00,0,0
17852,0.00,0.00,0.00,0.00,0.00,0.00,0.00,0.00,0.00,0.0000,6.0000,0.00,0.00,0,0,0.00,0.00,0,0
18052,0.00,0.00,0.00,0.00,0.00,0.00,0.00,0.00,0.00,0.0000,6.0000,0.00,0.00,0,0,0.00,0.00,0,0
18252,0.00,0.00,0.00,0.00,0.00,0.00,0.00,0.00,0.00,0.0000,6.0000,0.00,0.00,0,0,0.00,0.00,0,0
18452,0.00,0.00,0.00,0.00,0.00,0.00,0.00,0.00,0.00,0.0000,6.0000,0.00,0.00,0,0,0.00,0.00,0,0
18652,0.00,0.00,0.00,0.00,0.00,0.00,0.00,0.00,0.00,0.0000,6.0000,0.00,0.00,0,0,0.00,0.00,0,0
18852,0.00,0.00,0.00,0.00,0.00,0.00,0.00,0.00,0.00,0.0000,6.0000,0.00,0.00,0,0,0.00,0.00,0,0
19052,0.00,0.00,0.00,0.00,0.00,0.00,0.00,0.00,0.00,0.0000,6.0000,0.00,0.00,0,0,0.00,0.00,0,0
19252,0.00,0.00,0.00,0.00,0.00,0.00,0.00,0.00,0.00,0.0000,6.0000,0.00,0.00,0,0,0.00,0.00,0,0
19452,0.00,0.00,0.00,0.00,0.00,0.00,0.00,0.00,0.00,0.0000,6.0000,0.00,0.00,0,0,0.00,0.00,0,0
19652,0.00,0.00,0.00,0.00,0.00,0.00,0.00,0.00,0.00,0.0000,6.0000,0.00,0.00,0,0,0.00,0.00,0,0
19852,0.00,0.00,0.00,0.00,0.00,0.00,0.00,0.00,0.00,0.0000,6.0000,0.00,0.00,0,0,0.00,0.00,0,0
20052,0.00,0.00,0.00,0.00,0.00,0.00,0.00,0.00,0.00,0.0000,6.0000,0.00,0.00,0,0,0.00,0.00,0,0
20252,0.00,0.00,0.00,0.00,0.00,0.00,0.00,0.00,0.00,0.0000,6.0000,25.60,0.00,0,0,0.00,0.00,0,0
20452,0.00,0.00,0.00,0.00,0.00,0.00,0.00,0.00,0.00,0.0000,6.0000,10.49,0.00,0,0,0.00,0.00,0,0
20652,0.00,0.00,0.00,0.00,0.00,0.00,0.00,0.00,0.00,0.0000,6.0000,4.29,0.00,0,0,0.00,0.00,0,0
20852,0.00,0.00,0.00,0.00,0.00,0.00,0.00,0.00,0.00,0.0000,6.0000,1.76,0.00,0,0,0.00,0.00,0,0
21052,0.00,0.00,0.00,0.00,0.00,0.00,0.00,0.00,0.00,0.0000,6.0000,0.72,0.00,0,0,0.00,0.00,0,0
21252,0.00,0.00,0.00,0.00,0.00,0.00,0.00,0.00,0.00,0.0000,6.0000,40.30,0.00,0,0,0.00,0.00,0,0
21452,0.00,0.00,0.00,0.00,0.00,0.00,0.00,0.00,0.00,0.0000,6.0000,68.98,0.00,0,0,0.00,0.00,0,0
21652,0.00,0.00,0.00,0.00,0.00,0.00,0.00,0.00,0.00,0.0000,6.0000,48.74,0.00,0,0,0.00,0.00,0,0
21852,0.00,0.00,0.00,0.00,0.00,0.00,0.00,0.00,0.00,0.0000,6.0000,19.96,0.00,0,0,0.00,0.00,0,0
22052,0.00,0.00,0.00,0.00,0.00,0.00,0.00,0.00,0.00,0.0000,6.0000,140.66,0.00,0,0,0.00,0.00,0,0
22252,0.00,0.00,0.00,0.00,0.00,0.00,0.00,0.00,0.00,0.0000,6.0000,325.77,0.00,0,0,0.00,0.00,0,0
22452,0.00,0.00,0.00,0.00,0.00,0.00,0.00,0.00,0.00,0.0000,6.0000,329.60,0.00,0,0,0.00,0.00,0,0
22652,0.00,0.00,0.00,0.00,0.00,0.00,0.00,0.00,0.00,0.0000,6.0000,232.60,0.00,0,0,0.00,0.00,0,0
22852,0.00,0.00,0.00,0.00,0.00,0.00,0.00,0.00,0.00,0.0000,6.0000,115.75,0.00,0,0,0.00,0.00,0,0
23052,0.00,0.00,0.00,0.00,0.00,0.00,0.00,0.00,0.00,0.0000,6.0000,47.41,0.00,0,0,0.00,0.00,0,0
23253,0.00,0.00,0.00,0.00,0.00,0.00,0.00,0.00,0.00,0.0000,6.0000,19.42,0.00,0,0,0.00,0.00,0,0
23452,0.00,0.00,0.00,0.00,0.00,0.00,0.00,0.00,0.00,0.0000,6.0000,7.95,0.00,0,0,0.00,0.00,0,0
23652,0.00,0.00,0.00,0.00,0.00,0.00,0.00,0.00,0.00,0.0000,6.0000,43.26,0.00,0,0,0.00,0.00,0,0
23852,0.00,0.00,0.00,0.00,0.00,0.00,0.00,0.00,0.00,0.0000,6.0000,385.40,0.00,0,0,0.00,0.00,0,0
24052,0.00,0.00,0.00,0.00,0.00,0.00,0.00,0.00,0.00,0.0000,6.0000,676.26,0.00,0,0,0.00,0.00,0,0
24252,0.00,0.00,0.00,0.00,0.00,0.00,0.00,0.00,0.00,0.0000,6.0000,887.88,0.00,0,0,0.00,0.00,0,0
24452,0.00,0.00,0.00,0.00,0.00,0.00,0.00,0.00,0.00,0.0000,6.0000,1051.67,0.00,0,0,0.00,0.00,0,0
24652,0.00,0.00,0.00,0.00,0.00,0.00,0.00,0.00,0.00,0.0000,6.0000,1171.25,0.00,0,0,0.00,0.00,0,0
24852,0.00,0.00,0.00,0.00,0.00,0.00,0.00,0.00,0.00,0.0000,6.0000,1306.30,0.00,0,0,0.00,0.00,0,0
25052,0.00,0.00,0.00,0.00,0.00,0.00,0.00,0.00,0.00,0.0000,6.0000,1361.62,0.00,0,0,0.00,0.00,0,0
25252,0.00,0.00,0.00,0.00,0.00,0.00,0.00,0.00,0.00,0.0000,6.0000,1444.76,0.00,0,0,0.00,0.00,0,0
25452,0.00,0.00,0.00,0.00,0.00,0.00,0.00,0.00,0.00,0.0000,6.0000,1475.93,0.00,0,0,0.00,0.00,0,0
25652,0.00,0.00,0.00,0.00,0.00,0.00,0.00,0.00,0.00,0.0000,6.0000,1509.18,0.00,0,0,0.00,0.00,0,0
25852,0.00,0.00,0.00,0.00,0.00,0.00,0.00,0.00,0.00,0.0000,6.0000,1522.80,0.00,0,0,0.00,0.00,0,0
26052,0.00,0.00,0.00,0.00,0.00,0.00,0.00,0.00,0.00,0.0000,6.0000,1528.38,0.00,0,0,0.00,0.00,0,0
26252,0.00,0.00,0.00,0.00,0.00,0.00,0.00,0.00,0.00,0.0000,6.0000,1530.66,0.00,0,0,0.00,0.00,0,0
26452,0.00,0.00,0.00,0.00,0.00,0.00,0.00,0.00,0.00,0.0000,6.0000,1571.60,0.00,0,0,0.00,0.00,0,0
26652,0.00,0.00,0.00,0.00,0.00,0.00,0.00,0.00,0.00,0.0000,6.0000,1535.89,0.00,0,0,0.00,0.00,0,0
26852,0.00,0.00,0.00,0.00,0.00,0.00,0.00,0.00,0.00,0.0000,6.0000,1508.14,0.00,0,0,0.00,0.00,0,0
27052,0.00,0.00,0.00,0.00,0.00,0.00,0.00,0.00,0.00,0.0000,6.0000,1522.37,0.00,0,0,0.00,0.00,0,0
27252,0.00,0.00,0.00,0.00,0.00,0.00,0.00,0.00,0.00,0.0000,6.0000,1568.20,0.00,0,0,0.00,0.00,0,0
27452,0.00,0.00,0.00,0.00,0.00,0.00,0.00,0.00,0.00,0.0000,6.0000,1566.50,0.00,0,0,0.00,0.00,0,0
27652,0.00,0.00,0.00,0.00,0.00,0.00,0.00,0.00,0.00,0.0000,6.0000,1611.88,0.00,0,0,0.00,0.00,0,0
27852,0.00,0.00,0.00,0.00,0.00,0.00,0.00,0.00,0.00,0.0000,6.0000,1814.46,0.00,0,0,0.00,0.00,0,0
28052,0.00,0.00,0.00,0.00,0.00,0.00,0.00,0.00,0.00,0.0000,6.0000,2021.60,0.00,0,0,0.00,0.00,289,0
28252,0.00,0.00,0.00,0.00,0.00,0.00,0.00,0.00,0.00,0.0000,6.0000,2126.93,0.00,0,0,0.00,0.00,0,647
28452,0.00,0.00,0.00,0.00,0.00,0.00,0.00,0.00,0.00,0.0000,6.0000,2202.07,0.00,0,0,0.00,0.00,2543,1890
28652,0.00,0.00,0.00,0.00,0.00,0.00,0.00,0.00,0.00,0.0000,6.0000,2253.33,0.00,0,0,0.00,0.00,3183,3032
28852,0.00,0.00,0.00,0.00,0.00,0.00,0.00,0.00,0.00,0.0000,6.0000,2276.30,0.00,0,0,0.00,0.00,0,3343
29052,0.00,0.00,0.00,0.00,0.00,0.00,0.00,0.00,0.00,0.0000,6.0000,2283.73,0.00,0,0,0.00,0.00,3563,3321
29252,0.00,0.00,0.00,0.00,0.00,0.00,0.00,0.00,0.00,0.0000,6.0000,2326.78,0.00,0,0,0.00,0.00,4100,3584
29452,0.00,0.00,0.00,0.00,0.00,0.00,0.00,0.00,0.00,0.0000,6.0000,2410.01,0.00,0,0,0.00,0.00,5139,4340
29652,0.00,0.00,0.00,0.00,0.00,0.00,0.00,0.00,0.00,0.0000,6.0000,2429.70,0.00,0,0,0.00,0.00,5385,4879
29852,0.00,0.00,0.00,0.00,0.00,0.00,0.00,0.00,0.00,0.0000,6.0000,1932.17,0.00,0,0,0.00,0.00,0,5327
30052,12.50,50.00,0.00,0.00,0.82,0.00,0.41,0.00,0.00,0.0000,6.0000,2213.39,0.00,0,0,0.00,0.00,2993,4567
30252,9.38,0.00,0.00,0.00,0.61,0.00,0.31,0.00,0.00,0.0000,6.0000,2473.65,0.00,0,0,0.00,0.00,5934,2397
30452,7.03,0.00,0.00,0.00,0.46,0.00,0.23,0.00,0.00,0.0000,6.0000,2640.73,0.00,0,0,0.00,0.00,8021,280
30652,5.27,0.00,0.00,0.00,0.35,0.00,0.17,0.00,0.00,0.0000,6.0000,2702.76,0.00,0,0,0.00,0.00,0,160
30852,3.96,0.00,0.00,0.00,0.26,0.00,0.13,0.00,0.00,0.0000,6.0000,2781.20,0.00,0,0,0.00,0.00,9775,317
31052,2.97,0.00,0.00,0.00,0.19,0.00,0.10,0.00,0.00,0.0000,6.0000,2817.90,0.00,0,0,0.00,0.00,10233,463
31252,2.22,0.00,0.00,0.00,0.15,0.00,0.07,0.00,0.00,0.0000,6.0000,2867.81,0.00,0,0,0.00,0.00,10856,922
31452,1.67,0.00,0.00,0.00,0.11,0.00,0.05,0.00,0.00,0.0000,6.0000,2859.78,0.00,0,0,0.00,0.00,0,1772
31652,1.25,0.00,0.00,0.00,0.08,0.00,0.04,0.00,0.00,0.0000,6.0000,2962.08,0.00,0,0,0.00,0.00,0,2431
31852,0.94,0.00,0.00,0.00,0.06,0.00,0.03,0.00,0.00,0.0000,6.0000,3062.55,0.00,0,0,0.00,0.00,13288,3994
32052,0.70,0.00,0.00,0.00,0.05,0.00,0.02,0.00,0.00,0.0000,6.0000,2953.62,0.00,0,0,0.00,0.00,0,5913
32252,13.03,50.00,12.50,50.00,0.85,0.82,0.84,0.00,0.00,0.0000,6.0000,2449.16,0.00,0,0,0.00,0.00,6301,7403
32452,22.27,50.00,21.88,50.00,1.46,1.43,1.44,0.00,0.00,0.0000,6.0000,1864.30,0.00,0,0,0.00,0.00,0,7447
32652,29.20,50.00,28.91,50.00,1.91,1.89,1.90,0.00,0.00,0.0000,6.0000,1779.30,0.00,0,0,0.00,0.00,0,6591
32852,34.40,50.00,46.68,100.00,2.25,3.06,2.65,0.00,0.00,0.0000,6.0000,2082.08,0.00,0,0,0.00,0.00,2768,4604
33052,50.80,100.00,47.51,50.00,3.32,3.11,3.22,0.00,0.00,0.0000,6.0000,2525.46,0.00,0,0,0.00,0.00,6581,3706
33252,50.60,50.00,48.13,50.00,3.31,3.15,3.23,0.00,0.00,0.0000,6.0000,2785.15,0.00,0,0,0.00,0.00,9824,4996
33452,50.45,50.00,61.10,100.00,3.30,4.00,3.65,0.00,0.00,0.0000,6.0000,2859.52,0.00,0,0,0.00,0.00,0,6621
33652,62.84,100.00,58.32,50.00,4.11,3.82,3.97,0.00,0.00,0.0000,6.0000,2798.78,0.00,0,0,0.00,0.00,9994,9250
33852,84.63,150.00,93.74,200.00,5.54,6.14,5.84,0.00,0.00,0.0000,6.0000,2747.02,0.00,0,0,0.00,0.00,9348,9842
34052,88.47,100.00,95.31,100.00,5.79,6.24,6.01,0.00,0.00,0.0000,6.0000,2870.78,0.00,0,0,0.00,0.00,0,9628
34252,103.85,150.00,71.48,0.00,6.80,4.68,5.74,0.00,0.00,0.0000,6.0000,2892.95,0.00,0,0,0.00,0.00,11170,9687
34452,102.89,100.00,53.61,0.00,6.73,3.51,5.12,0.00,0.00,0.0000,6.0000,3021.75,0.00,0,0,0.00,0.00,12779,10171
34652,114.67,150.00,40.21,0.00,7.50,2.63,5.07,0.00,0.00,0.0000,6.0000,3166.99,0.00,0,0,0.00,0.00,14592,11209
34852,136.00,200.00,55.16,100.00,8.90,3.61,6.26,0.00,0.00,0.0000,6.0000,3226.48,0.00,0,0,0.00,0.00,15335,12069
35052,139.50,150.00,66.37,100.00,9.13,4.34,6.74,0.00,0.00,0.0000,6.0000,3250.85,0.00,0,0,0.00,0.00,0,13414
35252,154.63,200.00,99.78,200.00,10.12,6.53,8.33,0.00,0.00,0.0000,6.0000,3220.83,0.00,0,0,0.00,0.00,0,14723
35452,153.47,150.00,74.83,0.00,10.04,4.90,7.47,0.00,0.00,0.0000,6.0000,3229.01,0.00,0,0,0.00,0.00,16124,15666
35652,165.10,200.00,56.12,0.00,10.81,3.67,7.24,0.00,0.00,0.0000,6.0000,3277.48,0.00,0,0,0.00,0.00,16239,15685
35852,173.83,200.00,42.09,0.00,11.38,2.75,7.07,0.00,0.00,0.0000,6.0000,3329.34,0.00,0,0,0.00,0.00,0,15538
36052,192.87,250.00,56.57,100.00,12.62,3.70,8.16,0.00,0.00,0.0000,6.0000,3431.54,0.00,0,0,0.00,0.00,17896,14519
36252,194.65,200.00,42.43,0.00,12.74,2.78,7.76,0.00,0.00,0.0000,6.0000,3499.00,0.00,0,0,0.00,0.00,18738,15255
36452,195.99,200.00,81.82,200.00,12.83,5.36,9.09,0.00,0.00,0.0000,6.0000,3400.55,0.00,0,0,0.00,0.00,18007,17206
36652,209.49,250.00,61.37,0.00,13.71,4.02,8.86,0.00,0.00,0.0000,6.0000,3334.63,0.00,0,0,0.00,0.00,18864,18195
36852,207.12,200.00,46.02,0.00,13.56,3.01,8.28,0.00,0.00,0.0000,6.0000,3280.74,0.00,0,0,0.00,0.00,19646,19085
37052,217.84,250.00,34.52,0.00,14.26,2.26,8.26,0.00,0.00,0.0000,6.0000,3313.20,0.00,0,0,0.00,0.00,19889,19263
37252,225.88,250.00,25.89,0.00,14.78,1.69,8.24,0.00,0.00,0.0000,6.0000,3311.97,0.00,0,0,0.00,0.00,19890,19267
37452,231.91,250.00,19.42,0.00,15.18,1.27,8.22,0.00,0.00,0.0000,6.0000,3363.94,0.00,0,0,0.00,0.00,19907,19180
37652,236.43,250.00,14.56,0.00,15.47,0.95,8.21,0.00,0.00,0.0000,6.0000,3445.71,0.00,0,0,0.00,0.00,20284,19393
37852,239.82,250.00,10.92,0.00,15.70,0.71,8.21,0.00,0.00,0.0000,6.0000,3444.32,0.00,0,0,0.00,0.00,0,20281
38052,254.87,300.00,8.19,0.00,16.68,0.54,8.61,0.00,0.00,0.0000,6.0000,3399.84,0.00,0,0,0.00,0.00,21127,20328
38252,253.65,250.01,6.14,0.00,16.60,0.40,8.50,0.00,0.00,0.0000,6.0000,3399.94,0.00,0,0,0.00,0.00,21360,20561
38452,265.24,300.00,4.61,0.00,17.36,0.30,8.83,0.00,0.00,0.0000,6.0000,3399.97,0.00,0,0,0.00,0.00,0,20745
38652,261.43,250.00,3.46,0.00,17.11,0.23,8.67,0.00,0.00,0.0000,6.0000,3394.38,0.00,0,0,0.00,0.00,21551,20763
38852,271.07,300.00,2.59,0.00,17.74,0.17,8.96,0.00,0.00,0.0000,6.0000,3364.33,0.00,0,0,0.00,0.00,21738,21010
39052,265.80,250.00,1.94,0.00,17.40,0.13,8.76,0.00,0.00,0.0000,6.0000,3385.39,0.00,0,0,0.00,0.00,0,21342
39252,274.35,300.00,1.46,0.00,17.96,0.10,9.03,0.00,0.00,0.0000,6.0000,3368.42,0.00,0,0,0.00,0.00,0,21277
39452,268.26,249.99,26.09,100.00,17.56,1.71,9.63,0.00,0.00,0.0000,6.0000,3355.06,0.00,0,0,0.00,0.00,21587,20877
39652,276.20,300.01,19.57,0.00,18.08,1.28,9.68,0.00,0.00,0.0000,6.0000,3368.99,0.00,0,0,0.00,0.00,21734,20997
39852,282.15,300.00,14.68,0.00,18.47,0.96,9.71,0.00,0.00,0.0000,6.0000,3047.58,0.00,0,0,0.00,0.00,0,20689
40052,274.11,250.00,11.01,0.00,17.94,0.72,9.33,0.00,0.00,0.0000,6.0000,3295.65,0.00,0,0,0.00,0.00,20858,20267
40252,280.58,300.00,8.26,0.00,18.36,0.54,9.45,0.00,0.00,0.0000,6.0000,3346.57,0.00,0,0,0.00,0.00,0,20907
40452,272.94,250.00,6.19,0.00,17.86,0.41,9.13,0.00,0.00,0.0000,6.0000,3345.17,0.00,0,0,0.00,0.00,0,21075
40652,279.71,300.01,54.64,200.00,18.31,3.58,10.94,0.00,0.00,0.0000,6.0000,3417.54,0.00,0,0,0.00,0.00,21667,20832
40852,272.28,250.00,40.98,0.00,17.82,2.68,10.25,0.00,0.00,0.0000,6.0000,3447.19,0.00,0,0,0.00,0.00,0,21836
41052,279.21,300.00,30.74,0.00,18.27,2.01,10.14,0.00,0.00,0.0000,6.0000,3353.73,0.00,0,0,0.00,0.00,0,22560
41252,284.41,300.00,23.05,0.00,18.61,1.51,10.06,0.00,0.00,0.0000,6.0000,2701.05,0.00,0,0,0.00,0.00,21852,22450
41452,288.31,300.00,17.29,0.00,18.87,1.13,10.00,0.00,0.00,0.0000,6.0000,3160.81,0.00,0,0,0.00,0.00,0,21791
41652,291.23,300.00,12.97,0.00,19.06,0.85,9.95,0.00,0.00,0.0000,6.0000,3420.11,0.00,0,0,0.00,0.00,0,20527
41852,293.42,300.00,9.73,0.00,19.20,0.64,9.92,0.00,0.00,0.0000,6.0000,3578.80,0.00,0,0,0.00,0.00,0,18885
42052,295.07,300.00,7.29,0.00,19.31,0.48,9.89,0.00,0.00,0.0000,6.0000,3709.40,0.00,0,0,0.00,0.00,0,17457
42252,283.80,250.00,55.47,200.00,18.57,3.63,11.10,0.00,0.00,0.0000,6.0000,3737.29,0.00,0,0,0.00,0.00,20000,16887
42452,275.35,250.00,54.10,50.00,18.02,3.54,10.78,0.00,0.00,0.0000,6.0000,3774.31,0.00,0,0,0.00,0.00,0,15958
42652,269.01,250.00,103.08,250.00,17.61,6.75,12.18,0.00,0.00,0.0000,6.0000,3789.48,0.00,0,0,0.00,0.00,20000,15214
42852,264.26,250.00,152.31,300.00,17.30,9.97,13.63,0.00,0.00,0.0000,6.0000,3735.21,0.00,0,0,0.00,0.00,0,15328
43052,260.69,250.00,164.23,200.00,17.06,10.75,13.91,0.00,0.00,0.0000,6.0000,3610.26,0.00,0,0,0.00,0.00,0,14640
43252,245.52,200.00,123.17,0.00,16.07,8.06,12.07,0.00,0.00,0.0000,6.0000,2882.81,0.00,0,0,0.00,0.00,0,14419
43452,234.14,200.00,142.38,200.00,15.32,9.32,12.32,0.00,0.00,0.0000,6.0000,3030.08,0.00,0,0,0.00,0.00,14202,14142
43652,225.61,200.00,131.78,100.00,14.77,8.63,11.70,0.00,0.00,0.0000,6.0000,2980.32,0.00,0,0,0.00,0.00,14030,14070
43852,206.70,150.00,98.84,0.00,13.53,6.47,10.00,0.00,0.00,0.0000,6.0000,2873.86,0.00,0,0,0.00,0.00,13395,13648
44052,205.03,200.00,124.13,200.00,13.42,8.12,10.77,0.00,0.00,0.0000,6.0000,2744.17,0.00,0,0,0.00,0.00,12250,12762
44252,191.27,150.00,118.10,100.00,12.52,7.73,10.12,0.00,0.00,0.0000,6.0000,2756.65,0.00,0,0,0.00,0.00,10977,11464
44452,180.95,150.00,138.57,200.00,11.84,9.07,10.46,0.00,0.00,0.0000,6.0000,2997.93,0.00,0,0,0.00,0.00,0,11143
44652,173.21,150.00,153.93,200.00,11.34,10.07,10.71,0.00,0.00,0.0000,6.0000,3962.25,0.00,0,0,0.00,0.00,20000,11246
44852,167.41,150.00,140.45,100.00,10.96,9.19,10.07,0.00,0.00,0.0000,6.0000,3486.62,0.00,0,0,0.00,0.00,0,11342
45052,163.06,150.00,180.34,300.00,10.67,11.80,11.24,0.00,0.00,0.0000,6.0000,3337.88,0.00,0,0,0.00,0.00,0,11473
45252,159.79,150.00,185.25,200.00,10.46,12.12,11.29,0.00,0.00,0.0000,6.0000,3288.48,0.00,0,0,0.00,0.00,16109,11471
45452,157.35,150.00,201.44,250.00,10.30,13.18,11.74,0.00,0.00,0.0000,6.0000,3301.84,0.00,0,0,0.00,0.00,16276,11825
45652,168.01,200.00,188.58,150.00,11.00,12.34,11.67,0.00,0.00,0.0000,6.0000,3267.31,0.00,0,0,0.00,0.00,15845,12524
45852,163.51,150.00,191.43,200.00,10.70,12.53,11.62,0.00,0.00,0.0000,6.0000,3248.05,0.00,0,0,0.00,0.00,15605,13062
46052,160.13,150.00,143.58,0.00,10.48,9.40,9.94,0.00,0.00,0.0000,6.0000,3312.16,0.00,0,0,0.00,0.00,16405,14425
46252,170.10,200.00,107.68,0.00,11.13,7.05,9.09,0.00,0.00,0.0000,6.0000,4306.19,0.00,0,0,0.00,0.00,20000,15061
46452,177.57,200.00,80.76,0.00,11.62,5.29,8.45,0.00,0.00,0.0022,5.9978,3745.57,0.00,0,0,0.00,0.00,20000,15587
46652,183.18,200.00,60.57,0.00,11.99,3.96,7.98,0.00,0.00,0.0022,5.9978,3508.12,0.00,0,0,0.00,0.00,0,15677
46852,199.88,250.00,70.43,100.00,13.08,4.61,8.85,0.00,0.00,0.0022,5.9978,3405.22,0.00,0,0,0.00,0.00,17567,15528
47052,199.91,200.00,52.82,0.00,13.08,3.46,8.27,0.00,0.00,0.0022,5.9978,3402.14,0.00,0,0,0.00,0.00,0,15697
47252,199.94,200.00,39.62,0.00,13.09,2.59,7.84,0.00,0.00,0.0022,5.9978,3400.88,0.00,0,0,0.00,0.00,17513,16092
47452,199.95,200.00,54.71,100.00,13.09,3.58,8.33,0.00,0.00,0.0022,5.9978,3360.36,0.00,0,0,0.00,0.00,17007,16224
47652,212.46,250.00,66.03,100.00,13.91,4.32,9.11,0.00,0.00,0.0022,5.9978,3383.76,0.00,0,0,0.00,0.00,0,16604
47852,209.35,200.00,74.53,100.00,13.70,4.88,9.29,0.00,0.00,0.0022,5.9978,3425.35,0.00,0,0,0.00,0.00,17859,17009
48052,219.51,250.00,80.89,100.00,14.37,5.29,9.83,0.00,0.00,0.0022,5.9978,3384.78,0.00,0,0,0.00,0.00,18472,17703
48252,214.63,200.00,60.67,0.00,14.05,3.97,9.01,0.00,0.00,0.0022,5.9978,3341.67,0.00,0,0,0.00,0.00,18549,17866
48452,223.47,250.00,45.50,0.00,14.63,2.98,8.80,0.00,0.00,0.0022,5.9978,3376.11,0.00,0,0,0.00,0.00,18667,17915
48652,230.11,250.00,34.13,0.00,15.06,2.23,8.65,0.00,0.00,0.0022,5.9978,3372.36,0.00,0,0,0.00,0.00,0,17786
48852,222.58,200.00,50.60,100.00,14.57,3.31,8.94,0.00,0.00,0.0022,5.9978,3328.20,0.00,0,0,0.00,0.00,0,17783
49052,229.43,250.00,37.95,0.00,15.02,2.48,8.75,0.00,0.00,0.0022,5.9978,3312.99,0.00,0,0,0.00,0.00,0,17810
49252,234.58,250.00,53.46,100.00,15.35,3.50,9.43,0.00,0.00,0.0022,5.9978,3286.28,0.00,0,0,0.00,0.00,0,18027
49452,225.93,200.00,65.09,100.00,14.79,4.26,9.52,0.00,0.00,0.0022,5.9978,3267.34,0.00,0,0,0.00,0.00,18673,18139
49652,231.95,250.00,48.82,0.00,15.18,3.20,9.19,0.00,0.00,0.0022,5.9978,3201.98,0.00,0,0,0.00,0.00,19403,19000
49852,223.96,200.00,36.62,0.00,14.66,2.40,8.53,0.00,0.00,0.0022,5.9978,3148.33,0.00,0,0,0.00,0.00,19834,19538
50052,230.47,250.00,52.46,100.00,15.08,3.43,9.26,0.00,0.00,0.0022,5.9978,3126.36,0.00,0,0,0.00,0.00,20010,19758
50252,235.35,250.00,39.35,0.00,15.40,2.58,8.99,0.00,0.00,0.0022,5.9978,2493.36,0.00,0,0,0.00,0.00,19136,20150
50452,239.02,250.00,29.51,0.00,15.64,1.93,8.79,0.00,0.00,0.0022,5.9978,2830.75,0.00,0,0,0.00,0.00,18828,19167
50652,229.26,200.00,22.13,0.00,15.01,1.45,8.23,0.00,0.00,0.0022,5.9978,2930.67,0.00,0,0,0.00,0.00,18205,18344
50852,234.45,250.00,41.60,100.00,15.34,2.72,9.03,0.00,0.00,0.0022,5.9978,2906.00,0.00,0,0,0.00,0.00,0,17897
51052,225.83,200.00,56.20,100.00,14.78,3.68,9.23,0.00,0.00,0.0022,5.9978,2895.90,0.00,0,0,0.00,0.00,17348,17557
51252,219.38,200.00,117.15,300.00,14.36,7.67,11.01,0.00,0.00,0.0022,5.9978,2904.88,0.00,0,0,0.00,0.00,16813,17004
51452,214.53,200.00,112.86,100.00,14.04,7.39,10.71,0.00,0.00,0.0022,5.9978,2868.56,0.00,0,0,0.00,0.00,0,16397
51652,210.90,200.00,109.65,100.00,13.80,7.18,10.49,0.00,0.00,0.0022,5.9978,2946.16,0.00,0,0,0.00,0.00,0,15762
51852,195.67,150.00,182.23,400.00,12.81,11.93,12.37,0.00,0.00,0.0022,5.9978,2977.95,0.00,0,0,0.00,0.00,0,15493
52052,196.76,200.00,186.68,200.00,12.88,12.22,12.55,0.00,0.00,0.0022,5.9978,3056.57,0.00,0,0,0.00,0.00,0,15314
52252,197.57,200.00,165.01,100.00,12.93,10.80,11.87,0.00,0.00,0.0022,5.9978,3105.84,0.00,0,0,0.00,0.00,15753,15542
52452,198.18,200.00,123.76,0.00,12.97,8.10,10.54,0.00,0.00,0.0022,5.9978,3066.21,0.00,0,0,0.00,0.00,15928,15796
52652,186.13,150.00,117.82,100.00,12.18,7.71,9.95,0.00,0.00,0.0022,5.9978,3087.60,0.00,0,0,0.00,0.00,0,16117
52852,189.60,200.00,88.36,0.00,12.41,5.78,9.10,0.00,0.00,0.0022,5.9978,3067.88,0.00,0,0,0.00,0.00,16324,16189
53052,192.20,200.00,66.27,0.00,12.58,4.34,8.46,0.00,0.00,0.0022,5.9978,3093.40,0.00,0,0,0.00,0.00,16645,16459
53252,194.15,200.00,49.70,0.00,12.71,3.25,7.98,0.00,0.00,0.0022,5.9978,3016.55,0.00,0,0,0.00,0.00,16475,16442
53452,195.61,200.00,37.28,0.00,12.80,2.44,7.62,0.00,0.00,0.0022,5.9978,3783.90,0.00,0,0,0.00,0.00,0,16655
53652,196.71,200.00,52.96,100.00,12.87,3.47,8.17,0.00,0.00,0.0022,5.9978,3353.09,0.00,0,0,0.00,0.00,18249,17543
53852,197.53,200.00,39.72,0.00,12.93,2.60,7.76,0.00,0.00,0.0022,5.9978,3170.22,0.00,0,0,0.00,0.00,18307,17967
54052,210.65,250.01,29.79,0.00,13.79,1.95,7.87,0.00,0.00,0.0022,5.9978,3109.72,0.00,0,0,0.00,0.00,18340,18121
54252,207.99,200.00,22.34,0.00,13.61,1.46,7.54,0.00,0.00,0.0022,5.9978,3076.94,0.00,0,0,0.00,0.00,0,18514
54452,205.99,200.00,16.76,0.00,13.48,1.10,7.29,0.00,0.00,0.0022,5.9978,3012.00,0.00,0,0,0.00,0.00,0,18913
54652,216.99,250.00,37.57,100.00,14.20,2.46,8.33,0.00,0.00,0.0022,5.9978,3006.14,0.00,0,0,0.00,0.00,18976,18964
54852,212.74,200.00,28.18,0.00,13.92,1.84,7.88,0.00,0.00,0.0022,5.9978,2686.77,0.00,0,0,0.00,0.00,18240,18867
55052,209.56,200.00,21.13,0.00,13.72,1.38,7.55,0.00,0.00,0.0022,5.9978,2839.70,0.00,0,0,0.00,0.00,17510,17831
55252,207.17,200.00,15.85,0.00,13.56,1.04,7.30,0.00,0.00,0.0022,5.9978,2801.86,0.00,0,0,0.00,0.00,0,17041
55452,205.38,200.00,11.89,0.00,13.44,0.78,7.11,0.00,0.00,0.0022,5.9978,2703.16,0.00,0,0,0.00,0.00,15391,15985
55652,191.53,150.00,46.41,150.00,12.54,3.04,7.79,0.00,0.00,0.0022,5.9978,2576.66,0.00,0,0,0.00,0.00,13499,14346
55852,181.15,150.00,72.31,150.00,11.86,4.73,8.29,0.00,0.00,0.0022,5.9978,2558.44,0.00,0,0,0.00,0.00,11862,12746
56052,173.36,150.00,79.23,100.00,11.35,5.19,8.27,0.00,0.00,0.0022,5.9978,2530.50,0.00,0,0,0.00,0.00,0,11138
56252,155.02,100.00,84.43,100.00,10.15,5.53,7.84,0.00,0.00,0.0022,5.9978,2513.93,0.00,0,0,0.00,0.00,8083,9056
56452,153.77,150.00,113.32,200.00,10.06,7.42,8.74,0.00,0.00,0.0022,5.9978,2486.67,0.00,0,0,0.00,0.00,6363,7390
56652,140.32,100.00,159.99,300.00,9.18,10.47,9.83,0.00,0.00,0.0022,5.9978,2435.50,0.00,0,0,0.00,0.00,5458,5754
56852,117.74,50.00,194.99,300.00,7.71,12.76,10.23,0.00,0.00,0.0022,5.9978,2422.54,0.00,0,0,0.00,0.00,5296,5231
57052,113.31,100.00,196.24,200.00,7.42,12.84,10.13,0.00,0.00,0.0022,5.9978,2506.83,0.00,0,0,0.00,0.00,0,5671
57252,109.98,100.00,159.68,50.00,7.20,10.45,8.82,0.00,0.00,0.0022,5.9978,2521.84,0.00,0,0,0.00,0.00,6536,6805
57452,107.49,100.00,144.76,100.00,7.03,9.47,8.25,0.00,0.00,0.0022,5.9978,2475.51,0.00,0,0,0.00,0.00,5957,6587
57652,93.11,50.00,133.57,100.00,6.09,8.74,7.42,0.00,0.00,0.0022,5.9978,2378.45,0.00,0,0,0.00,0.00,4745,5175
57852,94.84,100.00,112.68,50.00,6.21,7.37,6.79,0.00,0.00,0.0022,5.9978,2345.09,0.00,0,0,0.00,0.00,0,4099
58052,83.63,50.00,109.51,100.00,5.47,7.17,6.32,0.00,0.00,0.0022,5.9978,2429.99,0.00,0,0,0.00,0.00,5389,1432
58252,75.22,50.00,107.13,100.00,4.92,7.01,5.97,0.00,0.00,0.0022,5.9978,2519.46,0.00,0,0,0.00,0.00,6506,533
58452,81.42,100.00,105.35,100.00,5.33,6.90,6.11,0.00,0.00,0.0022,5.9978,2557.50,0.00,0,0,0.00,0.00,6981,1048
58652,73.56,50.00,91.51,50.00,4.81,5.99,5.40,0.00,0.00,0.0022,5.9978,2464.51,0.00,0,0,0.00,0.00,5820,2114
58852,55.17,0.00,81.13,50.00,3.61,5.31,4.46,0.00,0.00,0.0022,5.9978,2426.42,0.00,0,0,0.00,0.00,5344,3327
59052,53.88,50.00,60.85,0.00,3.53,3.98,3.75,0.00,0.00,0.0022,5.9978,2378.82,0.00,0,0,0.00,0.00,4750,4742
59252,52.91,50.00,83.14,150.00,3.46,5.44,4.45,0.00,0.00,0.0022,5.9978,2273.25,0.00,0,0,0.00,0.00,3432,4357
59452,39.68,0.00,74.85,50.00,2.60,4.90,3.75,0.00,0.00,0.0022,5.9978,2177.52,0.00,0,0,0.00,0.00,2236,2639
59652,42.26,50.00,56.14,0.00,2.77,3.67,3.22,0.00,0.00,0.0022,5.9978,2158.79,0.00,0,0,0.00,0.00,2002,2292
59852,31.70,0.00,79.60,150.00,2.07,5.21,3.64,0.00,0.00,0.0022,5.9978,2117.52,0.00,0,0,0.00,0.00,1487,1904
60052,36.27,50.00,122.20,250.00,2.37,8.00,5.19,0.00,0.00,0.0022,5.9978,2094.22,0.00,0,0,0.00,0.00,1196,1760
60252,27.20,0.00,154.15,250.00,1.78,10.09,5.93,0.00,0.00,0.0022,5.9978,2131.07,0.00,0,0,0.00,0.00,0,1454
60452,20.40,0.00,153.11,150.00,1.34,10.02,5.68,0.00,0.00,0.0022,5.9978,2146.17,0.00,0,0,0.00,0.00,0,1475
60652,15.30,0.00,114.84,0.00,1.00,7.52,4.26,0.00,0.00,0.0022,5.9978,2164.36,0.00,0,0,0.00,0.00,2072,1553
60852,11.48,0.00,86.13,0.00,0.75,5.64,3.19,0.00,0.00,0.0022,5.9978,2150.91,0.00,0,0,0.00,0.00,1904,1575
61052,8.61,0.00,64.60,0.00,0.56,4.23,2.40,0.00,0.00,0.0022,5.9978,2114.29,0.00,0,0,0.00,0.00,1447,1639
61252,6.46,0.00,48.45,0.00,0.42,3.17,1.80,0.00,0.00,0.0022,5.9978,2121.52,0.00,0,0,0.00,0.00,1537,1584
61452,4.84,0.00,36.33,0.00,0.32,2.38,1.35,0.00,0.00,0.0022,5.9978,2142.25,0.00,0,0,0.00,0.00,1796,1614
61652,3.63,0.00,27.25,0.00,0.24,1.78,1.01,0.00,0.00,0.0022,5.9978,2139.32,0.00,0,0,0.00,0.00,1759,1877
61852,2.72,0.00,20.44,0.00,0.18,1.34,0.76,0.00,0.00,0.0022,5.9978,2154.67,0.00,0,0,0.00,0.00,1951,1592
62052,2.04,0.00,15.33,0.00,0.13,1.00,0.57,0.00,0.00,0.0022,5.9978,1856.77,0.00,0,0,0.00,0.00,0,1457
62252,1.53,0.00,11.50,0.00,0.10,0.75,0.43,0.00,0.00,0.0022,5.9978,2059.42,0.00,0,0,0.00,0.00,761,994
62452,1.15,0.00,8.62,0.00,0.08,0.56,0.32,0.00,0.00,0.0022,5.9978,2142.42,0.00,0,0,0.00,0.00,1798,85
62652,0.86,0.00,6.47,0.00,0.06,0.42,0.24,0.00,0.00,0.0022,5.9978,2196.89,0.00,0,0,0.00,0.00,2478,574
62852,0.65,0.00,4.85,0.00,0.04,0.32,0.18,0.00,0.00,0.0022,5.9978,2198.73,0.00,0,0,0.00,0.00,2501,1362
63052,0.48,0.00,3.64,0.00,0.03,0.24,0.13,0.00,0.00,0.0022,5.9978,2199.48,0.00,0,0,0.00,0.00,2511,1919
63252,0.36,0.00,2.73,0.00,0.02,0.18,0.10,0.00,0.00,0.0022,5.9978,2239.79,0.00,0,0,0.00,0.00,3014,2493
63452,0.27,0.00,2.05,0.00,0.02,0.13,0.08,0.00,0.00,0.0022,5.9978,2334.38,0.00,0,0,0.00,0.00,4195,3655
63652,0.20,0.00,1.53,0.00,0.01,0.10,0.06,0.00,0.00,0.0022,5.9978,2373.12,0.00,0,0,0.00,0.00,4679,4573
63852,0.15,0.00,1.15,0.00,0.01,0.08,0.04,0.00,0.00,0.0022,5.9978,2262.91,0.00,0,0,0.00,0.00,3303,4400
64052,0.12,0.00,0.86,0.00,0.01,0.06,0.03,0.00,0.00,0.0022,5.9978,2128.17,0.00,0,0,0.00,0.00,1620,2869
64252,0.09,0.00,0.65,0.00,0.01,0.04,0.02,0.00,0.00,0.0022,5.9978,2222.10,0.00,0,0,0.00,0.00,0,1875
64452,0.06,0.00,0.49,0.00,0.00,0.03,0.02,0.00,0.00,0.0022,5.9978,2359.13,0.00,0,0,0.00,0.00,0,604
64652,0.05,0.00,0.36,0.00,0.00,0.02,0.01,0.00,0.00,0.0022,5.9978,2383.26,0.00,0,0,0.00,0.00,4805,132
64852,0.04,0.00,0.27,0.00,0.00,0.02,0.01,0.00,0.00,0.0022,5.9978,2433.14,0.00,0,0,0.00,0.00,5428,1674
65052,0.03,0.00,0.20,0.00,0.00,0.01,0.01,0.00,0.00,0.0022,5.9978,2445.58,0.00,0,0,0.00,0.00,5584,4539
65252,0.02,0.00,0.15,0.00,0.00,0.01,0.01,0.00,0.00,0.0022,5.9978,2399.15,0.00,0,0,0.00,0.00,5004,5817
65452,12.52,50.00,0.12,0.00,0.82,0.01,0.41,0.00,0.00,0.0022,5.9978,2275.49,0.00,0,0,0.00,0.00,3792,5242
65652,9.39,0.00,0.09,0.00,0.61,0.01,0.31,0.00,0.00,0.0022,5.9978,2446.60,0.00,0,0,0.00,0.00,0,4503
65852,7.04,0.00,12.56,50.00,0.46,0.82,0.64,0.00,0.00,0.0022,5.9978,2562.77,0.00,0,0,0.00,0.00,7047,4687
66052,17.78,50.00,59.42,200.00,1.16,3.89,2.53,0.00,0.00,0.0022,5.9978,2515.34,0.00,0,0,0.00,0.00,6455,5057
66252,13.33,0.00,44.57,0.00,0.87,2.92,1.89,0.00,0.00,0.0022,5.9978,2382.88,0.00,0,0,0.00,0.00,4801,4789
66452,22.50,50.00,45.93,50.00,1.47,3.01,2.24,0.00,0.00,0.0022,5.9978,2576.67,0.00,0,0,0.00,0.00,0,4792
66652,16.88,0.00,46.94,50.00,1.10,3.07,2.09,0.00,0.00,0.0022,5.9978,2642.92,0.00,0,0,0.00,0.00,0,5137
66852,25.16,50.00,85.21,200.00,1.65,5.58,3.61,0.00,0.00,0.0022,5.9978,2479.98,0.00,0,0,0.00,0.00,0,5105
67052,31.37,50.00,76.41,50.00,2.05,5.00,3.53,0.00,0.00,0.0022,5.9978,2549.88,0.00,0,0,0.00,0.00,6886,4332
67252,36.03,50.00,119.81,250.01,2.36,7.84,5.10,0.00,0.00,0.0022,5.9978,2795.78,0.00,0,0,0.00,0.00,9957,4267
67452,27.02,0.00,177.35,350.00,1.77,11.61,6.69,0.00,0.00,0.0022,5.9978,2732.67,0.00,0,0,0.00,0.00,9169,4570
67652,32.76,50.00,133.02,0.00,2.14,8.71,5.43,0.00,0.00,0.0022,5.9978,2659.47,0.00,0,0,0.00,0.00,8255,4920
67852,37.07,50.00,112.26,50.00,2.43,7.35,4.89,0.00,0.00,0.0022,5.9978,2448.68,0.00,0,0,0.00,0.00,0,5729
68052,40.31,50.00,96.70,50.00,2.64,6.33,4.48,0.00,0.00,0.0022,5.9978,2716.26,0.00,0,0,0.00,0.00,0,6000
68252,42.73,50.00,85.02,50.00,2.80,5.56,4.18,0.00,0.00,0.0022,5.9978,2575.62,0.00,0,0,0.00,0.00,7208,6326
68452,57.05,100.00,176.27,450.00,3.73,11.54,7.64,0.00,0.00,0.0022,5.9978,2529.53,0.00,0,0,0.00,0.00,6632,7015
68652,67.78,100.00,169.70,150.00,4.44,11.11,7.77,0.00,0.00,0.0022,5.9978,2499.14,0.00,0,0,0.00,0.00,0,6448
68852,75.84,100.00,164.78,150.00,4.96,10.78,7.87,0.00,0.00,0.0022,5.9978,2480.61,0.00,0,0,0.00,0.00,6021,4750
69052,69.38,50.00,148.58,100.00,4.54,9.72,7.13,0.00,0.00,0.0022,5.9978,2433.02,0.00,0,0,0.00,0.00,5427,5312
69252,77.03,100.00,186.44,300.01,5.04,12.20,8.62,0.00,0.00,0.0022,5.9978,2576.72,0.00,0,0,0.00,0.00,0,5419
69452,82.78,100.00,164.83,100.00,5.42,10.79,8.10,0.00,0.00,0.0022,5.9978,2590.47,0.00,0,0,0.00,0.00,7393,6546
69652,87.08,100.00,148.62,100.00,5.70,9.73,7.71,0.00,0.00,0.0022,5.9978,2458.50,0.00,0,0,0.00,0.00,6723,7807
69852,77.81,50.00,136.47,100.00,5.09,8.93,7.01,0.00,0.00,0.0022,5.9978,2577.31,0.00,0,0,0.00,0.00,7229,7540
70052,83.36,100.00,152.35,200.00,5.46,9.97,7.71,0.00,0.00,0.0022,5.9978,2565.11,0.00,0,0,0.00,0.00,7076,7046
70252,87.52,100.00,164.26,200.00,5.73,10.75,8.24,0.00,0.00,0.0022,5.9978,2574.19,0.00,0,0,0.00,0.00,7190,6795
70452,90.64,100.00,123.20,0.00,5.93,8.06,7.00,0.00,0.00,0.0022,5.9978,2523.83,0.00,0,0,0.00,0.00,6561,7274
70652,92.98,100.00,104.90,50.00,6.09,6.87,6.48,0.00,0.00,0.0022,5.9978,2412.64,0.00,0,0,0.00,0.00,5172,5909
70852,94.73,100.00,116.17,150.00,6.20,7.60,6.90,0.00,0.00,0.0022,5.9978,2523.26,0.00,0,0,0.00,0.00,0,6030
71052,83.55,50.00,137.13,200.00,5.47,8.98,7.22,0.00,0.00,0.0022,5.9978,2496.57,0.00,0,0,0.00,0.00,6220,6457
71252,87.66,100.00,177.85,300.01,5.74,11.64,8.69,0.00,0.00,0.0022,5.9978,2407.55,0.00,0,0,0.00,0.00,5109,6271
71452,90.75,100.00,158.39,100.00,5.94,10.37,8.15,0.00,0.00,0.0022,5.9978,2526.29,0.00,0,0,0.00,0.00,6592,6169
71652,93.06,100.00,193.79,300.01,6.09,12.68,9.39,0.00,0.00,0.0022,5.9978,2544.21,0.00,0,0,0.00,0.00,6815,6467
71852,82.30,50.00,220.34,300.00,5.39,14.42,9.90,0.00,0.00,0.0022,5.9978,2393.47,0.00,0,0,0.00,0.00,5221,6435
72052,86.72,100.00,177.76,50.00,5.68,11.63,8.66,0.00,0.00,0.0022,5.9978,2494.93,0.00,0,0,0.00,0.00,6200,5416
72252,90.04,100.00,170.82,150.00,5.89,11.18,8.54,0.00,0.00,0.0022,5.9978,2556.96,0.00,0,0,0.00,0.00,6975,5182
72452,80.03,50.00,140.61,50.00,5.24,9.20,7.22,0.00,0.00,0.0022,5.9978,2582.37,0.00,0,0,0.00,0.00,0,6494
72652,85.02,100.00,117.96,50.00,5.56,7.72,6.64,0.00,0.00,0.0022,5.9978,2394.70,0.00,0,0,0.00,0.00,5997,7208
72852,88.77,100.00,113.47,100.00,5.81,7.43,6.62,0.00,0.00,0.0022,5.9978,2449.35,0.00,0,0,0.00,0.00,5631,5996
73052,91.58,100.00,110.10,100.00,5.99,7.21,6.60,0.00,0.00,0.0022,5.9978,2506.29,0.00,0,0,0.00,0.00,6342,4623
73252,81.18,50.00,132.58,200.00,5.31,8.68,7.00,0.00,0.00,0.0022,5.9978,2521.62,0.00,0,0,0.00,0.00,6533,4768
73452,85.89,100.00,136.93,150.00,5.62,8.96,7.29,0.00,0.00,0.0022,5.9978,2470.30,0.00,0,0,0.00,0.00,0,4723
73652,76.91,50.00,115.20,50.00,5.03,7.54,6.29,0.00,0.00,0.0022,5.9978,2310.71,0.00,0,0,0.00,0.00,3900,4364
73852,82.69,100.00,86.40,0.00,5.41,5.65,5.53,0.00,0.00,0.0022,5.9978,2539.11,0.00,0,0,0.00,0.00,6752,3959
74052,74.51,50.00,127.30,250.00,4.88,8.33,6.60,0.00,0.00,0.0022,5.9978,2693.14,0.00,0,0,0.00,0.00,8675,4000
74252,68.39,50.00,107.97,50.00,4.48,7.07,5.77,0.00,0.00,0.0022,5.9978,2631.75,0.00,0,0,0.00,0.00,7908,5042
74452,76.29,100.00,105.98,100.00,4.99,6.94,5.96,0.00,0.00,0.0022,5.9978,2377.80,0.00,0,0,0.00,0.00,5253,6498
74652,69.72,50.00,141.99,250.00,4.56,9.29,6.93,0.00,0.00,0.0022,5.9978,2462.91,0.00,0,0,0.00,0.00,0,6340
74852,77.29,100.00,156.49,200.00,5.06,10.24,7.65,0.00,0.00,0.0022,5.9978,2543.85,0.00,0,0,0.00,0.00,6811,6258
75052,82.97,100.00,167.37,200.00,5.43,10.95,8.19,0.00,0.00,0.0022,5.9978,2571.25,0.00,0,0,0.00,0.00,7153,6546
75252,87.22,100.00,238.03,450.00,5.71,15.58,10.64,0.00,0.00,0.0022,5.9978,2620.56,0.00,0,0,0.00,0.00,7769,6286
75452,90.42,100.00,241.02,250.00,5.92,15.77,10.85,0.00,0.00,0.0022,5.9978,2674.02,0.00,0,0,0.00,0.00,8436,6210
75652,92.81,100.00,230.76,200.00,6.07,15.10,10.59,0.00,0.00,0.0022,5.9978,2558.32,0.00,0,0,0.00,0.00,6992,6878
75852,82.11,50.00,210.57,150.00,5.37,13.78,9.58,0.00,0.00,0.0022,5.9978,2479.25,0.00,0,0,0.00,0.00,6004,6648
76052,86.58,100.00,182.93,100.00,5.67,11.97,8.82,0.00,0.00,0.0022,5.9978,2616.14,0.00,0,0,0.00,0.00,7714,5596
76252,89.94,100.00,162.20,100.00,5.89,10.62,8.25,0.00,0.00,0.0022,5.9978,2632.21,0.00,0,0,0.00,0.00,7914,5071
76452,92.45,100.00,171.65,200.00,6.05,11.23,8.64,0.00,0.00,0.0022,5.9978,2613.19,0.00,0,0,0.00,0.00,7677,5953
76652,94.34,100.00,178.74,200.00,6.17,11.70,8.94,0.00,0.00,0.0022,5.9978,2447.32,0.00,0,0,0.00,0.00,0,6615
76852,83.25,50.00,146.55,50.00,5.45,9.59,7.52,0.00,0.00,0.0022,5.9978,2490.42,0.00,0,0,0.00,0.00,6144,5285
77052,87.44,100.00,159.91,200.00,5.72,10.47,8.09,0.00,0.00,0.0022,5.9978,2555.12,0.00,0,0,0.00,0.00,0,4891
77252,90.58,100.00,157.44,150.00,5.93,10.30,8.12,0.00,0.00,0.0022,5.9978,2541.62,0.00,0,0,0.00,0.00,6783,5168
77452,80.44,50.00,143.08,100.00,5.26,9.36,7.31,0.00,0.00,0.0022,5.9978,2360.41,0.00,0,0,0.00,0.00,0,5599
77652,72.83,50.00,157.31,200.00,4.77,10.30,7.53,0.00,0.00,0.0022,5.9978,2541.86,0.00,0,0,0.00,0.00,6786,4578
77852,79.62,100.00,155.48,150.00,5.21,10.18,7.69,0.00,0.00,0.0022,5.9978,2662.27,0.00,0,0,0.00,0.00,0,4753
78052,72.22,50.00,229.11,450.01,4.73,15.00,9.86,0.00,0.00,0.0022,5.9978,2626.73,0.00,0,0,0.00,0.00,0,4746
78252,66.66,50.00,184.33,50.00,4.36,12.06,8.21,0.00,0.00,0.0022,5.9978,2400.29,0.00,0,0,0.00,0.00,5018,4932
78452,75.00,100.00,150.75,50.00,4.91,9.87,7.39,0.00,0.00,0.0022,5.9978,2451.64,0.00,0,0,0.00,0.00,5659,4690
78652,68.75,50.00,175.56,250.00,4.50,11.49,8.00,0.00,0.00,0.0022,5.9978,2625.31,0.00,0,0,0.00,0.00,7828,4541
78852,64.06,50.00,144.17,50.00,4.19,9.44,6.81,0.00,0.00,0.0022,5.9978,2719.31,0.00,0,0,0.00,0.00,9002,4485
79052,48.05,0.00,120.63,50.00,3.14,7.90,5.52,0.00,0.00,0.0022,5.9978,2511.27,0.00,0,0,0.00,0.00,6404,5190
79252,48.53,50.00,102.97,50.00,3.18,6.74,4.96,0.00,0.00,0.0022,5.9978,2557.58,0.00,0,0,0.00,0.00,0,5917
79452,48.90,50.00,89.73,50.00,3.20,5.87,4.54,0.00,0.00,0.0022,5.9978,2640.22,0.00,0,0,0.00,0.00,0,6310
79652,49.18,50.00,104.80,150.00,3.22,6.86,5.04,0.00,0.00,0.0022,5.9978,2406.88,0.00,0,0,0.00,0.00,5270,6457
79852,61.88,100.00,103.60,100.00,4.05,6.78,5.42,0.00,0.00,0.0022,5.9978,2462.34,0.00,0,0,0.00,0.00,5793,5526
80052,58.91,50.00,90.20,50.00,3.86,5.90,4.88,0.00,0.00,0.0022,5.9978,2569.21,0.00,0,0,0.00,0.00,7128,6331
80252,69.18,100.00,92.65,100.00,4.53,6.06,5.30,0.00,0.00,0.0022,5.9978,2417.79,0.00,0,0,0.00,0.00,6224,7389
80452,76.89,100.00,106.99,150.00,5.03,7.00,6.02,0.00,0.00,0.0022,5.9978,2504.89,0.00,0,0,0.00,0.00,0,6747
80652,82.67,100.00,105.24,100.00,5.41,6.89,6.15,0.00,0.00,0.0022,5.9978,2561.04,0.00,0,0,0.00,0.00,7026,5970
80852,87.00,100.00,103.93,100.00,5.69,6.80,6.25,0.00,0.00,0.0022,5.9978,2526.44,0.00,0,0,0.00,0.00,0,6363
81052,77.75,50.00,77.95,0.00,5.09,5.10,5.10,0.00,0.00,0.0022,5.9978,2687.95,0.00,0,0,0.00,0.00,8610,6427
81252,83.31,100.00,83.46,100.00,5.45,5.46,5.46,0.00,0.00,0.0022,5.9978,2616.50,0.00,0,0,0.00,0.00,0,6925
81452,87.48,100.00,112.60,200.00,5.73,7.37,6.55,0.00,0.00,0.0022,5.9978,2735.10,0.00,0,0,0.00,0.00,9199,7625
81652,103.11,150.00,109.45,100.00,6.75,7.16,6.96,0.00,0.00,0.0022,5.9978,2693.42,0.00,0,0,0.00,0.00,8848,9462
81852,102.33,100.00,132.08,200.00,6.70,8.64,7.67,0.00,0.00,0.0022,5.9978,2710.26,0.00,0,0,0.00,0.00,8889,9231
82052,101.75,100.00,99.06,0.00,6.66,6.48,6.57,0.00,0.00,0.0022,5.9978,2763.24,0.00,0,0,0.00,0.00,9551,8486
82252,101.31,100.00,111.80,150.00,6.63,7.32,6.97,0.00,0.00,0.0022,5.9978,2773.42,0.00,0,0,0.00,0.00,0,8271
82452,100.98,100.00,108.85,100.00,6.61,7.12,6.87,0.00,0.00,0.0022,5.9978,2803.51,0.00,0,0,0.00,0.00,10053,8762
82652,113.24,150.00,119.14,150.00,7.41,7.80,7.60,0.00,0.00,0.0022,5.9978,2761.44,0.00,0,0,0.00,0.00,9528,9684
82852,109.93,100.00,114.35,100.00,7.19,7.48,7.34,0.00,0.00,0.0022,5.9978,2763.73,0.00,0,0,0.00,0.00,9557,9453
83052,107.45,100.00,110.76,100.00,7.03,7.25,7.14,0.00,0.00,0.0022,5.9978,2785.14,0.00,0,0,0.00,0.00,0,9550
83252,118.09,150.00,108.07,100.00,7.73,7.07,7.40,0.00,0.00,0.0022,5.9978,2428.15,0.00,0,0,0.00,0.00,8339,9483
83452,113.56,100.00,106.05,100.00,7.43,6.94,7.19,0.00,0.00,0.0022,5.9978,2601.61,0.00,0,0,0.00,0.00,7532,8084
83652,110.17,100.00,117.04,150.00,7.21,7.66,7.44,0.00,0.00,0.0022,5.9978,2804.82,0.00,0,0,0.00,0.00,0,7616
83852,107.63,100.00,112.78,100.00,7.04,7.38,7.21,0.00,0.00,0.0022,5.9978,2787.95,0.00,0,0,0.00,0.00,9859,7864
84052,105.72,100.00,109.59,100.00,6.92,7.17,7.05,0.00,0.00,0.0022,5.9978,2736.51,0.00,0,0,0.00,0.00,9217,8653
84252,116.79,150.00,144.69,250.00,7.64,9.47,8.56,0.00,0.00,0.0022,5.9978,2831.59,0.00,0,0,0.00,0.00,0,9485
84452,112.59,100.00,158.52,200.00,7.37,10.37,8.87,0.00,0.00,0.0022,5.9978,2834.84,0.00,0,0,0.00,0.00,0,9605
84652,121.95,150.00,143.89,100.00,7.98,9.42,8.70,0.00,0.00,0.0022,5.9978,2974.71,0.00,0,0,0.00,0.00,12191,9590
84852,116.46,100.00,145.42,150.00,7.62,9.52,8.57,0.00,0.00,0.0022,5.9978,2996.78,0.00,0,0,0.00,0.00,12467,9946
85052,124.84,150.00,171.56,250.00,8.17,11.23,9.70,0.00,0.00,0.0022,5.9978,2480.89,0.00,0,0,0.00,0.00,0,9985
85252,131.13,150.00,153.67,100.00,8.58,10.06,9.32,0.00,0.00,0.0022,5.9978,2884.97,0.00,0,0,0.00,0.00,11071,9007
85452,123.35,100.00,177.75,250.00,8.07,11.63,9.85,0.00,0.00,0.0022,5.9978,2938.48,0.00,0,0,0.00,0.00,11739,7453
85652,130.01,150.00,145.82,50.00,8.51,9.54,9.03,0.00,0.00,0.0022,5.9978,3086.80,0.00,0,0,0.00,0.00,0,7319
85852,122.51,100.00,109.36,0.00,8.02,7.16,7.59,0.00,0.00,0.0022,5.9978,3139.23,0.00,0,0,0.00,0.00,14246,7907
86052,116.88,100.00,119.52,150.00,7.65,7.82,7.74,0.00,0.00,0.0022,5.9978,3019.91,0.00,0,0,0.00,0.00,12756,9714
86252,125.16,150.00,139.64,200.00,8.19,9.14,8.67,0.00,0.00,0.0022,5.9978,3033.76,0.00,0,0,0.00,0.00,12929,11471
86452,131.37,150.00,142.23,150.00,8.60,9.31,8.95,0.00,0.00,0.0022,5.9978,2950.15,0.00,0,0,0.00,0.00,0,7682
86652,123.53,100.00,131.67,100.00,8.08,8.62,8.35,0.00,0.00,0.0022,5.9978,3137.66,0.00,0,0,0.00,0.00,0,5821
86852,117.65,100.00,98.75,0.00,7.70,6.46,7.08,0.00,0.00,0.0022,5.9978,3128.08,0.00,0,0,0.00,0.00,0,5710
87052,113.23,100.00,136.57,250.00,7.41,8.94,8.17,0.00,0.00,0.0022,5.9978,2686.96,0.00,0,0,0.00,0.00,8598,5995
87252,109.93,100.00,114.92,50.00,7.19,7.52,7.36,0.00,0.00,0.0022,5.9978,2702.18,0.00,0,0,0.00,0.00,8788,6548
87452,107.44,100.00,123.69,150.00,7.03,8.10,7.56,0.00,0.00,0.0022,5.9978,2609.85,0.00,0,0,0.00,0.00,0,7653
87652,105.58,100.00,167.77,300.00,6.91,10.98,8.95,0.00,0.00,0.0022,5.9978,2779.72,0.00,0,0,0.00,0.00,9756,7813
87852,104.19,100.00,175.83,200.00,6.82,11.51,9.16,0.00,0.00,0.0022,5.9978,2759.69,0.00,0,0,0.00,0.00,9506,8098
88052,115.64,150.00,156.87,100.00,7.57,10.27,8.92,0.00,0.00,0.0022,5.9978,2763.01,0.00,0,0,0.00,0.00,9548,8780
88252,111.73,100.00,167.65,200.00,7.31,10.97,9.14,0.00,0.00,0.0022,5.9978,2633.74,0.00,0,0,0.00,0.00,8740,9473
88452,108.80,100.00,150.74,100.00,7.12,9.87,8.49,0.00,0.00,0.0022,5.9978,2771.90,0.00,0,0,0.00,0.00,0,7966
88652,106.60,100.00,150.55,150.00,6.98,9.85,8.42,0.00,0.00,0.0022,5.9978,3024.65,0.00,0,0,0.00,0.00,12815,5103
88852,117.45,150.00,137.92,100.00,7.69,9.03,8.36,0.00,0.00,0.0022,5.9978,3083.06,0.00,0,0,0.00,0.00,0,3496
89052,100.59,50.00,128.44,100.00,6.58,8.41,7.49,0.00,0.00,0.0022,5.9978,3085.54,0.00,0,0,0.00,0.00,0,2417
89252,100.44,100.00,108.83,50.00,6.57,7.12,6.85,0.00,0.00,0.0022,5.9978,3178.72,0.00,0,0,0.00,0.00,0,1054
89452,100.33,100.00,131.62,200.00,6.57,8.61,7.59,0.00,0.00,0.0022,5.9978,3059.82,0.00,0,0,0.00,0.00,0,762
89652,87.75,50.00,161.22,250.00,5.74,10.55,8.15,0.00,0.00,0.0022,5.9978,2866.42,0.00,0,0,0.00,0.00,10839,1129
89852,90.81,100.00,145.91,100.00,5.94,9.55,7.75,0.00,0.00,0.0022,5.9978,2611.53,0.00,0,0,0.00,0.00,7656,1763
90052,80.61,50.00,121.93,50.00,5.28,7.98,6.63,0.00,0.00,0.0022,5.9978,2354.16,0.00,0,0,0.00,0.00,4442,3847
90252,72.96,50.00,103.95,50.00,4.77,6.80,5.79,0.00,0.00,0.0022,5.9978,1749.54,0.00,0,0,0.00,0.00,0,4503
90452,67.22,50.00,115.46,150.00,4.40,7.56,5.98,0.00,0.00,0.0022,5.9978,2104.79,0.00,0,0,0.00,0.00,0,3360
90652,62.91,50.00,99.10,50.00,4.12,6.49,5.30,0.00,0.00,0.0022,5.9978,2304.68,0.00,0,0,0.00,0.00,3824,794
90852,59.68,50.00,86.82,50.00,3.91,5.68,4.79,0.00,0.00,0.0022,5.9978,2354.56,0.00,0,0,0.00,0.00,4447,-194
91052,57.26,50.00,77.62,50.00,3.75,5.08,4.41,0.00,0.00,0.0022,5.9978,2223.31,0.00,0,0,0.00,0.00,2808,287
91252,42.95,0.00,70.71,50.00,2.81,4.63,3.72,0.00,0.00,0.0022,5.9978,2085.07,0.00,0,0,0.00,0.00,1082,1367
91452,44.71,50.00,53.03,0.00,2.93,3.47,3.20,0.00,0.00,0.0022,5.9978,1884.76,0.00,0,0,0.00,0.00,0,237
91652,33.53,0.00,52.28,50.00,2.19,3.42,2.81,0.00,0.00,0.0022,5.9978,1966.24,0.00,0,0,0.00,0.00,0,0
91852,37.65,50.00,39.21,0.00,2.46,2.57,2.52,0.00,0.00,0.0022,5.9978,2104.25,0.00,0,0,0.00,0.00,1321,245
92052,28.24,0.00,66.91,150.00,1.85,4.38,3.11,0.00,0.00,0.0022,5.9978,2002.70,0.00,0,0,0.00,0.00,53,593
92252,21.18,0.00,50.18,0.00,1.39,3.28,2.34,0.00,0.00,0.0022,5.9978,1843.03,0.00,0,0,0.00,0.00,0,342
92452,28.38,50.00,125.13,350.00,1.86,8.19,5.02,0.00,0.00,0.0022,5.9978,1601.94,0.00,0,0,0.00,0.00,0,0
92652,21.29,0.00,193.85,400.00,1.39,12.69,7.04,0.00,0.00,0.0022,5.9978,1410.72,0.00,0,0,0.00,0.00,0,0
92852,15.97,0.00,232.89,350.00,1.04,15.24,8.14,0.00,0.00,0.0022,5.9978,1193.83,0.00,0,0,0.00,0.00,0,0
93052,11.97,0.00,249.67,300.00,0.78,16.34,8.56,0.00,0.00,0.0022,5.9978,1013.79,0.00,0,0,0.00,0.00,0,0
93252,8.98,0.00,249.75,250.00,0.59,16.35,8.47,0.00,0.00,0.0022,5.9978,847.57,0.00,0,0,0.00,0.00,0,0
93452,6.74,0.00,212.31,100.00,0.44,13.90,7.17,0.00,0.00,0.0022,5.9978,721.88,0.00,0,0,0.00,0.00,0,0
93652,5.05,0.00,184.23,100.00,0.33,12.06,6.19,0.00,0.00,0.0022,5.9978,584.32,0.00,0,0,0.00,0.00,0,0
93852,3.79,0.00,138.18,0.00,0.25,9.04,4.65,0.00,0.00,0.0022,5.9978,435.50,0.00,0,0,0.00,0.00,0,0
94052,2.84,0.00,103.63,0.00,0.19,6.78,3.48,0.00,0.00,0.0022,5.9978,316.94,0.00,0,0,0.00,0.00,0,0
94252,2.13,0.00,77.72,0.00,0.14,5.09,2.61,0.00,0.00,0.0022,5.9978,207.90,0.00,0,0,0.00,0.00,0,0
94452,1.60,0.00,58.29,0.00,0.10,3.82,1.96,0.00,0.00,0.0022,5.9978,145.64,0.00,0,0,0.00,0.00,0,0
94652,1.20,0.00,43.72,0.00,0.08,2.86,1.47,0.00,0.00,0.0022,5.9978,59.65,0.00,0,0,0.00,0.00,0,0
94852,0.90,0.00,32.79,0.00,0.06,2.15,1.10,0.00,0.00,0.0022,5.9978,24.43,0.00,0,0,0.00,0.00,0,0
95052,0.67,0.00,24.59,0.00,0.04,1.61,0.83,0.00,0.00,0.0022,5.9978,10.01,0.00,0,0,0.00,0.00,0,0
95252,0.51,0.00,18.44,0.00,0.03,1.21,0.62,0.00,0.00,0.0022,5.9978,4.10,0.00,0,0,0.00,0.00,0,0
95452,0.38,0.00,13.83,0.00,0.02,0.91,0.47,0.00,0.00,0.0022,5.9978,1.68,0.00,0,0,0.00,0.00,0,0
95652,0.28,0.00,10.37,0.00,0.02,0.68,0.35,0.00,0.00,0.0022,5.9978,0.69,0.00,0,0,0.00,0.00,0,0
95852,0.21,0.00,7.78,0.00,0.01,0.51,0.26,0.00,0.00,0.0022,5.9978,0.28,0.00,0,0,0.00,0.00,0,0
96052,0.16,0.00,5.84,0.00,0.01,0.38,0.20,0.00,0.00,0.0022,5.9978,0.12,0.00,0,0,0.00,0.00,0,0
96252,0.12,0.00,4.38,0.00,0.01,0.29,0.15,0.00,0.00,0.0022,5.9978,0.05,0.00,0,0,0.00,0.00,0,0
96452,0.09,0.00,3.28,0.00,0.01,0.21,0.11,0.00,0.00,0.0022,5.9978,0.02,0.00,0,0,0.00,0.00,0,0
96652,0.07,0.00,2.46,0.00,0.00,0.16,0.08,0.00,0.00,0.0022,5.9978,0.01,0.00,0,0,0.00,0.00,0,0
96852,0.05,0.00,1.85,0.00,0.00,0.12,0.06,0.00,0.00,0.0022,5.9978,0.00,0.00,0,0,0.00,0.00,0,0
97052,0.04,0.00,1.38,0.00,0.00,0.09,0.05,0.00,0.00,0.0022,5.9978,0.00,0.00,0,0,0.00,0.00,0,0
97252,0.03,0.00,1.04,0.00,0.00,0.07,0.03,0.00,0.00,0.0022,5.9978,0.00,0.00,0,0,0.00,0.00,0,0
97452,0.02,0.00,0.78,0.00,0.00,0.05,0.03,0.00,0.00,0.0022,5.9978,0.00,0.00,0,0,0.00,0.00,0,0
97652,0.02,0.00,0.58,0.00,0.00,0.04,0.02,0.00,0.00,0.0022,5.9978,0.00,0.00,0,0,0.00,0.00,0,0
97852,0.01,0.00,0.44,0.00,0.00,0.03,0.01,0.00,0.00,0.0022,5.9978,0.00,0.00,0,0,0.00,0.00,0,0
98052,0.01,0.00,0.33,0.00,0.00,0.02,0.01,0.00,0.00,0.0022,5.9978,0.00,0.00,0,0,0.00,0.00,0,0
98252,0.01,0.00,0.25,0.00,0.00,0.02,0.01,0.00,0.00,0.0022,5.9978,0.00,0.00,0,0,0.00,0.00,0,0
98452,0.01,0.00,0.18,0.00,0.00,0.01,0.01,0.00,0.00,0.0022,5.9978,0.00,0.00,0,0,0.00,0.00,0,0
98652,0.00,0.00,0.14,0.00,0.00,0.01,0.00,0.00,0.00,0.0022,5.9978,0.00,0.00,0,0,0.00,0.00,0,0
98852,0.00,0.00,0.10,0.00,0.00,0.01,0.00,0.00,0.00,0.0022,5.9978,0.00,0.00,0,0,0.00,0.00,0,0
99052,0.00,0.00,0.08,0.00,0.00,0.01,0.00,0.00,0.00,0.0022,5.9978,0.00,0.00,0,0,0.00,0.00,0,0
99252,0.00,0.00,0.06,0.00,0.00,0.00,0.00,0.00,0.00,0.0022,5.9978,0.00,0.00,0,0,0.00,0.00,0,0
99452,0.00,0.00,0.04,0.00,0.00,0.00,0.00,0.00,0.00,0.0022,5.9978,0.00,0.00,0,0,0.00,0.00,0,0
99652,0.00,0.00,0.03,0.00,0.00,0.00,0.00,0.00,0.00,0.0022,5.9978,0.00,0.00,0,0,0.00,0.00,0,0
99852,0.00,0.00,0.02,0.00,0.00,0.00,0.00,0.00,0.00,0.0022,5.9978,0.00,0.00,0,0,0.00,0.00,0,0
100052,0.00,0.00,0.02,0.00,0.00,0.00,0.00,0.00,0.00,0.0022,5.9978,0.00,0.00,0,0,0.00,0.00,0,0
100252,0.00,0.00,0.01,0.00,0.00,0.00,0.00,0.00,0.00,0.0022,5.9978,0.00,0.00,0,0,0.00,0.00,0,0
100452,0.00,0.00,0.01,0.00,0.00,0.00,0.00,0.00,0.00,0.0022,5.9978,0.00,0.00,0,0,0.00,0.00,0,0
100652,0.00,0.00,0.01,0.00,0.00,0.00,0.00,0.00,0.00,0.0022,5.9978,0.00,0.00,0,0,0.00,0.00,0,0
100852,0.00,0.00,0.01,0.00,0.00,0.00,0.00,0.00,0.00,0.0022,5.9978,0.00,0.00,0,0,0.00,0.00,0,0
101052,0.00,0.00,0.00,0.00,0.00,0.00,0.00,0.00,0.00,0.0022,5.9978,0.00,0.00,0,0,0.00,0.00,0,0
101252,0.00,0.00,0.00,0.00,0.00,0.00,0.00,0.00,0.00,0.0022,5.9978,0.00,0.00,0,0,0.00,0.00,0,0
101452,0.00,0.00,0.00,0.00,0.00,0.00,0.00,0.00,0.00,0.0022,5.9978,0.00,0.00,0,0,0.00,0.00,0,0
101652,0.00,0.00,0.00,0.00,0.00,0.00,0.00,0.00,0.00,0.0022,5.9978,0.00,0.00,0,0,0.00,0.00,0,0
101852,0.00,0.00,0.00,0.00,0.00,0.00,0.00,0.00,0.00,0.0022,5.9978,0.00,0.00,0,0,0.00,0.00,0,0
102052,0.00,0.00,0.00,0.00,0.00,0.00,0.00,0.00,0.00,0.0022,5.9978,0.00,0.00,0,0,0.00,0.00,0,0
102252,0.00,0.00,0.00,0.00,0.00,0.00,0.00,0.00,0.00,0.0022,5.9978,0.00,0.00,0,0,0.00,0.00,0,0
102452,0.00,0.00,0.00,0.00,0.00,0.00,0.00,0.00,0.00,0.0022,5.9978,0.00,0.00,0,0,0.00,0.00,0,0
102652,0.00,0.00,0.00,0.00,0.00,0.00,0.00,0.00,0.00,0.0022,5.9978,0.00,0.00,0,0,0.00,0.00,0,0
102852,0.00,0.00,0.00,0.00,0.00,0.00,0.00,0.00,0.00,0.0022,5.9978,0.00,0.00,0,0,0.00,0.00,0,0
103052,0.00,0.00,0.00,0.00,0.00,0.00,0.00,0.00,0.00,0.0022,5.9978,0.00,0.00,0,0,0.00,0.00,0,0
103252,0.00,0.00,0.00,0.00,0.00,0.00,0.00,0.00,0.00,0.0022,5.9978,0.00,0.00,0,0,0.00,0.00,0,0
103452,0.00,0.00,0.00,0.00,0.00,0.00,0.00,0.00,0.00,0.0022,5.9978,0.00,0.00,0,0,0.00,0.00,0,0
103652,0.00,0.00,0.00,0.00,0.00,0.00,0.00,0.00,0.00,0.0022,5.9978,0.00,0.00,0,0,0.00,0.00,0,0
103852,0.00,0.00,0.00,0.00,0.00,0.00,0.00,0.00,0.00,0.0022,5.9978,0.00,0.00,0,0,0.00,0.00,0,0
104052,0.00,0.00,0.00,0.00,0.00,0.00,0.00,0.00,0.00,0.0022,5.9978,0.00,0.00,0,0,0.00,0.00,0,0
104252,0.00,0.00,0.00,0.00,0.00,0.00,0.00,0.00,0.00,0.0022,5.9978,0.00,0.00,0,0,0.00,0.00,0,0
104452,0.00,0.00,0.00,0.00,0.00,0.00,0.00,0.00,0.00,0.0022,5.9978,0.00,0.00,0,0,0.00,0.00,0,0
104652,0.00,0.00,0.00,0.00,0.00,0.00,0.00,0.00,0.00,0.0022,5.9978,0.00,0.00,0,0,0.00,0.00,0,0
104852,0.00,0.00,0.00,0.00,0.00,0.00,0.00,0.00,0.00,0.0022,5.9978,0.00,0.00,0,0,0.00,0.00,0,0
105052,0.00,0.00,0.00,0.00,0.00,0.00,0.00,0.00,0.00,0.0022,5.9978,0.00,0.00,0,0,0.00,0.00,0,0
105252,0.00,0.00,0.00,0.00,0.00,0.00,0.00,0.00,0.00,0.0022,5.9978,0.00,0.00,0,0,0.00,0.00,0,0
105452,0.00,0.00,0.00,0.00,0.00,0.00,0.00,0.00,0.00,0.0022,5.9978,0.00,0.00,0,0,0.00,0.00,0,0
105652,0.00,0.00,0.00,0.00,0.00,0.00,0.00,0.00,0.00,0.0022,5.9978,0.00,0.00,0,0,0.00,0.00,0,0
105852,0.00,0.00,0.00,0.00,0.00,0.00,0.00,0.00,0.00,0.0022,5.9978,0.00,0.00,0,0,0.00,0.00,0,0
106052,0.00,0.00,0.00,0.00,0.00,0.00,0.00,0.00,0.00,0.0022,5.9978,0.00,0.00,0,0,0.00,0.00,0,0
106252,0.00,0.00,0.00,0.00,0.00,0.00,0.00,0.00,0.00,0.0022,5.9978,0.00,0.00,0,0,0.00,0.00,0,0
106452,0.00,0.00,0.00,0.00,0.00,0.00,0.00,0.00,0.00,0.0022,5.9978,0.00,0.00,0,0,0.00,0.00,0,0
106652,0.00,0.00,0.00,0.00,0.00,0.00,0.00,0.00,0.00,0.0022,5.9978,0.00,0.00,0,0,0.00,0.00,0,0
106852,0.00,0.00,0.00,0.00,0.00,0.00,0.00,0.00,0.00,0.0022,5.9978,0.00,0.00,0,0,0.00,0.00,0,0
107052,0.00,0.00,0.00,0.00,0.00,0.00,0.00,0.00,0.00,0.0022,5.9978,0.00,0.00,0,0,0.00,0.00,0,0
107252,0.00,0.00,0.00,0.00,0.00,0.00,0.00,0.00,0.00,0.0022,5.9978,0.00,0.00,0,0,0.00,0.00,0,0
107452,0.00,0.00,0.00,0.00,0.00,0.00,0.00,0.00,0.00,0.0022,5.9978,0.00,0.00,0,0,0.00,0.00,0,0
107652,0.00,0.00,0.00,0.00,0.00,0.00,0.00,0.00,0.00,0.0022,5.9978,0.00,0.00,0,0,0.00,0.00,0,0
107852,0.00,0.00,0.00,0.00,0.00,0.00,0.00,0.00,0.00,0.0022,5.9978,0.00,0.00,0,0,0.00,0.00,0,0
108052,0.00,0.00,0.00,0.00,0.00,0.00,0.00,0.00,0.00,0.0022,5.9978,0.00,0.00,0,0,0.00,0.00,0,0
108252,0.00,0.00,0.00,0.00,0.00,0.00,0.00,0.00,0.00,0.0022,5.9978,0.00,0.00,0,0,0.00,0.00,0,0
108452,0.00,0.00,0.00,0.00,0.00,0.00,0.00,0.00,0.00,0.0022,5.9978,0.00,0.00,0,0,0.00,0.00,0,0
108652,0.00,0.00,0.00,0.00,0.00,0.00,0.00,0.00,0.00,0.0022,5.9978,0.00,0.00,0,0,0.00,0.00,0,0
108852,0.00,0.00,0.00,0.00,0.00,0.00,0.00,0.00,0.00,0.0022,5.9978,0.00,0.00,0,0,0.00,0.00,0,0
109052,0.00,0.00,0.00,0.00,0.00,0.00,0.00,0.00,0.00,0.0022,5.9978,0.00,0.00,0,0,0.00,0.00,0,0
109252,0.00,0.00,0.00,0.00,0.00,0.00,0.00,0.00,0.00,0.0022,5.9978,0.00,0.00,0,0,0.00,0.00,0,0
109452,0.00,0.00,0.00,0.00,0.00,0.00,0.00,0.00,0.00,0.0022,5.9978,0.00,0.00,0,0,0.00,0.00,0,0
109652,0.00,0.00,0.00,0.00,0.00,0.00,0.00,0.00,0.00,0.0022,5.9978,0.00,0.00,0,0,0.00,0.00,0,0
109852,0.00,0.00,0.00,0.00,0.00,0.00,0.00,0.00,0.00,0.0022,5.9978,0.00,0.00,0,0,0.00,0.00,0,0
110052,0.00,0.00,0.00,0.00,0.00,0.00,0.00,0.00,0.00,0.0022,5.9978,0.00,0.00,0,0,0.00,0.00,0,0
110252,0.00,0.00,0.00,0.00,0.00,0.00,0.00,0.00,0.00,0.0022,5.9978,0.00,0.00,0,0,0.00,0.00,0,0
110452,0.00,0.00,0.00,0.00,0.00,0.00,0.00,0.00,0.00,0.0022,5.9978,0.00,0.00,0,0,0.00,0.00,0,0
110652,0.00,0.00,0.00,0.00,0.00,0.00,0.00,0.00,0.00,0.0022,5.9978,0.00,0.00,0,0,0.00,0.00,0,0
110852,0.00,0.00,0.00,0.00,0.00,0.00,0.00,0.00,0.00,0.0022,5.9978,0.00,0.00,0,0,0.00,0.00,0,0
111052,0.00,0.00,0.00,0.00,0.00,0.00,0.00,0.00,0.00,0.0022,5.9978,0.00,0.00,0,0,0.00,0.00,0,0
111252,0.00,0.00,0.00,0.00,0.00,0.00,0.00,0.00,0.00,0.0022,5.9978,0.00,0.00,0,0,0.00,0.00,0,0
111452,0.00,0.00,0.00,0.00,0.00,0.00,0.00,0.00,0.00,0.0022,5.9978,0.00,0.00,0,0,0.00,0.00,0,0
111652,0.00,0.00,0.00,0.00,0.00,0.00,0.00,0.00,0.00,0.0022,5.9978,0.00,0.00,0,0,0.00,0.00,0,0
111852,0.00,0.00,0.00,0.00,0.00,0.00,0.00,0.00,0.00,0.0022,5.9978,0.00,0.00,0,0,0.00,0.00,0,0
112052,0.00,0.00,0.00,0.00,0.00,0.00,0.00,0.00,0.00,0.0022,5.9978,0.00,0.00,0,0,0.00,0.00,0,0
112252,0.00,0.00,0.00,0.00,0.00,0.00,0.00,0.00,0.00,0.0022,5.9978,0.00,0.00,0,0,0.00,0.00,0,0
112452,0.00,0.00,0.00,0.00,0.00,0.00,0.00,0.00,0.00,0.0022,5.9978,0.00,0.00,0,0,0.00,0.00,0,0
112652,0.00,0.00,0.00,0.00,0.00,0.00,0.00,0.00,0.00,0.0022,5.9978,0.00,0.00,0,0,0.00,0.00,0,0
112852,0.00,0.00,0.00,0.00,0.00,0.00,0.00,0.00,0.00,0.0022,5.9978,0.00,0.00,0,0,0.00,0.00,0,0
113052,0.00,0.00,0.00,0.00,0.00,0.00,0.00,0.00,0.00,0.0022,5.9978,0.00,0.00,0,0,0.00,0.00,0,0
113252,0.00,0.00,0.00,0.00,0.00,0.00,0.00,0.00,0.00,0.0022,5.9978,0.00,0.00,0,0,0.00,0.00,0,0
113452,0.00,0.00,0.00,0.00,0.00,0.00,0.00,0.00,0.00,0.0022,5.9978,0.00,0.00,0,0,0.00,0.00,0,0
113652,0.00,0.00,0.00,0.00,0.00,0.00,0.00,0.00,0.00,0.0022,5.9978,0.00,0.00,0,0,0.00,0.00,0,0
113852,0.00,0.00,0.00,0.00,0.00,0.00,0.00,0.00,0.00,0.0022,5.9978,0.00,0.00,0,0,0.00,0.00,0,0
114052,0.00,0.00,0.00,0.00,0.00,0.00,0.00,0.00,0.00,0.0022,5.9978,0.00,0.00,0,0,0.00,0.00,0,0
114252,0.00,0.00,0.00,0.00,0.00,0.00,0.00,0.00,0.00,0.0022,5.9978,0.00,0.00,0,0,0.00,0.00,0,0
114452,0.00,0.00,0.00,0.00,0.00,0.00,0.00,0.00,0.00,0.0022,5.9978,0.00,0.00,0,0,0.00,0.00,0,0
114652,0.00,0.00,0.00,0.00,0.00,0.00,0.00,0.00,0.00,0.0022,5.9978,0.00,0.00,0,0,0.00,0.00,0,0
114852,0.00,0.00,0.00,0.00,0.00,0.00,0.00,0.00,0.00,0.0022,5.9978,0.00,0.00,0,0,0.00,0.00,0,0
115052,0.00,0.00,0.00,0.00,0.00,0.00,0.00,0.00,0.00,0.0022,5.9978,0.00,0.00,0,0,0.00,0.00,0,0
115252,0.00,0.00,0.00,0.00,0.00,0.00,0.00,0.00,0.00,0.0022,5.9978,0.00,0.00,0,0,0.00,0.00,0,0
115452,0.00,0.00,0.00,0.00,0.00,0.00,0.00,0.00,0.00,0.0022,5.9978,0.00,0.00,0,0,0.00,0.00,0,0
115652,0.00,0.00,0.00,0.00,0.00,0.00,0.00,0.00,0.00,0.0022,5.9978,0.00,0.00,0,0,0.00,0.00,0,0
115852,0.00,0.00,0.00,0.00,0.00,0.00,0.00,0.00,0.00,0.0022,5.9978,0.00,0.00,0,0,0.00,0.00,0,0
116052,0.00,0.00,0.00,0.00,0.00,0.00,0.00,0.00,0.00,0.0022,5.9978,0.00,0.00,0,0,0.00,0.00,0,0
116252,0.00,0.00,0.00,0.00,0.00,0.00,0.00,0.00,0.00,0.0022,5.9978,0.00,0.00,0,0,0.00,0.00,0,0
116452,0.00,0.00,0.00,0.00,0.00,0.00,0.00,0.00,0.00,0.0022,5.9978,0.00,0.00,0,0,0.00,0.00,0,0
116652,0.00,0.00,0.00,0.00,0.00,0.00,0.00,0.00,0.00,0.0022,5.9978,0.00,0.00,0,0,0.00,0.00,0,0
116852,0.00,0.00,0.00,0.00,0.00,0.00,0.00,0.00,0.00,0.0022,5.9978,0.00,0.00,0,0,0.00,0.00,0,0
117052,0.00,0.00,0.00,0.00,0.00,0.00,0.00,0.00,0.00,0.0022,5.9978,0.00,0.00,0,0,0.00,0.00,0,0
117252,0.00,0.00,0.00,0.00,0.00,0.00,0.00,0.00,0.00,0.0022,5.9978,0.00,0.00,0,0,0.00,0.00,0,0
117452,0.00,0.00,0.00,0.00,0.00,0.00,0.00,0.00,0.00,0.0022,5.9978,0.00,0.00,0,0,0.00,0.00,0,0
117652,0.00,0.00,0.00,0.00,0.00,0.00,0.00,0.00,0.00,0.0022,5.9978,0.00,0.00,0,0,0.00,0.00,0,0
117852,0.00,0.00,0.00,0.00,0.00,0.00,0.00,0.00,0.00,0.0022,5.9978,0.00,0.00,0,0,0.00,0.00,0,0
118052,0.00,0.00,0.00,0.00,0.00,0.00,0.00,0.00,0.00,0.0022,5.9978,0.00,0.00,0,0,0.00,0.00,0,0
118252,0.00,0.00,0.00,0.00,0.00,0.00,0.00,0.00,0.00,0.0022,5.9978,0.00,0.00,0,0,0.00,0.00,0,0
118452,0.00,0.00,0.00,0.00,0.00,0.00,0.00,0.00,0.00,0.0022,5.9978,0.00,0.00,0,0,0.00,0.00,0,0
118652,0.00,0.00,0.00,0.00,0.00,0.00,0.00,0.00,0.00,0.0022,5.9978,0.00,0.00,0,0,0.00,0.00,0,0
118852,0.00,0.00,0.00,0.00,0.00,0.00,0.00,0.00,0.00,0.0022,5.9978,0.00,0.00,0,0,0.00,0.00,0,0
119052,0.00,0.00,0.00,0.00,0.00,0.00,0.00,0.00,0.00,0.0022,5.9978,0.00,0.00,0,0,0.00,0.00,0,0
119252,0.00,0.00,0.00,0.00,0.00,0.00,0.00,0.00,0.00,0.0022,5.9978,0.00,0.00,0,0,0.00,0.00,0,0
119452,0.00,0.00,0.00,0.00,0.00,0.00,0.00,0.00,0.00,0.0022,5.9978,0.00,0.00,0,0,0.00,0.00,0,0
119652,0.00,0.00,0.00,0.00,0.00,0.00,0.00,0.00,0.00,0.0022,5.9978,0.00,0.00,0,0,0.00,0.00,0,0
119852,0.00,0.00,0.00,0.00,0.00,0.00,0.00,0.00,0.00,0.0022,5.9978,0.00,0.00,0,0,0.00,0.00,0,0
120052,0.00,0.00,0.00,0.00,0.00,0.00,0.00,0.00,0.00,0.0022,5.9978,0.00,0.00,0,0,0.00,0.00,0,0
120252,0.00,0.00,0.00,0.00,0.00,0.00,0.00,0.00,0.00,0.0022,5.9978,0.00,0.00,0,0,0.00,0.00,0,0
120452,0.00,0.00,0.00,0.00,0.00,0.00,0.00,0.00,0.00,0.0022,5.9978,0.00,0.00,0,0,0.00,0.00,0,0
120652,0.00,0.00,0.00,0.00,0.00,0.00,0.00,0.00,0.00,0.0022,5.9978,0.00,0.00,0,0,0.00,0.00,0,0
120852,0.00,0.00,0.00,0.00,0.00,0.00,0.00,0.00,0.00,0.0022,5.9978,0.00,0.00,0,0,0.00,0.00,0,0
121052,0.00,0.00,0.00,0.00,0.00,0.00,0.00,0.00,0.00,0.0022,5.9978,0.00,0.00,0,0,0.00,0.00,0,0
121252,0.00,0.00,0.00,0.00,0.00,0.00,0.00,0.00,0.00,0.0022,5.9978,0.00,0.00,0,0,0.00,0.00,0,0
121452,0.00,0.00,0.00,0.00,0.00,0.00,0.00,0.00,0.00,0.0022,5.9978,0.00,0.00,0,0,0.00,0.00,0,0
121652,0.00,0.00,0.00,0.00,0.00,0.00,0.00,0.00,0.00,0.0022,5.9978,0.00,0.00,0,0,0.00,0.00,0,0
121852,0.00,0.00,0.00,0.00,0.00,0.00,0.00,0.00,0.00,0.0022,5.9978,0.00,0.00,0,0,0.00,0.00,0,0
122052,0.00,0.00,0.00,0.00,0.00,0.00,0.00,0.00,0.00,0.0022,5.9978,0.00,0.00,0,0,0.00,0.00,0,0
122252,0.00,0.00,0.00,0.00,0.00,0.00,0.00,0.00,0.00,0.0022,5.9978,0.00,0.00,0,0,0.00,0.00,0,0
122452,0.00,0.00,0.00,0.00,0.00,0.00,0.00,0.00,0.00,0.0022,5.9978,0.00,0.00,0,0,0.00,0.00,0,0
122652,0.00,0.00,0.00,0.00,0.00,0.00,0.00,0.00,0.00,0.0022,5.9978,0.00,0.00,0,0,0.00,0.00,0,0
122852,0.00,0.00,0.00,0.00,0.00,0.00,0.00,0.00,0.00,0.0022,5.9978,0.00,0.00,0,0,0.00,0.00,0,0
123052,0.00,0.00,0.00,0.00,0.00,0.00,0.00,0.00,0.00,0.0022,5.9978,0.00,0.00,0,0,0.00,0.00,0,0
123252,0.00,0.00,0.00,0.00,0.00,0.00,0.00,0.00,0.00,0.0022,5.9978,0.00,0.00,0,0,0.00,0.00,0,0
123452,0.00,0.00,0.00,0.00,0.00,0.00,0.00,0.00,0.00,0.0022,5.9978,0.00,0.00,0,0,0.00,0.00,0,0
123652,0.00,0.00,0.00,0.00,0.00,0.00,0.00,0.00,0.00,0.0022,5.9978,0.00,0.00,0,0,0.00,0.00,0,0
123852,0.00,0.00,0.00,0.00,0.00,0.00,0.00,0.00,0.00,0.0022,5.9978,0.00,0.00,0,0,0.00,0.00,0,0
124052,0.00,0.00,0.00,0.00,0.00,0.00,0.00,0.00,0.00,0.0022,5.9978,0.00,0.00,0,0,0.00,0.00,0,0
124252,0.00,0.00,0.00,0.00,0.00,0.00,0.00,0.00,0.00,0.0022,5.9978,0.00,0.00,0,0,0.00,0.00,0,0
124452,0.00,0.00,0.00,0.00,0.00,0.00,0.00,0.00,0.00,0.0022,5.9978,0.00,0.00,0,0,0.00,0.00,0,0
124652,0.00,0.00,0.00,0.00,0.00,0.00,0.00,0.00,0.00,0.0022,5.9978,0.00,0.00,0,0,0.00,0.00,0,0
124852,0.00,0.00,0.00,0.00,0.00,0.00,0.00,0.00,0.00,0.0022,5.9978,0.00,0.00,0,0,0.00,0.00,0,0
125052,0.00,0.00,0.00,0.00,0.00,0.00,0.00,0.00,0.00,0.0022,5.9978,0.00,0.00,0,0,0.00,0.00,0,0
125252,0.00,0.00,0.00,0.00,0.00,0.00,0.00,0.00,0.00,0.0022,5.9978,0.00,0.00,0,0,0.00,0.00,0,0
125452,0.00,0.00,0.00,0.00,0.00,0.00,0.00,0.00,0.00,0.0022,5.9978,0.00,0.00,0,0,0.00,0.00,0,0
125652,0.00,0.00,0.00,0.00,0.00,0.00,0.00,0.00,0.00,0.0022,5.9978,0.00,0.00,0,0,0.00,0.00,0,0
125852,0.00,0.00,0.00,0.00,0.00,0.00,0.00,0.00,0.00,0.0022,5.9978,0.00,0.00,0,0,0.00,0.00,0,0
126052,0.00,0.00,0.00,0.00,0.00,0.00,0.00,0.00,0.00,0.0022,5.9978,0.00,0.00,0,0,0.00,0.00,0,0
126252,0.00,0.00,0.00,0.00,0.00,0.00,0.00,0.00,0.00,0.0022,5.9978,0.00,0.00,0,0,0.00,0.00,0,0
126452,0.00,0.00,0.00,0.00,0.00,0.00,0.00,0.00,0.00,0.0022,5.9978,0.00,0.00,0,0,0.00,0.00,0,0
126652,0.00,0.00,0.00,0.00,0.00,0.00,0.00,0.00,0.00,0.0022,5.9978,0.00,0.00,0,0,0.00,0.00,0,0
126852,0.00,0.00,0.00,0.00,0.00,0.00,0.00,0.00,0.00,0.0022,5.9978,0.00,0.00,0,0,0.00,0.00,0,0
127052,0.00,0.00,0.00,0.00,0.00,0.00,0.00,0.00,0.00,0.0022,5.9978,0.00,0.00,0,0,0.00,0.00,0,0
127252,0.00,0.00,0.00,0.00,0.00,0.00,0.00,0.00,0.00,0.0022,5.9978,0.00,0.00,0,0,0.00,0.00,0,0
127452,0.00,0.00,0.00,0.00,0.00,0.00,0.00,0.00,0.00,0.0022,5.9978,0.00,0.00,0,0,0.00,0.00,0,0
127652,0.00,0.00,0.00,0.00,0.00,0.00,0.00,0.00,0.00,0.0022,5.9978,0.00,0.00,0,0,0.00,0.00,0,0
127852,0.00,0.00,0.00,0.00,0.00,0.00,0.00,0.00,0.00,0.0022,5.9978,0.00,0.00,0,0,0.00,0.00,0,0
128052,0.00,0.00,0.00,0.00,0.00,0.00,0.00,0.00,0.00,0.0022,5.9978,0.00,0.00,0,0,0.00,0.00,0,0
128252,0.00,0.00,0.00,0.00,0.00,0.00,0.00,0.00,0.00,0.0022,5.9978,0.00,0.00,0,0,0.00,0.00,0,0
128452,0.00,0.00,0.00,0.00,0.00,0.00,0.00,0.00,0.00,0.0022,5.9978,0.00,0.00,0,0,0.00,0.00,0,0
128652,0.00,0.00,0.00,0.00,0.00,0.00,0.00,0.00,0.00,0.0022,5.9978,0.00,0.00,0,0,0.00,0.00,0,0
128852,0.00,0.00,0.00,0.00,0.00,0.00,0.00,0.00,0.00,0.0022,5.9978,0.00,0.00,0,0,0.00,0.00,0,0
129052,0.00,0.00,0.00,0.00,0.00,0.00,0.00,0.00,0.00,0.0022,5.9978,0.00,0.00,0,0,0.00,0.00,0,0
129252,0.00,0.00,0.00,0.00,0.00,0.00,0.00,0.00,0.00,0.0022,5.9978,0.00,0.00,0,0,0.00,0.00,0,0
129452,0.00,0.00,0.00,0.00,0.00,0.00,0.00,0.00,0.00,0.0022,5.9978,0.00,0.00,0,0,0.00,0.00,0,0
129652,0.00,0.00,0.00,0.00,0.00,0.00,0.00,0.00,0.00,0.0022,5.9978,0.00,0.00,0,0,0.00,0.00,0,0
129852,0.00,0.00,0.00,0.00,0.00,0.00,0.00,0.00,0.00,0.0022,5.9978,0.00,0.00,0,0,0.00,0.00,0,0
130052,0.00,0.00,0.00,0.00,0.00,0.00,0.00,0.00,0.00,0.0022,5.9978,0.00,0.00,0,0,0.00,0.00,0,0
130252,0.00,0.00,0.00,0.00,0.00,0.00,0.00,0.00,0.00,0.0022,5.9978,0.00,0.00,0,0,0.00,0.00,0,0
130452,0.00,0.00,0.00,0.00,0.00,0.00,0.00,0.00,0.00,0.0022,5.9978,0.00,0.00,0,0,0.00,0.00,0,0
130652,0.00,0.00,0.00,0.00,0.00,0.00,0.00,0.00,0.00,0.0022,5.9978,0.00,0.00,0,0,0.00,0.00,0,0
130852,0.00,0.00,0.00,0.00,0.00,0.00,0.00,0.00,0.00,0.0022,5.9978,0.00,0.00,0,0,0.00,0.00,0,0
131052,0.00,0.00,0.00,0.00,0.00,0.00,0.00,0.00,0.00,0.0022,5.9978,0.00,0.00,0,0,0.00,0.00,0,0
131252,0.00,0.00,0.00,0.00,0.00,0.00,0.00,0.00,0.00,0.0022,5.9978,0.00,0.00,0,0,0.00,0.00,0,0
131452,0.00,0.00,0.00,0.00,0.00,0.00,0.00,0.00,0.00,0.0022,5.9978,0.00,0.00,0,0,0.00,0.00,0,0
131652,0.00,0.00,0.00,0.00,0.00,0.00,0.00,0.00,0.00,0.0022,5.9978,0.00,0.00,0,0,0.00,0.00,0,0
131852,0.00,0.00,0.00,0.00,0.00,0.00,0.00,0.00,0.00,0.0022,5.9978,0.00,0.00,0,0,0.00,0.00,0,0
132052,0.00,0.00,0.00,0.00,0.00,0.00,0.00,0.00,0.00,0.0022,5.9978,0.00,0.00,0,0,0.00,0.00,0,0
132252,0.00,0.00,0.00,0.00,0.00,0.00,0.00,0.00,0.00,0.0022,5.9978,0.00,0.00,0,0,0.00,0.00,0,0
132452,0.00,0.00,0.00,0.00,0.00,0.00,0.00,0.00,0.00,0.0022,5.9978,0.00,0.00,0,0,0.00,0.00,0,0
132652,0.00,0.00,0.00,0.00,0.00,0.00,0.00,0.00,0.00,0.0022,5.9978,0.00,0.00,0,0,0.00,0.00,0,0
132852,0.00,0.00,0.00,0.00,0.00,0.00,0.00,0.00,0.00,0.0022,5.9978,0.00,0.00,0,0,0.00,0.00,0,0
133052,0.00,0.00,0.00,0.00,0.00,0.00,0.00,0.00,0.00,0.0022,5.9978,0.00,0.00,0,0,0.00,0.00,0,0
133252,0.00,0.00,0.00,0.00,0.00,0.00,0.00,0.00,0.00,0.0022,5.9978,0.00,0.00,0,0,0.00,0.00,0,0
133452,0.00,0.00,0.00,0.00,0.00,0.00,0.00,0.00,0.00,0.0022,5.9978,0.00,0.00,0,0,0.00,0.00,0,0
133652,0.00,0.00,0.00,0.00,0.00,0.00,0.00,0.00,0.00,0.0022,5.9978,0.00,0.00,0,0,0.00,0.00,0,0
133852,0.00,0.00,0.00,0.00,0.00,0.00,0.00,0.00,0.00,0.0022,5.9978,0.00,0.00,0,0,0.00,0.00,0,0
134052,0.00,0.00,0.00,0.00,0.00,0.00,0.00,0.00,0.00,0.0022,5.9978,0.00,0.00,0,0,0.00,0.00,0,0
134252,0.00,0.00,0.00,0.00,0.00,0.00,0.00,0.00,0.00,0.0022,5.9978,0.00,0.00,0,0,0.00,0.00,0,0
134452,0.00,0.00,0.00,0.00,0.00,0.00,0.00,0.00,0.00,0.0022,5.9978,0.00,0.00,0,0,0.00,0.00,0,0
134652,0.00,0.00,0.00,0.00,0.00,0.00,0.00,0.00,0.00,0.0022,5.9978,0.00,0.00,0,0,0.00,0.00,0,0
134852,0.00,0.00,0.00,0.00,0.00,0.00,0.00,0.00,0.00,0.0022,5.9978,0.00,0.00,0,0,0.00,0.00,0,0
135052,0.00,0.00,0.00,0.00,0.00,0.00,0.00,0.00,0.00,0.0022,5.9978,0.00,0.00,0,0,0.00,0.00,0,0
135252,0.00,0.00,0.00,0.00,0.00,0.00,0.00,0.00,0.00,0.0022,5.9978,0.00,0.00,0,0,0.00,0.00,0,0
135452,0.00,0.00,0.00,0.00,0.00,0.00,0.00,0.00,0.00,0.0022,5.9978,0.00,0.00,0,0,0.00,0.00,0,0
135652,0.00,0.00,0.00,0.00,0.00,0.00,0.00,0.00,0.00,0.0022,5.9978,0.00,0.00,0,0,0.00,0.00,0,0
135852,0.00,0.00,0.00,0.00,0.00,0.00,0.00,0.00,0.00,0.0022,5.9978,0.00,0.00,0,0,0.00,0.00,0,0
136052,0.00,0.00,0.00,0.00,0.00,0.00,0.00,0.00,0.00,0.0022,5.9978,0.00,0.00,0,0,0.00,0.00,0,0
136252,0.00,0.00,0.00,0.00,0.00,0.00,0.00,0.00,0.00,0.0022,5.9978,0.00,0.00,0,0,0.00,0.00,0,0
136452,0.00,0.00,0.00,0.00,0.00,0.00,0.00,0.00,0.00,0.0022,5.9978,0.00,0.00,0,0,0.00,0.00,0,0
136652,0.00,0.00,0.00,0.00,0.00,0.00,0.00,0.00,0.00,0.0022,5.9978,0.00,0.00,0,0,0.00,0.00,0,0
136852,0.00,0.00,0.00,0.00,0.00,0.00,0.00,0.00,0.00,0.0022,5.9978,0.00,0.00,0,0,0.00,0.00,0,0
137052,0.00,0.00,0.00,0.00,0.00,0.00,0.00,0.00,0.00,0.0022,5.9978,0.00,0.00,0,0,0.00,0.00,0,0
137252,0.00,0.00,0.00,0.00,0.00,0.00,0.00,0.00,0.00,0.0022,5.9978,0.00,0.00,0,0,0.00,0.00,0,0
137452,0.00,0.00,0.00,0.00,0.00,0.00,0.00,0.00,0.00,0.0022,5.9978,0.00,0.00,0,0,0.00,0.00,0,0
137652,0.00,0.00,0.00,0.00,0.00,0.00,0.00,0.00,0.00,0.0022,5.9978,0.00,0.00,0,0,0.00,0.00,0,0
137852,0.00,0.00,0.00,0.00,0.00,0.00,0.00,0.00,0.00,0.0022,5.9978,0.00,0.00,0,0,0.00,0.00,0,0
138052,0.00,0.00,0.00,0.00,0.00,0.00,0.00,0.00,0.00,0.0022,5.9978,0.00,0.00,0,0,0.00,0.00,0,0
138252,0.00,0.00,0.00,0.00,0.00,0.00,0.00,0.00,0.00,0.0022,5.9978,0.00,0.00,0,0,0.00,0.00,0,0
138452,0.00,0.00,0.00,0.00,0.00,0.00,0.00,0.00,0.00,0.0022,5.9978,0.00,0.00,0,0,0.00,0.00,0,0
138652,0.00,0.00,0.00,0.00,0.00,0.00,0.00,0.00,0.00,0.0022,5.9978,0.00,0.00,0,0,0.00,0.00,0,0
138852,0.00,0.00,0.00,0.00,0.00,0.00,0.00,0.00,0.00,0.0022,5.9978,0.00,0.00,0,0,0.00,0.00,0,0
139052,0.00,0.00,0.00,0.00,0.00,0.00,0.00,0.00,0.00,0.0022,5.9978,0.00,0.00,0,0,0.00,0.00,0,0
139252,0.00,0.00,0.00,0.00,0.00,0.00,0.00,0.00,0.00,0.0022,5.9978,0.00,0.00,0,0,0.00,0.00,0,0
139452,0.00,0.00,0.00,0.00,0.00,0.00,0.00,0.00,0.00,0.0022,5.9978,0.00,0.00,0,0,0.00,0.00,0,0
139652,0.00,0.00,0.00,0.00,0.00,0.00,0.00,0.00,0.00,0.0022,5.9978,0.00,0.00,0,0,0.00,0.00,0,0
139852,0.00,0.00,0.00,0.00,0.00,0.00,0.00,0.00,0.00,0.0022,5.9978,0.00,0.00,0,0,0.00,0.00,0,0
140052,0.00,0.00,0.00,0.00,0.00,0.00,0.00,0.00,0.00,0.0022,5.9978,0.00,0.00,0,0,0.00,0.00,0,0
140252,0.00,0.00,0.00,0.00,0.00,0.00,0.00,0.00,0.00,0.0022,5.9978,0.00,0.00,0,0,0.00,0.00,0,0
140452,0.00,0.00,0.00,0.00,0.00,0.00,0.00,0.00,0.00,0.0022,5.9978,0.00,0.00,0,0,0.00,0.00,0,0
140652,0.00,0.00,0.00,0.00,0.00,0.00,0.00,0.00,0.00,0.0022,5.9978,0.00,0.00,0,0,0.00,0.00,0,0
140852,0.00,0.00,0.00,0.00,0.00,0.00,0.00,0.00,0.00,0.0022,5.9978,0.00,0.00,0,0,0.00,0.00,0,0
141052,0.00,0.00,0.00,0.00,0.00,0.00,0.00,0.00,0.00,0.0022,5.9978,0.00,0.00,0,0,0.00,0.00,0,0
141252,0.00,0.00,0.00,0.00,0.00,0.00,0.00,0.00,0.00,0.0022,5.9978,0.00,0.00,0,0,0.00,0.00,0,0
141452,0.00,0.00,0.00,0.00,0.00,0.00,0.00,0.00,0.00,0.0022,5.9978,0.00,0.00,0,0,0.00,0.00,0,0
141652,0.00,0.00,0.00,0.00,0.00,0.00,0.00,0.00,0.00,0.0022,5.9978,0.00,0.00,0,0,0.00,0.00,0,0
141852,0.00,0.00,0.00,0.00,0.00,0.00,0.00,0.00,0.00,0.0022,5.9978,0.00,0.00,0,0,0.00,0.00,0,0
142052,0.00,0.00,0.00,0.00,0.00,0.00,0.00,0.00,0.00,0.0022,5.9978,0.00,0.00,0,0,0.00,0.00,0,0
142252,0.00,0.00,0.00,0.00,0.00,0.00,0.00,0.00,0.00,0.0022,5.9978,0.00,0.00,0,0,0.00,0.00,0,0
142452,0.00,0.00,0.00,0.00,0.00,0.00,0.00,0.00,0.00,0.0022,5.9978,0.00,0.00,0,0,0.00,0.00,0,0
142652,0.00,0.00,0.00,0.00,0.00,0.00,0.00,0.00,0.00,0.0022,5.9978,0.00,0.00,0,0,0.00,0.00,0,0
142852,0.00,0.00,0.00,0.00,0.00,0.00,0.00,0.00,0.00,0.0022,5.9978,0.00,0.00,0,0,0.00,0.00,0,0
143052,0.00,0.00,0.00,0.00,0.00,0.00,0.00,0.00,0.00,0.0022,5.9978,0.00,0.00,0,0,0.00,0.00,0,0
143252,0.00,0.00,0.00,0.00,0.00,0.00,0.00,0.00,0.00,0.0022,5.9978,0.00,0.00,0,0,0.00,0.00,0,0
143452,0.00,0.00,0.00,0.00,0.00,0.00,0.00,0.00,0.00,0.0022,5.9978,0.00,0.00,0,0,0.00,0.00,0,0
143652,0.00,0.00,0.00,0.00,0.00,0.00,0.00,0.00,0.00,0.0022,5.9978,0.00,0.00,0,0,0.00,0.00,0,0
143852,0.00,0.00,0.00,0.00,0.00,0.00,0.00,0.00,0.00,0.0022,5.9978,0.00,0.00,0,0,0.00,0.00,0,0
144052,0.00,0.00,0.00,0.00,0.00,0.00,0.00,0.00,0.00,0.0022,5.9978,0.00,0.00,0,0,0.00,0.00,0,0
144252,0.00,0.00,0.00,0.00,0.00,0.00,0.00,0.00,0.00,0.0022,5.9978,0.00,0.00,0,0,0.00,0.00,0,0
144452,0.00,0.00,0.00,0.00,0.00,0.00,0.00,0.00,0.00,0.0022,5.9978,0.00,0.00,0,0,0.00,0.00,0,0
144652,0.00,0.00,0.00,0.00,0.00,0.00,0.00,0.00,0.00,0.0022,5.9978,0.00,0.00,0,0,0.00,0.00,0,0
144852,0.00,0.00,0.00,0.00,0.00,0.00,0.00,0.00,0.00,0.0022,5.9978,0.00,0.00,0,0,0.00,0.00,0,0
145052,0.00,0.00,0.00,0.00,0.00,0.00,0.00,0.00,0.00,0.0022,5.9978,0.00,0.00,0,0,0.00,0.00,0,0
145252,0.00,0.00,0.00,0.00,0.00,0.00,0.00,0.00,0.00,0.0022,5.9978,0.00,0.00,0,0,0.00,0.00,0,0
145452,0.00,0.00,0.00,0.00,0.00,0.00,0.00,0.00,0.00,0.0022,5.9978,0.00,0.00,0,0,0.00,0.00,0,0
145652,0.00,0.00,0.00,0.00,0.00,0.00,0.00,0.00,0.00,0.0022,5.9978,0.00,0.00,0,0,0.00,0.00,0,0
145852,0.00,0.00,0.00,0.00,0.00,0.00,0.00,0.00,0.00,0.0022,5.9978,0.00,0.00,0,0,0.00,0.00,0,0
146052,0.00,0.00,0.00,0.00,0.00,0.00,0.00,0.00,0.00,0.0022,5.9978,0.00,0.00,0,0,0.00,0.00,0,0
146252,0.00,0.00,0.00,0.00,0.00,0.00,0.00,0.00,0.00,0.0022,5.9978,0.00,0.00,0,0,0.00,0.00,0,0
146452,0.00,0.00,0.00,0.00,0.00,0.00,0.00,0.00,0.00,0.0022,5.9978,0.00,0.00,0,0,0.00,0.00,0,0
146652,0.00,0.00,0.00,0.00,0.00,0.00,0.00,0.00,0.00,0.0022,5.9978,0.00,0.00,0,0,0.00,0.00,0,0
146852,0.00,0.00,0.00,0.00,0.00,0.00,0.00,0.00,0.00,0.0022,5.9978,0.00,0.00,0,0,0.00,0.00,0,0
147052,0.00,0.00,0.00,0.00,0.00,0.00,0.00,0.00,0.00,0.0022,5.9978,0.00,0.00,0,0,0.00,0.00,0,0
147252,0.00,0.00,0.00,0.00,0.00,0.00,0.00,0.00,0.00,0.0022,5.9978,0.00,0.00,0,0,0.00,0.00,0,0
147452,0.00,0.00,0.00,0.00,0.00,0.00,0.00,0.00,0.00,0.0022,5.9978,0.00,0.00,0,0,0.00,0.00,0,0
147652,0.00,0.00,0.00,0.00,0.00,0.00,0.00,0.00,0.00,0.0022,5.9978,0.00,0.00,0,0,0.00,0.00,0,0
147852,0.00,0.00,0.00,0.00,0.00,0.00,0.00,0.00,0.00,0.0022,5.9978,0.00,0.00,0,0,0.00,0.00,0,0
148052,0.00,0.00,0.00,0.00,0.00,0.00,0.00,0.00,0.00,0.0022,5.9978,0.00,0.00,0,0,0.00,0.00,0,0
148252,0.00,0.00,0.00,0.00,0.00,0.00,0.00,0.00,0.00,0.0022,5.9978,0.00,0.00,0,0,0.00,0.00,0,0
148452,0.00,0.00,0.00,0.00,0.00,0.00,0.00,0.00,0.00,0.0022,5.9978,0.00,0.00,0,0,0.00,0.00,0,0
148652,0.00,0.00,0.00,0.00,0.00,0.00,0.00,0.00,0.00,0.0022,5.9978,0.00,0.00,0,0,0.00,0.00,0,0
148852,0.00,0.00,0.00,0.00,0.00,0.00,0.00,0.00,0.00,0.0022,5.9978,0.00,0.00,0,0,0.00,0.00,0,0
149052,0.00,0.00,0.00,0.00,0.00,0.00,0.00,0.00,0.00,0.0022,5.9978,0.00,0.00,0,0,0.00,0.00,0,0
149252,0.00,0.00,0.00,0.00,0.00,0.00,0.00,0.00,0.00,0.0022,5.9978,0.00,0.00,0,0,0.00,0.00,0,0
149452,0.00,0.00,0.00,0.00,0.00,0.00,0.00,0.00,0.00,0.0022,5.9978,0.00,0.00,0,0,0.00,0.00,0,0
149652,0.00,0.00,0.00,0.00,0.00,0.00,0.00,0.00,0.00,0.0022,5.9978,0.00,0.00,0,0,0.00,0.00,0,0
149852,0.00,0.00,0.00,0.00,0.00,0.00,0.00,0.00,0.00,0.0022,5.9978,0.00,0.00,0,0,0.00,0.00,0,0
150052,0.00,0.00,0.00,0.00,0.00,0.00,0.00,0.00,0.00,0.0022,5.9978,0.00,0.00,0,0,0.00,0.00,0,0
150252,0.00,0.00,0.00,0.00,0.00,0.00,0.00,0.00,0.00,0.0022,5.9978,0.00,0.00,0,0,0.00,0.00,0,0
150452,0.00,0.00,0.00,0.00,0.00,0.00,0.00,0.00,0.00,0.0022,5.9978,0.00,0.00,0,0,0.00,0.00,0,0
150652,0.00,0.00,0.00,0.00,0.00,0.00,0.00,0.00,0.00,0.0022,5.9978,0.00,0.00,0,0,0.00,0.00,0,0
150852,0.00,0.00,0.00,0.00,0.00,0.00,0.00,0.00,0.00,0.0022,5.9978,0.00,0.00,0,0,0.00,0.00,0,0
151052,0.00,0.00,0.00,0.00,0.00,0.00,0.00,0.00,0.00,0.0022,5.9978,0.00,0.00,0,0,0.00,0.00,0,0
151252,0.00,0.00,0.00,0.00,0.00,0.00,0.00,0.00,0.00,0.0022,5.9978,0.00,0.00,0,0,0.00,0.00,0,0
151452,0.00,0.00,0.00,0.00,0.00,0.00,0.00,0.00,0.00,0.0022,5.9978,0.00,0.00,0,0,0.00,0.00,0,0
151652,0.00,0.00,0.00,0.00,0.00,0.00,0.00,0.00,0.00,0.0022,5.9978,0.00,0.00,0,0,0.00,0.00,0,0
151852,0.00,0.00,0.00,0.00,0.00,0.00,0.00,0.00,0.00,0.0022,5.9978,0.00,0.00,0,0,0.00,0.00,0,0
152052,0.00,0.00,0.00,0.00,0.00,0.00,0.00,0.00,0.00,0.0022,5.9978,0.00,0.00,0,0,0.00,0.00,0,0
152252,0.00,0.00,0.00,0.00,0.00,0.00,0.00,0.00,0.00,0.0022,5.9978,0.00,0.00,0,0,0.00,0.00,0,0
152452,0.00,0.00,0.00,0.00,0.00,0.00,0.00,0.00,0.00,0.0022,5.9978,0.00,0.00,0,0,0.00,0.00,0,0
152652,0.00,0.00,0.00,0.00,0.00,0.00,0.00,0.00,0.00,0.0022,5.9978,0.00,0.00,0,0,0.00,0.00,0,0
152852,0.00,0.00,0.00,0.00,0.00,0.00,0.00,0.00,0.00,0.0022,5.9978,0.00,0.00,0,0,0.00,0.00,0,0
153052,0.00,0.00,0.00,0.00,0.00,0.00,0.00,0.00,0.00,0.0022,5.9978,0.00,0.00,0,0,0.00,0.00,0,0
153252,0.00,0.00,0.00,0.00,0.00,0.00,0.00,0.00,0.00,0.0022,5.9978,0.00,0.00,0,0,0.00,0.00,0,0
153452,0.00,0.00,0.00,0.00,0.00,0.00,0.00,0.00,0.00,0.0022,5.9978,0.00,0.00,0,0,0.00,0.00,0,0
153652,0.00,0.00,0.00,0.00,0.00,0.00,0.00,0.00,0.00,0.0022,5.9978,0.00,0.00,0,0,0.00,0.00,0,0
153852,0.00,0.00,0.00,0.00,0.00,0.00,0.00,0.00,0.00,0.0022,5.9978,0.00,0.00,0,0,0.00,0.00,0,0
154052,0.00,0.00,0.00,0.00,0.00,0.00,0.00,0.00,0.00,0.0022,5.9978,0.00,0.00,0,0,0.00,0.00,0,0
154252,0.00,0.00,0.00,0.00,0.00,0.00,0.00,0.00,0.00,0.0022,5.9978,0.00,0.00,0,0,0.00,0.00,0,0
154452,0.00,0.00,0.00,0.00,0.00,0.00,0.00,0.00,0.00,0.0022,5.9978,0.00,0.00,0,0,0.00,0.00,0,0
154652,0.00,0.00,0.00,0.00,0.00,0.00,0.00,0.00,0.00,0.0022,5.9978,0.00,0.00,0,0,0.00,0.00,0,0
154852,0.00,0.00,0.00,0.00,0.00,0.00,0.00,0.00,0.00,0.0022,5.9978,0.00,0.00,0,0,0.00,0.00,0,0
155052,0.00,0.00,0.00,0.00,0.00,0.00,0.00,0.00,0.00,0.0022,5.9978,0.00,0.00,0,0,0.00,0.00,0,0
155252,0.00,0.00,0.00,0.00,0.00,0.00,0.00,0.00,0.00,0.0022,5.9978,0.00,0.00,0,0,0.00,0.00,0,0
155452,0.00,0.00,0.00,0.00,0.00,0.00,0.00,0.00,0.00,0.0022,5.9978,0.00,0.00,0,0,0.00,0.00,0,0
155652,0.00,0.00,0.00,0.00,0.00,0.00,0.00,0.00,0.00,0.0022,5.9978,0.00,0.00,0,0,0.00,0.00,0,0
155852,0.00,0.00,0.00,0.00,0.00,0.00,0.00,0.00,0.00,0.0022,5.9978,0.00,0.00,0,0,0.00,0.00,0,0
156052,0.00,0.00,0.00,0.00,0.00,0.00,0.00,0.00,0.00,0.0022,5.9978,0.00,0.00,0,0,0.00,0.00,0,0
156252,0.00,0.00,0.00,0.00,0.00,0.00,0.00,0.00,0.00,0.0022,5.9978,0.00,0.00,0,0,0.00,0.00,0,0
156452,0.00,0.00,0.00,0.00,0.00,0.00,0.00,0.00,0.00,0.0022,5.9978,0.00,0.00,0,0,0.00,0.00,0,0
156652,0.00,0.00,0.00,0.00,0.00,0.00,0.00,0.00,0.00,0.0022,5.9978,0.00,0.00,0,0,0.00,0.00,0,0
156852,0.00,0.00,0.00,0.00,0.00,0.00,0.00,0.00,0.00,0.0022,5.9978,0.00,0.00,0,0,0.00,0.00,0,0
157052,0.00,0.00,0.00,0.00,0.00,0.00,0.00,0.00,0.00,0.0022,5.9978,0.00,0.00,0,0,0.00,0.00,0,0
157252,0.00,0.00,0.00,0.00,0.00,0.00,0.00,0.00,0.00,0.0022,5.9978,0.00,0.00,0,0,0.00,0.00,0,0
157452,0.00,0.00,0.00,0.00,0.00,0.00,0.00,0.00,0.00,0.0022,5.9978,0.00,0.00,0,0,0.00,0.00,0,0
157652,0.00,0.00,0.00,0.00,0.00,0.00,0.00,0.00,0.00,0.0022,5.9978,0.00,0.00,0,0,0.00,0.00,0,0
157852,0.00,0.00,0.00,0.00,0.00,0.00,0.00,0.00,0.00,0.0022,5.9978,0.00,0.00,0,0,0.00,0.00,0,0
158052,0.00,0.00,0.00,0.00,0.00,0.00,0.00,0.00,0.00,0.0022,5.9978,0.00,0.00,0,0,0.00,0.00,0,0
158252,0.00,0.00,0.00,0.00,0.00,0.00,0.00,0.00,0.00,0.0022,5.9978,0.00,0.00,0,0,0.00,0.00,0,0
158452,0.00,0.00,0.00,0.00,0.00,0.00,0.00,0.00,0.00,0.0022,5.9978,0.00,0.00,0,0,0.00,0.00,0,0
158652,0.00,0.00,0.00,0.00,0.00,0.00,0.00,0.00,0.00,0.0022,5.9978,0.00,0.00,0,0,0.00,0.00,0,0
158852,0.00,0.00,0.00,0.00,0.00,0.00,0.00,0.00,0.00,0.0022,5.9978,0.00,0.00,0,0,0.00,0.00,0,0
159052,0.00,0.00,0.00,0.00,0.00,0.00,0.00,0.00,0.00,0.0022,5.9978,0.00,0.00,0,0,0.00,0.00,0,0
159252,0.00,0.00,0.00,0.00,0.00,0.00,0.00,0.00,0.00,0.0022,5.9978,0.00,0.00,0,0,0.00,0.00,0,0
159452,0.00,0.00,0.00,0.00,0.00,0.00,0.00,0.00,0.00,0.0022,5.9978,0.00,0.00,0,0,0.00,0.00,0,0
159652,0.00,0.00,0.00,0.00,0.00,0.00,0.00,0.00,0.00,0.0022,5.9978,0.00,0.00,0,0,0.00,0.00,0,0
159852,0.00,0.00,0.00,0.00,0.00,0.00,0.00,0.00,0.00,0.0022,5.9978,0.00,0.00,0,0,0.00,0.00,0,0
160052,0.00,0.00,0.00,0.00,0.00,0.00,0.00,0.00,0.00,0.0022,5.9978,0.00,0.00,0,0,0.00,0.00,0,0
160252,0.00,0.00,0.00,0.00,0.00,0.00,0.00,0.00,0.00,0.0022,5.9978,0.00,0.00,0,0,0.00,0.00,0,0
160452,0.00,0.00,0.00,0.00,0.00,0.00,0.00,0.00,0.00,0.0022,5.9978,0.00,0.00,0,0,0.00,0.00,0,0
160652,0.00,0.00,0.00,0.00,0.00,0.00,0.00,0.00,0.00,0.0022,5.9978,0.00,0.00,0,0,0.00,0.00,0,0
160852,0.00,0.00,0.00,0.00,0.00,0.00,0.00,0.00,0.00,0.0022,5.9978,0.00,0.00,0,0,0.00,0.00,0,0
161052,0.00,0.00,0.00,0.00,0.00,0.00,0.00,0.00,0.00,0.0022,5.9978,0.00,0.00,0,0,0.00,0.00,0,0
161252,0.00,0.00,0.00,0.00,0.00,0.00,0.00,0.00,0.00,0.0022,5.9978,0.00,0.00,0,0,0.00,0.00,0,0
161452,0.00,0.00,0.00,0.00,0.00,0.00,0.00,0.00,0.00,0.0022,5.9978,0.00,0.00,0,0,0.00,0.00,0,0
161652,0.00,0.00,0.00,0.00,0.00,0.00,0.00,0.00,0.00,0.0022,5.9978,0.00,0.00,0,0,0.00,0.00,0,0
161852,0.00,0.00,0.00,0.00,0.00,0.00,0.00,0.00,0.00,0.0022,5.9978,0.00,0.00,0,0,0.00,0.00,0,0
162052,0.00,0.00,0.00,0.00,0.00,0.00,0.00,0.00,0.00,0.0022,5.9978,0.00,0.00,0,0,0.00,0.00,0,0
162252,0.00,0.00,0.00,0.00,0.00,0.00,0.00,0.00,0.00,0.0022,5.9978,0.00,0.00,0,0,0.00,0.00,0,0
162452,0.00,0.00,0.00,0.00,0.00,0.00,0.00,0.00,0.00,0.0022,5.9978,0.00,0.00,0,0,0.00,0.00,0,0
162652,0.00,0.00,0.00,0.00,0.00,0.00,0.00,0.00,0.00,0.0022,5.9978,0.00,0.00,0,0,0.00,0.00,0,0
162852,0.00,0.00,0.00,0.00,0.00,0.00,0.00,0.00,0.00,0.0022,5.9978,0.00,0.00,0,0,0.00,0.00,0,0
163052,0.00,0.00,0.00,0.00,0.00,0.00,0.00,0.00,0.00,0.0022,5.9978,0.00,0.00,0,0,0.00,0.00,0,0
163252,0.00,0.00,0.00,0.00,0.00,0.00,0.00,0.00,0.00,0.0022,5.9978,0.00,0.00,0,0,0.00,0.00,0,0
163452,0.00,0.00,0.00,0.00,0.00,0.00,0.00,0.00,0.00,0.0022,5.9978,0.00,0.00,0,0,0.00,0.00,0,0
163652,0.00,0.00,0.00,0.00,0.00,0.00,0.00,0.00,0.00,0.0022,5.9978,0.00,0.00,0,0,0.00,0.00,0,0
163852,0.00,0.00,0.00,0.00,0.00,0.00,0.00,0.00,0.00,0.0022,5.9978,0.00,0.00,0,0,0.00,0.00,0,0
164052,0.00,0.00,0.00,0.00,0.00,0.00,0.00,0.00,0.00,0.0022,5.9978,0.00,0.00,0,0,0.00,0.00,0,0
164252,0.00,0.00,0.00,0.00,0.00,0.00,0.00,0.00,0.00,0.0022,5.9978,0.00,0.00,0,0,0.00,0.00,0,0
164452,0.00,0.00,0.00,0.00,0.00,0.00,0.00,0.00,0.00,0.0022,5.9978,0.00,0.00,0,0,0.00,0.00,0,0
164652,0.00,0.00,0.00,0.00,0.00,0.00,0.00,0.00,0.00,0.0022,5.9978,0.00,0.00,0,0,0.00,0.00,0,0
164852,0.00,0.00,0.00,0.00,0.00,0.00,0.00,0.00,0.00,0.0022,5.9978,0.00,0.00,0,0,0.00,0.00,0,0
165052,0.00,0.00,0.00,0.00,0.00,0.00,0.00,0.00,0.00,0.0022,5.9978,0.00,0.00,0,0,0.00,0.00,0,0
165252,0.00,0.00,0.00,0.00,0.00,0.00,0.00,0.00,0.00,0.0022,5.9978,0.00,0.00,0,0,0.00,0.00,0,0
165452,0.00,0.00,0.00,0.00,0.00,0.00,0.00,0.00,0.00,0.0022,5.9978,0.00,0.00,0,0,0.00,0.00,0,0
165652,0.00,0.00,0.00,0.00,0.00,0.00,0.00,0.00,0.00,0.0022,5.9978,0.00,0.00,0,0,0.00,0.00,0,0
165852,0.00,0.00,0.00,0.00,0.00,0.00,0.00,0.00,0.00,0.0022,5.9978,0.00,0.00,0,0,0.00,0.00,0,0
166052,0.00,0.00,0.00,0.00,0.00,0.00,0.00,0.00,0.00,0.0022,5.9978,0.00,0.00,0,0,0.00,0.00,0,0
166252,0.00,0.00,0.00,0.00,0.00,0.00,0.00,0.00,0.00,0.0022,5.9978,0.00,0.00,0,0,0.00,0.00,0,0
166452,0.00,0.00,0.00,0.00,0.00,0.00,0.00,0.00,0.00,0.0022,5.9978,0.00,0.00,0,0,0.00,0.00,0,0
166652,0.00,0.00,0.00,0.00,0.00,0.00,0.00,0.00,0.00,0.0022,5.9978,0.00,0.00,0,0,0.00,0.00,0,0
166852,0.00,0.00,0.00,0.00,0.00,0.00,0.00,0.00,0.00,0.0022,5.9978,0.00,0.00,0,0,0.00,0.00,0,0
167052,0.00,0.00,0.00,0.00,0.00,0.00,0.00,0.00,0.00,0.0022,5.9978,0.00,0.00,0,0,0.00,0.00,0,0
167252,0.00,0.00,0.00,0.00,0.00,0.00,0.00,0.00,0.00,0.0022,5.9978,0.00,0.00,0,0,0.00,0.00,0,0
167452,0.00,0.00,0.00,0.00,0.00,0.00,0.00,0.00,0.00,0.0022,5.9978,0.00,0.00,0,0,0.00,0.00,0,0
167652,0.00,0.00,0.00,0.00,0.00,0.00,0.00,0.00,0.00,0.0022,5.9978,0.00,0.00,0,0,0.00,0.00,0,0
167852,0.00,0.00,0.00,0.00,0.00,0.00,0.00,0.00,0.00,0.0022,5.9978,0.00,0.00,0,0,0.00,0.00,0,0
168052,0.00,0.00,0.00,0.00,0.00,0.00,0.00,0.00,0.00,0.0022,5.9978,0.00,0.00,0,0,0.00,0.00,0,0
168252,0.00,0.00,0.00,0.00,0.00,0.00,0.00,0.00,0.00,0.0022,5.9978,0.00,0.00,0,0,0.00,0.00,0,0
168452,0.00,0.00,0.00,0.00,0.00,0.00,0.00,0.00,0.00,0.0022,5.9978,0.00,0.00,0,0,0.00,0.00,0,0
168652,0.00,0.00,0.00,0.00,0.00,0.00,0.00,0.00,0.00,0.0022,5.9978,0.00,0.00,0,0,0.00,0.00,0,0
168852,0.00,0.00,0.00,0.00,0.00,0.00,0.00,0.00,0.00,0.0022,5.9978,0.00,0.00,0,0,0.00,0.00,0,0
169052,0.00,0.00,0.00,0.00,0.00,0.00,0.00,0.00,0.00,0.0022,5.9978,0.00,0.00,0,0,0.00,0.00,0,0
169252,0.00,0.00,0.00,0.00,0.00,0.00,0.00,0.00,0.00,0.0022,5.9978,0.00,0.00,0,0,0.00,0.00,0,0
169452,0.00,0.00,0.00,0.00,0.00,0.00,0.00,0.00,0.00,0.0022,5.9978,0.00,0.00,0,0,0.00,0.00,0,0
169652,0.00,0.00,0.00,0.00,0.00,0.00,0.00,0.00,0.00,0.0022,5.9978,0.00,0.00,0,0,0.00,0.00,0,0
169852,0.00,0.00,0.00,0.00,0.00,0.00,0.00,0.00,0.00,0.0022,5.9978,0.00,0.00,0,0,0.00,0.00,0,0
170052,0.00,0.00,0.00,0.00,0.00,0.00,0.00,0.00,0.00,0.0022,5.9978,0.00,0.00,0,0,0.00,0.00,0,0
170252,0.00,0.00,0.00,0.00,0.00,0.00,0.00,0.00,0.00,0.0022,5.9978,0.00,0.00,0,0,0.00,0.00,0,0
170452,0.00,0.00,0.00,0.00,0.00,0.00,0.00,0.00,0.00,0.0022,5.9978,0.00,0.00,0,0,0.00,0.00,0,0
170652,0.00,0.00,0.00,0.00,0.00,0.00,0.00,0.00,0.00,0.0022,5.9978,0.00,0.00,0,0,0.00,0.00,0,0
170852,0.00,0.00,0.00,0.00,0.00,0.00,0.00,0.00,0.00,0.0022,5.9978,0.00,0.00,0,0,0.00,0.00,0,0
171052,0.00,0.00,0.00,0.00,0.00,0.00,0.00,0.00,0.00,0.0022,5.9978,0.00,0.00,0,0,0.00,0.00,0,0
171252,0.00,0.00,0.00,0.00,0.00,0.00,0.00,0.00,0.00,0.0022,5.9978,0.00,0.00,0,0,0.00,0.00,0,0
171452,0.00,0.00,0.00,0.00,0.00,0.00,0.00,0.00,0.00,0.0022,5.9978,0.00,0.00,0,0,0.00,0.00,0,0
171652,0.00,0.00,0.00,0.00,0.00,0.00,0.00,0.00,0.00,0.0022,5.9978,0.00,0.00,0,0,0.00,0.00,0,0
171852,0.00,0.00,0.00,0.00,0.00,0.00,0.00,0.00,0.00,0.0022,5.9978,0.00,0.00,0,0,0.00,0.00,0,0
172052,0.00,0.00,0.00,0.00,0.00,0.00,0.00,0.00,0.00,0.0022,5.9978,0.00,0.00,0,0,0.00,0.00,0,0
172252,0.00,0.00,0.00,0.00,0.00,0.00,0.00,0.00,0.00,0.0022,5.9978,0.00,0.00,0,0,0.00,0.00,0,0
172452,0.00,0.00,0.00,0.00,0.00,0.00,0.00,0.00,0.00,0.0022,5.9978,0.00,0.00,0,0,0.00,0.00,0,0
172652,0.00,0.00,0.00,0.00,0.00,0.00,0.00,0.00,0.00,0.0022,5.9978,0.00,0.00,0,0,0.00,0.00,0,0
172852,0.00,0.00,0.00,0.00,0.00,0.00,0.00,0.00,0.00,0.0022,5.9978,0.00,0.00,0,0,0.00,0.00,0,0
173052,0.00,0.00,0.00,0.00,0.00,0.00,0.00,0.00,0.00,0.0022,5.9978,0.00,0.00,0,0,0.00,0.00,0,0
173252,0.00,0.00,0.00,0.00,0.00,0.00,0.00,0.00,0.00,0.0022,5.9978,0.00,0.00,0,0,0.00,0.00,0,0
173452,0.00,0.00,0.00,0.00,0.00,0.00,0.00,0.00,0.00,0.0022,5.9978,0.00,0.00,0,0,0.00,0.00,0,0
173652,0.00,0.00,0.00,0.00,0.00,0.00,0.00,0.00,0.00,0.0022,5.9978,0.00,0.00,0,0,0.00,0.00,0,0
173852,0.00,0.00,0.00,0.00,0.00,0.00,0.00,0.00,0.00,0.0022,5.9978,0.00,0.00,0,0,0.00,0.00,0,0
174052,0.00,0.00,0.00,0.00,0.00,0.00,0.00,0.00,0.00,0.0022,5.9978,0.00,0.00,0,0,0.00,0.00,0,0
174252,0.00,0.00,0.00,0.00,0.00,0.00,0.00,0.00,0.00,0.0022,5.9978,0.00,0.00,0,0,0.00,0.00,0,0
174452,0.00,0.00,0.00,0.00,0.00,0.00,0.00,0.00,0.00,0.0022,5.9978,0.00,0.00,0,0,0.00,0.00,0,0
174652,0.00,0.00,0.00,0.00,0.00,0.00,0.00,0.00,0.00,0.0022,5.9978,0.00,0.00,0,0,0.00,0.00,0,0
174852,0.00,0.00,0.00,0.00,0.00,0.00,0.00,0.00,0.00,0.0022,5.9978,0.00,0.00,0,0,0.00,0.00,0,0
175052,0.00,0.00,0.00,0.00,0.00,0.00,0.00,0.00,0.00,0.0022,5.9978,0.00,0.00,0,0,0.00,0.00,0,0
175252,0.00,0.00,0.00,0.00,0.00,0.00,0.00,0.00,0.00,0.0022,5.9978,0.00,0.00,0,0,0.00,0.00,0,0
175452,0.00,0.00,0.00,0.00,0.00,0.00,0.00,0.00,0.00,0.0022,5.9978,0.00,0.00,0,0,0.00,0.00,0,0
175652,0.00,0.00,0.00,0.00,0.00,0.00,0.00,0.00,0.00,0.0022,5.9978,0.00,0.00,0,0,0.00,0.00,0,0
175852,0.00,0.00,0.00,0.00,0.00,0.00,0.00,0.00,0.00,0.0022,5.9978,0.00,0.00,0,0,0.00,0.00,0,0
176052,0.00,0.00,0.00,0.00,0.00,0.00,0.00,0.00,0.00,0.0022,5.9978,0.00,0.00,0,0,0.00,0.00,0,0
176252,0.00,0.00,0.00,0.00,0.00,0.00,0.00,0.00,0.00,0.0022,5.9978,0.00,0.00,0,0,0.00,0.00,0,0
176452,0.00,0.00,0.00,0.00,0.00,0.00,0.00,0.00,0.00,0.0022,5.9978,0.00,0.00,0,0,0.00,0.00,0,0
176652,0.00,0.00,0.00,0.00,0.00,0.00,0.00,0.00,0.00,0.0022,5.9978,0.00,0.00,0,0,0.00,0.00,0,0
176852,0.00,0.00,0.00,0.00,0.00,0.00,0.00,0.00,0.00,0.0022,5.9978,0.00,0.00,0,0,0.00,0.00,0,0
177052,0.00,0.00,0.00,0.00,0.00,0.00,0.00,0.00,0.00,0.0022,5.9978,0.00,0.00,0,0,0.00,0.00,0,0
177252,0.00,0.00,0.00,0.00,0.00,0.00,0.00,0.00,0.00,0.0022,5.9978,0.00,0.00,0,0,0.00,0.00,0,0
177452,0.00,0.00,0.00,0.00,0.00,0.00,0.00,0.00,0.00,0.0022,5.9978,0.00,0.00,0,0,0.00,0.00,0,0
177652,0.00,0.00,0.00,0.00,0.00,0.00,0.00,0.00,0.00,0.0022,5.9978,0.00,0.00,0,0,0.00,0.00,0,0
177852,0.00,0.00,0.00,0.00,0.00,0.00,0.00,0.00,0.00,0.0022,5.9978,0.00,0.00,0,0,0.00,0.00,0,0
178052,0.00,0.00,0.00,0.00,0.00,0.00,0.00,0.00,0.00,0.0022,5.9978,0.00,0.00,0,0,0.00,0.00,0,0
178252,0.00,0.00,0.00,0.00,0.00,0.00,0.00,0.00,0.00,0.0022,5.9978,0.00,0.00,0,0,0.00,0.00,0,0
178452,0.00,0.00,0.00,0.00,0.00,0.00,0.00,0.00,0.00,0.0022,5.9978,0.00,0.00,0,0,0.00,0.00,0,0
178652,0.00,0.00,0.00,0.00,0.00,0.00,0.00,0.00,0.00,0.0022,5.9978,0.00,0.00,0,0,0.00,0.00,0,0
178852,0.00,0.00,0.00,0.00,0.00,0.00,0.00,0.00,0.00,0.0022,5.9978,0.00,0.00,0,0,0.00,0.00,0,0
179052,0.00,0.00,0.00,0.00,0.00,0.00,0.00,0.00,0.00,0.0022,5.9978,0.00,0.00,0,0,0.00,0.00,0,0
179252,0.00,0.00,0.00,0.00,0.00,0.00,0.00,0.00,0.00,0.0022,5.9978,0.00,0.00,0,0,0.00,0.00,0,0
179452,0.00,0.00,0.00,0.00,0.00,0.00,0.00,0.00,0.00,0.0022,5.9978,0.00,0.00,0,0,0.00,0.00,0,0
179652,0.00,0.00,0.00,0.00,0.00,0.00,0.00,0.00,0.00,0.0022,5.9978,0.00,0.00,0,0,0.00,0.00,0,0
179852,0.00,0.00,0.00,0.00,0.00,0.00,0.00,0.00,0.00,0.0022,5.9978,0.00,0.00,0,0,0.00,0.00,0,0
180052,0.00,0.00,0.00,0.00,0.00,0.00,0.00,0.00,0.00,0.0022,5.9978,0.00,0.00,0,0,0.00,0.00,0,0
180252,0.00,0.00,0.00,0.00,0.00,0.00,0.00,0.00,0.00,0.0022,5.9978,0.00,0.00,0,0,0.00,0.00,0,0
180452,0.00,0.00,0.00,0.00,0.00,0.00,0.00,0.00,0.00,0.0022,5.9978,0.00,0.00,0,0,0.00,0.00,0,0
180652,0.00,0.00,0.00,0.00,0.00,0.00,0.00,0.00,0.00,0.0022,5.9978,0.00,0.00,0,0,0.00,0.00,0,0
180852,0.00,0.00,0.00,0.00,0.00,0.00,0.00,0.00,0.00,0.0022,5.9978,0.00,0.00,0,0,0.00,0.00,0,0
181052,0.00,0.00,0.00,0.00,0.00,0.00,0.00,0.00,0.00,0.0022,5.9978,0.00,0.00,0,0,0.00,0.00,0,0
181252,0.00,0.00,0.00,0.00,0.00,0.00,0.00,0.00,0.00,0.0022,5.9978,0.00,0.00,0,0,0.00,0.00,0,0
181452,0.00,0.00,0.00,0.00,0.00,0.00,0.00,0.00,0.00,0.0022,5.9978,0.00,0.00,0,0,0.00,0.00,0,0
181652,0.00,0.00,0.00,0.00,0.00,0.00,0.00,0.00,0.00,0.0022,5.9978,0.00,0.00,0,0,0.00,0.00,0,0
181852,0.00,0.00,0.00,0.00,0.00,0.00,0.00,0.00,0.00,0.0022,5.9978,0.00,0.00,0,0,0.00,0.00,0,0
182052,0.00,0.00,0.00,0.00,0.00,0.00,0.00,0.00,0.00,0.0022,5.9978,0.00,0.00,0,0,0.00,0.00,0,0
182252,0.00,0.00,0.00,0.00,0.00,0.00,0.00,0.00,0.00,0.0022,5.9978,0.00,0.00,0,0,0.00,0.00,0,0
182452,0.00,0.00,0.00,0.00,0.00,0.00,0.00,0.00,0.00,0.0022,5.9978,0.00,0.00,0,0,0.00,0.00,0,0
182652,0.00,0.00,0.00,0.00,0.00,0.00,0.00,0.00,0.00,0.0022,5.9978,0.00,0.00,0,0,0.00,0.00,0,0
182852,0.00,0.00,0.00,0.00,0.00,0.00,0.00,0.00,0.00,0.0022,5.9978,0.00,0.00,0,0,0.00,0.00,0,0
183052,0.00,0.00,0.00,0.00,0.00,0.00,0.00,0.00,0.00,0.0022,5.9978,0.00,0.00,0,0,0.00,0.00,0,0
183252,0.00,0.00,0.00,0.00,0.00,0.00,0.00,0.00,0.00,0.0022,5.9978,0.00,0.00,0,0,0.00,0.00,0,0
183452,0.00,0.00,0.00,0.00,0.00,0.00,0.00,0.00,0.00,0.0022,5.9978,0.00,0.00,0,0,0.00,0.00,0,0
183652,0.00,0.00,0.00,0.00,0.00,0.00,0.00,0.00,0.00,0.0022,5.9978,0.00,0.00,0,0,0.00,0.00,0,0
183852,0.00,0.00,0.00,0.00,0.00,0.00,0.00,0.00,0.00,0.0022,5.9978,0.00,0.00,0,0,0.00,0.00,0,0
184052,0.00,0.00,0.00,0.00,0.00,0.00,0.00,0.00,0.00,0.0022,5.9978,0.00,0.00,0,0,0.00,0.00,0,0
184252,0.00,0.00,0.00,0.00,0.00,0.00,0.00,0.00,0.00,0.0022,5.9978,0.00,0.00,0,0,0.00,0.00,0,0
184452,0.00,0.00,0.00,0.00,0.00,0.00,0.00,0.00,0.00,0.0022,5.9978,0.00,0.00,0,0,0.00,0.00,0,0
184652,0.00,0.00,0.00,0.00,0.00,0.00,0.00,0.00,0.00,0.0022,5.9978,0.00,0.00,0,0,0.00,0.00,0,0
184852,0.00,0.00,0.00,0.00,0.00,0.00,0.00,0.00,0.00,0.0022,5.9978,0.00,0.00,0,0,0.00,0.00,0,0
185052,0.00,0.00,0.00,0.00,0.00,0.00,0.00,0.00,0.00,0.0022,5.9978,0.00,0.00,0,0,0.00,0.00,0,0
185252,0.00,0.00,0.00,0.00,0.00,0.00,0.00,0.00,0.00,0.0022,5.9978,0.00,0.00,0,0,0.00,0.00,0,0
185452,0.00,0.00,0.00,0.00,0.00,0.00,0.00,0.00,0.00,0.0022,5.9978,0.00,0.00,0,0,0.00,0.00,0,0
185652,0.00,0.00,0.00,0.00,0.00,0.00,0.00,0.00,0.00,0.0022,5.9978,0.00,0.00,0,0,0.00,0.00,0,0
185852,0.00,0.00,0.00,0.00,0.00,0.00,0.00,0.00,0.00,0.0022,5.9978,0.00,0.00,0,0,0.00,0.00,0,0
186052,0.00,0.00,0.00,0.00,0.00,0.00,0.00,0.00,0.00,0.0022,5.9978,0.00,0.00,0,0,0.00,0.00,0,0
186252,0.00,0.00,0.00,0.00,0.00,0.00,0.00,0.00,0.00,0.0022,5.9978,0.00,0.00,0,0,0.00,0.00,0,0
186452,0.00,0.00,0.00,0.00,0.00,0.00,0.00,0.00,0.00,0.0022,5.9978,0.00,0.00,0,0,0.00,0.00,0,0
186652,0.00,0.00,0.00,0.00,0.00,0.00,0.00,0.00,0.00,0.0022,5.9978,0.00,0.00,0,0,0.00,0.00,0,0
186852,0.00,0.00,0.00,0.00,0.00,0.00,0.00,0.00,0.00,0.0022,5.9978,0.00,0.00,0,0,0.00,0.00,0,0
187052,0.00,0.00,0.00,0.00,0.00,0.00,0.00,0.00,0.00,0.0022,5.9978,0.00,0.00,0,0,0.00,0.00,0,0
187252,0.00,0.00,0.00,0.00,0.00,0.00,0.00,0.00,0.00,0.0022,5.9978,0.00,0.00,0,0,0.00,0.00,0,0
187452,0.00,0.00,0.00,0.00,0.00,0.00,0.00,0.00,0.00,0.0022,5.9978,0.00,0.00,0,0,0.00,0.00,0,0
187652,0.00,0.00,0.00,0.00,0.00,0.00,0.00,0.00,0.00,0.0022,5.9978,0.00,0.00,0,0,0.00,0.00,0,0
187852,0.00,0.00,0.00,0.00,0.00,0.00,0.00,0.00,0.00,0.0022,5.9978,0.00,0.00,0,0,0.00,0.00,0,0
188052,0.00,0.00,0.00,0.00,0.00,0.00,0.00,0.00,0.00,0.0022,5.9978,0.00,0.00,0,0,0.00,0.00,0,0
188252,0.00,0.00,0.00,0.00,0.00,0.00,0.00,0.00,0.00,0.0022,5.9978,0.00,0.00,0,0,0.00,0.00,0,0
188452,0.00,0.00,0.00,0.00,0.00,0.00,0.00,0.00,0.00,0.0022,5.9978,0.00,0.00,0,0,0.00,0.00,0,0
188652,0.00,0.00,0.00,0.00,0.00,0.00,0.00,0.00,0.00,0.0022,5.9978,0.00,0.00,0,0,0.00,0.00,0,0
188852,0.00,0.00,0.00,0.00,0.00,0.00,0.00,0.00,0.00,0.0022,5.9978,0.00,0.00,0,0,0.00,0.00,0,0
189052,0.00,0.00,0.00,0.00,0.00,0.00,0.00,0.00,0.00,0.0022,5.9978,0.00,0.00,0,0,0.00,0.00,0,0
189252,0.00,0.00,0.00,0.00,0.00,0.00,0.00,0.00,0.00,0.0022,5.9978,0.00,0.00,0,0,0.00,0.00,0,0
189452,0.00,0.00,0.00,0.00,0.00,0.00,0.00,0.00,0.00,0.0022,5.9978,0.00,0.00,0,0,0.00,0.00,0,0
189652,0.00,0.00,0.00,0.00,0.00,0.00,0.00,0.00,0.00,0.0022,5.9978,0.00,0.00,0,0,0.00,0.00,0,0
189852,0.00,0.00,0.00,0.00,0.00,0.00,0.00,0.00,0.00,0.0022,5.9978,0.00,0.00,0,0,0.00,0.00,0,0
190052,0.00,0.00,0.00,0.00,0.00,0.00,0.00,0.00,0.00,0.0022,5.9978,0.00,0.00,0,0,0.00,0.00,0,0
190252,0.00,0.00,0.00,0.00,0.00,0.00,0.00,0.00,0.00,0.0022,5.9978,0.00,0.00,0,0,0.00,0.00,0,0
190452,0.00,0.00,0.00,0.00,0.00,0.00,0.00,0.00,0.00,0.0022,5.9978,0.00,0.00,0,0,0.00,0.00,0,0
190652,0.00,0.00,0.00,0.00,0.00,0.00,0.00,0.00,0.00,0.0022,5.9978,0.00,0.00,0,0,0.00,0.00,0,0
190852,0.00,0.00,0.00,0.00,0.00,0.00,0.00,0.00,0.00,0.0022,5.9978,0.00,0.00,0,0,0.00,0.00,0,0
191052,0.00,0.00,0.00,0.00,0.00,0.00,0.00,0.00,0.00,0.0022,5.9978,0.00,0.00,0,0,0.00,0.00,0,0
191252,0.00,0.00,0.00,0.00,0.00,0.00,0.00,0.00,0.00,0.0022,5.9978,0.00,0.00,0,0,0.00,0.00,0,0
191452,0.00,0.00,0.00,0.00,0.00,0.00,0.00,0.00,0.00,0.0022,5.9978,0.00,0.00,0,0,0.00,0.00,0,0
191652,0.00,0.00,0.00,0.00,0.00,0.00,0.00,0.00,0.00,0.0022,5.9978,0.00,0.00,0,0,0.00,0.00,0,0
191852,0.00,0.00,0.00,0.00,0.00,0.00,0.00,0.00,0.00,0.0022,5.9978,0.00,0.00,0,0,0.00,0.00,0,0
192052,0.00,0.00,0.00,0.00,0.00,0.00,0.00,0.00,0.00,0.0022,5.9978,0.00,0.00,0,0,0.00,0.00,0,0
192252,0.00,0.00,0.00,0.00,0.00,0.00,0.00,0.00,0.00,0.0022,5.9978,0.00,0.00,0,0,0.00,0.00,0,0
192452,0.00,0.00,0.00,0.00,0.00,0.00,0.00,0.00,0.00,0.0022,5.9978,0.00,0.00,0,0,0.00,0.00,0,0
192652,0.00,0.00,0.00,0.00,0.00,0.00,0.00,0.00,0.00,0.0022,5.9978,0.00,0.00,0,0,0.00,0.00,0,0
192852,0.00,0.00,0.00,0.00,0.00,0.00,0.00,0.00,0.00,0.0022,5.9978,0.00,0.00,0,0,0.00,0.00,0,0
193052,0.00,0.00,0.00,0.00,0.00,0.00,0.00,0.00,0.00,0.0022,5.9978,0.00,0.00,0,0,0.00,0.00,0,0
193252,0.00,0.00,0.00,0.00,0.00,0.00,0.00,0.00,0.00,0.0022,5.9978,0.00,0.00,0,0,0.00,0.00,0,0
193452,0.00,0.00,0.00,0.00,0.00,0.00,0.00,0.00,0.00,0.0022,5.9978,0.00,0.00,0,0,0.00,0.00,0,0
193652,0.00,0.00,0.00,0.00,0.00,0.00,0.00,0.00,0.00,0.0022,5.9978,0.00,0.00,0,0,0.00,0.00,0,0
193852,0.00,0.00,0.00,0.00,0.00,0.00,0.00,0.00,0.00,0.0022,5.9978,0.00,0.00,0,0,0.00,0.00,0,0
194052,0.00,0.00,0.00,0.00,0.00,0.00,0.00,0.00,0.00,0.0022,5.9978,0.00,0.00,0,0,0.00,0.00,0,0
194252,0.00,0.00,0.00,0.00,0.00,0.00,0.00,0.00,0.00,0.0022,5.9978,0.00,0.00,0,0,0.00,0.00,0,0
194452,0.00,0.00,0.00,0.00,0.00,0.00,0.00,0.00,0.00,0.0022,5.9978,0.00,0.00,0,0,0.00,0.00,0,0
194652,0.00,0.00,0.00,0.00,0.00,0.00,0.00,0.00,0.00,0.0022,5.9978,0.00,0.00,0,0,0.00,0.00,0,0
194852,0.00,0.00,0.00,0.00,0.00,0.00,0.00,0.00,0.00,0.0022,5.9978,0.00,0.00,0,0,0.00,0.00,0,0
195052,0.00,0.00,0.00,0.00,0.00,0.00,0.00,0.00,0.00,0.0022,5.9978,0.00,0.00,0,0,0.00,0.00,0,0
195252,0.00,0.00,0.00,0.00,0.00,0.00,0.00,0.00,0.00,0.0022,5.9978,0.00,0.00,0,0,0.00,0.00,0,0
195452,0.00,0.00,0.00,0.00,0.00,0.00,0.00,0.00,0.00,0.0022,5.9978,0.00,0.00,0,0,0.00,0.00,0,0
195652,0.00,0.00,0.00,0.00,0.00,0.00,0.00,0.00,0.00,0.0022,5.9978,0.00,0.00,0,0,0.00,0.00,0,0
195852,0.00,0.00,0.00,0.00,0.00,0.00,0.00,0.00,0.00,0.0022,5.9978,0.00,0.00,0,0,0.00,0.00,0,0
196052,0.00,0.00,0.00,0.00,0.00,0.00,0.00,0.00,0.00,0.0022,5.9978,0.00,0.00,0,0,0.00,0.00,0,0
196252,0.00,0.00,0.00,0.00,0.00,0.00,0.00,0.00,0.00,0.0022,5.9978,0.00,0.00,0,0,0.00,0.00,0,0
196452,0.00,0.00,0.00,0.00,0.00,0.00,0.00,0.00,0.00,0.0022,5.9978,0.00,0.00,0,0,0.00,0.00,0,0
196652,0.00,0.00,0.00,0.00,0.00,0.00,0.00,0.00,0.00,0.0022,5.9978,0.00,0.00,0,0,0.00,0.00,0,0
196852,0.00,0.00,0.00,0.00,0.00,0.00,0.00,0.00,0.00,0.0022,5.9978,0.00,0.00,0,0,0.00,0.00,0,0
197052,0.00,0.00,0.00,0.00,0.00,0.00,0.00,0.00,0.00,0.0022,5.9978,0.00,0.00,0,0,0.00,0.00,0,0
197252,0.00,0.00,0.00,0.00,0.00,0.00,0.00,0.00,0.00,0.0022,5.9978,0.00,0.00,0,0,0.00,0.00,0,0
197452,0.00,0.00,0.00,0.00,0.00,0.00,0.00,0.00,0.00,0.0022,5.9978,0.00,0.00,0,0,0.00,0.00,0,0
197652,0.00,0.00,0.00,0.00,0.00,0.00,0.00,0.00,0.00,0.0022,5.9978,0.00,0.00,0,0,0.00,0.00,0,0
197852,0.00,0.00,0.00,0.00,0.00,0.00,0.00,0.00,0.00,0.0022,5.9978,0.00,0.00,0,0,0.00,0.00,0,0
198052,0.00,0.00,0.00,0.00,0.00,0.00,0.00,0.00,0.00,0.0022,5.9978,0.00,0.00,0,0,0.00,0.00,0,0
198252,0.00,0.00,0.00,0.00,0.00,0.00,0.00,0.00,0.00,0.0022,5.9978,0.00,0.00,0,0,0.00,0.00,0,0
198452,0.00,0.00,0.00,0.00,0.00,0.00,0.00,0.00,0.00,0.0022,5.9978,0.00,0.00,0,0,0.00,0.00,0,0
198652,0.00,0.00,0.00,0.00,0.00,0.00,0.00,0.00,0.00,0.0022,5.9978,0.00,0.00,0,0,0.00,0.00,0,0
198852,0.00,0.00,0.00,0.00,0.00,0.00,0.00,0.00,0.00,0.0022,5.9978,0.00,0.00,0,0,0.00,0.00,0,0
199052,0.00,0.00,0.00,0.00,0.00,0.00,0.00,0.00,0.00,0.0022,5.9978,0.00,0.00,0,0,0.00,0.00,0,0
199252,0.00,0.00,0.00,0.00,0.00,0.00,0.00,0.00,0.00,0.0022,5.9978,0.00,0.00,0,0,0.00,0.00,0,0
199452,0.00,0.00,0.00,0.00,0.00,0.00,0.00,0.00,0.00,0.0022,5.9978,0.00,0.00,0,0,0.00,0.00,0,0
199652,0.00,0.00,0.00,0.00,0.00,0.00,0.00,0.00,0.00,0.0022,5.9978,0.00,0.00,0,0,0.00,0.00,0,0
199852,0.00,0.00,0.00,0.00,0.00,0.00,0.00,0.00,0.00,0.0022,5.9978,0.00,0.00,0,0,0.00,0.00,0,0
200052,0.00,0.00,0.00,0.00,0.00,0.00,0.00,0.00,0.00,0.0022,5.9978,0.00,0.00,0,0,0.00,0.00,0,0
200252,0.00,0.00,0.00,0.00,0.00,0.00,0.00,0.00,0.00,0.0022,5.9978,0.00,0.00,0,0,0.00,0.00,0,0
200452,0.00,0.00,0.00,0.00,0.00,0.00,0.00,0.00,0.00,0.0022,5.9978,0.00,0.00,0,0,0.00,0.00,0,0
200652,0.00,0.00,0.00,0.00,0.00,0.00,0.00,0.00,0.00,0.0022,5.9978,0.00,0.00,0,0,0.00,0.00,0,0
200852,0.00,0.00,0.00,0.00,0.00,0.00,0.00,0.00,0.00,0.0022,5.9978,0.00,0.00,0,0,0.00,0.00,0,0
201052,0.00,0.00,0.00,0.00,0.00,0.00,0.00,0.00,0.00,0.0022,5.9978,0.00,0.00,0,0,0.00,0.00,0,0
201252,0.00,0.00,0.00,0.00,0.00,0.00,0.00,0.00,0.00,0.0022,5.9978,0.00,0.00,0,0,0.00,0.00,0,0
201452,0.00,0.00,0.00,0.00,0.00,0.00,0.00,0.00,0.00,0.0022,5.9978,0.00,0.00,0,0,0.00,0.00,0,0
201652,0.00,0.00,0.00,0.00,0.00,0.00,0.00,0.00,0.00,0.0022,5.9978,0.00,0.00,0,0,0.00,0.00,0,0
201852,0.00,0.00,0.00,0.00,0.00,0.00,0.00,0.00,0.00,0.0022,5.9978,0.00,0.00,0,0,0.00,0.00,0,0
202052,0.00,0.00,0.00,0.00,0.00,0.00,0.00,0.00,0.00,0.0022,5.9978,0.00,0.00,0,0,0.00,0.00,0,0
202252,0.00,0.00,0.00,0.00,0.00,0.00,0.00,0.00,0.00,0.0022,5.9978,0.00,0.00,0,0,0.00,0.00,0,0
202452,0.00,0.00,0.00,0.00,0.00,0.00,0.00,0.00,0.00,0.0022,5.9978,0.00,0.00,0,0,0.00,0.00,0,0
202652,0.00,0.00,0.00,0.00,0.00,0.00,0.00,0.00,0.00,0.0022,5.9978,0.00,0.00,0,0,0.00,0.00,0,0
202852,0.00,0.00,0.00,0.00,0.00,0.00,0.00,0.00,0.00,0.0022,5.9978,0.00,0.00,0,0,0.00,0.00,0,0
203052,0.00,0.00,0.00,0.00,0.00,0.00,0.00,0.00,0.00,0.0022,5.9978,0.00,0.00,0,0,0.00,0.00,0,0
203252,0.00,0.00,0.00,0.00,0.00,0.00,0.00,0.00,0.00,0.0022,5.9978,0.00,0.00,0,0,0.00,0.00,0,0
203452,0.00,0.00,0.00,0.00,0.00,0.00,0.00,0.00,0.00,0.0022,5.9978,0.00,0.00,0,0,0.00,0.00,0,0
203652,0.00,0.00,0.00,0.00,0.00,0.00,0.00,0.00,0.00,0.0022,5.9978,0.00,0.00,0,0,0.00,0.00,0,0
203852,0.00,0.00,0.00,0.00,0.00,0.00,0.00,0.00,0.00,0.0022,5.9978,0.00,0.00,0,0,0.00,0.00,0,0
204052,0.00,0.00,0.00,0.00,0.00,0.00,0.00,0.00,0.00,0.0022,5.9978,0.00,0.00,0,0,0.00,0.00,0,0
204252,0.00,0.00,0.00,0.00,0.00,0.00,0.00,0.00,0.00,0.0022,5.9978,0.00,0.00,0,0,0.00,0.00,0,0
204452,0.00,0.00,0.00,0.00,0.00,0.00,0.00,0.00,0.00,0.0022,5.9978,0.00,0.00,0,0,0.00,0.00,0,0
204652,0.00,0.00,0.00,0.00,0.00,0.00,0.00,0.00,0.00,0.0022,5.9978,0.00,0.00,0,0,0.00,0.00,0,0
204852,0.00,0.00,0.00,0.00,0.00,0.00,0.00,0.00,0.00,0.0022,5.9978,0.00,0.00,0,0,0.00,0.00,0,0
205052,0.00,0.00,0.00,0.00,0.00,0.00,0.00,0.00,0.00,0.0022,5.9978,0.00,0.00,0,0,0.00,0.00,0,0
205252,0.00,0.00,0.00,0.00,0.00,0.00,0.00,0.00,0.00,0.0022,5.9978,0.00,0.00,0,0,0.00,0.00,0,0
205452,0.00,0.00,0.00,0.00,0.00,0.00,0.00,0.00,0.00,0.0022,5.9978,0.00,0.00,0,0,0.00,0.00,0,0
205652,0.00,0.00,0.00,0.00,0.00,0.00,0.00,0.00,0.00,0.0022,5.9978,0.00,0.00,0,0,0.00,0.00,0,0
205852,0.00,0.00,0.00,0.00,0.00,0.00,0.00,0.00,0.00,0.0022,5.9978,0.00,0.00,0,0,0.00,0.00,0,0
206052,0.00,0.00,0.00,0.00,0.00,0.00,0.00,0.00,0.00,0.0022,5.9978,0.00,0.00,0,0,0.00,0.00,0,0
206252,0.00,0.00,0.00,0.00,0.00,0.00,0.00,0.00,0.00,0.0022,5.9978,0.00,0.00,0,0,0.00,0.00,0,0
206452,0.00,0.00,0.00,0.00,0.00,0.00,0.00,0.00,0.00,0.0022,5.9978,0.00,0.00,0,0,0.00,0.00,0,0
206652,0.00,0.00,0.00,0.00,0.00,0.00,0.00,0.00,0.00,0.0022,5.9978,0.00,0.00,0,0,0.00,0.00,0,0
206852,0.00,0.00,0.00,0.00,0.00,0.00,0.00,0.00,0.00,0.0022,5.9978,0.00,0.00,0,0,0.00,0.00,0,0
207052,0.00,0.00,0.00,0.00,0.00,0.00,0.00,0.00,0.00,0.0022,5.9978,0.00,0.00,0,0,0.00,0.00,0,0
207252,0.00,0.00,0.00,0.00,0.00,0.00,0.00,0.00,0.00,0.0022,5.9978,0.00,0.00,0,0,0.00,0.00,0,0
207452,0.00,0.00,0.00,0.00,0.00,0.00,0.00,0.00,0.00,0.0022,5.9978,0.00,0.00,0,0,0.00,0.00,0,0
207652,0.00,0.00,0.00,0.00,0.00,0.00,0.00,0.00,0.00,0.0022,5.9978,0.00,0.00,0,0,0.00,0.00,0,0
207852,0.00,0.00,0.00,0.00,0.00,0.00,0.00,0.00,0.00,0.0022,5.9978,0.00,0.00,0,0,0.00,0.00,0,0
208052,0.00,0.00,0.00,0.00,0.00,0.00,0.00,0.00,0.00,0.0022,5.9978,0.00,0.00,0,0,0.00,0.00,0,0
208252,0.00,0.00,0.00,0.00,0.00,0.00,0.00,0.00,0.00,0.0022,5.9978,0.00,0.00,0,0,0.00,0.00,0,0
208452,0.00,0.00,0.00,0.00,0.00,0.00,0.00,0.00,0.00,0.0022,5.9978,0.00,0.00,0,0,0.00,0.00,0,0
208652,0.00,0.00,0.00,0.00,0.00,0.00,0.00,0.00,0.00,0.0022,5.9978,0.00,0.00,0,0,0.00,0.00,0,0
208852,0.00,0.00,0.00,0.00,0.00,0.00,0.00,0.00,0.00,0.0022,5.9978,0.00,0.00,0,0,0.00,0.00,0,0
209052,0.00,0.00,0.00,0.00,0.00,0.00,0.00,0.00,0.00,0.0022,5.9978,0.00,0.00,0,0,0.00,0.00,0,0
209252,0.00,0.00,0.00,0.00,0.00,0.00,0.00,0.00,0.00,0.0022,5.9978,0.00,0.00,0,0,0.00,0.00,0,0
209452,0.00,0.00,0.00,0.00,0.00,0.00,0.00,0.00,0.00,0.0022,5.9978,0.00,0.00,0,0,0.00,0.00,0,0
209652,0.00,0.00,0.00,0.00,0.00,0.00,0.00,0.00,0.00,0.0022,5.9978,0.00,0.00,0,0,0.00,0.00,0,0
209852,0.00,0.00,0.00,0.00,0.00,0.00,0.00,0.00,0.00,0.0022,5.9978,0.00,0.00,0,0,0.00,0.00,0,0
210052,0.00,0.00,0.00,0.00,0.00,0.00,0.00,0.00,0.00,0.0022,5.9978,0.00,0.00,0,0,0.00,0.00,0,0
210252,0.00,0.00,0.00,0.00,0.00,0.00,0.00,0.00,0.00,0.0022,5.9978,0.00,0.00,0,0,0.00,0.00,0,0
210452,0.00,0.00,0.00,0.00,0.00,0.00,0.00,0.00,0.00,0.0022,5.9978,0.00,0.00,0,0,0.00,0.00,0,0
210652,0.00,0.00,0.00,0.00,0.00,0.00,0.00,0.00,0.00,0.0022,5.9978,0.00,0.00,0,0,0.00,0.00,0,0
210852,0.00,0.00,0.00,0.00,0.00,0.00,0.00,0.00,0.00,0.0022,5.9978,0.00,0.00,0,0,0.00,0.00,0,0
211052,0.00,0.00,0.00,0.00,0.00,0.00,0.00,0.00,0.00,0.0022,5.9978,0.00,0.00,0,0,0.00,0.00,0,0
211252,0.00,0.00,0.00,0.00,0.00,0.00,0.00,0.00,0.00,0.0022,5.9978,0.00,0.00,0,0,0.00,0.00,0,0
211452,0.00,0.00,0.00,0.00,0.00,0.00,0.00,0.00,0.00,0.0022,5.9978,0.00,0.00,0,0,0.00,0.00,0,0
211652,0.00,0.00,0.00,0.00,0.00,0.00,0.00,0.00,0.00,0.0022,5.9978,0.00,0.00,0,0,0.00,0.00,0,0
211852,0.00,0.00,0.00,0.00,0.00,0.00,0.00,0.00,0.00,0.0022,5.9978,0.00,0.00,0,0,0.00,0.00,0,0
212052,0.00,0.00,0.00,0.00,0.00,0.00,0.00,0.00,0.00,0.0022,5.9978,0.00,0.00,0,0,0.00,0.00,0,0
212252,0.00,0.00,0.00,0.00,0.00,0.00,0.00,0.00,0.00,0.0022,5.9978,0.00,0.00,0,0,0.00,0.00,0,0
212452,0.00,0.00,0.00,0.00,0.00,0.00,0.00,0.00,0.00,0.0022,5.9978,0.00,0.00,0,0,0.00,0.00,0,0
212652,0.00,0.00,0.00,0.00,0.00,0.00,0.00,0.00,0.00,0.0022,5.9978,0.00,0.00,0,0,0.00,0.00,0,0
212852,0.00,0.00,0.00,0.00,0.00,0.00,0.00,0.00,0.00,0.0022,5.9978,0.00,0.00,0,0,0.00,0.00,0,0
213052,0.00,0.00,0.00,0.00,0.00,0.00,0.00,0.00,0.00,0.0022,5.9978,0.00,0.00,0,0,0.00,0.00,0,0
213252,0.00,0.00,0.00,0.00,0.00,0.00,0.00,0.00,0.00,0.0022,5.9978,0.00,0.00,0,0,0.00,0.00,0,0
213452,0.00,0.00,0.00,0.00,0.00,0.00,0.00,0.00,0.00,0.0022,5.9978,0.00,0.00,0,0,0.00,0.00,0,0
213652,0.00,0.00,0.00,0.00,0.00,0.00,0.00,0.00,0.00,0.0022,5.9978,0.00,0.00,0,0,0.00,0.00,0,0
213852,0.00,0.00,0.00,0.00,0.00,0.00,0.00,0.00,0.00,0.0022,5.9978,0.00,0.00,0,0,0.00,0.00,0,0
214052,0.00,0.00,0.00,0.00,0.00,0.00,0.00,0.00,0.00,0.0022,5.9978,0.00,0.00,0,0,0.00,0.00,0,0
214252,0.00,0.00,0.00,0.00,0.00,0.00,0.00,0.00,0.00,0.0022,5.9978,0.00,0.00,0,0,0.00,0.00,0,0
214452,0.00,0.00,0.00,0.00,0.00,0.00,0.00,0.00,0.00,0.0022,5.9978,0.00,0.00,0,0,0.00,0.00,0,0
214652,0.00,0.00,0.00,0.00,0.00,0.00,0.00,0.00,0.00,0.0022,5.9978,0.00,0.00,0,0,0.00,0.00,0,0
214852,0.00,0.00,0.00,0.00,0.00,0.00,0.00,0.00,0.00,0.0022,5.9978,0.00,0.00,0,0,0.00,0.00,0,0
215052,0.00,0.00,0.00,0.00,0.00,0.00,0.00,0.00,0.00,0.0022,5.9978,0.00,0.00,0,0,0.00,0.00,0,0
215252,0.00,0.00,0.00,0.00,0.00,0.00,0.00,0.00,0.00,0.0022,5.9978,0.00,0.00,0,0,0.00,0.00,0,0
215452,0.00,0.00,0.00,0.00,0.00,0.00,0.00,0.00,0.00,0.0022,5.9978,0.00,0.00,0,0,0.00,0.00,0,0
215652,0.00,0.00,0.00,0.00,0.00,0.00,0.00,0.00,0.00,0.0022,5.9978,0.00,0.00,0,0,0.00,0.00,0,0
215852,0.00,0.00,0.00,0.00,0.00,0.00,0.00,0.00,0.00,0.0022,5.9978,0.00,0.00,0,0,0.00,0.00,0,0
216052,0.00,0.00,0.00,0.00,0.00,0.00,0.00,0.00,0.00,0.0022,5.9978,0.00,0.00,0,0,0.00,0.00,0,0
216252,0.00,0.00,0.00,0.00,0.00,0.00,0.00,0.00,0.00,0.0022,5.9978,0.00,0.00,0,0,0.00,0.00,0,0
216452,0.00,0.00,0.00,0.00,0.00,0.00,0.00,0.00,0.00,0.0022,5.9978,0.00,0.00,0,0,0.00,0.00,0,0
216652,0.00,0.00,0.00,0.00,0.00,0.00,0.00,0.00,0.00,0.0022,5.9978,0.00,0.00,0,0,0.00,0.00,0,0
216852,0.00,0.00,0.00,0.00,0.00,0.00,0.00,0.00,0.00,0.0022,5.9978,0.00,0.00,0,0,0.00,0.00,0,0
217052,0.00,0.00,0.00,0.00,0.00,0.00,0.00,0.00,0.00,0.0022,5.9978,0.00,0.00,0,0,0.00,0.00,0,0
217252,0.00,0.00,0.00,0.00,0.00,0.00,0.00,0.00,0.00,0.0022,5.9978,0.00,0.00,0,0,0.00,0.00,0,0
217452,0.00,0.00,0.00,0.00,0.00,0.00,0.00,0.00,0.00,0.0022,5.9978,0.00,0.00,0,0,0.00,0.00,0,0
217652,0.00,0.00,0.00,0.00,0.00,0.00,0.00,0.00,0.00,0.0022,5.9978,0.00,0.00,0,0,0.00,0.00,0,0
217852,0.00,0.00,0.00,0.00,0.00,0.00,0.00,0.00,0.00,0.0022,5.9978,0.00,0.00,0,0,0.00,0.00,0,0
218052,0.00,0.00,0.00,0.00,0.00,0.00,0.00,0.00,0.00,0.0022,5.9978,0.00,0.00,0,0,0.00,0.00,0,0
218252,0.00,0.00,0.00,0.00,0.00,0.00,0.00,0.00,0.00,0.0022,5.9978,0.00,0.00,0,0,0.00,0.00,0,0
218452,0.00,0.00,0.00,0.00,0.00,0.00,0.00,0.00,0.00,0.0022,5.9978,0.00,0.00,0,0,0.00,0.00,0,0
218652,0.00,0.00,0.00,0.00,0.00,0.00,0.00,0.00,0.00,0.0022,5.9978,0.00,0.00,0,0,0.00,0.00,0,0
218852,0.00,0.00,0.00,0.00,0.00,0.00,0.00,0.00,0.00,0.0022,5.9978,0.00,0.00,0,0,0.00,0.00,0,0
219052,0.00,0.00,0.00,0.00,0.00,0.00,0.00,0.00,0.00,0.0022,5.9978,0.00,0.00,0,0,0.00,0.00,0,0
219252,0.00,0.00,0.00,0.00,0.00,0.00,0.00,0.00,0.00,0.0022,5.9978,0.00,0.00,0,0,0.00,0.00,0,0
219452,0.00,0.00,0.00,0.00,0.00,0.00,0.00,0.00,0.00,0.0022,5.9978,0.00,0.00,0,0,0.00,0.00,0,0
219652,0.00,0.00,0.00,0.00,0.00,0.00,0.00,0.00,0.00,0.0022,5.9978,0.00,0.00,0,0,0.00,0.00,0,0
219852,0.00,0.00,0.00,0.00,0.00,0.00,0.00,0.00,0.00,0.0022,5.9978,0.00,0.00,0,0,0.00,0.00,0,0
220052,0.00,0.00,0.00,0.00,0.00,0.00,0.00,0.00,0.00,0.0022,5.9978,0.00,0.00,0,0,0.00,0.00,0,0
220252,0.00,0.00,0.00,0.00,0.00,0.00,0.00,0.00,0.00,0.0022,5.9978,0.00,0.00,0,0,0.00,0.00,0,0
220452,0.00,0.00,0.00,0.00,0.00,0.00,0.00,0.00,0.00,0.0022,5.9978,0.00,0.00,0,0,0.00,0.00,0,0
220652,0.00,0.00,0.00,0.00,0.00,0.00,0.00,0.00,0.00,0.0022,5.9978,0.00,0.00,0,0,0.00,0.00,0,0
220852,0.00,0.00,0.00,0.00,0.00,0.00,0.00,0.00,0.00,0.0022,5.9978,0.00,0.00,0,0,0.00,0.00,0,0
221052,0.00,0.00,0.00,0.00,0.00,0.00,0.00,0.00,0.00,0.0022,5.9978,0.00,0.00,0,0,0.00,0.00,0,0
221252,0.00,0.00,0.00,0.00,0.00,0.00,0.00,0.00,0.00,0.0022,5.9978,0.00,0.00,0,0,0.00,0.00,0,0
221452,0.00,0.00,0.00,0.00,0.00,0.00,0.00,0.00,0.00,0.0022,5.9978,0.00,0.00,0,0,0.00,0.00,0,0
221652,0.00,0.00,0.00,0.00,0.00,0.00,0.00,0.00,0.00,0.0022,5.9978,0.00,0.00,0,0,0.00,0.00,0,0
221852,0.00,0.00,0.00,0.00,0.00,0.00,0.00,0.00,0.00,0.0022,5.9978,0.00,0.00,0,0,0.00,0.00,0,0
222052,0.00,0.00,0.00,0.00,0.00,0.00,0.00,0.00,0.00,0.0022,5.9978,0.00,0.00,0,0,0.00,0.00,0,0
222252,0.00,0.00,0.00,0.00,0.00,0.00,0.00,0.00,0.00,0.0022,5.9978,0.00,0.00,0,0,0.00,0.00,0,0
222452,0.00,0.00,0.00,0.00,0.00,0.00,0.00,0.00,0.00,0.0022,5.9978,0.00,0.00,0,0,0.00,0.00,0,0
222652,0.00,0.00,0.00,0.00,0.00,0.00,0.00,0.00,0.00,0.0022,5.9978,0.00,0.00,0,0,0.00,0.00,0,0
222852,0.00,0.00,0.00,0.00,0.00,0.00,0.00,0.00,0.00,0.0022,5.9978,0.00,0.00,0,0,0.00,0.00,0,0
223052,0.00,0.00,0.00,0.00,0.00,0.00,0.00,0.00,0.00,0.0022,5.9978,0.00,0.00,0,0,0.00,0.00,0,0
223252,0.00,0.00,0.00,0.00,0.00,0.00,0.00,0.00,0.00,0.0022,5.9978,0.00,0.00,0,0,0.00,0.00,0,0
223452,0.00,0.00,0.00,0.00,0.00,0.00,0.00,0.00,0.00,0.0022,5.9978,0.00,0.00,0,0,0.00,0.00,0,0
223652,0.00,0.00,0.00,0.00,0.00,0.00,0.00,0.00,0.00,0.0022,5.9978,0.00,0.00,0,0,0.00,0.00,0,0
223852,0.00,0.00,0.00,0.00,0.00,0.00,0.00,0.00,0.00,0.0022,5.9978,0.00,0.00,0,0,0.00,0.00,0,0
224052,0.00,0.00,0.00,0.00,0.00,0.00,0.00,0.00,0.00,0.0022,5.9978,0.00,0.00,0,0,0.00,0.00,0,0
224252,0.00,0.00,0.00,0.00,0.00,0.00,0.00,0.00,0.00,0.0022,5.9978,0.00,0.00,0,0,0.00,0.00,0,0
224452,0.00,0.00,0.00,0.00,0.00,0.00,0.00,0.00,0.00,0.0022,5.9978,0.00,0.00,0,0,0.00,0.00,0,0
224652,0.00,0.00,0.00,0.00,0.00,0.00,0.00,0.00,0.00,0.0022,5.9978,0.00,0.00,0,0,0.00,0.00,0,0
224852,0.00,0.00,0.00,0.00,0.00,0.00,0.00,0.00,0.00,0.0022,5.9978,0.00,0.00,0,0,0.00,0.00,0,0
225052,0.00,0.00,0.00,0.00,0.00,0.00,0.00,0.00,0.00,0.0022,5.9978,0.00,0.00,0,0,0.00,0.00,0,0
225252,0.00,0.00,0.00,0.00,0.00,0.00,0.00,0.00,0.00,0.0022,5.9978,0.00,0.00,0,0,0.00,0.00,0,0
225452,0.00,0.00,0.00,0.00,0.00,0.00,0.00,0.00,0.00,0.0022,5.9978,0.00,0.00,0,0,0.00,0.00,0,0
225652,0.00,0.00,0.00,0.00,0.00,0.00,0.00,0.00,0.00,0.0022,5.9978,0.00,0.00,0,0,0.00,0.00,0,0
225852,0.00,0.00,0.00,0.00,0.00,0.00,0.00,0.00,0.00,0.0022,5.9978,0.00,0.00,0,0,0.00,0.00,0,0
226052,0.00,0.00,0.00,0.00,0.00,0.00,0.00,0.00,0.00,0.0022,5.9978,0.00,0.00,0,0,0.00,0.00,0,0
226252,0.00,0.00,0.00,0.00,0.00,0.00,0.00,0.00,0.00,0.0022,5.9978,0.00,0.00,0,0,0.00,0.00,0,0
226452,0.00,0.00,0.00,0.00,0.00,0.00,0.00,0.00,0.00,0.0022,5.9978,0.00,0.00,0,0,0.00,0.00,0,0
226652,0.00,0.00,0.00,0.00,0.00,0.00,0.00,0.00,0.00,0.0022,5.9978,0.00,0.00,0,0,0.00,0.00,0,0
226852,0.00,0.00,0.00,0.00,0.00,0.00,0.00,0.00,0.00,0.0022,5.9978,0.00,0.00,0,0,0.00,0.00,0,0
227052,0.00,0.00,0.00,0.00,0.00,0.00,0.00,0.00,0.00,0.0022,5.9978,0.00,0.00,0,0,0.00,0.00,0,0
227252,0.00,0.00,0.00,0.00,0.00,0.00,0.00,0.00,0.00,0.0022,5.9978,0.00,0.00,0,0,0.00,0.00,0,0
227452,0.00,0.00,0.00,0.00,0.00,0.00,0.00,0.00,0.00,0.0022,5.9978,0.00,0.00,0,0,0.00,0.00,0,0
227652,0.00,0.00,0.00,0.00,0.00,0.00,0.00,0.00,0.00,0.0022,5.9978,0.00,0.00,0,0,0.00,0.00,0,0
227852,0.00,0.00,0.00,0.00,0.00,0.00,0.00,0.00,0.00,0.0022,5.9978,0.00,0.00,0,0,0.00,0.00,0,0
228052,0.00,0.00,0.00,0.00,0.00,0.00,0.00,0.00,0.00,0.0022,5.9978,0.00,0.00,0,0,0.00,0.00,0,0
228252,0.00,0.00,0.00,0.00,0.00,0.00,0.00,0.00,0.00,0.0022,5.9978,0.00,0.00,0,0,0.00,0.00,0,0
228452,0.00,0.00,0.00,0.00,0.00,0.00,0.00,0.00,0.00,0.0022,5.9978,0.00,0.00,0,0,0.00,0.00,0,0
228652,0.00,0.00,0.00,0.00,0.00,0.00,0.00,0.00,0.00,0.0022,5.9978,0.00,0.00,0,0,0.00,0.00,0,0
228852,0.00,0.00,0.00,0.00,0.00,0.00,0.00,0.00,0.00,0.0022,5.9978,0.00,0.00,0,0,0.00,0.00,0,0
229052,0.00,0.00,0.00,0.00,0.00,0.00,0.00,0.00,0.00,0.0022,5.9978,0.00,0.00,0,0,0.00,0.00,0,0
229252,0.00,0.00,0.00,0.00,0.00,0.00,0.00,0.00,0.00,0.0022,5.9978,0.00,0.00,0,0,0.00,0.00,0,0
229452,0.00,0.00,0.00,0.00,0.00,0.00,0.00,0.00,0.00,0.0022,5.9978,0.00,0.00,0,0,0.00,0.00,0,0
229652,0.00,0.00,0.00,0.00,0.00,0.00,0.00,0.00,0.00,0.0022,5.9978,0.00,0.00,0,0,0.00,0.00,0,0
229852,0.00,0.00,0.00,0.00,0.00,0.00,0.00,0.00,0.00,0.0022,5.9978,0.00,0.00,0,0,0.00,0.00,0,0
230052,0.00,0.00,0.00,0.00,0.00,0.00,0.00,0.00,0.00,0.0022,5.9978,0.00,0.00,0,0,0.00,0.00,0,0
230252,0.00,0.00,0.00,0.00,0.00,0.00,0.00,0.00,0.00,0.0022,5.9978,0.00,0.00,0,0,0.00,0.00,0,0
230452,0.00,0.00,0.00,0.00,0.00,0.00,0.00,0.00,0.00,0.0022,5.9978,0.00,0.00,0,0,0.00,0.00,0,0
230652,0.00,0.00,0.00,0.00,0.00,0.00,0.00,0.00,0.00,0.0022,5.9978,0.00,0.00,0,0,0.00,0.00,0,0
230852,0.00,0.00,0.00,0.00,0.00,0.00,0.00,0.00,0.00,0.0022,5.9978,0.00,0.00,0,0,0.00,0.00,0,0
231052,0.00,0.00,0.00,0.00,0.00,0.00,0.00,0.00,0.00,0.0022,5.9978,0.00,0.00,0,0,0.00,0.00,0,0
231252,0.00,0.00,0.00,0.00,0.00,0.00,0.00,0.00,0.00,0.0022,5.9978,0.00,0.00,0,0,0.00,0.00,0,0
231452,0.00,0.00,0.00,0.00,0.00,0.00,0.00,0.00,0.00,0.0022,5.9978,0.00,0.00,0,0,0.00,0.00,0,0
231652,0.00,0.00,0.00,0.00,0.00,0.00,0.00,0.00,0.00,0.0022,5.9978,0.00,0.00,0,0,0.00,0.00,0,0
231852,0.00,0.00,0.00,0.00,0.00,0.00,0.00,0.00,0.00,0.0022,5.9978,0.00,0.00,0,0,0.00,0.00,0,0
232052,0.00,0.00,0.00,0.00,0.00,0.00,0.00,0.00,0.00,0.0022,5.9978,0.00,0.00,0,0,0.00,0.00,0,0
232252,0.00,0.00,0.00,0.00,0.00,0.00,0.00,0.00,0.00,0.0022,5.9978,0.00,0.00,0,0,0.00,0.00,0,0
232452,0.00,0.00,0.00,0.00,0.00,0.00,0.00,0.00,0.00,0.0022,5.9978,0.00,0.00,0,0,0.00,0.00,0,0
232652,0.00,0.00,0.00,0.00,0.00,0.00,0.00,0.00,0.00,0.0022,5.9978,0.00,0.00,0,0,0.00,0.00,0,0
232852,0.00,0.00,0.00,0.00,0.00,0.00,0.00,0.00,0.00,0.0022,5.9978,0.00,0.00,0,0,0.00,0.00,0,0
233052,0.00,0.00,0.00,0.00,0.00,0.00,0.00,0.00,0.00,0.0022,5.9978,0.00,0.00,0,0,0.00,0.00,0,0
233252,0.00,0.00,0.00,0.00,0.00,0.00,0.00,0.00,0.00,0.0022,5.9978,0.00,0.00,0,0,0.00,0.00,0,0
233452,0.00,0.00,0.00,0.00,0.00,0.00,0.00,0.00,0.00,0.0022,5.9978,0.00,0.00,0,0,0.00,0.00,0,0
233652,0.00,0.00,0.00,0.00,0.00,0.00,0.00,0.00,0.00,0.0022,5.9978,0.00,0.00,0,0,0.00,0.00,0,0
233852,0.00,0.00,0.00,0.00,0.00,0.00,0.00,0.00,0.00,0.0022,5.9978,0.00,0.00,0,0,0.00,0.00,0,0
234052,0.00,0.00,0.00,0.00,0.00,0.00,0.00,0.00,0.00,0.0022,5.9978,0.00,0.00,0,0,0.00,0.00,0,0
234252,0.00,0.00,0.00,0.00,0.00,0.00,0.00,0.00,0.00,0.0022,5.9978,0.00,0.00,0,0,0.00,0.00,0,0
234452,0.00,0.00,0.00,0.00,0.00,0.00,0.00,0.00,0.00,0.0022,5.9978,0.00,0.00,0,0,0.00,0.00,0,0
234652,0.00,0.00,0.00,0.00,0.00,0.00,0.00,0.00,0.00,0.0022,5.9978,0.00,0.00,0,0,0.00,0.00,0,0
234852,0.00,0.00,0.00,0.00,0.00,0.00,0.00,0.00,0.00,0.0022,5.9978,0.00,0.00,0,0,0.00,0.00,0,0
235052,0.00,0.00,0.00,0.00,0.00,0.00,0.00,0.00,0.00,0.0022,5.9978,0.00,0.00,0,0,0.00,0.00,0,0
235252,0.00,0.00,0.00,0.00,0.00,0.00,0.00,0.00,0.00,0.0022,5.9978,0.00,0.00,0,0,0.00,0.00,0,0
235452,0.00,0.00,0.00,0.00,0.00,0.00,0.00,0.00,0.00,0.0022,5.9978,0.00,0.00,0,0,0.00,0.00,0,0
235652,0.00,0.00,0.00,0.00,0.00,0.00,0.00,0.00,0.00,0.0022,5.9978,0.00,0.00,0,0,0.00,0.00,0,0
235852,0.00,0.00,0.00,0.00,0.00,0.00,0.00,0.00,0.00,0.0022,5.9978,0.00,0.00,0,0,0.00,0.00,0,0
236052,0.00,0.00,0.00,0.00,0.00,0.00,0.00,0.00,0.00,0.0022,5.9978,0.00,0.00,0,0,0.00,0.00,0,0
236252,0.00,0.00,0.00,0.00,0.00,0.00,0.00,0.00,0.00,0.0022,5.9978,0.00,0.00,0,0,0.00,0.00,0,0
236452,0.00,0.00,0.00,0.00,0.00,0.00,0.00,0.00,0.00,0.0022,5.9978,0.00,0.00,0,0,0.00,0.00,0,0
236652,0.00,0.00,0.00,0.00,0.00,0.00,0.00,0.00,0.00,0.0022,5.9978,0.00,0.00,0,0,0.00,0.00,0,0
236852,0.00,0.00,0.00,0.00,0.00,0.00,0.00,0.00,0.00,0.0022,5.9978,0.00,0.00,0,0,0.00,0.00,0,0
237052,0.00,0.00,0.00,0.00,0.00,0.00,0.00,0.00,0.00,0.0022,5.9978,0.00,0.00,0,0,0.00,0.00,0,0
237252,0.00,0.00,0.00,0.00,0.00,0.00,0.00,0.00,0.00,0.0022,5.9978,0.00,0.00,0,0,0.00,0.00,0,0
237452,0.00,0.00,0.00,0.00,0.00,0.00,0.00,0.00,0.00,0.0022,5.9978,0.00,0.00,0,0,0.00,0.00,0,0
237652,0.00,0.00,0.00,0.00,0.00,0.00,0.00,0.00,0.00,0.0022,5.9978,0.00,0.00,0,0,0.00,0.00,0,0
237852,0.00,0.00,0.00,0.00,0.00,0.00,0.00,0.00,0.00,0.0022,5.9978,0.00,0.00,0,0,0.00,0.00,0,0
238052,0.00,0.00,0.00,0.00,0.00,0.00,0.00,0.00,0.00,0.0022,5.9978,0.00,0.00,0,0,0.00,0.00,0,0
238252,0.00,0.00,0.00,0.00,0.00,0.00,0.00,0.00,0.00,0.0022,5.9978,0.00,0.00,0,0,0.00,0.00,0,0
238452,0.00,0.00,0.00,0.00,0.00,0.00,0.00,0.00,0.00,0.0022,5.9978,0.00,0.00,0,0,0.00,0.00,0,0
238652,0.00,0.00,0.00,0.00,0.00,0.00,0.00,0.00,0.00,0.0022,5.9978,0.00,0.00,0,0,0.00,0.00,0,0
238852,0.00,0.00,0.00,0.00,0.00,0.00,0.00,0.00,0.00,0.0022,5.9978,0.00,0.00,0,0,0.00,0.00,0,0
239052,0.00,0.00,0.00,0.00,0.00,0.00,0.00,0.00,0.00,0.0022,5.9978,0.00,0.00,0,0,0.00,0.00,0,0
239252,0.00,0.00,0.00,0.00,0.00,0.00,0.00,0.00,0.00,0.0022,5.9978,0.00,0.00,0,0,0.00,0.00,0,0
239452,0.00,0.00,0.00,0.00,0.00,0.00,0.00,0.00,0.00,0.0022,5.9978,0.00,0.00,0,0,0.00,0.00,0,0
239652,0.00,0.00,0.00,0.00,0.00,0.00,0.00,0.00,0.00,0.0022,5.9978,0.00,0.00,0,0,0.00,0.00,0,0
239852,0.00,0.00,0.00,0.00,0.00,0.00,0.00,0.00,0.00,0.0022,5.9978,0.00,0.00,0,0,0.00,0.00,0,0
240052,0.00,0.00,0.00,0.00,0.00,0.00,0.00,0.00,0.00,0.0022,5.9978,0.00,0.00,0,0,0.00,0.00,0,0
240252,0.00,0.00,0.00,0.00,0.00,0.00,0.00,0.00,0.00,0.0022,5.9978,0.00,0.00,0,0,0.00,0.00,0,0
240452,0.00,0.00,0.00,0.00,0.00,0.00,0.00,0.00,0.00,0.0022,5.9978,0.00,0.00,0,0,0.00,0.00,0,0
240652,0.00,0.00,0.00,0.00,0.00,0.00,0.00,0.00,0.00,0.0022,5.9978,0.00,0.00,0,0,0.00,0.00,0,0
240852,0.00,0.00,0.00,0.00,0.00,0.00,0.00,0.00,0.00,0.0022,5.9978,0.00,0.00,0,0,0.00,0.00,0,0
241052,0.00,0.00,0.00,0.00,0.00,0.00,0.00,0.00,0.00,0.0022,5.9978,0.00,0.00,0,0,0.00,0.00,0,0
241252,0.00,0.00,0.00,0.00,0.00,0.00,0.00,0.00,0.00,0.0022,5.9978,0.00,0.00,0,0,0.00,0.00,0,0
241452,0.00,0.00,0.00,0.00,0.00,0.00,0.00,0.00,0.00,0.0022,5.9978,0.00,0.00,0,0,0.00,0.00,0,0
241652,0.00,0.00,0.00,0.00,0.00,0.00,0.00,0.00,0.00,0.0022,5.9978,0.00,0.00,0,0,0.00,0.00,0,0
241852,0.00,0.00,0.00,0.00,0.00,0.00,0.00,0.00,0.00,0.0022,5.9978,0.00,0.00,0,0,0.00,0.00,0,0
242052,0.00,0.00,0.00,0.00,0.00,0.00,0.00,0.00,0.00,0.0022,5.9978,0.00,0.00,0,0,0.00,0.00,0,0
242252,0.00,0.00,0.00,0.00,0.00,0.00,0.00,0.00,0.00,0.0022,5.9978,0.00,0.00,0,0,0.00,0.00,0,0
242452,0.00,0.00,0.00,0.00,0.00,0.00,0.00,0.00,0.00,0.0022,5.9978,0.00,0.00,0,0,0.00,0.00,0,0
242652,0.00,0.00,0.00,0.00,0.00,0.00,0.00,0.00,0.00,0.0022,5.9978,0.00,0.00,0,0,0.00,0.00,0,0
242852,0.00,0.00,0.00,0.00,0.00,0.00,0.00,0.00,0.00,0.0022,5.9978,0.00,0.00,0,0,0.00,0.00,0,0
243052,0.00,0.00,0.00,0.00,0.00,0.00,0.00,0.00,0.00,0.0022,5.9978,0.00,0.00,0,0,0.00,0.00,0,0
243252,0.00,0.00,0.00,0.00,0.00,0.00,0.00,0.00,0.00,0.0022,5.9978,0.00,0.00,0,0,0.00,0.00,0,0
243452,0.00,0.00,0.00,0.00,0.00,0.00,0.00,0.00,0.00,0.0022,5.9978,0.00,0.00,0,0,0.00,0.00,0,0
243652,0.00,0.00,0.00,0.00,0.00,0.00,0.00,0.00,0.00,0.0022,5.9978,0.00,0.00,0,0,0.00,0.00,0,0
243852,0.00,0.00,0.00,0.00,0.00,0.00,0.00,0.00,0.00,0.0022,5.9978,0.00,0.00,0,0,0.00,0.00,0,0
244052,0.00,0.00,0.00,0.00,0.00,0.00,0.00,0.00,0.00,0.0022,5.9978,0.00,0.00,0,0,0.00,0.00,0,0
244252,0.00,0.00,0.00,0.00,0.00,0.00,0.00,0.00,0.00,0.0022,5.9978,0.00,0.00,0,0,0.00,0.00,0,0
244452,0.00,0.00,0.00,0.00,0.00,0.00,0.00,0.00,0.00,0.0022,5.9978,0.00,0.00,0,0,0.00,0.00,0,0
244652,0.00,0.00,0.00,0.00,0.00,0.00,0.00,0.00,0.00,0.0022,5.9978,0.00,0.00,0,0,0.00,0.00,0,0
244852,0.00,0.00,0.00,0.00,0.00,0.00,0.00,0.00,0.00,0.0022,5.9978,0.00,0.00,0,0,0.00,0.00,0,0
245052,0.00,0.00,0.00,0.00,0.00,0.00,0.00,0.00,0.00,0.0022,5.9978,0.00,0.00,0,0,0.00,0.00,0,0
245252,0.00,0.00,0.00,0.00,0.00,0.00,0.00,0.00,0.00,0.0022,5.9978,0.00,0.00,0,0,0.00,0.00,0,0
245452,0.00,0.00,0.00,0.00,0.00,0.00,0.00,0.00,0.00,0.0022,5.9978,0.00,0.00,0,0,0.00,0.00,0,0
245652,0.00,0.00,0.00,0.00,0.00,0.00,0.00,0.00,0.00,0.0022,5.9978,0.00,0.00,0,0,0.00,0.00,0,0
245852,0.00,0.00,0.00,0.00,0.00,0.00,0.00,0.00,0.00,0.0022,5.9978,0.00,0.00,0,0,0.00,0.00,0,0
246052,0.00,0.00,0.00,0.00,0.00,0.00,0.00,0.00,0.00,0.0022,5.9978,0.00,0.00,0,0,0.00,0.00,0,0
246252,0.00,0.00,0.00,0.00,0.00,0.00,0.00,0.00,0.00,0.0022,5.9978,0.00,0.00,0,0,0.00,0.00,0,0
246452,0.00,0.00,0.00,0.00,0.00,0.00,0.00,0.00,0.00,0.0022,5.9978,0.00,0.00,0,0,0.00,0.00,0,0
246652,0.00,0.00,0.00,0.00,0.00,0.00,0.00,0.00,0.00,0.0022,5.9978,0.00,0.00,0,0,0.00,0.00,0,0
246852,0.00,0.00,0.00,0.00,0.00,0.00,0.00,0.00,0.00,0.0022,5.9978,0.00,0.00,0,0,0.00,0.00,0,0
247052,0.00,0.00,0.00,0.00,0.00,0.00,0.00,0.00,0.00,0.0022,5.9978,0.00,0.00,0,0,0.00,0.00,0,0
247252,0.00,0.00,0.00,0.00,0.00,0.00,0.00,0.00,0.00,0.0022,5.9978,0.00,0.00,0,0,0.00,0.00,0,0
247452,0.00,0.00,0.00,0.00,0.00,0.00,0.00,0.00,0.00,0.0022,5.9978,0.00,0.00,0,0,0.00,0.00,0,0
247652,0.00,0.00,0.00,0.00,0.00,0.00,0.00,0.00,0.00,0.0022,5.9978,0.00,0.00,0,0,0.00,0.00,0,0
247852,0.00,0.00,0.00,0.00,0.00,0.00,0.00,0.00,0.00,0.0022,5.9978,0.00,0.00,0,0,0.00,0.00,0,0
248052,0.00,0.00,0.00,0.00,0.00,0.00,0.00,0.00,0.00,0.0022,5.9978,0.00,0.00,0,0,0.00,0.00,0,0
248252,0.00,0.00,0.00,0.00,0.00,0.00,0.00,0.00,0.00,0.0022,5.9978,0.00,0.00,0,0,0.00,0.00,0,0
248452,0.00,0.00,0.00,0.00,0.00,0.00,0.00,0.00,0.00,0.0022,5.9978,0.00,0.00,0,0,0.00,0.00,0,0
248652,0.00,0.00,0.00,0.00,0.00,0.00,0.00,0.00,0.00,0.0022,5.9978,0.00,0.00,0,0,0.00,0.00,0,0
248852,0.00,0.00,0.00,0.00,0.00,0.00,0.00,0.00,0.00,0.0022,5.9978,0.00,0.00,0,0,0.00,0.00,0,0
249052,0.00,0.00,0.00,0.00,0.00,0.00,0.00,0.00,0.00,0.0022,5.9978,0.00,0.00,0,0,0.00,0.00,0,0
249252,0.00,0.00,0.00,0.00,0.00,0.00,0.00,0.00,0.00,0.0022,5.9978,0.00,0.00,0,0,0.00,0.00,0,0
249452,0.00,0.00,0.00,0.00,0.00,0.00,0.00,0.00,0.00,0.0022,5.9978,0.00,0.00,0,0,0.00,0.00,0,0
249652,0.00,0.00,0.00,0.00,0.00,0.00,0.00,0.00,0.00,0.0022,5.9978,0.00,0.00,0,0,0.00,0.00,0,0
249852,0.00,0.00,0.00,0.00,0.00,0.00,0.00,0.00,0.00,0.0022,5.9978,0.00,0.00,0,0,0.00,0.00,0,0
250052,0.00,0.00,0.00,0.00,0.00,0.00,0.00,0.00,0.00,0.0022,5.9978,0.00,0.00,0,0,0.00,0.00,0,0
250252,0.00,0.00,0.00,0.00,0.00,0.00,0.00,0.00,0.00,0.0022,5.9978,0.00,0.00,0,0,0.00,0.00,0,0
250452,0.00,0.00,0.00,0.00,0.00,0.00,0.00,0.00,0.00,0.0022,5.9978,0.00,0.00,0,0,0.00,0.00,0,0
250652,0.00,0.00,0.00,0.00,0.00,0.00,0.00,0.00,0.00,0.0022,5.9978,0.00,0.00,0,0,0.00,0.00,0,0
250852,0.00,0.00,0.00,0.00,0.00,0.00,0.00,0.00,0.00,0.0022,5.9978,0.00,0.00,0,0,0.00,0.00,0,0
251052,0.00,0.00,0.00,0.00,0.00,0.00,0.00,0.00,0.00,0.0022,5.9978,0.00,0.00,0,0,0.00,0.00,0,0
251252,0.00,0.00,0.00,0.00,0.00,0.00,0.00,0.00,0.00,0.0022,5.9978,0.00,0.00,0,0,0.00,0.00,0,0
251452,0.00,0.00,0.00,0.00,0.00,0.00,0.00,0.00,0.00,0.0022,5.9978,0.00,0.00,0,0,0.00,0.00,0,0
251652,0.00,0.00,0.00,0.00,0.00,0.00,0.00,0.00,0.00,0.0022,5.9978,0.00,0.00,0,0,0.00,0.00,0,0
251852,0.00,0.00,0.00,0.00,0.00,0.00,0.00,0.00,0.00,0.0022,5.9978,0.00,0.00,0,0,0.00,0.00,0,0
252052,0.00,0.00,0.00,0.00,0.00,0.00,0.00,0.00,0.00,0.0022,5.9978,0.00,0.00,0,0,0.00,0.00,0,0
252252,0.00,0.00,0.00,0.00,0.00,0.00,0.00,0.00,0.00,0.0022,5.9978,0.00,0.00,0,0,0.00,0.00,0,0
252452,0.00,0.00,0.00,0.00,0.00,0.00,0.00,0.00,0.00,0.0022,5.9978,0.00,0.00,0,0,0.00,0.00,0,0
252652,0.00,0.00,0.00,0.00,0.00,0.00,0.00,0.00,0.00,0.0022,5.9978,0.00,0.00,0,0,0.00,0.00,0,0
252852,0.00,0.00,0.00,0.00,0.00,0.00,0.00,0.00,0.00,0.0022,5.9978,0.00,0.00,0,0,0.00,0.00,0,0
253052,0.00,0.00,0.00,0.00,0.00,0.00,0.00,0.00,0.00,0.0022,5.9978,0.00,0.00,0,0,0.00,0.00,0,0
253252,0.00,0.00,0.00,0.00,0.00,0.00,0.00,0.00,0.00,0.0022,5.9978,0.00,0.00,0,0,0.00,0.00,0,0
253452,0.00,0.00,0.00,0.00,0.00,0.00,0.00,0.00,0.00,0.0022,5.9978,0.00,0.00,0,0,0.00,0.00,0,0
253652,0.00,0.00,0.00,0.00,0.00,0.00,0.00,0.00,0.00,0.0022,5.9978,0.00,0.00,0,0,0.00,0.00,0,0
253852,0.00,0.00,0.00,0.00,0.00,0.00,0.00,0.00,0.00,0.0022,5.9978,0.00,0.00,0,0,0.00,0.00,0,0
254052,0.00,0.00,0.00,0.00,0.00,0.00,0.00,0.00,0.00,0.0022,5.9978,0.00,0.00,0,0,0.00,0.00,0,0
254252,0.00,0.00,0.00,0.00,0.00,0.00,0.00,0.00,0.00,0.0022,5.9978,0.00,0.00,0,0,0.00,0.00,0,0
254452,0.00,0.00,0.00,0.00,0.00,0.00,0.00,0.00,0.00,0.0022,5.9978,0.00,0.00,0,0,0.00,0.00,0,0
254652,0.00,0.00,0.00,0.00,0.00,0.00,0.00,0.00,0.00,0.0022,5.9978,0.00,0.00,0,0,0.00,0.00,0,0
254852,0.00,0.00,0.00,0.00,0.00,0.00,0.00,0.00,0.00,0.0022,5.9978,0.00,0.00,0,0,0.00,0.00,0,0
255052,0.00,0.00,0.00,0.00,0.00,0.00,0.00,0.00,0.00,0.0022,5.9978,0.00,0.00,0,0,0.00,0.00,0,0
255252,0.00,0.00,0.00,0.00,0.00,0.00,0.00,0.00,0.00,0.0022,5.9978,0.00,0.00,0,0,0.00,0.00,0,0
255452,0.00,0.00,0.00,0.00,0.00,0.00,0.00,0.00,0.00,0.0022,5.9978,0.00,0.00,0,0,0.00,0.00,0,0
255652,0.00,0.00,0.00,0.00,0.00,0.00,0.00,0.00,0.00,0.0022,5.9978,0.00,0.00,0,0,0.00,0.00,0,0
255852,0.00,0.00,0.00,0.00,0.00,0.00,0.00,0.00,0.00,0.0022,5.9978,0.00,0.00,0,0,0.00,0.00,0,0
256052,0.00,0.00,0.00,0.00,0.00,0.00,0.00,0.00,0.00,0.0022,5.9978,0.00,0.00,0,0,0.00,0.00,0,0
256252,0.00,0.00,0.00,0.00,0.00,0.00,0.00,0.00,0.00,0.0022,5.9978,0.00,0.00,0,0,0.00,0.00,0,0
256452,0.00,0.00,0.00,0.00,0.00,0.00,0.00,0.00,0.00,0.0022,5.9978,0.00,0.00,0,0,0.00,0.00,0,0
256652,0.00,0.00,0.00,0.00,0.00,0.00,0.00,0.00,0.00,0.0022,5.9978,0.00,0.00,0,0,0.00,0.00,0,0
256852,0.00,0.00,0.00,0.00,0.00,0.00,0.00,0.00,0.00,0.0022,5.9978,0.00,0.00,0,0,0.00,0.00,0,0
257052,0.00,0.00,0.00,0.00,0.00,0.00,0.00,0.00,0.00,0.0022,5.9978,0.00,0.00,0,0,0.00,0.00,0,0
257252,0.00,0.00,0.00,0.00,0.00,0.00,0.00,0.00,0.00,0.0022,5.9978,0.00,0.00,0,0,0.00,0.00,0,0
257452,0.00,0.00,0.00,0.00,0.00,0.00,0.00,0.00,0.00,0.0022,5.9978,0.00,0.00,0,0,0.00,0.00,0,0
257652,0.00,0.00,0.00,0.00,0.00,0.00,0.00,0.00,0.00,0.0022,5.9978,0.00,0.00,0,0,0.00,0.00,0,0
257852,0.00,0.00,0.00,0.00,0.00,0.00,0.00,0.00,0.00,0.0022,5.9978,0.00,0.00,0,0,0.00,0.00,0,0
258052,0.00,0.00,0.00,0.00,0.00,0.00,0.00,0.00,0.00,0.0022,5.9978,0.00,0.00,0,0,0.00,0.00,0,0
258252,0.00,0.00,0.00,0.00,0.00,0.00,0.00,0.00,0.00,0.0022,5.9978,0.00,0.00,0,0,0.00,0.00,0,0
258452,0.00,0.00,0.00,0.00,0.00,0.00,0.00,0.00,0.00,0.0022,5.9978,0.00,0.00,0,0,0.00,0.00,0,0
258652,0.00,0.00,0.00,0.00,0.00,0.00,0.00,0.00,0.00,0.0022,5.9978,0.00,0.00,0,0,0.00,0.00,0,0
258852,0.00,0.00,0.00,0.00,0.00,0.00,0.00,0.00,0.00,0.0022,5.9978,0.00,0.00,0,0,0.00,0.00,0,0
259052,0.00,0.00,0.00,0.00,0.00,0.00,0.00,0.00,0.00,0.0022,5.9978,0.00,0.00,0,0,0.00,0.00,0,0
259252,0.00,0.00,0.00,0.00,0.00,0.00,0.00,0.00,0.00,0.0022,5.9978,0.00,0.00,0,0,0.00,0.00,0,0
259452,0.00,0.00,0.00,0.00,0.00,0.00,0.00,0.00,0.00,0.0022,5.9978,0.00,0.00,0,0,0.00,0.00,0,0
259652,0.00,0.00,0.00,0.00,0.00,0.00,0.00,0.00,0.00,0.0022,5.9978,0.00,0.00,0,0,0.00,0.00,0,0
259852,0.00,0.00,0.00,0.00,0.00,0.00,0.00,0.00,0.00,0.0022,5.9978,0.00,0.00,0,0,0.00,0.00,0,0
260052,0.00,0.00,0.00,0.00,0.00,0.00,0.00,0.00,0.00,0.0022,5.9978,0.00,0.00,0,0,0.00,0.00,0,0
260252,0.00,0.00,0.00,0.00,0.00,0.00,0.00,0.00,0.00,0.0022,5.9978,0.00,0.00,0,0,0.00,0.00,0,0
260452,0.00,0.00,0.00,0.00,0.00,0.00,0.00,0.00,0.00,0.0022,5.9978,0.00,0.00,0,0,0.00,0.00,0,0
260652,0.00,0.00,0.00,0.00,0.00,0.00,0.00,0.00,0.00,0.0022,5.9978,0.00,0.00,0,0,0.00,0.00,0,0
260852,0.00,0.00,0.00,0.00,0.00,0.00,0.00,0.00,0.00,0.0022,5.9978,0.00,0.00,0,0,0.00,0.00,0,0
261052,0.00,0.00,0.00,0.00,0.00,0.00,0.00,0.00,0.00,0.0022,5.9978,0.00,0.00,0,0,0.00,0.00,0,0
261252,0.00,0.00,0.00,0.00,0.00,0.00,0.00,0.00,0.00,0.0022,5.9978,0.00,0.00,0,0,0.00,0.00,0,0
261452,0.00,0.00,0.00,0.00,0.00,0.00,0.00,0.00,0.00,0.0022,5.9978,0.00,0.00,0,0,0.00,0.00,0,0
261652,0.00,0.00,0.00,0.00,0.00,0.00,0.00,0.00,0.00,0.0022,5.9978,0.00,0.00,0,0,0.00,0.00,0,0
261852,0.00,0.00,0.00,0.00,0.00,0.00,0.00,0.00,0.00,0.0022,5.9978,0.00,0.00,0,0,0.00,0.00,0,0
262052,0.00,0.00,0.00,0.00,0.00,0.00,0.00,0.00,0.00,0.0022,5.9978,0.00,0.00,0,0,0.00,0.00,0,0
262252,0.00,0.00,0.00,0.00,0.00,0.00,0.00,0.00,0.00,0.0022,5.9978,0.00,0.00,0,0,0.00,0.00,0,0
262452,0.00,0.00,0.00,0.00,0.00,0.00,0.00,0.00,0.00,0.0022,5.9978,0.00,0.00,0,0,0.00,0.00,0,0
262652,0.00,0.00,0.00,0.00,0.00,0.00,0.00,0.00,0.00,0.0022,5.9978,0.00,0.00,0,0,0.00,0.00,0,0
262852,0.00,0.00,0.00,0.00,0.00,0.00,0.00,0.00,0.00,0.0022,5.9978,0.00,0.00,0,0,0.00,0.00,0,0
263052,0.00,0.00,0.00,0.00,0.00,0.00,0.00,0.00,0.00,0.0022,5.9978,0.00,0.00,0,0,0.00,0.00,0,0
263252,0.00,0.00,0.00,0.00,0.00,0.00,0.00,0.00,0.00,0.0022,5.9978,0.00,0.00,0,0,0.00,0.00,0,0
263452,0.00,0.00,0.00,0.00,0.00,0.00,0.00,0.00,0.00,0.0022,5.9978,0.00,0.00,0,0,0.00,0.00,0,0
263652,0.00,0.00,0.00,0.00,0.00,0.00,0.00,0.00,0.00,0.0022,5.9978,0.00,0.00,0,0,0.00,0.00,0,0
263852,0.00,0.00,0.00,0.00,0.00,0.00,0.00,0.00,0.00,0.0022,5.9978,0.00,0.00,0,0,0.00,0.00,0,0
264052,0.00,0.00,0.00,0.00,0.00,0.00,0.00,0.00,0.00,0.0022,5.9978,0.00,0.00,0,0,0.00,0.00,0,0
264252,0.00,0.00,0.00,0.00,0.00,0.00,0.00,0.00,0.00,0.0022,5.9978,0.00,0.00,0,0,0.00,0.00,0,0
264452,0.00,0.00,0.00,0.00,0.00,0.00,0.00,0.00,0.00,0.0022,5.9978,0.00,0.00,0,0,0.00,0.00,0,0
264652,0.00,0.00,0.00,0.00,0.00,0.00,0.00,0.00,0.00,0.0022,5.9978,0.00,0.00,0,0,0.00,0.00,0,0
264852,0.00,0.00,0.00,0.00,0.00,0.00,0.00,0.00,0.00,0.0022,5.9978,0.00,0.00,0,0,0.00,0.00,0,0
265052,0.00,0.00,0.00,0.00,0.00,0.00,0.00,0.00,0.00,0.0022,5.9978,0.00,0.00,0,0,0.00,0.00,0,0
265252,0.00,0.00,0.00,0.00,0.00,0.00,0.00,0.00,0.00,0.0022,5.9978,0.00,0.00,0,0,0.00,0.00,0,0
265452,0.00,0.00,0.00,0.00,0.00,0.00,0.00,0.00,0.00,0.0022,5.9978,0.00,0.00,0,0,0.00,0.00,0,0
265652,0.00,0.00,0.00,0.00,0.00,0.00,0.00,0.00,0.00,0.0022,5.9978,0.00,0.00,0,0,0.00,0.00,0,0
265852,0.00,0.00,0.00,0.00,0.00,0.00,0.00,0.00,0.00,0.0022,5.9978,0.00,0.00,0,0,0.00,0.00,0,0
266052,0.00,0.00,0.00,0.00,0.00,0.00,0.00,0.00,0.00,0.0022,5.9978,0.00,0.00,0,0,0.00,0.00,0,0
266252,0.00,0.00,0.00,0.00,0.00,0.00,0.00,0.00,0.00,0.0022,5.9978,0.00,0.00,0,0,0.00,0.00,0,0
266452,0.00,0.00,0.00,0.00,0.00,0.00,0.00,0.00,0.00,0.0022,5.9978,0.00,0.00,0,0,0.00,0.00,0,0
266652,0.00,0.00,0.00,0.00,0.00,0.00,0.00,0.00,0.00,0.0022,5.9978,0.00,0.00,0,0,0.00,0.00,0,0
266852,0.00,0.00,0.00,0.00,0.00,0.00,0.00,0.00,0.00,0.0022,5.9978,0.00,0.00,0,0,0.00,0.00,0,0
267052,0.00,0.00,0.00,0.00,0.00,0.00,0.00,0.00,0.00,0.0022,5.9978,0.00,0.00,0,0,0.00,0.00,0,0
267252,0.00,0.00,0.00,0.00,0.00,0.00,0.00,0.00,0.00,0.0022,5.9978,0.00,0.00,0,0,0.00,0.00,0,0
267452,0.00,0.00,0.00,0.00,0.00,0.00,0.00,0.00,0.00,0.0022,5.9978,0.00,0.00,0,0,0.00,0.00,0,0
267652,0.00,0.00,0.00,0.00,0.00,0.00,0.00,0.00,0.00,0.0022,5.9978,0.00,0.00,0,0,0.00,0.00,0,0
267852,0.00,0.00,0.00,0.00,0.00,0.00,0.00,0.00,0.00,0.0022,5.9978,0.00,0.00,0,0,0.00,0.00,0,0
268052,0.00,0.00,0.00,0.00,0.00,0.00,0.00,0.00,0.00,0.0022,5.9978,0.00,0.00,0,0,0.00,0.00,0,0
268252,0.00,0.00,0.00,0.00,0.00,0.00,0.00,0.00,0.00,0.0022,5.9978,0.00,0.00,0,0,0.00,0.00,0,0
268452,0.00,0.00,0.00,0.00,0.00,0.00,0.00,0.00,0.00,0.0022,5.9978,0.00,0.00,0,0,0.00,0.00,0,0
268652,0.00,0.00,0.00,0.00,0.00,0.00,0.00,0.00,0.00,0.0022,5.9978,0.00,0.00,0,0,0.00,0.00,0,0
268852,0.00,0.00,0.00,0.00,0.00,0.00,0.00,0.00,0.00,0.0022,5.9978,0.00,0.00,0,0,0.00,0.00,0,0
269052,0.00,0.00,0.00,0.00,0.00,0.00,0.00,0.00,0.00,0.0022,5.9978,0.00,0.00,0,0,0.00,0.00,0,0
269252,0.00,0.00,0.00,0.00,0.00,0.00,0.00,0.00,0.00,0.0022,5.9978,0.00,0.00,0,0,0.00,0.00,0,0
269452,0.00,0.00,0.00,0.00,0.00,0.00,0.00,0.00,0.00,0.0022,5.9978,0.00,0.00,0,0,0.00,0.00,0,0
269652,0.00,0.00,0.00,0.00,0.00,0.00,0.00,0.00,0.00,0.0022,5.9978,0.00,0.00,0,0,0.00,0.00,0,0
269852,0.00,0.00,0.00,0.00,0.00,0.00,0.00,0.00,0.00,0.0022,5.9978,0.00,0.00,0,0,0.00,0.00,0,0
270052,0.00,0.00,0.00,0.00,0.00,0.00,0.00,0.00,0.00,0.0022,5.9978,0.00,0.00,0,0,0.00,0.00,0,0
270252,0.00,0.00,0.00,0.00,0.00,0.00,0.00,0.00,0.00,0.0022,5.9978,0.00,0.00,0,0,0.00,0.00,0,0
270452,0.00,0.00,0.00,0.00,0.00,0.00,0.00,0.00,0.00,0.0022,5.9978,0.00,0.00,0,0,0.00,0.00,0,0
270652,0.00,0.00,0.00,0.00,0.00,0.00,0.00,0.00,0.00,0.0022,5.9978,0.00,0.00,0,0,0.00,0.00,0,0
270852,0.00,0.00,0.00,0.00,0.00,0.00,0.00,0.00,0.00,0.0022,5.9978,0.00,0.00,0,0,0.00,0.00,0,0
271052,0.00,0.00,0.00,0.00,0.00,0.00,0.00,0.00,0.00,0.0022,5.9978,0.00,0.00,0,0,0.00,0.00,0,0
271252,0.00,0.00,0.00,0.00,0.00,0.00,0.00,0.00,0.00,0.0022,5.9978,0.00,0.00,0,0,0.00,0.00,0,0
271452,0.00,0.00,0.00,0.00,0.00,0.00,0.00,0.00,0.00,0.0022,5.9978,0.00,0.00,0,0,0.00,0.00,0,0
271652,0.00,0.00,0.00,0.00,0.00,0.00,0.00,0.00,0.00,0.0022,5.9978,0.00,0.00,0,0,0.00,0.00,0,0
271852,0.00,0.00,0.00,0.00,0.00,0.00,0.00,0.00,0.00,0.0022,5.9978,0.00,0.00,0,0,0.00,0.00,0,0
272052,0.00,0.00,0.00,0.00,0.00,0.00,0.00,0.00,0.00,0.0022,5.9978,0.00,0.00,0,0,0.00,0.00,0,0
272252,0.00,0.00,0.00,0.00,0.00,0.00,0.00,0.00,0.00,0.0022,5.9978,0.00,0.00,0,0,0.00,0.00,0,0
272452,0.00,0.00,0.00,0.00,0.00,0.00,0.00,0.00,0.00,0.0022,5.9978,0.00,0.00,0,0,0.00,0.00,0,0
272652,0.00,0.00,0.00,0.00,0.00,0.00,0.00,0.00,0.00,0.0022,5.9978,0.00,0.00,0,0,0.00,0.00,0,0
272852,0.00,0.00,0.00,0.00,0.00,0.00,0.00,0.00,0.00,0.0022,5.9978,0.00,0.00,0,0,0.00,0.00,0,0
273052,0.00,0.00,0.00,0.00,0.00,0.00,0.00,0.00,0.00,0.0022,5.9978,0.00,0.00,0,0,0.00,0.00,0,0
273252,0.00,0.00,0.00,0.00,0.00,0.00,0.00,0.00,0.00,0.0022,5.9978,0.00,0.00,0,0,0.00,0.00,0,0
273452,0.00,0.00,0.00,0.00,0.00,0.00,0.00,0.00,0.00,0.0022,5.9978,0.00,0.00,0,0,0.00,0.00,0,0
273652,0.00,0.00,0.00,0.00,0.00,0.00,0.00,0.00,0.00,0.0022,5.9978,0.00,0.00,0,0,0.00,0.00,0,0
273852,0.00,0.00,0.00,0.00,0.00,0.00,0.00,0.00,0.00,0.0022,5.9978,0.00,0.00,0,0,0.00,0.00,0,0
274052,0.00,0.00,0.00,0.00,0.00,0.00,0.00,0.00,0.00,0.0022,5.9978,0.00,0.00,0,0,0.00,0.00,0,0
274252,0.00,0.00,0.00,0.00,0.00,0.00,0.00,0.00,0.00,0.0022,5.9978,0.00,0.00,0,0,0.00,0.00,0,0
274452,0.00,0.00,0.00,0.00,0.00,0.00,0.00,0.00,0.00,0.0022,5.9978,0.00,0.00,0,0,0.00,0.00,0,0
274652,0.00,0.00,0.00,0.00,0.00,0.00,0.00,0.00,0.00,0.0022,5.9978,0.00,0.00,0,0,0.00,0.00,0,0
274852,0.00,0.00,0.00,0.00,0.00,0.00,0.00,0.00,0.00,0.0022,5.9978,0.00,0.00,0,0,0.00,0.00,0,0
275052,0.00,0.00,0.00,0.00,0.00,0.00,0.00,0.00,0.00,0.0022,5.9978,0.00,0.00,0,0,0.00,0.00,0,0
275252,0.00,0.00,0.00,0.00,0.00,0.00,0.00,0.00,0.00,0.0022,5.9978,0.00,0.00,0,0,0.00,0.00,0,0
275452,0.00,0.00,0.00,0.00,0.00,0.00,0.00,0.00,0.00,0.0022,5.9978,0.00,0.00,0,0,0.00,0.00,0,0
275652,0.00,0.00,0.00,0.00,0.00,0.00,0.00,0.00,0.00,0.0022,5.9978,0.00,0.00,0,0,0.00,0.00,0,0
275852,0.00,0.00,0.00,0.00,0.00,0.00,0.00,0.00,0.00,0.0022,5.9978,0.00,0.00,0,0,0.00,0.00,0,0
276052,0.00,0.00,0.00,0.00,0.00,0.00,0.00,0.00,0.00,0.0022,5.9978,0.00,0.00,0,0,0.00,0.00,0,0
276252,0.00,0.00,0.00,0.00,0.00,0.00,0.00,0.00,0.00,0.0022,5.9978,0.00,0.00,0,0,0.00,0.00,0,0
276452,0.00,0.00,0.00,0.00,0.00,0.00,0.00,0.00,0.00,0.0022,5.9978,0.00,0.00,0,0,0.00,0.00,0,0
276652,0.00,0.00,0.00,0.00,0.00,0.00,0.00,0.00,0.00,0.0022,5.9978,0.00,0.00,0,0,0.00,0.00,0,0
276852,0.00,0.00,0.00,0.00,0.00,0.00,0.00,0.00,0.00,0.0022,5.9978,0.00,0.00,0,0,0.00,0.00,0,0
277052,0.00,0.00,0.00,0.00,0.00,0.00,0.00,0.00,0.00,0.0022,5.9978,0.00,0.00,0,0,0.00,0.00,0,0
277252,0.00,0.00,0.00,0.00,0.00,0.00,0.00,0.00,0.00,0.0022,5.9978,0.00,0.00,0,0,0.00,0.00,0,0
277452,0.00,0.00,0.00,0.00,0.00,0.00,0.00,0.00,0.00,0.0022,5.9978,0.00,0.00,0,0,0.00,0.00,0,0
277652,0.00,0.00,0.00,0.00,0.00,0.00,0.00,0.00,0.00,0.0022,5.9978,0.00,0.00,0,0,0.00,0.00,0,0
277852,0.00,0.00,0.00,0.00,0.00,0.00,0.00,0.00,0.00,0.0022,5.9978,0.00,0.00,0,0,0.00,0.00,0,0
278052,0.00,0.00,0.00,0.00,0.00,0.00,0.00,0.00,0.00,0.0022,5.9978,0.00,0.00,0,0,0.00,0.00,0,0
278252,0.00,0.00,0.00,0.00,0.00,0.00,0.00,0.00,0.00,0.0022,5.9978,0.00,0.00,0,0,0.00,0.00,0,0
278452,0.00,0.00,0.00,0.00,0.00,0.00,0.00,0.00,0.00,0.0022,5.9978,0.00,0.00,0,0,0.00,0.00,0,0
278652,0.00,0.00,0.00,0.00,0.00,0.00,0.00,0.00,0.00,0.0022,5.9978,0.00,0.00,0,0,0.00,0.00,0,0
278852,0.00,0.00,0.00,0.00,0.00,0.00,0.00,0.00,0.00,0.0022,5.9978,0.00,0.00,0,0,0.00,0.00,0,0
279052,0.00,0.00,0.00,0.00,0.00,0.00,0.00,0.00,0.00,0.0022,5.9978,0.00,0.00,0,0,0.00,0.00,0,0
279252,0.00,0.00,0.00,0.00,0.00,0.00,0.00,0.00,0.00,0.0022,5.9978,0.00,0.00,0,0,0.00,0.00,0,0
279452,0.00,0.00,0.00,0.00,0.00,0.00,0.00,0.00,0.00,0.0022,5.9978,0.00,0.00,0,0,0.00,0.00,0,0
279652,0.00,0.00,0.00,0.00,0.00,0.00,0.00,0.00,0.00,0.0022,5.9978,0.00,0.00,0,0,0.00,0.00,0,0
279852,0.00,0.00,0.00,0.00,0.00,0.00,0.00,0.00,0.00,0.0022,5.9978,0.00,0.00,0,0,0.00,0.00,0,0
280052,0.00,0.00,0.00,0.00,0.00,0.00,0.00,0.00,0.00,0.0022,5.9978,0.00,0.00,0,0,0.00,0.00,0,0
280252,0.00,0.00,0.00,0.00,0.00,0.00,0.00,0.00,0.00,0.0022,5.9978,0.00,0.00,0,0,0.00,0.00,0,0
280452,0.00,0.00,0.00,0.00,0.00,0.00,0.00,0.00,0.00,0.0022,5.9978,0.00,0.00,0,0,0.00,0.00,0,0
280652,0.00,0.00,0.00,0.00,0.00,0.00,0.00,0.00,0.00,0.0022,5.9978,0.00,0.00,0,0,0.00,0.00,0,0
280852,0.00,0.00,0.00,0.00,0.00,0.00,0.00,0.00,0.00,0.0022,5.9978,0.00,0.00,0,0,0.00,0.00,0,0
281052,0.00,0.00,0.00,0.00,0.00,0.00,0.00,0.00,0.00,0.0022,5.9978,0.00,0.00,0,0,0.00,0.00,0,0
281252,0.00,0.00,0.00,0.00,0.00,0.00,0.00,0.00,0.00,0.0022,5.9978,0.00,0.00,0,0,0.00,0.00,0,0
281452,0.00,0.00,0.00,0.00,0.00,0.00,0.00,0.00,0.00,0.0022,5.9978,0.00,0.00,0,0,0.00,0.00,0,0
281652,0.00,0.00,0.00,0.00,0.00,0.00,0.00,0.00,0.00,0.0022,5.9978,0.00,0.00,0,0,0.00,0.00,0,0
281852,0.00,0.00,0.00,0.00,0.00,0.00,0.00,0.00,0.00,0.0022,5.9978,0.00,0.00,0,0,0.00,0.00,0,0
282052,0.00,0.00,0.00,0.00,0.00,0.00,0.00,0.00,0.00,0.0022,5.9978,0.00,0.00,0,0,0.00,0.00,0,0
282252,0.00,0.00,0.00,0.00,0.00,0.00,0.00,0.00,0.00,0.0022,5.9978,0.00,0.00,0,0,0.00,0.00,0,0
282452,0.00,0.00,0.00,0.00,0.00,0.00,0.00,0.00,0.00,0.0022,5.9978,0.00,0.00,0,0,0.00,0.00,0,0
282652,0.00,0.00,0.00,0.00,0.00,0.00,0.00,0.00,0.00,0.0022,5.9978,0.00,0.00,0,0,0.00,0.00,0,0
282852,0.00,0.00,0.00,0.00,0.00,0.00,0.00,0.00,0.00,0.0022,5.9978,0.00,0.00,0,0,0.00,0.00,0,0
283052,0.00,0.00,0.00,0.00,0.00,0.00,0.00,0.00,0.00,0.0022,5.9978,0.00,0.00,0,0,0.00,0.00,0,0
283252,0.00,0.00,0.00,0.00,0.00,0.00,0.00,0.00,0.00,0.0022,5.9978,0.00,0.00,0,0,0.00,0.00,0,0
283452,0.00,0.00,0.00,0.00,0.00,0.00,0.00,0.00,0.00,0.0022,5.9978,0.00,0.00,0,0,0.00,0.00,0,0
283652,0.00,0.00,0.00,0.00,0.00,0.00,0.00,0.00,0.00,0.0022,5.9978,0.00,0.00,0,0,0.00,0.00,0,0
283852,0.00,0.00,0.00,0.00,0.00,0.00,0.00,0.00,0.00,0.0022,5.9978,0.00,0.00,0,0,0.00,0.00,0,0
284052,0.00,0.00,0.00,0.00,0.00,0.00,0.00,0.00,0.00,0.0022,5.9978,0.00,0.00,0,0,0.00,0.00,0,0
284252,0.00,0.00,0.00,0.00,0.00,0.00,0.00,0.00,0.00,0.0022,5.9978,0.00,0.00,0,0,0.00,0.00,0,0
284452,0.00,0.00,0.00,0.00,0.00,0.00,0.00,0.00,0.00,0.0022,5.9978,0.00,0.00,0,0,0.00,0.00,0,0
284652,0.00,0.00,0.00,0.00,0.00,0.00,0.00,0.00,0.00,0.0022,5.9978,0.00,0.00,0,0,0.00,0.00,0,0
284852,0.00,0.00,0.00,0.00,0.00,0.00,0.00,0.00,0.00,0.0022,5.9978,0.00,0.00,0,0,0.00,0.00,0,0
285052,0.00,0.00,0.00,0.00,0.00,0.00,0.00,0.00,0.00,0.0022,5.9978,0.00,0.00,0,0,0.00,0.00,0,0
285252,0.00,0.00,0.00,0.00,0.00,0.00,0.00,0.00,0.00,0.0022,5.9978,0.00,0.00,0,0,0.00,0.00,0,0
285452,0.00,0.00,0.00,0.00,0.00,0.00,0.00,0.00,0.00,0.0022,5.9978,0.00,0.00,0,0,0.00,0.00,0,0
285652,0.00,0.00,0.00,0.00,0.00,0.00,0.00,0.00,0.00,0.0022,5.9978,0.00,0.00,0,0,0.00,0.00,0,0
285852,0.00,0.00,0.00,0.00,0.00,0.00,0.00,0.00,0.00,0.0022,5.9978,0.00,0.00,0,0,0.00,0.00,0,0
286052,0.00,0.00,0.00,0.00,0.00,0.00,0.00,0.00,0.00,0.0022,5.9978,0.00,0.00,0,0,0.00,0.00,0,0
286252,0.00,0.00,0.00,0.00,0.00,0.00,0.00,0.00,0.00,0.0022,5.9978,0.00,0.00,0,0,0.00,0.00,0,0
286452,0.00,0.00,0.00,0.00,0.00,0.00,0.00,0.00,0.00,0.0022,5.9978,0.00,0.00,0,0,0.00,0.00,0,0
286652,0.00,0.00,0.00,0.00,0.00,0.00,0.00,0.00,0.00,0.0022,5.9978,0.00,0.00,0,0,0.00,0.00,0,0
286852,0.00,0.00,0.00,0.00,0.00,0.00,0.00,0.00,0.00,0.0022,5.9978,0.00,0.00,0,0,0.00,0.00,0,0
287052,0.00,0.00,0.00,0.00,0.00,0.00,0.00,0.00,0.00,0.0022,5.9978,0.00,0.00,0,0,0.00,0.00,0,0
287252,0.00,0.00,0.00,0.00,0.00,0.00,0.00,0.00,0.00,0.0022,5.9978,0.00,0.00,0,0,0.00,0.00,0,0
287452,0.00,0.00,0.00,0.00,0.00,0.00,0.00,0.00,0.00,0.0022,5.9978,0.00,0.00,0,0,0.00,0.00,0,0
287652,0.00,0.00,0.00,0.00,0.00,0.00,0.00,0.00,0.00,0.0022,5.9978,0.00,0.00,0,0,0.00,0.00,0,0
287852,0.00,0.00,0.00,0.00,0.00,0.00,0.00,0.00,0.00,0.0022,5.9978,0.00,0.00,0,0,0.00,0.00,0,0
288052,0.00,0.00,0.00,0.00,0.00,0.00,0.00,0.00,0.00,0.0022,5.9978,0.00,0.00,0,0,0.00,0.00,0,0
288252,0.00,0.00,0.00,0.00,0.00,0.00,0.00,0.00,0.00,0.0022,5.9978,0.00,0.00,0,0,0.00,0.00,0,0
288452,0.00,0.00,0.00,0.00,0.00,0.00,0.00,0.00,0.00,0.0022,5.9978,0.00,0.00,0,0,0.00,0.00,0,0
288652,0.00,0.00,0.00,0.00,0.00,0.00,0.00,0.00,0.00,0.0022,5.9978,0.00,0.00,0,0,0.00,0.00,0,0
288852,0.00,0.00,0.00,0.00,0.00,0.00,0.00,0.00,0.00,0.0022,5.9978,0.00,0.00,0,0,0.00,0.00,0,0
289052,0.00,0.00,0.00,0.00,0.00,0.00,0.00,0.00,0.00,0.0022,5.9978,0.00,0.00,0,0,0.00,0.00,0,0
289252,0.00,0.00,0.00,0.00,0.00,0.00,0.00,0.00,0.00,0.0022,5.9978,0.00,0.00,0,0,0.00,0.00,0,0
289452,0.00,0.00,0.00,0.00,0.00,0.00,0.00,0.00,0.00,0.0022,5.9978,0.00,0.00,0,0,0.00,0.00,0,0
289652,0.00,0.00,0.00,0.00,0.00,0.00,0.00,0.00,0.00,0.0022,5.9978,0.00,0.00,0,0,0.00,0.00,0,0
289852,0.00,0.00,0.00,0.00,0.00,0.00,0.00,0.00,0.00,0.0022,5.9978,0.00,0.00,0,0,0.00,0.00,0,0
290052,0.00,0.00,0.00,0.00,0.00,0.00,0.00,0.00,0.00,0.0022,5.9978,0.00,0.00,0,0,0.00,0.00,0,0
290252,0.00,0.00,0.00,0.00,0.00,0.00,0.00,0.00,0.00,0.0022,5.9978,0.00,0.00,0,0,0.00,0.00,0,0
290452,0.00,0.00,0.00,0.00,0.00,0.00,0.00,0.00,0.00,0.0022,5.9978,0.00,0.00,0,0,0.00,0.00,0,0
290652,0.00,0.00,0.00,0.00,0.00,0.00,0.00,0.00,0.00,0.0022,5.9978,0.00,0.00,0,0,0.00,0.00,0,0
290852,0.00,0.00,0.00,0.00,0.00,0.00,0.00,0.00,0.00,0.0022,5.9978,0.00,0.00,0,0,0.00,0.00,0,0
291052,0.00,0.00,0.00,0.00,0.00,0.00,0.00,0.00,0.00,0.0022,5.9978,0.00,0.00,0,0,0.00,0.00,0,0
291252,0.00,0.00,0.00,0.00,0.00,0.00,0.00,0.00,0.00,0.0022,5.9978,0.00,0.00,0,0,0.00,0.00,0,0
291452,0.00,0.00,0.00,0.00,0.00,0.00,0.00,0.00,0.00,0.0022,5.9978,0.00,0.00,0,0,0.00,0.00,0,0
291652,0.00,0.00,0.00,0.00,0.00,0.00,0.00,0.00,0.00,0.0022,5.9978,0.00,0.00,0,0,0.00,0.00,0,0
291852,0.00,0.00,0.00,0.00,0.00,0.00,0.00,0.00,0.00,0.0022,5.9978,0.00,0.00,0,0,0.00,0.00,0,0
292052,0.00,0.00,0.00,0.00,0.00,0.00,0.00,0.00,0.00,0.0022,5.9978,0.00,0.00,0,0,0.00,0.00,0,0
292252,0.00,0.00,0.00,0.00,0.00,0.00,0.00,0.00,0.00,0.0022,5.9978,0.00,0.00,0,0,0.00,0.00,0,0
292452,0.00,0.00,0.00,0.00,0.00,0.00,0.00,0.00,0.00,0.0022,5.9978,0.00,0.00,0,0,0.00,0.00,0,0
292652,0.00,0.00,0.00,0.00,0.00,0.00,0.00,0.00,0.00,0.0022,5.9978,0.00,0.00,0,0,0.00,0.00,0,0
292852,0.00,0.00,0.00,0.00,0.00,0.00,0.00,0.00,0.00,0.0022,5.9978,0.00,0.00,0,0,0.00,0.00,0,0
293052,0.00,0.00,0.00,0.00,0.00,0.00,0.00,0.00,0.00,0.0022,5.9978,0.00,0.00,0,0,0.00,0.00,0,0
293252,0.00,0.00,0.00,0.00,0.00,0.00,0.00,0.00,0.00,0.0022,5.9978,0.00,0.00,0,0,0.00,0.00,0,0
293452,0.00,0.00,0.00,0.00,0.00,0.00,0.00,0.00,0.00,0.0022,5.9978,0.00,0.00,0,0,0.00,0.00,0,0
293652,0.00,0.00,0.00,0.00,0.00,0.00,0.00,0.00,0.00,0.0022,5.9978,0.00,0.00,0,0,0.00,0.00,0,0
293852,0.00,0.00,0.00,0.00,0.00,0.00,0.00,0.00,0.00,0.0022,5.9978,0.00,0.00,0,0,0.00,0.00,0,0
294052,0.00,0.00,0.00,0.00,0.00,0.00,0.00,0.00,0.00,0.0022,5.9978,0.00,0.00,0,0,0.00,0.00,0,0
294252,0.00,0.00,0.00,0.00,0.00,0.00,0.00,0.00,0.00,0.0022,5.9978,0.00,0.00,0,0,0.00,0.00,0,0
294452,0.00,0.00,0.00,0.00,0.00,0.00,0.00,0.00,0.00,0.0022,5.9978,0.00,0.00,0,0,0.00,0.00,0,0
294652,0.00,0.00,0.00,0.00,0.00,0.00,0.00,0.00,0.00,0.0022,5.9978,0.00,0.00,0,0,0.00,0.00,0,0
294852,0.00,0.00,0.00,0.00,0.00,0.00,0.00,0.00,0.00,0.0022,5.9978,0.00,0.00,0,0,0.00,0.00,0,0
295052,0.00,0.00,0.00,0.00,0.00,0.00,0.00,0.00,0.00,0.0022,5.9978,0.00,0.00,0,0,0.00,0.00,0,0
295252,0.00,0.00,0.00,0.00,0.00,0.00,0.00,0.00,0.00,0.0022,5.9978,0.00,0.00,0,0,0.00,0.00,0,0
295452,0.00,0.00,0.00,0.00,0.00,0.00,0.00,0.00,0.00,0.0022,5.9978,0.00,0.00,0,0,0.00,0.00,0,0
295652,0.00,0.00,0.00,0.00,0.00,0.00,0.00,0.00,0.00,0.0022,5.9978,0.00,0.00,0,0,0.00,0.00,0,0
295852,0.00,0.00,0.00,0.00,0.00,0.00,0.00,0.00,0.00,0.0022,5.9978,0.00,0.00,0,0,0.00,0.00,0,0
296052,0.00,0.00,0.00,0.00,0.00,0.00,0.00,0.00,0.00,0.0022,5.9978,0.00,0.00,0,0,0.00,0.00,0,0
296252,0.00,0.00,0.00,0.00,0.00,0.00,0.00,0.00,0.00,0.0022,5.9978,0.00,0.00,0,0,0.00,0.00,0,0
296452,0.00,0.00,0.00,0.00,0.00,0.00,0.00,0.00,0.00,0.0022,5.9978,0.00,0.00,0,0,0.00,0.00,0,0
296652,0.00,0.00,0.00,0.00,0.00,0.00,0.00,0.00,0.00,0.0022,5.9978,0.00,0.00,0,0,0.00,0.00,0,0
296852,0.00,0.00,0.00,0.00,0.00,0.00,0.00,0.00,0.00,0.0022,5.9978,0.00,0.00,0,0,0.00,0.00,0,0
297052,0.00,0.00,0.00,0.00,0.00,0.00,0.00,0.00,0.00,0.0022,5.9978,0.00,0.00,0,0,0.00,0.00,0,0
297252,0.00,0.00,0.00,0.00,0.00,0.00,0.00,0.00,0.00,0.0022,5.9978,0.00,0.00,0,0,0.00,0.00,0,0
297452,0.00,0.00,0.00,0.00,0.00,0.00,0.00,0.00,0.00,0.0022,5.9978,0.00,0.00,0,0,0.00,0.00,0,0
297652,0.00,0.00,0.00,0.00,0.00,0.00,0.00,0.00,0.00,0.0022,5.9978,0.00,0.00,0,0,0.00,0.00,0,0
297852,0.00,0.00,0.00,0.00,0.00,0.00,0.00,0.00,0.00,0.0022,5.9978,0.00,0.00,0,0,0.00,0.00,0,0
298052,0.00,0.00,0.00,0.00,0.00,0.00,0.00,0.00,0.00,0.0022,5.9978,0.00,0.00,0,0,0.00,0.00,0,0
298252,0.00,0.00,0.00,0.00,0.00,0.00,0.00,0.00,0.00,0.0022,5.9978,0.00,0.00,0,0,0.00,0.00,0,0
298452,0.00,0.00,0.00,0.00,0.00,0.00,0.00,0.00,0.00,0.0022,5.9978,0.00,0.00,0,0,0.00,0.00,0,0
298652,0.00,0.00,0.00,0.00,0.00,0.00,0.00,0.00,0.00,0.0022,5.9978,0.00,0.00,0,0,0.00,0.00,0,0
298852,0.00,0.00,0.00,0.00,0.00,0.00,0.00,0.00,0.00,0.0022,5.9978,0.00,0.00,0,0,0.00,0.00,0,0
299052,0.00,0.00,0.00,0.00,0.00,0.00,0.00,0.00,0.00,0.0022,5.9978,0.00,0.00,0,0,0.00,0.00,0,0
299252,0.00,0.00,0.00,0.00,0.00,0.00,0.00,0.00,0.00,0.0022,5.9978,0.00,0.00,0,0,0.00,0.00,0,0
299452,0.00,0.00,0.00,0.00,0.00,0.00,0.00,0.00,0.00,0.0022,5.9978,0.00,0.00,0,0,0.00,0.00,0,0
299652,0.00,0.00,0.00,0.00,0.00,0.00,0.00,0.00,0.00,0.0022,5.9978,0.00,0.00,0,0,0.00,0.00,0,0
299852,0.00,0.00,0.00,0.00,0.00,0.00,0.00,0.00,0.00,0.0022,5.9978,0.00,0.00,0,0,0.00,0.00,0,0
300052,0.00,0.00,0.00,0.00,0.00,0.00,0.00,0.00,0.00,0.0022,5.9978,0.00,0.00,0,0,0.00,0.00,0,0
300252,0.00,0.00,0.00,0.00,0.00,0.00,0.00,0.00,0.00,0.0022,5.9978,0.00,0.00,0,0,0.00,0.00,0,0
300452,0.00,0.00,0.00,0.00,0.00,0.00,0.00,0.00,0.00,0.0022,5.9978,0.00,0.00,0,0,0.00,0.00,0,0
300652,0.00,0.00,0.00,0.00,0.00,0.00,0.00,0.00,0.00,0.0022,5.9978,0.00,0.00,0,0,0.00,0.00,0,0
300852,0.00,0.00,0.00,0.00,0.00,0.00,0.00,0.00,0.00,0.0022,5.9978,0.00,0.00,0,0,0.00,0.00,0,0
301052,0.00,0.00,0.00,0.00,0.00,0.00,0.00,0.00,0.00,0.0022,5.9978,0.00,0.00,0,0,0.00,0.00,0,0
301252,0.00,0.00,0.00,0.00,0.00,0.00,0.00,0.00,0.00,0.0022,5.9978,0.00,0.00,0,0,0.00,0.00,0,0
301452,0.00,0.00,0.00,0.00,0.00,0.00,0.00,0.00,0.00,0.0022,5.9978,0.00,0.00,0,0,0.00,0.00,0,0
301652,0.00,0.00,0.00,0.00,0.00,0.00,0.00,0.00,0.00,0.0022,5.9978,0.00,0.00,0,0,0.00,0.00,0,0
301852,0.00,0.00,0.00,0.00,0.00,0.00,0.00,0.00,0.00,0.0022,5.9978,0.00,0.00,0,0,0.00,0.00,0,0
302052,0.00,0.00,0.00,0.00,0.00,0.00,0.00,0.00,0.00,0.0022,5.9978,0.00,0.00,0,0,0.00,0.00,0,0
302252,0.00,0.00,0.00,0.00,0.00,0.00,0.00,0.00,0.00,0.0022,5.9978,0.00,0.00,0,0,0.00,0.00,0,0
302452,0.00,0.00,0.00,0.00,0.00,0.00,0.00,0.00,0.00,0.0022,5.9978,0.00,0.00,0,0,0.00,0.00,0,0
302652,0.00,0.00,0.00,0.00,0.00,0.00,0.00,0.00,0.00,0.0022,5.9978,0.00,0.00,0,0,0.00,0.00,0,0
302852,0.00,0.00,0.00,0.00,0.00,0.00,0.00,0.00,0.00,0.0022,5.9978,0.00,0.00,0,0,0.00,0.00,0,0
303052,0.00,0.00,0.00,0.00,0.00,0.00,0.00,0.00,0.00,0.0022,5.9978,0.00,0.00,0,0,0.00,0.00,0,0
303252,0.00,0.00,0.00,0.00,0.00,0.00,0.00,0.00,0.00,0.0022,5.9978,0.00,0.00,0,0,0.00,0.00,0,0
303452,0.00,0.00,0.00,0.00,0.00,0.00,0.00,0.00,0.00,0.0022,5.9978,0.00,0.00,0,0,0.00,0.00,0,0
303652,0.00,0.00,0.00,0.00,0.00,0.00,0.00,0.00,0.00,0.0022,5.9978,0.00,0.00,0,0,0.00,0.00,0,0
303852,0.00,0.00,0.00,0.00,0.00,0.00,0.00,0.00,0.00,0.0022,5.9978,0.00,0.00,0,0,0.00,0.00,0,0
304052,0.00,0.00,0.00,0.00,0.00,0.00,0.00,0.00,0.00,0.0022,5.9978,0.00,0.00,0,0,0.00,0.00,0,0
304252,0.00,0.00,0.00,0.00,0.00,0.00,0.00,0.00,0.00,0.0022,5.9978,0.00,0.00,0,0,0.00,0.00,0,0
304452,0.00,0.00,0.00,0.00,0.00,0.00,0.00,0.00,0.00,0.0022,5.9978,0.00,0.00,0,0,0.00,0.00,0,0
304652,0.00,0.00,0.00,0.00,0.00,0.00,0.00,0.00,0.00,0.0022,5.9978,0.00,0.00,0,0,0.00,0.00,0,0
304852,0.00,0.00,0.00,0.00,0.00,0.00,0.00,0.00,0.00,0.0022,5.9978,0.00,0.00,0,0,0.00,0.00,0,0
305052,0.00,0.00,0.00,0.00,0.00,0.00,0.00,0.00,0.00,0.0022,5.9978,0.00,0.00,0,0,0.00,0.00,0,0
305252,0.00,0.00,0.00,0.00,0.00,0.00,0.00,0.00,0.00,0.0022,5.9978,0.00,0.00,0,0,0.00,0.00,0,0
305452,0.00,0.00,0.00,0.00,0.00,0.00,0.00,0.00,0.00,0.0022,5.9978,0.00,0.00,0,0,0.00,0.00,0,0
305652,0.00,0.00,0.00,0.00,0.00,0.00,0.00,0.00,0.00,0.0022,5.9978,0.00,0.00,0,0,0.00,0.00,0,0
305852,0.00,0.00,0.00,0.00,0.00,0.00,0.00,0.00,0.00,0.0022,5.9978,0.00,0.00,0,0,0.00,0.00,0,0
306052,0.00,0.00,0.00,0.00,0.00,0.00,0.00,0.00,0.00,0.0022,5.9978,0.00,0.00,0,0,0.00,0.00,0,0
306252,0.00,0.00,0.00,0.00,0.00,0.00,0.00,0.00,0.00,0.0022,5.9978,0.00,0.00,0,0,0.00,0.00,0,0
306452,0.00,0.00,0.00,0.00,0.00,0.00,0.00,0.00,0.00,0.0022,5.9978,0.00,0.00,0,0,0.00,0.00,0,0
306652,0.00,0.00,0.00,0.00,0.00,0.00,0.00,0.00,0.00,0.0022,5.9978,0.00,0.00,0,0,0.00,0.00,0,0
306852,0.00,0.00,0.00,0.00,0.00,0.00,0.00,0.00,0.00,0.0022,5.9978,0.00,0.00,0,0,0.00,0.00,0,0
307052,0.00,0.00,0.00,0.00,0.00,0.00,0.00,0.00,0.00,0.0022,5.9978,0.00,0.00,0,0,0.00,0.00,0,0
307252,0.00,0.00,0.00,0.00,0.00,0.00,0.00,0.00,0.00,0.0022,5.9978,0.00,0.00,0,0,0.00,0.00,0,0
307452,0.00,0.00,0.00,0.00,0.00,0.00,0.00,0.00,0.00,0.0022,5.9978,0.00,0.00,0,0,0.00,0.00,0,0
307652,0.00,0.00,0.00,0.00,0.00,0.00,0.00,0.00,0.00,0.0022,5.9978,0.00,0.00,0,0,0.00,0.00,0,0
307852,0.00,0.00,0.00,0.00,0.00,0.00,0.00,0.00,0.00,0.0022,5.9978,0.00,0.00,0,0,0.00,0.00,0,0
308052,0.00,0.00,0.00,0.00,0.00,0.00,0.00,0.00,0.00,0.0022,5.9978,0.00,0.00,0,0,0.00,0.00,0,0
308252,0.00,0.00,0.00,0.00,0.00,0.00,0.00,0.00,0.00,0.0022,5.9978,0.00,0.00,0,0,0.00,0.00,0,0
308452,0.00,0.00,0.00,0.00,0.00,0.00,0.00,0.00,0.00,0.0022,5.9978,0.00,0.00,0,0,0.00,0.00,0,0
308652,0.00,0.00,0.00,0.00,0.00,0.00,0.00,0.00,0.00,0.0022,5.9978,0.00,0.00,0,0,0.00,0.00,0,0
308852,0.00,0.00,0.00,0.00,0.00,0.00,0.00,0.00,0.00,0.0022,5.9978,0.00,0.00,0,0,0.00,0.00,0,0
309052,0.00,0.00,0.00,0.00,0.00,0.00,0.00,0.00,0.00,0.0022,5.9978,0.00,0.00,0,0,0.00,0.00,0,0
309252,0.00,0.00,0.00,0.00,0.00,0.00,0.00,0.00,0.00,0.0022,5.9978,0.00,0.00,0,0,0.00,0.00,0,0
309452,0.00,0.00,0.00,0.00,0.00,0.00,0.00,0.00,0.00,0.0022,5.9978,0.00,0.00,0,0,0.00,0.00,0,0
309652,0.00,0.00,0.00,0.00,0.00,0.00,0.00,0.00,0.00,0.0022,5.9978,0.00,0.00,0,0,0.00,0.00,0,0
309852,0.00,0.00,0.00,0.00,0.00,0.00,0.00,0.00,0.00,0.0022,5.9978,0.00,0.00,0,0,0.00,0.00,0,0
310052,0.00,0.00,0.00,0.00,0.00,0.00,0.00,0.00,0.00,0.0022,5.9978,0.00,0.00,0,0,0.00,0.00,0,0
310252,0.00,0.00,0.00,0.00,0.00,0.00,0.00,0.00,0.00,0.0022,5.9978,0.00,0.00,0,0,0.00,0.00,0,0
310452,0.00,0.00,0.00,0.00,0.00,0.00,0.00,0.00,0.00,0.0022,5.9978,0.00,0.00,0,0,0.00,0.00,0,0
310652,0.00,0.00,0.00,0.00,0.00,0.00,0.00,0.00,0.00,0.0022,5.9978,0.00,0.00,0,0,0.00,0.00,0,0
310852,0.00,0.00,0.00,0.00,0.00,0.00,0.00,0.00,0.00,0.0022,5.9978,0.00,0.00,0,0,0.00,0.00,0,0
311052,0.00,0.00,0.00,0.00,0.00,0.00,0.00,0.00,0.00,0.0022,5.9978,0.00,0.00,0,0,0.00,0.00,0,0
311252,0.00,0.00,0.00,0.00,0.00,0.00,0.00,0.00,0.00,0.0022,5.9978,0.00,0.00,0,0,0.00,0.00,0,0
311452,0.00,0.00,0.00,0.00,0.00,0.00,0.00,0.00,0.00,0.0022,5.9978,0.00,0.00,0,0,0.00,0.00,0,0
311652,0.00,0.00,0.00,0.00,0.00,0.00,0.00,0.00,0.00,0.0022,5.9978,0.00,0.00,0,0,0.00,0.00,0,0
311852,0.00,0.00,0.00,0.00,0.00,0.00,0.00,0.00,0.00,0.0022,5.9978,0.00,0.00,0,0,0.00,0.00,0,0
312052,0.00,0.00,0.00,0.00,0.00,0.00,0.00,0.00,0.00,0.0022,5.9978,0.00,0.00,0,0,0.00,0.00,0,0
312252,0.00,0.00,0.00,0.00,0.00,0.00,0.00,0.00,0.00,0.0022,5.9978,0.00,0.00,0,0,0.00,0.00,0,0
312452,0.00,0.00,0.00,0.00,0.00,0.00,0.00,0.00,0.00,0.0022,5.9978,0.00,0.00,0,0,0.00,0.00,0,0
312652,0.00,0.00,0.00,0.00,0.00,0.00,0.00,0.00,0.00,0.0022,5.9978,0.00,0.00,0,0,0.00,0.00,0,0
312852,0.00,0.00,0.00,0.00,0.00,0.00,0.00,0.00,0.00,0.0022,5.9978,0.00,0.00,0,0,0.00,0.00,0,0
313052,0.00,0.00,0.00,0.00,0.00,0.00,0.00,0.00,0.00,0.0022,5.9978,0.00,0.00,0,0,0.00,0.00,0,0
313252,0.00,0.00,0.00,0.00,0.00,0.00,0.00,0.00,0.00,0.0022,5.9978,0.00,0.00,0,0,0.00,0.00,0,0
313452,0.00,0.00,0.00,0.00,0.00,0.00,0.00,0.00,0.00,0.0022,5.9978,0.00,0.00,0,0,0.00,0.00,0,0
313652,0.00,0.00,0.00,0.00,0.00,0.00,0.00,0.00,0.00,0.0022,5.9978,0.00,0.00,0,0,0.00,0.00,0,0
313852,0.00,0.00,0.00,0.00,0.00,0.00,0.00,0.00,0.00,0.0022,5.9978,0.00,0.00,0,0,0.00,0.00,0,0
314052,0.00,0.00,0.00,0.00,0.00,0.00,0.00,0.00,0.00,0.0022,5.9978,0.00,0.00,0,0,0.00,0.00,0,0
314252,0.00,0.00,0.00,0.00,0.00,0.00,0.00,0.00,0.00,0.0022,5.9978,0.00,0.00,0,0,0.00,0.00,0,0
314452,0.00,0.00,0.00,0.00,0.00,0.00,0.00,0.00,0.00,0.0022,5.9978,0.00,0.00,0,0,0.00,0.00,0,0
314652,0.00,0.00,0.00,0.00,0.00,0.00,0.00,0.00,0.00,0.0022,5.9978,0.00,0.00,0,0,0.00,0.00,0,0
314852,0.00,0.00,0.00,0.00,0.00,0.00,0.00,0.00,0.00,0.0022,5.9978,0.00,0.00,0,0,0.00,0.00,0,0
315052,0.00,0.00,0.00,0.00,0.00,0.00,0.00,0.00,0.00,0.0022,5.9978,0.00,0.00,0,0,0.00,0.00,0,0
315252,0.00,0.00,0.00,0.00,0.00,0.00,0.00,0.00,0.00,0.0022,5.9978,0.00,0.00,0,0,0.00,0.00,0,0
315452,0.00,0.00,0.00,0.00,0.00,0.00,0.00,0.00,0.00,0.0022,5.9978,0.00,0.00,0,0,0.00,0.00,0,0
315652,0.00,0.00,0.00,0.00,0.00,0.00,0.00,0.00,0.00,0.0022,5.9978,0.00,0.00,0,0,0.00,0.00,0,0
315852,0.00,0.00,0.00,0.00,0.00,0.00,0.00,0.00,0.00,0.0022,5.9978,0.00,0.00,0,0,0.00,0.00,0,0
316052,0.00,0.00,0.00,0.00,0.00,0.00,0.00,0.00,0.00,0.0022,5.9978,0.00,0.00,0,0,0.00,0.00,0,0
316252,0.00,0.00,0.00,0.00,0.00,0.00,0.00,0.00,0.00,0.0022,5.9978,0.00,0.00,0,0,0.00,0.00,0,0
316452,0.00,0.00,0.00,0.00,0.00,0.00,0.00,0.00,0.00,0.0022,5.9978,0.00,0.00,0,0,0.00,0.00,0,0
316652,0.00,0.00,0.00,0.00,0.00,0.00,0.00,0.00,0.00,0.0022,5.9978,0.00,0.00,0,0,0.00,0.00,0,0
316852,0.00,0.00,0.00,0.00,0.00,0.00,0.00,0.00,0.00,0.0022,5.9978,0.00,0.00,0,0,0.00,0.00,0,0
317052,0.00,0.00,0.00,0.00,0.00,0.00,0.00,0.00,0.00,0.0022,5.9978,0.00,0.00,0,0,0.00,0.00,0,0
317252,0.00,0.00,0.00,0.00,0.00,0.00,0.00,0.00,0.00,0.0022,5.9978,0.00,0.00,0,0,0.00,0.00,0,0
317452,0.00,0.00,0.00,0.00,0.00,0.00,0.00,0.00,0.00,0.0022,5.9978,0.00,0.00,0,0,0.00,0.00,0,0
317652,0.00,0.00,0.00,0.00,0.00,0.00,0.00,0.00,0.00,0.0022,5.9978,0.00,0.00,0,0,0.00,0.00,0,0
317852,0.00,0.00,0.00,0.00,0.00,0.00,0.00,0.00,0.00,0.0022,5.9978,0.00,0.00,0,0,0.00,0.00,0,0
318052,0.00,0.00,0.00,0.00,0.00,0.00,0.00,0.00,0.00,0.0022,5.9978,0.00,0.00,0,0,0.00,0.00,0,0
318252,0.00,0.00,0.00,0.00,0.00,0.00,0.00,0.00,0.00,0.0022,5.9978,0.00,0.00,0,0,0.00,0.00,0,0
318452,0.00,0.00,0.00,0.00,0.00,0.00,0.00,0.00,0.00,0.0022,5.9978,0.00,0.00,0,0,0.00,0.00,0,0
318652,0.00,0.00,0.00,0.00,0.00,0.00,0.00,0.00,0.00,0.0022,5.9978,0.00,0.00,0,0,0.00,0.00,0,0
318852,0.00,0.00,0.00,0.00,0.00,0.00,0.00,0.00,0.00,0.0022,5.9978,0.00,0.00,0,0,0.00,0.00,0,0
319052,0.00,0.00,0.00,0.00,0.00,0.00,0.00,0.00,0.00,0.0022,5.9978,0.00,0.00,0,0,0.00,0.00,0,0
319252,0.00,0.00,0.00,0.00,0.00,0.00,0.00,0.00,0.00,0.0022,5.9978,0.00,0.00,0,0,0.00,0.00,0,0
319452,0.00,0.00,0.00,0.00,0.00,0.00,0.00,0.00,0.00,0.0022,5.9978,0.00,0.00,0,0,0.00,0.00,0,0
319652,0.00,0.00,0.00,0.00,0.00,0.00,0.00,0.00,0.00,0.0022,5.9978,0.00,0.00,0,0,0.00,0.00,0,0
319852,0.00,0.00,0.00,0.00,0.00,0.00,0.00,0.00,0.00,0.0022,5.9978,0.00,0.00,0,0,0.00,0.00,0,0
320052,0.00,0.00,0.00,0.00,0.00,0.00,0.00,0.00,0.00,0.0022,5.9978,0.00,0.00,0,0,0.00,0.00,0,0
320252,0.00,0.00,0.00,0.00,0.00,0.00,0.00,0.00,0.00,0.0022,5.9978,0.00,0.00,0,0,0.00,0.00,0,0
320452,0.00,0.00,0.00,0.00,0.00,0.00,0.00,0.00,0.00,0.0022,5.9978,0.00,0.00,0,0,0.00,0.00,0,0
320652,0.00,0.00,0.00,0.00,0.00,0.00,0.00,0.00,0.00,0.0022,5.9978,0.00,0.00,0,0,0.00,0.00,0,0
320852,0.00,0.00,0.00,0.00,0.00,0.00,0.00,0.00,0.00,0.0022,5.9978,0.00,0.00,0,0,0.00,0.00,0,0
321052,0.00,0.00,0.00,0.00,0.00,0.00,0.00,0.00,0.00,0.0022,5.9978,0.00,0.00,0,0,0.00,0.00,0,0
321252,0.00,0.00,0.00,0.00,0.00,0.00,0.00,0.00,0.00,0.0022,5.9978,0.00,0.00,0,0,0.00,0.00,0,0
321452,0.00,0.00,0.00,0.00,0.00,0.00,0.00,0.00,0.00,0.0022,5.9978,0.00,0.00,0,0,0.00,0.00,0,0
321652,0.00,0.00,0.00,0.00,0.00,0.00,0.00,0.00,0.00,0.0022,5.9978,0.00,0.00,0,0,0.00,0.00,0,0
321852,0.00,0.00,0.00,0.00,0.00,0.00,0.00,0.00,0.00,0.0022,5.9978,0.00,0.00,0,0,0.00,0.00,0,0
322052,0.00,0.00,0.00,0.00,0.00,0.00,0.00,0.00,0.00,0.0022,5.9978,0.00,0.00,0,0,0.00,0.00,0,0
322252,0.00,0.00,0.00,0.00,0.00,0.00,0.00,0.00,0.00,0.0022,5.9978,0.00,0.00,0,0,0.00,0.00,0,0
322452,0.00,0.00,0.00,0.00,0.00,0.00,0.00,0.00,0.00,0.0022,5.9978,0.00,0.00,0,0,0.00,0.00,0,0
322652,0.00,0.00,0.00,0.00,0.00,0.00,0.00,0.00,0.00,0.0022,5.9978,0.00,0.00,0,0,0.00,0.00,0,0
322852,0.00,0.00,0.00,0.00,0.00,0.00,0.00,0.00,0.00,0.0022,5.9978,0.00,0.00,0,0,0.00,0.00,0,0
323052,0.00,0.00,0.00,0.00,0.00,0.00,0.00,0.00,0.00,0.0022,5.9978,0.00,0.00,0,0,0.00,0.00,0,0
323252,0.00,0.00,0.00,0.00,0.00,0.00,0.00,0.00,0.00,0.0022,5.9978,0.00,0.00,0,0,0.00,0.00,0,0
323452,0.00,0.00,0.00,0.00,0.00,0.00,0.00,0.00,0.00,0.0022,5.9978,0.00,0.00,0,0,0.00,0.00,0,0
323652,0.00,0.00,0.00,0.00,0.00,0.00,0.00,0.00,0.00,0.0022,5.9978,0.00,0.00,0,0,0.00,0.00,0,0
323852,0.00,0.00,0.00,0.00,0.00,0.00,0.00,0.00,0.00,0.0022,5.9978,0.00,0.00,0,0,0.00,0.00,0,0
324052,0.00,0.00,0.00,0.00,0.00,0.00,0.00,0.00,0.00,0.0022,5.9978,0.00,0.00,0,0,0.00,0.00,0,0
324252,0.00,0.00,0.00,0.00,0.00,0.00,0.00,0.00,0.00,0.0022,5.9978,0.00,0.00,0,0,0.00,0.00,0,0
324452,0.00,0.00,0.00,0.00,0.00,0.00,0.00,0.00,0.00,0.0022,5.9978,0.00,0.00,0,0,0.00,0.00,0,0
324652,0.00,0.00,0.00,0.00,0.00,0.00,0.00,0.00,0.00,0.0022,5.9978,0.00,0.00,0,0,0.00,0.00,0,0
324852,0.00,0.00,0.00,0.00,0.00,0.00,0.00,0.00,0.00,0.0022,5.9978,0.00,0.00,0,0,0.00,0.00,0,0
325052,0.00,0.00,0.00,0.00,0.00,0.00,0.00,0.00,0.00,0.0022,5.9978,0.00,0.00,0,0,0.00,0.00,0,0
325252,0.00,0.00,0.00,0.00,0.00,0.00,0.00,0.00,0.00,0.0022,5.9978,0.00,0.00,0,0,0.00,0.00,0,0
325452,0.00,0.00,0.00,0.00,0.00,0.00,0.00,0.00,0.00,0.0022,5.9978,0.00,0.00,0,0,0.00,0.00,0,0
325652,0.00,0.00,0.00,0.00,0.00,0.00,0.00,0.00,0.00,0.0022,5.9978,0.00,0.00,0,0,0.00,0.00,0,0
325852,0.00,0.00,0.00,0.00,0.00,0.00,0.00,0.00,0.00,0.0022,5.9978,0.00,0.00,0,0,0.00,0.00,0,0
326052,0.00,0.00,0.00,0.00,0.00,0.00,0.00,0.00,0.00,0.0022,5.9978,0.00,0.00,0,0,0.00,0.00,0,0
326252,0.00,0.00,0.00,0.00,0.00,0.00,0.00,0.00,0.00,0.0022,5.9978,0.00,0.00,0,0,0.00,0.00,0,0
326452,0.00,0.00,0.00,0.00,0.00,0.00,0.00,0.00,0.00,0.0022,5.9978,0.00,0.00,0,0,0.00,0.00,0,0
326652,0.00,0.00,0.00,0.00,0.00,0.00,0.00,0.00,0.00,0.0022,5.9978,0.00,0.00,0,0,0.00,0.00,0,0
326852,0.00,0.00,0.00,0.00,0.00,0.00,0.00,0.00,0.00,0.0022,5.9978,0.00,0.00,0,0,0.00,0.00,0,0
327052,0.00,0.00,0.00,0.00,0.00,0.00,0.00,0.00,0.00,0.0022,5.9978,0.00,0.00,0,0,0.00,0.00,0,0
327252,0.00,0.00,0.00,0.00,0.00,0.00,0.00,0.00,0.00,0.0022,5.9978,0.00,0.00,0,0,0.00,0.00,0,0
327452,0.00,0.00,0.00,0.00,0.00,0.00,0.00,0.00,0.00,0.0022,5.9978,0.00,0.00,0,0,0.00,0.00,0,0
327652,0.00,0.00,0.00,0.00,0.00,0.00,0.00,0.00,0.00,0.0022,5.9978,0.00,0.00,0,0,0.00,0.00,0,0
327852,0.00,0.00,0.00,0.00,0.00,0.00,0.00,0.00,0.00,0.0022,5.9978,0.00,0.00,0,0,0.00,0.00,0,0
328052,0.00,0.00,0.00,0.00,0.00,0.00,0.00,0.00,0.00,0.0022,5.9978,0.00,0.00,0,0,0.00,0.00,0,0
328252,0.00,0.00,0.00,0.00,0.00,0.00,0.00,0.00,0.00,0.0022,5.9978,0.00,0.00,0,0,0.00,0.00,0,0
328452,0.00,0.00,0.00,0.00,0.00,0.00,0.00,0.00,0.00,0.0022,5.9978,0.00,0.00,0,0,0.00,0.00,0,0
328652,0.00,0.00,0.00,0.00,0.00,0.00,0.00,0.00,0.00,0.0022,5.9978,0.00,0.00,0,0,0.00,0.00,0,0
328852,0.00,0.00,0.00,0.00,0.00,0.00,0.00,0.00,0.00,0.0022,5.9978,0.00,0.00,0,0,0.00,0.00,0,0
329052,0.00,0.00,0.00,0.00,0.00,0.00,0.00,0.00,0.00,0.0022,5.9978,0.00,0.00,0,0,0.00,0.00,0,0
329252,0.00,0.00,0.00,0.00,0.00,0.00,0.00,0.00,0.00,0.0022,5.9978,0.00,0.00,0,0,0.00,0.00,0,0
329452,0.00,0.00,0.00,0.00,0.00,0.00,0.00,0.00,0.00,0.0022,5.9978,0.00,0.00,0,0,0.00,0.00,0,0
329652,0.00,0.00,0.00,0.00,0.00,0.00,0.00,0.00,0.00,0.0022,5.9978,0.00,0.00,0,0,0.00,0.00,0,0
329852,0.00,0.00,0.00,0.00,0.00,0.00,0.00,0.00,0.00,0.0022,5.9978,0.00,0.00,0,0,0.00,0.00,0,0
330052,0.00,0.00,0.00,0.00,0.00,0.00,0.00,0.00,0.00,0.0022,5.9978,0.00,0.00,0,0,0.00,0.00,0,0
330252,0.00,0.00,0.00,0.00,0.00,0.00,0.00,0.00,0.00,0.0022,5.9978,0.00,0.00,0,0,0.00,0.00,0,0
330452,0.00,0.00,0.00,0.00,0.00,0.00,0.00,0.00,0.00,0.0022,5.9978,0.00,0.00,0,0,0.00,0.00,0,0
330652,0.00,0.00,0.00,0.00,0.00,0.00,0.00,0.00,0.00,0.0022,5.9978,0.00,0.00,0,0,0.00,0.00,0,0
330852,0.00,0.00,0.00,0.00,0.00,0.00,0.00,0.00,0.00,0.0022,5.9978,0.00,0.00,0,0,0.00,0.00,0,0
331052,0.00,0.00,0.00,0.00,0.00,0.00,0.00,0.00,0.00,0.0022,5.9978,0.00,0.00,0,0,0.00,0.00,0,0
331252,0.00,0.00,0.00,0.00,0.00,0.00,0.00,0.00,0.00,0.0022,5.9978,0.00,0.00,0,0,0.00,0.00,0,0
331452,0.00,0.00,0.00,0.00,0.00,0.00,0.00,0.00,0.00,0.0022,5.9978,0.00,0.00,0,0,0.00,0.00,0,0
331652,0.00,0.00,0.00,0.00,0.00,0.00,0.00,0.00,0.00,0.0022,5.9978,0.00,0.00,0,0,0.00,0.00,0,0
331852,0.00,0.00,0.00,0.00,0.00,0.00,0.00,0.00,0.00,0.0022,5.9978,0.00,0.00,0,0,0.00,0.00,0,0
332052,0.00,0.00,0.00,0.00,0.00,0.00,0.00,0.00,0.00,0.0022,5.9978,0.00,0.00,0,0,0.00,0.00,0,0
332252,0.00,0.00,0.00,0.00,0.00,0.00,0.00,0.00,0.00,0.0022,5.9978,0.00,0.00,0,0,0.00,0.00,0,0
332452,0.00,0.00,0.00,0.00,0.00,0.00,0.00,0.00,0.00,0.0022,5.9978,0.00,0.00,0,0,0.00,0.00,0,0
332652,0.00,0.00,0.00,0.00,0.00,0.00,0.00,0.00,0.00,0.0022,5.9978,0.00,0.00,0,0,0.00,0.00,0,0
332852,0.00,0.00,0.00,0.00,0.00,0.00,0.00,0.00,0.00,0.0022,5.9978,0.00,0.00,0,0,0.00,0.00,0,0
333052,0.00,0.00,0.00,0.00,0.00,0.00,0.00,0.00,0.00,0.0022,5.9978,0.00,0.00,0,0,0.00,0.00,0,0
333252,0.00,0.00,0.00,0.00,0.00,0.00,0.00,0.00,0.00,0.0022,5.9978,0.00,0.00,0,0,0.00,0.00,0,0
333452,0.00,0.00,0.00,0.00,0.00,0.00,0.00,0.00,0.00,0.0022,5.9978,0.00,0.00,0,0,0.00,0.00,0,0
333652,0.00,0.00,0.00,0.00,0.00,0.00,0.00,0.00,0.00,0.0022,5.9978,0.00,0.00,0,0,0.00,0.00,0,0
333852,0.00,0.00,0.00,0.00,0.00,0.00,0.00,0.00,0.00,0.0022,5.9978,0.00,0.00,0,0,0.00,0.00,0,0
334052,0.00,0.00,0.00,0.00,0.00,0.00,0.00,0.00,0.00,0.0022,5.9978,0.00,0.00,0,0,0.00,0.00,0,0
334252,0.00,0.00,0.00,0.00,0.00,0.00,0.00,0.00,0.00,0.0022,5.9978,0.00,0.00,0,0,0.00,0.00,0,0
334452,0.00,0.00,0.00,0.00,0.00,0.00,0.00,0.00,0.00,0.0022,5.9978,0.00,0.00,0,0,0.00,0.00,0,0
334652,0.00,0.00,0.00,0.00,0.00,0.00,0.00,0.00,0.00,0.0022,5.9978,0.00,0.00,0,0,0.00,0.00,0,0
334852,0.00,0.00,0.00,0.00,0.00,0.00,0.00,0.00,0.00,0.0022,5.9978,0.00,0.00,0,0,0.00,0.00,0,0
335052,0.00,0.00,0.00,0.00,0.00,0.00,0.00,0.00,0.00,0.0022,5.9978,0.00,0.00,0,0,0.00,0.00,0,0
335252,0.00,0.00,0.00,0.00,0.00,0.00,0.00,0.00,0.00,0.0022,5.9978,0.00,0.00,0,0,0.00,0.00,0,0
335452,0.00,0.00,0.00,0.00,0.00,0.00,0.00,0.00,0.00,0.0022,5.9978,0.00,0.00,0,0,0.00,0.00,0,0
335652,0.00,0.00,0.00,0.00,0.00,0.00,0.00,0.00,0.00,0.0022,5.9978,0.00,0.00,0,0,0.00,0.00,0,0
335852,0.00,0.00,0.00,0.00,0.00,0.00,0.00,0.00,0.00,0.0022,5.9978,0.00,0.00,0,0,0.00,0.00,0,0
336052,0.00,0.00,0.00,0.00,0.00,0.00,0.00,0.00,0.00,0.0022,5.9978,0.00,0.00,0,0,0.00,0.00,0,0
336252,0.00,0.00,0.00,0.00,0.00,0.00,0.00,0.00,0.00,0.0022,5.9978,0.00,0.00,0,0,0.00,0.00,0,0
336452,0.00,0.00,0.00,0.00,0.00,0.00,0.00,0.00,0.00,0.0022,5.9978,0.00,0.00,0,0,0.00,0.00,0,0
336652,0.00,0.00,0.00,0.00,0.00,0.00,0.00,0.00,0.00,0.0022,5.9978,0.00,0.00,0,0,0.00,0.00,0,0
336852,0.00,0.00,0.00,0.00,0.00,0.00,0.00,0.00,0.00,0.0022,5.9978,0.00,0.00,0,0,0.00,0.00,0,0
337052,0.00,0.00,0.00,0.00,0.00,0.00,0.00,0.00,0.00,0.0022,5.9978,0.00,0.00,0,0,0.00,0.00,0,0
337252,0.00,0.00,0.00,0.00,0.00,0.00,0.00,0.00,0.00,0.0022,5.9978,0.00,0.00,0,0,0.00,0.00,0,0
337452,0.00,0.00,0.00,0.00,0.00,0.00,0.00,0.00,0.00,0.0022,5.9978,0.00,0.00,0,0,0.00,0.00,0,0
337652,0.00,0.00,0.00,0.00,0.00,0.00,0.00,0.00,0.00,0.0022,5.9978,0.00,0.00,0,0,0.00,0.00,0,0
337852,0.00,0.00,0.00,0.00,0.00,0.00,0.00,0.00,0.00,0.0022,5.9978,0.00,0.00,0,0,0.00,0.00,0,0
338052,0.00,0.00,0.00,0.00,0.00,0.00,0.00,0.00,0.00,0.0022,5.9978,0.00,0.00,0,0,0.00,0.00,0,0
338252,0.00,0.00,0.00,0.00,0.00,0.00,0.00,0.00,0.00,0.0022,5.9978,0.00,0.00,0,0,0.00,0.00,0,0
338452,0.00,0.00,0.00,0.00,0.00,0.00,0.00,0.00,0.00,0.0022,5.9978,0.00,0.00,0,0,0.00,0.00,0,0
338652,0.00,0.00,0.00,0.00,0.00,0.00,0.00,0.00,0.00,0.0022,5.9978,0.00,0.00,0,0,0.00,0.00,0,0
