time_ms,rl_rpm,rl_rpm_raw,rr_rpm,rr_rpm_raw,rl_speed_mph,rr_speed_mph,speed_mph,fl_rpm,fr_rpm,fuel_consumed_l,fuel_remaining_l,engine_rpm,secondary_rpm,mode,status,temperature_c,brake_pot,motor_setpoint,motor_position
852,0.00,0.00,0.00,0.00,0.00,0.00,0.00,0.00,0.00,0.0000,6.0000,0.00,0.00,0,0,0.00,0.00,-2507,-2107
1052,0.00,0.00,0.00,0.00,0.00,0.00,0.00,0.00,0.00,0.0000,6.0000,0.00,0.00,0,0,0.00,0.00,-3472,-3072
1252,0.00,0.00,0.00,0.00,0.00,0.00,0.00,0.00,0.00,0.0000,6.0000,0.00,0.00,0,0,0.00,0.00,-4719,-4319
1452,0.00,0.00,0.00,0.00,0.00,0.00,0.00,0.00,0.00,0.0000,6.0000,0.00,0.00,0,0,0.00,0.00,-5918,-5518
1652,0.00,0.00,0.00,0.00,0.00,0.00,0.00,0.00,0.00,0.0000,6.0000,0.00,0.00,0,0,0.00,0.00,-5353,-5753
1852,0.00,0.00,0.00,0.00,0.00,0.00,0.00,0.00,0.00,0.0000,6.0000,0.00,0.00,0,0,0.00,0.00,-4569,-4969
2052,0.00,0.00,0.00,0.00,0.00,0.00,0.00,0.00,0.00,0.0000,6.0000,0.00,0.00,0,0,0.00,0.00,-4985,-4935
2252,0.00,0.00,0.00,0.00,0.00,0.00,0.00,0.00,0.00,0.0000,6.0000,0.00,0.00,0,0,0.00,0.00,-5188,-5138
2452,0.00,0.00,0.00,0.00,0.00,0.00,0.00,0.00,0.00,0.0000,6.0000,0.00,0.00,0,0,0.00,0.00,-5394,-5344
2652,0.00,0.00,0.00,0.00,0.00,0.00,0.00,0.00,0.00,0.0000,6.0000,0.00,0.00,0,0,0.00,0.00,-5583,-5533
2852,0.00,0.00,0.00,0.00,0.00,0.00,0.00,0.00,0.00,0.0000,6.0000,0.00,0.00,0,0,0.00,0.00,-5789,-5739
3052,0.00,0.00,0.00,0.00,0.00,0.00,0.00,0.00,0.00,0.0000,6.0000,0.00,0.00,0,0,0.00,0.00,0,-5914
3252,0.00,0.00,0.00,0.00,0.00,0.00,0.00,0.00,0.00,0.0000,6.0000,0.00,0.00,0,0,0.00,0.00,0,-5566
3452,0.00,0.00,0.00,0.00,0.00,0.00,0.00,0.00,0.00,0.0000,6.0000,0.00,0.00,0,0,0.00,0.00,0,-4172
3652,0.00,0.00,0.00,0.00,0.00,0.00,0.00,0.00,0.00,0.0000,6.0000,0.00,0.00,0,0,0.00,0.00,0,-1958
3852,0.00,0.00,0.00,0.00,0.00,0.00,0.00,0.00,0.00,0.0000,6.0000,0.00,0.00,0,0,0.00,0.00,0,-414
4052,0.00,0.00,0.00,0.00,0.00,0.00,0.00,0.00,0.00,0.0000,6.0000,0.00,0.00,0,0,0.00,0.00,0,0
4252,0.00,0.00,0.00,0.00,0.00,0.00,0.00,0.00,0.00,0.0000,6.0000,0.00,0.00,0,0,0.00,0.00,0,0
4452,0.00,0.00,0.00,0.00,0.00,0.00,0.00,0.00,0.00,0.0000,6.0000,0.00,0.00,0,0,0.00,0.00,0,0
4652,0.00,0.00,0.00,0.00,0.00,0.00,0.00,0.00,0.00,0.0000,6.0000,0.00,0.00,0,0,0.00,0.00,0,0
4852,0.00,0.00,0.00,0.00,0.00,0.00,0.00,0.00,0.00,0.0000,6.0000,0.00,0.00,0,0,0.00,0.00,0,0
5052,0.00,0.00,0.00,0.00,0.00,0.00,0.00,0.00,0.00,0.0000,6.0000,0.00,0.00,0,0,0.00,0.00,0,0
5252,0.00,0.00,0.00,0.00,0.00,0.00,0.00,0.00,0.00,0.0000,6.0000,0.00,0.00,0,0,0.00,0.00,0,0
5452,0.00,0.00,0.00,0.00,0.00,0.00,0.00,0.00,0.00,0.0000,6.0000,0.00,0.00,0,0,0.00,0.00,0,0
5652,0.00,0.00,0.00,0.00,0.00,0.00,0.00,0.00,0.00,0.0000,6.0000,0.00,0.00,0,0,0.00,0.00,0,0
5852,0.00,0.00,0.00,0.00,0.00,0.00,0.00,0.00,0.00,0.0000,6.0000,0.00,0.00,0,0,0.00,0.00,0,0
6052,0.00,0.00,0.00,0.00,0.00,0.00,0.00,0.00,0.00,0.0000,6.0000,0.00,0.00,0,0,0.00,0.00,0,0
6252,0.00,0.00,0.00,0.00,0.00,0.00,0.00,0.00,0.00,0.0000,6.0000,0.00,0.00,0,0,0.00,0.00,0,0
6452,0.00,0.00,0.00,0.00,0.00,0.00,0.00,0.00,0.00,0.0000,6.0000,0.00,0.00,0,0,0.00,0.00,0,0
6652,0.00,0.00,0.00,0.00,0.00,0.00,0.00,0.00,0.00,0.0000,6.0000,0.00,0.00,0,0,0.00,0.00,0,0
6852,0.00,0.00,0.00,0.00,0.00,0.00,0.00,0.00,0.00,0.0000,6.0000,0.00,0.00,0,0,0.00,0.00,0,0
7052,0.00,0.00,0.00,0.00,0.00,0.00,0.00,0.00,0.00,0.0000,6.0000,0.00,0.00,0,0,0.00,0.00,0,0
7252,0.00,0.00,0.00,0.00,0.00,0.00,0.00,0.00,0.00,0.0000,6.0000,0.00,0.00,0,0,0.00,0.00,0,0
7452,0.00,0.00,0.00,0.00,0.00,0.00,0.00,0.00,0.00,0.0000,6.0000,0.00,0.00,0,0,0.00,0.00,0,0
7652,0.00,0.00,0.00,0.00,0.00,0.00,0.00,0.00,0.00,0.0000,6.0000,0.00,0.00,0,0,0.00,0.00,0,0
7852,0.00,0.00,0.00,0.00,0.00,0.00,0.00,0.00,0.00,0.0000,6.0000,0.00,0.00,0,0,0.00,0.00,0,0
8052,0.00,0.00,0.00,0.00,0.00,0.00,0.00,0.00,0.00,0.0000,6.0000,0.00,0.00,0,0,0.00,0.00,0,0
8252,0.00,0.00,0.00,0.00,0.00,0.00,0.00,0.00,0.00,0.0000,6.0000,0.00,0.00,0,0,0.00,0.00,0,0
8452,0.00,0.00,0.00,0.00,0.00,0.00,0.00,0.00,0.00,0.0000,6.0000,0.00,0.00,0,0,0.00,0.00,0,0
8652,0.00,0.00,0.00,0.00,0.00,0.00,0.00,0.00,0.00,0.0000,6.0000,0.00,0.00,0,0,0.00,0.00,0,0
8852,0.00,0.00,0.00,0.00,0.00,0.00,0.00,0.00,0.00,0.0000,6.0000,0.00,0.00,0,0,0.00,0.00,0,0
9052,0.00,0.00,0.00,0.00,0.00,0.00,0.00,0.00,0.00,0.0000,6.0000,0.00,0.00,0,0,0.00,0.00,0,0
9252,0.00,0.00,0.00,0.00,0.00,0.00,0.00,0.00,0.00,0.0000,6.0000,0.00,0.00,0,0,0.00,0.00,0,0
9452,0.00,0.00,0.00,0.00,0.00,0.00,0.00,0.00,0.00,0.0000,6.0000,0.00,0.00,0,0,0.00,0.00,0,0
9652,0.00,0.00,0.00,0.00,0.00,0.00,0.00,0.00,0.00,0.0000,6.0000,0.00,0.00,0,0,0.00,0.00,0,0
9852,0.00,0.00,0.00,0.00,0.00,0.00,0.00,0.00,0.00,0.0000,6.0000,0.00,0.00,0,0,0.00,0.00,0,0
10052,0.00,0.00,0.00,0.00,0.00,0.00,0.00,0.00,0.00,0.0000,6.0000,0.00,0.00,0,0,0.00,0.00,0,0
10252,0.00,0.00,0.00,0.00,0.00,0.00,0.00,0.00,0.00,0.0000,6.0000,0.00,0.00,0,0,0.00,0.00,0,0
10452,0.00,0.00,0.00,0.00,0.00,0.00,0.00,0.00,0.00,0.0000,6.0000,0.00,0.00,0,0,0.00,0.00,0,0
10652,0.00,0.00,0.00,0.00,0.00,0.00,0.00,0.00,0.00,0.0000,6.0000,0.00,0.00,0,0,0.00,0.00,0,0
10852,0.00,0.00,0.00,0.00,0.00,0.00,0.00,0.00,0.00,0.0000,6.0000,0.00,0.00,0,0,0.00,0.00,0,0
11052,0.00,0.00,0.00,0.00,0.00,0.00,0.00,0.00,0.00,0.0000,6.0000,0.00,0.00,0,0,0.00,0.00,0,0
11252,0.00,0.00,0.00,0.00,0.00,0.00,0.00,0.00,0.00,0.0000,6.0000,0.00,0.00,0,0,0.00,0.00,0,0
11452,0.00,0.00,0.00,0.00,0.00,0.00,0.00,0.00,0.00,0.0000,6.0000,0.00,0.00,0,0,0.00,0.00,0,0
11652,0.00,0.00,0.00,0.00,0.00,0.00,0.00,0.00,0.00,0.0000,6.0000,0.00,0.00,0,0,0.00,0.00,0,0
11852,0.00,0.00,0.00,0.00,0.00,0.00,0.00,0.00,0.00,0.0000,6.0000,0.00,0.00,0,0,0.00,0.00,0,0
12052,0.00,0.00,0.00,0.00,0.00,0.00,0.00,0.00,0.00,0.0000,6.0000,0.00,0.00,0,0,0.00,0.00,0,0
12252,0.00,0.00,0.00,0.00,0.00,0.00,0.00,0.00,0.00,0.0000,6.0000,0.00,0.00,0,0,0.00,0.00,0,0
12452,0.00,0.00,0.00,0.00,0.00,0.00,0.00,0.00,0.00,0.0000,6.0000,0.00,0.00,0,0,0.00,0.00,0,0
12652,0.00,0.00,0.00,0.00,0.00,0.00,0.00,0.00,0.00,0.0000,6.0000,0.00,0.00,0,0,0.00,0.00,0,0
12852,0.00,0.00,0.00,0.00,0.00,0.00,0.00,0.00,0.00,0.0000,6.0000,0.00,0.00,0,0,0.00,0.00,0,0
13052,0.00,0.00,0.00,0.00,0.00,0.00,0.00,0.00,0.00,0.0000,6.0000,0.00,0.00,0,0,0.00,0.00,0,0
13252,0.00,0.00,0.00,0.00,0.00,0.00,0.00,0.00,0.00,0.0000,6.0000,0.00,0.00,0,0,0.00,0.00,0,0
13452,0.00,0.00,0.00,0.00,0.00,0.00,0.00,0.00,0.00,0.0000,6.0000,0.00,0.00,0,0,0.00,0.00,0,0
13652,0.00,0.00,0.00,0.00,0.00,0.00,0.00,0.00,0.00,0.0000,6.0000,0.00,0.00,0,0,0.00,0.00,0,0
13852,0.00,0.00,0.00,0.00,0.00,0.00,0.00,0.00,0.00,0.0000,6.0000,0.00,0.00,0,0,0.00,0.00,0,0
14052,0.00,0.00,0.00,0.00,0.00,0.00,0.00,0.00,0.00,0.0000,6.0000,0.00,0.00,0,0,0.00,0.00,0,0
14252,0.00,0.00,0.00,0.00,0.00,0.00,0.00,0.00,0.00,0.0000,6.0000,0.00,0.00,0,0,0.00,0.00,0,0
14452,0.00,0.00,0.00,0.00,0.00,0.00,0.00,0.00,0.00,0.0000,6.0000,0.00,0.00,0,0,0.00,0.00,0,0
14652,0.00,0.00,0.00,0.00,0.00,0.00,0.00,0.00,0.00,0.0000,6.0000,0.00,0.00,0,0,0.00,0.00,0,0
14852,0.00,0.00,0.00,0.00,0.00,0.00,0.00,0.00,0.00,0.0000,6.0000,0.00,0.00,0,0,0.00,0.00,0,0
15052,0.00,0.00,0.00,0.00,0.00,0.00,0.00,0.00,0.00,0.0000,6.0000,0.00,0.00,0,0,0.00,0.00,0,0
15252,0.00,0.00,0.00,0.00,0.00,0.00,0.00,0.00,0.00,0.0000,6.0000,0.00,0.00,0,0,0.00,0.00,0,0
15452,0.00,0.00,0.00,0.00,0.00,0.00,0.00,0.00,0.00,0.0000,6.0000,0.00,0.00,0,0,0.00,0.00,0,0
15652,0.00,0.00,0.00,0.00,0.00,0.00,0.00,0.00,0.00,0.0000,6.0000,0.00,0.00,0,0,0.00,0.00,0,0
15852,0.00,0.00,0.00,0.00,0.00,0.00,0.00,0.00,0.00,0.0000,6.0000,0.00,0.00,0,0,0.00,0.00,0,0
16052,0.00,0.00,0.00,0.00,0.00,0.00,0.00,0.00,0.00,0.0000,6.0000,0.00,0.00,0,0,0.00,0.00,0,0
16252,0.00,0.00,0.00,0.00,0.00,0.00,0.00,0.00,0.00,0.0000,6.0000,0.00,0.00,0,0,0.00,0.00,0,0
16452,0.00,0.00,0.00,0.00,0.00,0.00,0.00,0.00,0.00,0.0000,6.0000,0.00,0.00,0,0,0.00,0.00,0,0
16652,0.00,0.00,0.00,0.00,0.00,0.00,0.00,0.00,0.00,0.0000,6.0000,0.00,0.00,0,0,0.00,0.00,0,0
16852,0.00,0.00,0.00,0.00,0.00,0.00,0.00,0.00,0.00,0.0000,6.0000,0.00,0.00,0,0,0.00,0.00,0,0
17052,0.00,0.00,0.00,0.00,0.00,0.00,0.00,0.00,0.00,0.0000,6.0000,0.00,0.00,0,0,0.00,0.00,0,0
17252,0.00,0.00,0.00,0.00,0.00,0.00,0.00,0.00,0.00,0.0000,6.0000,0.00,0.00,0,0,0.00,0.00,0,0
17452,0.00,0.00,0.00,0.00,0.00,0.00,0.00,0.00,0.00,0.0000,6.0000,0.00,0.00,0,0,0.00,0.00,0,0
17652,0.00,0.00,0.00,0.00,0.00,0.00,0.00,0.00,0.00,0.0000,6.0000,0.00,0.00,0,0,0.00,0.00,0,0
17852,0.00,0.00,0.00,0.00,0.00,0.00,0.00,0.00,0.00,0.0000,6.0000,0.00,0.00,0,0,0.00,0.00,0,0
18052,0.00,0.00,0.00,0.00,0.00,0.00,0.00,0.00,0.00,0.0000,6.0000,0.00,0.00,0,0,0.00,0.00,0,0
18252,0.00,0.00,0.00,0.00,0.00,0.00,0.00,0.00,0.00,0.0000,6.0000,0.00,0.00,0,0,0.00,0.00,0,0
18452,0.00,0.00,0.00,0.00,0.00,0.00,0.00,0.00,0.00,0.0000,6.0000,0.00,0.00,0,0,0.00,0.00,0,0
18652,0.00,0.00,0.00,0.00,0.00,0.00,0.00,0.00,0.00,0.0000,6.0000,0.00,0.00,0,0,0.00,0.00,0,0
18852,0.00,0.00,0.00,0.00,0.00,0.00,0.00,0.00,0.00,0.0000,6.0000,0.00,0.00,0,0,0.00,0.00,0,0
19052,0.00,0.00,0.00,0.00,0.00,0.00,0.00,0.00,0.00,0.0000,6.0000,0.00,0.00,0,0,0.00,0.00,0,0
19252,0.00,0.00,0.00,0.00,0.00,0.00,0.00,0.00,0.00,0.0000,6.0000,0.00,0.00,0,0,0.00,0.00,0,0
19452,0.00,0.00,0.00,0.00,0.00,0.00,0.00,0.00,0.00,0.0000,6.0000,0.00,0.00,0,0,0.00,0.00,0,0
19652,0.00,0.00,0.00,0.00,0.00,0.00,0.00,0.00,0.00,0.0000,6.0000,0.00,0.00,0,0,0.00,0.00,0,0
19852,0.00,0.00,0.00,0.00,0.00,0.00,0.00,0.00,0.00,0.0000,6.0000,0.00,0.00,0,0,0.00,0.00,0,0
20052,0.00,0.00,0.00,0.00,0.00,0.00,0.00,0.00,0.00,0.0000,6.0000,0.00,0.00,0,0,0.00,0.00,0,0
20252,0.00,0.00,0.00,0.00,0.00,0.00,0.00,0.00,0.00,0.0000,6.0000,0.00,0.00,0,0,0.00,0.00,0,0
20452,0.00,0.00,0.00,0.00,0.00,0.00,0.00,0.00,0.00,0.0000,6.0000,0.00,0.00,0,0,0.00,0.00,0,0
20652,0.00,0.00,0.00,0.00,0.00,0.00,0.00,0.00,0.00,0.0000,6.0000,0.00,0.00,0,0,0.00,0.00,0,0
20852,0.00,0.00,0.00,0.00,0.00,0.00,0.00,0.00,0.00,0.0000,6.0000,0.00,0.00,0,0,0.00,0.00,0,0
21052,0.00,0.00,0.00,0.00,0.00,0.00,0.00,0.00,0.00,0.0000,6.0000,0.00,0.00,0,0,0.00,0.00,0,0
21252,0.00,0.00,0.00,0.00,0.00,0.00,0.00,0.00,0.00,0.0000,6.0000,0.00,0.00,0,0,0.00,0.00,0,0
21452,0.00,0.00,0.00,0.00,0.00,0.00,0.00,0.00,0.00,0.0000,6.0000,0.00,0.00,0,0,0.00,0.00,0,0
21652,0.00,0.00,0.00,0.00,0.00,0.00,0.00,0.00,0.00,0.0000,6.0000,0.00,0.00,0,0,0.00,0.00,0,0
21852,0.00,0.00,0.00,0.00,0.00,0.00,0.00,0.00,0.00,0.0000,6.0000,0.00,0.00,0,0,0.00,0.00,0,0
22052,0.00,0.00,0.00,0.00,0.00,0.00,0.00,0.00,0.00,0.0000,6.0000,0.00,0.00,0,0,0.00,0.00,0,0
22252,0.00,0.00,0.00,0.00,0.00,0.00,0.00,0.00,0.00,0.0000,6.0000,0.00,0.00,0,0,0.00,0.00,0,0
22452,0.00,0.00,0.00,0.00,0.00,0.00,0.00,0.00,0.00,0.0000,6.0000,0.00,0.00,0,0,0.00,0.00,0,0
22652,0.00,0.00,0.00,0.00,0.00,0.00,0.00,0.00,0.00,0.0000,6.0000,0.00,0.00,0,0,0.00,0.00,0,0
22852,0.00,0.00,0.00,0.00,0.00,0.00,0.00,0.00,0.00,0.0000,6.0000,0.00,0.00,0,0,0.00,0.00,0,0
23052,0.00,0.00,0.00,0.00,0.00,0.00,0.00,0.00,0.00,0.0000,6.0000,0.00,0.00,0,0,0.00,0.00,0,0
23252,0.00,0.00,0.00,0.00,0.00,0.00,0.00,0.00,0.00,0.0000,6.0000,0.00,0.00,0,0,0.00,0.00,0,0
23452,0.00,0.00,0.00,0.00,0.00,0.00,0.00,0.00,0.00,0.0000,6.0000,0.00,0.00,0,0,0.00,0.00,0,0
23652,0.00,0.00,0.00,0.00,0.00,0.00,0.00,0.00,0.00,0.0000,6.0000,0.00,0.00,0,0,0.00,0.00,0,0
23852,0.00,0.00,0.00,0.00,0.00,0.00,0.00,0.00,0.00,0.0000,6.0000,0.00,0.00,0,0,0.00,0.00,0,0
24052,0.00,0.00,0.00,0.00,0.00,0.00,0.00,0.00,0.00,0.0000,6.0000,0.00,0.00,0,0,0.00,0.00,0,0
24252,0.00,0.00,0.00,0.00,0.00,0.00,0.00,0.00,0.00,0.0000,6.0000,0.00,0.00,0,0,0.00,0.00,0,0
24452,0.00,0.00,0.00,0.00,0.00,0.00,0.00,0.00,0.00,0.0000,6.0000,0.00,0.00,0,0,0.00,0.00,0,0
24652,0.00,0.00,0.00,0.00,0.00,0.00,0.00,0.00,0.00,0.0000,6.0000,0.00,0.00,0,0,0.00,0.00,0,0
24852,0.00,0.00,0.00,0.00,0.00,0.00,0.00,0.00,0.00,0.0000,6.0000,0.00,0.00,0,0,0.00,0.00,0,0
25052,0.00,0.00,0.00,0.00,0.00,0.00,0.00,0.00,0.00,0.0000,6.0000,0.00,0.00,0,0,0.00,0.00,0,0
25252,0.00,0.00,0.00,0.00,0.00,0.00,0.00,0.00,0.00,0.0000,6.0000,0.00,0.00,0,0,0.00,0.00,0,0
25452,0.00,0.00,0.00,0.00,0.00,0.00,0.00,0.00,0.00,0.0000,6.0000,0.00,0.00,0,0,0.00,0.00,0,0
25652,0.00,0.00,0.00,0.00,0.00,0.00,0.00,0.00,0.00,0.0000,6.0000,0.00,0.00,0,0,0.00,0.00,0,0
25852,0.00,0.00,0.00,0.00,0.00,0.00,0.00,0.00,0.00,0.0000,6.0000,0.00,0.00,0,0,0.00,0.00,0,0
26052,0.00,0.00,0.00,0.00,0.00,0.00,0.00,0.00,0.00,0.0000,6.0000,0.00,0.00,0,0,0.00,0.00,0,0
26252,0.00,0.00,0.00,0.00,0.00,0.00,0.00,0.00,0.00,0.0000,6.0000,0.00,0.00,0,0,0.00,0.00,0,0
26452,0.00,0.00,0.00,0.00,0.00,0.00,0.00,0.00,0.00,0.0000,6.0000,0.00,0.00,0,0,0.00,0.00,0,0
26652,0.00,0.00,0.00,0.00,0.00,0.00,0.00,0.00,0.00,0.0000,6.0000,0.00,0.00,0,0,0.00,0.00,0,0
26852,0.00,0.00,0.00,0.00,0.00,0.00,0.00,0.00,0.00,0.0000,6.0000,0.00,0.00,0,0,0.00,0.00,0,0
27052,0.00,0.00,0.00,0.00,0.00,0.00,0.00,0.00,0.00,0.0000,6.0000,0.00,0.00,0,0,0.00,0.00,0,0
27252,0.00,0.00,0.00,0.00,0.00,0.00,0.00,0.00,0.00,0.0000,6.0000,0.00,0.00,0,0,0.00,0.00,0,0
27452,0.00,0.00,0.00,0.00,0.00,0.00,0.00,0.00,0.00,0.0000,6.0000,0.00,0.00,0,0,0.00,0.00,0,0
27652,0.00,0.00,0.00,0.00,0.00,0.00,0.00,0.00,0.00,0.0000,6.0000,0.00,0.00,0,0,0.00,0.00,0,0
27852,0.00,0.00,0.00,0.00,0.00,0.00,0.00,0.00,0.00,0.0000,6.0000,0.00,0.00,0,0,0.00,0.00,0,0
28052,0.00,0.00,0.00,0.00,0.00,0.00,0.00,0.00,0.00,0.0000,6.0000,0.00,0.00,0,0,0.00,0.00,0,0
28252,0.00,0.00,0.00,0.00,0.00,0.00,0.00,0.00,0.00,0.0000,6.0000,0.00,0.00,0,0,0.00,0.00,0,0
28452,0.00,0.00,0.00,0.00,0.00,0.00,0.00,0.00,0.00,0.0000,6.0000,0.00,0.00,0,0,0.00,0.00,0,0
28652,0.00,0.00,0.00,0.00,0.00,0.00,0.00,0.00,0.00,0.0000,6.0000,0.00,0.00,0,0,0.00,0.00,0,0
28852,0.00,0.00,0.00,0.00,0.00,0.00,0.00,0.00,0.00,0.0000,6.0000,0.00,0.00,0,0,0.00,0.00,0,0
29052,0.00,0.00,0.00,0.00,0.00,0.00,0.00,0.00,0.00,0.0000,6.0000,0.00,0.00,0,0,0.00,0.00,0,0
29252,0.00,0.00,0.00,0.00,0.00,0.00,0.00,0.00,0.00,0.0000,6.0000,0.00,1.00,0,0,0.00,0.00,0,0
29452,0.00,0.00,0.00,0.00,0.00,0.00,0.00,0.00,0.00,0.0000,6.0000,0.00,1.00,0,0,0.00,0.00,0,0
29652,0.00,0.00,0.00,0.00,0.00,0.00,0.00,0.00,0.00,0.0000,6.0000,0.00,1.00,0,0,0.00,0.00,0,0
29852,0.00,0.00,0.00,0.00,0.00,0.00,0.00,0.00,0.00,0.0000,6.0000,0.00,1.00,0,0,0.00,0.00,0,0
30052,0.00,0.00,0.00,0.00,0.00,0.00,0.00,0.00,0.00,0.0000,6.0000,0.00,1.00,0,0,0.00,0.00,0,0
30252,0.00,0.00,0.00,0.00,0.00,0.00,0.00,0.00,0.00,0.0000,6.0000,0.00,0.00,0,0,0.00,0.00,0,0
30452,0.00,0.00,0.00,0.00,0.00,0.00,0.00,0.00,0.00,0.0000,6.0000,0.00,0.00,0,0,0.00,0.00,0,0
30652,0.00,0.00,0.00,0.00,0.00,0.00,0.00,0.00,0.00,0.0000,6.0000,0.00,1.00,0,0,0.00,0.00,0,0
30852,0.00,0.00,0.00,0.00,0.00,0.00,0.00,0.00,0.00,0.0000,6.0000,0.00,1.00,0,0,0.00,0.00,0,0
31052,0.00,0.00,0.00,0.00,0.00,0.00,0.00,0.00,0.00,0.0000,6.0000,0.00,0.00,0,0,0.00,0.00,0,0
31252,0.00,0.00,0.00,0.00,0.00,0.00,0.00,0.00,0.00,0.0000,6.0000,0.00,1.00,0,0,0.00,0.00,0,0
31452,0.00,0.00,0.00,0.00,0.00,0.00,0.00,0.00,0.00,0.0000,6.0000,0.00,1.00,0,0,0.00,0.00,0,0
31652,0.00,0.00,0.00,0.00,0.00,0.00,0.00,0.00,0.00,0.0000,6.0000,0.00,0.00,0,0,0.00,0.00,0,0
31852,0.00,0.00,0.00,0.00,0.00,0.00,0.00,0.00,0.00,0.0000,6.0000,0.00,0.00,0,0,0.00,0.00,0,0
32052,0.00,0.00,0.00,0.00,0.00,0.00,0.00,0.00,0.00,0.0000,6.0000,0.00,0.00,0,0,0.00,0.00,0,0
32252,0.00,0.00,0.00,0.00,0.00,0.00,0.00,0.00,0.00,0.0000,6.0000,0.00,0.00,0,0,0.00,0.00,0,0
32452,0.00,0.00,0.00,0.00,0.00,0.00,0.00,0.00,0.00,0.0000,6.0000,0.00,0.00,0,0,0.00,0.00,0,0
32652,0.00,0.00,0.00,0.00,0.00,0.00,0.00,0.00,0.00,0.0000,6.0000,0.00,0.00,0,0,0.00,0.00,0,0
32852,0.00,0.00,0.00,0.00,0.00,0.00,0.00,0.00,0.00,0.0000,6.0000,0.00,0.00,0,0,0.00,0.00,0,0
33052,0.00,0.00,0.00,0.00,0.00,0.00,0.00,0.00,0.00,0.0000,6.0000,0.00,0.00,0,0,0.00,0.00,0,0
33252,0.00,0.00,0.00,0.00,0.00,0.00,0.00,0.00,0.00,0.0000,6.0000,0.00,0.00,0,0,0.00,0.00,0,0
33452,0.00,0.00,0.00,0.00,0.00,0.00,0.00,0.00,0.00,0.0000,6.0000,0.00,0.00,0,0,0.00,0.00,0,0
33652,0.00,0.00,0.00,0.00,0.00,0.00,0.00,0.00,0.00,0.0000,6.0000,0.00,0.00,0,0,0.00,0.00,0,0
33852,0.00,0.00,0.00,0.00,0.00,0.00,0.00,0.00,0.00,0.0000,6.0000,0.00,0.00,0,0,0.00,0.00,0,0
34052,0.00,0.00,0.00,0.00,0.00,0.00,0.00,0.00,0.00,0.0000,6.0000,0.00,0.00,0,0,0.00,0.00,0,0
34252,0.00,0.00,0.00,0.00,0.00,0.00,0.00,0.00,0.00,0.0000,6.0000,0.00,0.00,0,0,0.00,0.00,0,0
34452,0.00,0.00,0.00,0.00,0.00,0.00,0.00,0.00,0.00,0.0000,6.0000,0.00,0.00,0,0,0.00,0.00,0,0
34652,0.00,0.00,0.00,0.00,0.00,0.00,0.00,0.00,0.00,0.0000,6.0000,0.00,0.00,0,0,0.00,0.00,0,0
34852,0.00,0.00,0.00,0.00,0.00,0.00,0.00,0.00,0.00,0.0000,6.0000,0.00,0.00,0,0,0.00,0.00,0,0
35052,0.00,0.00,0.00,0.00,0.00,0.00,0.00,0.00,0.00,0.0000,6.0000,0.00,0.00,0,0,0.00,0.00,0,0
35252,0.00,0.00,0.00,0.00,0.00,0.00,0.00,0.00,0.00,0.0000,6.0000,0.00,0.00,0,0,0.00,0.00,0,0
35452,0.00,0.00,0.00,0.00,0.00,0.00,0.00,0.00,0.00,0.0000,6.0000,0.00,0.00,0,0,0.00,0.00,0,0
35652,0.00,0.00,0.00,0.00,0.00,0.00,0.00,0.00,0.00,0.0000,6.0000,0.00,0.00,0,0,0.00,0.00,0,0
35852,0.00,0.00,0.00,0.00,0.00,0.00,0.00,0.00,0.00,0.0000,6.0000,0.00,0.00,0,0,0.00,0.00,0,0
36052,0.00,0.00,0.00,0.00,0.00,0.00,0.00,0.00,0.00,0.0000,6.0000,0.00,0.00,0,0,0.00,0.00,0,0
36252,0.00,0.00,0.00,0.00,0.00,0.00,0.00,0.00,0.00,0.0000,6.0000,0.00,0.00,0,0,0.00,0.00,0,0
36452,0.00,0.00,0.00,0.00,0.00,0.00,0.00,0.00,0.00,0.0000,6.0000,65.60,0.00,0,0,0.00,0.00,0,0
36652,0.00,0.00,0.00,0.00,0.00,0.00,0.00,0.00,0.00,0.0000,6.0000,52.47,0.00,0,0,0.00,0.00,0,0
36852,0.00,0.00,0.00,0.00,0.00,0.00,0.00,0.00,0.00,0.0000,6.0000,107.57,0.00,0,0,0.00,0.00,0,0
37052,0.00,0.00,0.00,0.00,0.00,0.00,0.00,0.00,0.00,0.0000,6.0000,44.06,0.00,0,0,0.00,0.00,0,0
37252,0.00,0.00,0.00,0.00,0.00,0.00,0.00,0.00,0.00,0.0000,6.0000,18.05,0.00,0,0,0.00,0.00,0,0
37452,0.00,0.00,0.00,0.00,0.00,0.00,0.00,0.00,0.00,0.0000,6.0000,7.39,0.00,0,0,0.00,0.00,0,0
37652,0.00,0.00,0.00,0.00,0.00,0.00,0.00,0.00,0.00,0.0000,6.0000,23.51,0.00,0,0,0.00,0.00,0,0
37852,0.00,0.00,0.00,0.00,0.00,0.00,0.00,0.00,0.00,0.0000,6.0000,107.23,0.00,0,0,0.00,0.00,0,0
38052,0.00,0.00,0.00,0.00,0.00,0.00,0.00,0.00,0.00,0.0000,6.0000,320.08,0.00,0,0,0.00,0.00,0,0
38252,0.00,0.00,0.00,0.00,0.00,0.00,0.00,0.00,0.00,0.0000,6.0000,639.59,0.00,0,0,0.00,0.00,0,0
38452,0.00,0.00,0.00,0.00,0.00,0.00,0.00,0.00,0.00,0.0000,6.0000,1030.93,0.00,0,0,0.00,0.00,0,0
38652,0.00,0.00,0.00,0.00,0.00,0.00,0.00,0.00,0.00,0.0000,6.0000,1196.35,0.00,0,0,0.00,0.00,0,0
38852,0.00,0.00,0.00,0.00,0.00,0.00,0.00,0.00,0.00,0.0000,6.0000,1284.59,0.00,0,0,0.00,0.00,0,0
39052,0.00,0.00,0.00,0.00,0.00,0.00,0.00,0.00,0.00,0.0000,6.0000,1352.73,0.00,0,0,0.00,0.00,0,0
39252,0.00,0.00,0.00,0.00,0.00,0.00,0.00,0.00,0.00,0.0000,6.0000,1441.12,0.00,0,0,0.00,0.00,0,0
39452,0.00,0.00,0.00,0.00,0.00,0.00,0.00,0.00,0.00,0.0000,6.0000,1509.32,0.00,0,0,0.00,0.00,0,0
39652,0.00,0.00,0.00,0.00,0.00,0.00,0.00,0.00,0.00,0.0000,6.0000,1634.86,0.00,0,0,0.00,0.00,0,0
39852,0.00,0.00,0.00,0.00,0.00,0.00,0.00,0.00,0.00,0.0000,6.0000,1850.44,0.00,0,0,0.00,0.00,0,0
40052,0.00,0.00,0.00,0.00,0.00,0.00,0.00,0.00,0.00,0.0000,6.0000,1878.26,0.00,0,0,0.00,0.00,0,0
40252,0.00,0.00,0.00,0.00,0.00,0.00,0.00,0.00,0.00,0.0000,6.0000,1910.14,0.00,0,0,0.00,0.00,0,0
40452,0.00,0.00,0.00,0.00,0.00,0.00,0.00,0.00,0.00,0.0000,6.0000,1963.19,0.00,0,0,0.00,0.00,0,0
40652,0.00,0.00,0.00,0.00,0.00,0.00,0.00,0.00,0.00,0.0000,6.0000,2114.52,0.00,0,0,0.00,0.00,1450,116
40852,0.00,0.00,0.00,0.00,0.00,0.00,0.00,0.00,0.00,0.0000,6.0000,2323.07,0.00,0,0,0.00,0.00,4054,652
41052,0.00,0.00,0.00,0.00,0.00,0.00,0.00,0.00,0.00,0.0000,6.0000,2466.09,0.00,0,0,0.00,0.00,5840,2168
41252,0.00,0.00,0.00,0.00,0.00,0.00,0.00,0.00,0.00,0.0000,6.0000,2605.63,0.00,0,0,0.00,0.00,7582,4511
41452,0.00,0.00,0.00,0.00,0.00,0.00,0.00,0.00,0.00,0.0000,6.0000,2602.31,0.00,0,0,0.00,0.00,7541,5041
41652,12.50,50.00,0.00,0.00,0.82,0.00,0.41,0.00,0.00,0.0000,6.0000,2600.95,0.00,0,0,0.00,0.00,7524,5502
41852,9.38,0.00,0.00,0.00,0.61,0.00,0.31,0.00,0.00,0.0000,6.0000,2507.91,0.00,0,0,0.00,0.00,6362,6669
42052,7.03,0.00,0.00,0.00,0.46,0.00,0.23,0.00,0.00,0.0000,6.0000,2187.73,0.00,0,0,0.00,0.00,4677,6302
42252,17.77,50.00,12.50,50.00,1.16,0.82,0.99,0.00,0.00,0.0000,6.0000,2410.65,0.00,0,0,0.00,0.00,5148,4417
42452,13.33,0.00,96.87,350.00,0.87,6.34,3.61,0.00,0.00,0.0000,6.0000,2614.92,0.00,0,0,0.00,0.00,7698,4909
42652,22.50,50.00,72.66,0.00,1.47,4.76,3.11,0.00,0.00,0.0000,6.0000,2631.71,0.00,0,0,0.00,0.00,7908,5607
42852,29.37,50.00,54.49,0.00,1.92,3.57,2.74,0.00,0.00,0.0000,6.0000,2633.47,0.00,0,0,0.00,0.00,7930,7221
43052,34.53,50.00,40.87,0.00,2.26,2.67,2.47,0.00,0.00,0.0000,6.0000,2551.54,0.00,0,0,0.00,0.00,6907,7370
43252,50.90,100.00,30.65,0.00,3.33,2.01,2.67,0.00,0.00,0.0000,6.0000,2621.44,0.00,0,0,0.00,0.00,7780,7542
43452,63.17,100.00,22.99,0.00,4.13,1.50,2.82,0.00,0.00,0.0000,6.0000,2680.78,0.00,0,0,0.00,0.00,8521,7732
43652,72.38,100.00,17.24,0.00,4.74,1.13,2.93,0.00,0.00,0.0000,6.0000,2730.69,0.00,0,0,0.00,0.00,9144,8132
43852,79.28,100.00,12.93,0.00,5.19,0.85,3.02,0.00,0.00,0.0000,6.0000,2771.61,0.00,0,0,0.00,0.00,9655,8802
44052,96.96,150.00,9.70,0.00,6.35,0.63,3.49,0.00,0.00,0.0000,6.0000,2853.97,0.00,0,0,0.00,0.00,10683,9760
44252,97.72,100.00,7.27,0.00,6.40,0.48,3.44,0.00,0.00,0.0000,6.0000,2965.79,1.00,0,0,0.00,0.00,0,10801
44452,98.29,100.00,5.46,0.00,6.43,0.36,3.40,0.00,0.00,0.0000,6.0000,2565.83,1.00,0,0,0.00,0.00,0,11353
44652,98.72,100.00,41.59,150.00,6.46,2.72,4.59,0.00,0.00,0.0000,6.0000,1961.68,1.00,0,0,0.00,0.00,0,9122
44852,74.04,0.00,31.19,0.00,4.85,2.04,3.44,0.00,0.00,0.0000,6.0000,1460.47,1.00,0,0,0.00,0.00,0,5240
45052,55.53,0.00,98.40,300.00,3.63,6.44,5.04,0.00,0.00,0.0000,6.0000,1281.09,1.00,0,0,0.00,0.00,0,4298
45252,41.65,0.00,73.80,0.00,2.73,4.83,3.78,0.00,0.00,0.0000,6.0000,1290.81,1.00,0,0,0.00,0.00,0,940
45452,31.24,0.00,92.85,150.00,2.04,6.08,4.06,0.00,0.00,0.0000,6.0000,1447.76,1.00,0,0,0.00,0.00,0,0
45652,23.43,0.00,69.64,0.00,1.53,4.56,3.05,0.00,0.00,0.0000,6.0000,1557.16,0.00,0,0,0.00,0.00,0,0
45852,17.57,0.00,89.73,150.00,1.15,5.87,3.51,0.00,0.00,0.0000,6.0000,1614.45,0.00,0,0,0.00,0.00,0,0
46052,13.18,0.00,79.79,50.00,0.86,5.22,3.04,0.00,0.00,0.0000,6.0000,1861.60,0.00,0,0,0.00,0.00,0,0
46252,9.88,0.00,59.85,0.00,0.65,3.92,2.28,0.00,0.00,0.0000,6.0000,2270.99,0.00,0,0,0.00,0.00,3404,104
46452,7.41,0.00,69.88,100.00,0.49,4.57,2.53,0.00,0.00,0.0000,6.0000,2497.24,0.00,0,0,0.00,0.00,6229,622
46652,5.56,0.00,139.91,350.01,0.36,9.16,4.76,0.00,0.00,0.0000,6.0000,2675.99,0.00,0,0,0.00,0.00,8461,2142
46852,4.17,0.00,192.44,350.00,0.27,12.59,6.43,0.00,0.00,0.0000,6.0000,2841.69,0.00,0,0,0.00,0.00,10530,3429
47052,3.13,0.00,244.33,400.00,0.20,15.99,8.10,0.00,0.00,0.0000,6.0000,2914.67,0.00,0,0,0.00,0.00,11441,3684
47252,2.35,0.00,220.74,150.00,0.15,14.45,7.30,0.00,0.00,0.0000,6.0000,2933.05,0.00,0,0,0.00,0.00,11671,4757
47452,14.26,50.00,178.06,50.00,0.93,11.65,6.29,0.00,0.00,0.0000,6.0000,2874.98,0.00,0,0,0.00,0.00,10946,6435
47652,23.19,50.00,146.04,50.00,1.52,9.56,5.54,0.00,0.00,0.0000,6.0000,2672.63,0.00,0,0,0.00,0.00,8419,6714
47852,29.90,50.00,122.03,50.00,1.96,7.99,4.97,0.00,0.00,0.0000,6.0000,2741.75,0.00,0,0,0.00,0.00,9282,5163
48052,34.92,50.00,91.52,0.00,2.29,5.99,4.14,0.00,0.00,0.0000,6.0000,3181.90,0.00,0,0,0.00,0.00,14778,6109
48252,51.19,100.00,68.64,0.00,3.35,4.49,3.92,0.00,0.00,0.0000,6.0000,3428.75,0.00,0,0,0.00,0.00,17861,8010
48452,75.89,150.00,76.48,100.00,4.97,5.01,4.99,0.00,0.00,0.0000,6.0000,3405.37,0.00,0,0,0.00,0.00,17569,8272
48652,94.42,150.00,57.36,0.00,6.18,3.75,4.97,0.00,0.00,0.0000,6.0000,3474.20,0.00,0,0,0.00,0.00,18429,8082
48852,108.32,150.00,43.02,0.00,7.09,2.82,4.95,0.00,0.00,0.0000,6.0000,3698.55,0.00,0,0,0.00,0.00,20000,8545
49052,106.24,100.00,32.27,0.00,6.95,2.11,4.53,0.00,0.00,0.0000,6.0000,3496.37,1.00,0,0,0.00,0.00,0,9763
49252,117.18,150.00,24.20,0.00,7.67,1.58,4.63,0.00,0.00,0.0000,6.0000,2993.71,1.00,0,0,0.00,0.00,0,9264
49452,100.38,50.00,43.15,100.00,6.57,2.82,4.70,0.00,0.00,0.0000,6.0000,2355.50,1.00,0,0,0.00,0.00,0,4819
49652,75.29,0.00,32.36,0.00,4.93,2.12,3.52,0.00,0.00,0.0000,6.0000,1975.06,1.00,0,0,0.00,0.00,0,1463
49852,56.47,0.00,24.27,0.00,3.70,1.59,2.64,0.00,0.00,0.0000,6.0000,1839.70,1.00,0,0,0.00,0.00,0,0
50052,42.35,0.00,18.20,0.00,2.77,1.19,1.98,0.00,0.00,0.0000,6.0000,1816.26,1.00,0,0,0.00,0.00,0,0
50252,31.76,0.00,13.65,0.00,2.08,0.89,1.49,0.00,0.00,0.0000,6.0000,1806.66,0.00,0,0,0.00,0.00,0,0
50452,23.82,0.00,10.24,0.00,1.56,0.67,1.11,0.00,0.00,0.0000,6.0000,1863.21,0.00,0,0,0.00,0.00,0,0
50652,17.87,0.00,7.68,0.00,1.17,0.50,0.84,0.00,0.00,0.0000,6.0000,1857.89,0.00,0,0,0.00,0.00,0,0
50852,13.40,0.00,5.76,0.00,0.88,0.38,0.63,0.00,0.00,0.0000,6.0000,1941.79,0.00,0,0,0.00,0.00,0,0
51052,10.05,0.00,4.32,0.00,0.66,0.28,0.47,0.00,0.00,0.0000,6.0000,2316.32,0.00,0,0,0.00,0.00,3970,195
51252,7.54,0.00,3.24,0.00,0.49,0.21,0.35,0.00,0.00,0.0000,6.0000,2509.40,0.00,0,0,0.00,0.00,6381,958
51452,5.65,0.00,2.43,0.00,0.37,0.16,0.26,0.00,0.00,0.0000,6.0000,2712.97,0.00,0,0,0.00,0.00,8923,2671
51652,4.24,0.00,1.82,0.00,0.28,0.12,0.20,0.00,0.00,0.0000,6.0000,2882.43,0.00,0,0,0.00,0.00,11039,5217
51852,15.68,50.00,13.87,50.00,1.03,0.91,0.97,0.00,0.00,0.0000,6.0000,2721.76,0.00,0,0,0.00,0.00,9033,7976
52052,24.26,50.00,47.90,150.00,1.59,3.14,2.36,0.00,0.00,0.0000,6.0000,2643.79,0.00,0,0,0.00,0.00,8059,4277
52252,30.70,50.00,35.93,0.00,2.01,2.35,2.18,0.00,0.00,0.0000,6.0000,3141.78,0.00,0,0,0.00,0.00,14277,4609
52452,35.52,50.00,101.94,300.00,2.32,6.67,4.50,0.00,0.00,0.0000,6.0000,3523.99,0.00,0,0,0.00,0.00,19050,5245
52652,39.14,50.00,138.96,250.00,2.56,9.09,5.83,0.00,0.00,0.0000,6.0000,3621.35,0.00,0,0,0.00,0.00,20000,6817
52852,54.36,100.00,141.72,150.00,3.56,9.28,6.42,0.00,0.00,0.0000,6.0000,3511.14,0.00,0,0,0.00,0.00,18890,8657
53052,78.27,150.00,106.29,0.00,5.12,6.96,6.04,0.00,0.00,0.0000,6.0000,3399.44,0.00,0,0,0.00,0.00,17495,7667
53252,96.20,150.00,79.72,0.00,6.30,5.22,5.76,0.00,0.00,0.0000,6.0000,3465.37,0.00,0,0,0.00,0.00,18318,8149
53452,109.65,150.00,84.79,100.00,7.18,5.55,6.36,0.00,0.00,0.0000,6.0000,3637.34,0.00,0,0,0.00,0.00,20000,8933
53652,119.74,150.00,88.59,100.00,7.84,5.80,6.82,0.00,0.00,0.0000,6.0000,3733.37,0.00,0,0,0.00,0.00,20000,10927
53852,127.30,150.00,91.44,100.00,8.33,5.98,7.16,0.00,0.00,0.0000,6.0000,3680.23,0.00,0,0,0.00,0.00,20000,11101
54052,145.48,200.00,68.58,0.00,9.52,4.49,7.01,0.00,0.00,0.0000,6.0000,3658.46,0.00,0,0,0.00,0.00,20000,11410
54252,146.61,150.00,51.44,0.00,9.60,3.37,6.48,0.00,0.00,0.0000,6.0000,3676.43,0.00,0,0,0.00,0.00,20000,12260
54452,159.96,200.00,51.08,50.00,10.47,3.34,6.91,0.00,0.00,0.0000,6.0000,3591.30,0.00,0,0,0.00,0.00,19891,14300
54652,157.47,150.00,50.81,50.00,10.31,3.33,6.82,0.00,0.00,0.0000,6.0000,3538.84,0.00,0,0,0.00,0.00,19236,12726
54852,168.10,200.00,38.11,0.00,11.00,2.49,6.75,0.00,0.00,0.0000,6.0000,3462.95,1.00,0,0,0.00,0.00,0,12948
55052,151.08,100.00,53.58,100.00,9.89,3.51,6.70,0.00,0.00,0.0000,6.0000,2876.02,1.00,0,0,0.00,0.00,0,10639
55252,113.31,0.00,52.68,50.00,7.42,3.45,5.43,0.00,0.00,0.0000,6.0000,2050.66,1.00,0,0,0.00,0.00,0,6066
55452,84.98,0.00,39.51,0.00,5.56,2.59,4.07,0.00,0.00,0.0000,6.0000,1856.59,1.00,0,0,0.00,0.00,0,1735
55652,63.73,0.00,67.13,150.00,4.17,4.39,4.28,0.00,0.00,0.0000,6.0000,1883.66,1.00,0,0,0.00,0.00,0,0
55852,47.80,0.00,75.35,100.00,3.13,4.93,4.03,0.00,0.00,0.0000,6.0000,1899.87,1.00,0,0,0.00,0.00,0,0
56052,35.85,0.00,106.51,200.00,2.35,6.97,4.66,0.00,0.00,0.0000,6.0000,1866.51,0.00,0,0,0.00,0.00,0,0
56252,26.89,0.00,129.89,200.00,1.76,8.50,5.13,0.00,0.00,0.0000,6.0000,1887.72,0.00,0,0,0.00,0.00,0,0
56452,20.17,0.00,147.41,200.00,1.32,9.65,5.48,0.00,0.00,0.0000,6.0000,1875.93,0.00,0,0,0.00,0.00,0,0
56652,15.12,0.00,198.06,350.00,0.99,12.96,6.98,0.00,0.00,0.0000,6.0000,1903.10,0.00,0,0,0.00,0.00,0,0
56852,11.34,0.00,173.55,100.00,0.74,11.36,6.05,0.00,0.00,0.0000,6.0000,2097.91,0.00,0,0,0.00,0.00,1242,35
57052,8.51,0.00,180.16,200.00,0.56,11.79,6.17,0.00,0.00,0.0000,6.0000,2341.86,0.00,0,0,0.00,0.00,4289,420
57252,6.38,0.00,135.12,0.00,0.42,8.84,4.63,0.00,0.00,0.0000,6.0000,2441.79,0.00,0,0,0.00,0.00,5536,1771
57452,4.79,0.00,101.34,0.00,0.31,6.63,3.47,0.00,0.00,0.0000,6.0000,2632.80,0.00,0,0,0.00,0.00,7922,3758
57652,16.09,50.00,76.00,0.00,1.05,4.97,3.01,0.00,0.00,0.0000,6.0000,2659.51,0.00,0,0,0.00,0.00,8255,6250
57852,12.07,0.00,57.00,0.00,0.79,3.73,2.26,0.00,0.00,0.0000,6.0000,2717.93,0.00,0,0,0.00,0.00,8985,5917
58052,34.05,100.00,55.25,50.00,2.23,3.62,2.92,0.00,0.00,0.0000,6.0000,2346.54,0.00,0,0,0.00,0.00,4751,6058
58252,38.04,50.00,66.44,100.00,2.49,4.35,3.42,0.00,0.00,0.0000,6.0000,2104.82,0.00,0,0,0.00,0.00,1674,3465
58452,41.03,50.00,49.83,0.00,2.69,3.26,2.97,0.00,0.00,0.0000,6.0000,2140.54,0.00,0,0,0.00,0.00,1774,1351
58652,30.77,0.00,74.87,150.01,2.01,4.90,3.46,0.00,0.00,0.0000,6.0000,2190.04,0.00,0,0,0.00,0.00,2393,1585
58852,35.58,50.00,131.16,300.00,2.33,8.58,5.46,0.00,0.00,0.0000,6.0000,2386.00,0.00,0,0,0.00,0.00,4840,1950
59052,26.68,0.00,98.37,0.00,1.75,6.44,4.09,0.00,0.00,0.0000,6.0000,2577.95,0.00,0,0,0.00,0.00,7237,3298
59252,20.01,0.00,73.77,0.00,1.31,4.83,3.07,0.00,0.00,0.0000,6.0000,2648.57,0.00,0,0,0.00,0.00,8118,5366
59452,15.01,0.00,67.83,50.00,0.98,4.44,2.71,0.00,0.00,0.0000,6.0000,2573.49,0.00,0,0,0.00,0.00,7181,7217
59652,23.76,50.00,63.37,50.00,1.55,4.15,2.85,0.00,0.00,0.0000,6.0000,2066.26,0.00,0,0,0.00,0.00,4444,6312
59852,30.32,50.00,60.03,50.00,1.98,3.93,2.96,0.00,0.00,0.0000,6.0000,1640.90,0.00,0,0,0.00,0.00,0,2150
60052,35.24,50.00,45.02,0.00,2.31,2.95,2.63,0.00,0.00,0.0000,6.0000,1564.27,0.00,0,0,0.00,0.00,0,0
60252,26.43,0.00,33.77,0.00,1.73,2.21,1.97,0.00,0.00,0.0000,6.0000,1585.37,0.00,0,0,0.00,0.00,0,0
60452,32.32,50.00,75.33,200.00,2.12,4.93,3.52,0.00,0.00,0.0000,6.0000,1659.61,0.00,0,0,0.00,0.00,0,0
60652,24.24,0.00,106.49,200.00,1.59,6.97,4.28,0.00,0.00,0.0000,6.0000,1722.01,0.00,0,0,0.00,0.00,0,0
60852,18.18,0.00,104.87,100.00,1.19,6.86,4.03,0.00,0.00,0.0000,6.0000,1768.06,0.00,0,0,0.00,0.00,0,0
61052,13.64,0.00,128.65,200.00,0.89,8.42,4.66,0.00,0.00,0.0000,6.0000,1786.92,0.00,0,0,0.00,0.00,0,0
61252,10.23,0.00,146.49,200.00,0.67,9.59,5.13,0.00,0.00,0.0000,6.0000,1834.64,0.00,0,0,0.00,0.00,0,0
61452,7.67,0.00,159.87,200.00,0.50,10.46,5.48,0.00,0.00,0.0000,6.0000,1814.19,0.00,0,0,0.00,0.00,0,0
61652,5.75,0.00,194.90,299.99,0.38,12.76,6.57,0.00,0.00,0.0000,6.0000,1866.29,0.00,0,0,0.00,0.00,0,0
61852,4.31,0.00,146.17,0.00,0.28,9.57,4.92,0.00,0.00,0.0000,6.0000,1859.15,0.00,0,0,0.00,0.00,0,0
62052,3.24,0.00,172.13,250.01,0.21,11.27,5.74,0.00,0.00,0.0000,6.0000,1849.83,0.00,0,0,0.00,0.00,0,0
62252,2.43,0.00,191.60,250.00,0.16,12.54,6.35,0.00,0.00,0.0000,6.0000,1880.89,0.00,0,0,0.00,0.00,0,0
62452,1.82,0.00,206.20,250.01,0.12,13.50,6.81,0.00,0.00,0.0000,6.0000,1865.13,0.00,0,0,0.00,0.00,0,0
62652,1.37,0.00,229.65,299.99,0.09,15.03,7.56,0.00,0.00,0.0000,6.0000,1879.16,0.00,0,0,0.00,0.00,0,0
62852,1.02,0.00,259.74,349.99,0.07,17.00,8.53,0.00,0.00,0.0000,6.0000,1884.90,0.00,0,0,0.00,0.00,0,0
63052,0.77,0.00,257.30,250.01,0.05,16.84,8.45,0.00,0.00,0.0000,6.0000,1900.38,0.00,0,0,0.00,0.00,0,0
63252,0.58,0.00,267.98,299.99,0.04,17.54,8.79,0.00,0.00,0.0000,6.0000,1906.71,0.00,0,0,0.00,0.00,0,0
63452,0.43,0.00,288.48,350.01,0.03,18.88,9.45,0.00,0.00,0.0000,6.0000,1909.31,0.00,0,0,0.00,0.00,0,0
63652,0.32,0.00,278.86,250.00,0.02,18.25,9.14,0.00,0.00,0.0000,6.0000,1937.25,0.00,0,0,0.00,0.00,0,0
63852,0.24,0.00,296.65,350.00,0.02,19.42,9.72,0.00,0.00,0.0000,6.0000,1921.82,0.00,0,0,0.00,0.00,0,0
64052,0.18,0.00,272.49,200.00,0.01,17.83,8.92,0.00,0.00,0.0000,6.0000,1915.50,0.00,0,0,0.00,0.00,0,0
64252,0.14,0.00,291.86,350.00,0.01,19.10,9.56,0.00,0.00,0.0000,6.0000,1912.91,0.00,0,0,0.00,0.00,0,0
64452,0.10,0.00,318.90,400.00,0.01,20.87,10.44,0.00,0.00,0.0022,5.9978,1871.85,0.00,0,0,0.00,0.00,0,0
64652,0.08,0.00,314.17,300.00,0.01,20.56,10.28,0.00,0.00,0.0022,5.9978,1881.91,0.00,0,0,0.00,0.00,0,0
64852,0.06,0.00,335.63,400.00,0.00,21.97,10.99,0.00,0.00,0.0022,5.9978,1894.03,0.00,0,0,0.00,0.00,0,0
65052,0.04,0.00,326.72,300.00,0.00,21.38,10.69,0.00,0.00,0.0022,5.9978,1864.11,0.00,0,0,0.00,0.00,0,0
65252,0.03,0.00,332.54,349.99,0.00,21.76,10.88,0.00,0.00,0.0022,5.9978,1878.74,0.00,0,0,0.00,0.00,0,0
65452,0.02,0.00,324.41,300.00,0.00,21.23,10.62,0.00,0.00,0.0022,5.9978,1884.73,0.00,0,0,0.00,0.00,0,0
65652,0.02,0.00,293.30,200.00,0.00,19.20,9.60,0.00,0.00,0.0022,5.9978,1887.19,0.00,0,0,0.00,0.00,0,0
65852,0.01,0.00,282.48,250.00,0.00,18.49,9.24,0.00,0.00,0.0022,5.9978,1888.19,0.00,0,0,0.00,0.00,0,0
66052,0.01,0.00,286.86,300.00,0.00,18.77,9.39,0.00,0.00,0.0022,5.9978,1922.20,0.00,0,0,0.00,0.00,0,0
66252,0.01,0.00,302.64,350.00,0.00,19.81,9.90,0.00,0.00,0.0022,5.9978,1907.65,0.00,0,0,0.00,0.00,0,0
66452,0.01,0.00,301.98,299.99,0.00,19.76,9.88,0.00,0.00,0.0022,5.9978,1930.18,0.00,0,0,0.00,0.00,0,0
66652,0.00,0.00,313.99,350.01,0.00,20.55,10.28,0.00,0.00,0.0022,5.9978,1885.32,0.00,0,0,0.00,0.00,0,0
66852,0.00,0.00,310.49,300.00,0.00,20.32,10.16,0.00,0.00,0.0022,5.9978,1927.43,0.00,0,0,0.00,0.00,0,0
67052,0.00,0.00,282.87,200.00,0.00,18.51,9.26,0.00,0.00,0.0022,5.9978,2042.27,0.00,0,0,0.00,0.00,547,36
67252,0.00,0.00,274.65,250.00,0.00,17.98,8.99,0.00,0.00,0.0022,5.9978,2167.40,0.00,0,0,0.00,0.00,2110,386
67452,0.00,0.00,218.49,50.00,0.00,14.30,7.15,0.00,0.00,0.0022,5.9978,2146.65,0.00,0,0,0.00,0.00,1851,1575
67652,0.00,0.00,201.37,150.00,0.00,13.18,6.59,0.00,0.00,0.0022,5.9978,2146.15,0.00,0,0,0.00,0.00,1845,2078
67852,0.00,0.00,188.52,150.00,0.00,12.34,6.17,0.00,0.00,0.0022,5.9978,2372.78,0.00,0,0,0.00,0.00,4675,2489
68052,0.00,0.00,141.39,0.00,0.00,9.25,4.63,0.00,0.00,0.0022,5.9978,2409.33,0.00,0,0,0.00,0.00,5131,4021
68252,0.00,0.00,131.04,100.00,0.00,8.58,4.29,0.00,0.00,0.0022,5.9978,2371.82,0.00,0,0,0.00,0.00,4663,4999
68452,0.00,0.00,123.28,100.00,0.00,8.07,4.03,0.00,0.00,0.0022,5.9978,2339.41,0.00,0,0,0.00,0.00,4258,4559
68652,0.00,0.00,117.46,100.00,0.00,7.69,3.84,0.00,0.00,0.0022,5.9978,2303.38,0.00,0,0,0.00,0.00,3808,4115
68852,0.00,0.00,163.10,300.00,0.00,10.67,5.34,0.00,0.00,0.0022,5.9978,2418.66,0.00,0,0,0.00,0.00,5248,4338
69052,0.00,0.00,122.32,0.00,0.00,8.01,4.00,0.00,0.00,0.0022,5.9978,2525.72,0.00,0,0,0.00,0.00,6584,4610
69252,0.00,0.00,154.24,250.00,0.00,10.10,5.05,0.00,0.00,0.0022,5.9978,2477.10,0.00,0,0,0.00,0.00,5977,4960
69452,0.00,0.00,115.68,0.00,0.00,7.57,3.79,0.00,0.00,0.0022,5.9978,2452.06,0.00,0,0,0.00,0.00,5665,5609
69652,0.00,0.00,86.76,0.00,0.00,5.68,2.84,0.00,0.00,0.0022,5.9978,2349.32,0.00,0,0,0.00,0.00,4382,5319
69852,12.50,50.00,77.57,50.00,0.82,5.08,2.95,0.00,0.00,0.0022,5.9978,2261.16,0.00,0,0,0.00,0.00,3281,3540
70052,9.38,0.00,120.68,250.00,0.61,7.90,4.26,0.00,0.00,0.0022,5.9978,2225.05,0.00,0,0,0.00,0.00,2830,2910
70252,7.03,0.00,178.01,350.00,0.46,11.65,6.06,0.00,0.00,0.0022,5.9978,2250.26,0.00,0,0,0.00,0.00,3145,2675
70452,5.27,0.00,158.51,100.00,0.35,10.37,5.36,0.00,0.00,0.0022,5.9978,2370.67,0.00,0,0,0.00,0.00,4648,3217
70652,3.96,0.00,181.38,250.00,0.26,11.87,6.07,0.00,0.00,0.0022,5.9978,2387.99,0.00,0,0,0.00,0.00,4864,3970
70852,2.97,0.00,173.53,150.00,0.19,11.36,5.78,0.00,0.00,0.0022,5.9978,2415.56,0.00,0,0,0.00,0.00,5209,5060
71052,2.22,0.00,180.15,200.00,0.15,11.79,5.97,0.00,0.00,0.0022,5.9978,2340.77,0.00,0,0,0.00,0.00,4275,4823
71252,1.67,0.00,135.11,0.00,0.11,8.84,4.48,0.00,0.00,0.0022,5.9978,2441.34,0.00,0,0,0.00,0.00,5531,4547
71452,1.25,0.00,151.34,200.00,0.08,9.90,4.99,0.00,0.00,0.0022,5.9978,2416.93,0.00,0,0,0.00,0.00,5226,4997
71652,13.44,50.00,176.00,250.00,0.88,11.52,6.20,0.00,0.00,0.0022,5.9978,2388.72,0.00,0,0,0.00,0.00,4874,5091
71852,10.08,0.00,132.00,0.00,0.66,8.64,4.65,0.00,0.00,0.0022,5.9978,2395.38,0.00,0,0,0.00,0.00,4957,4942
72052,7.56,0.00,99.00,0.00,0.49,6.48,3.49,0.00,0.00,0.0022,5.9978,2430.11,0.00,0,0,0.00,0.00,5390,5021
72252,18.17,50.00,99.25,100.00,1.19,6.50,3.84,0.00,0.00,0.0022,5.9978,2380.33,0.00,0,0,0.00,0.00,4769,5149
72452,13.63,0.00,111.94,150.00,0.89,7.33,4.11,0.00,0.00,0.0044,5.9956,2371.46,0.00,0,0,0.00,0.00,4658,4508
72652,22.72,50.00,158.95,300.00,1.49,10.40,5.95,0.00,0.00,0.0044,5.9956,2388.31,0.00,0,0,0.00,0.00,4869,4820
72852,17.04,0.00,131.72,50.00,1.12,8.62,4.87,0.00,0.00,0.0044,5.9956,2329.61,0.00,0,0,0.00,0.00,4136,4621
73052,12.78,0.00,98.79,0.00,0.84,6.47,3.65,0.00,0.00,0.0044,5.9956,2371.17,0.00,0,0,0.00,0.00,4654,4402
73252,9.59,0.00,74.09,0.00,0.63,4.85,2.74,0.00,0.00,0.0044,5.9956,2408.67,0.00,0,0,0.00,0.00,5123,4703
73452,7.19,0.00,55.57,0.00,0.47,3.64,2.05,0.00,0.00,0.0044,5.9956,2331.55,0.00,0,0,0.00,0.00,4160,5070
73652,5.39,0.00,41.68,0.00,0.35,2.73,1.54,0.00,0.00,0.0044,5.9956,2221.88,0.00,0,0,0.00,0.00,2790,3810
73852,4.04,0.00,31.26,0.00,0.26,2.05,1.16,0.00,0.00,0.0044,5.9956,2314.56,0.00,0,0,0.00,0.00,3948,2778
74052,3.03,0.00,23.44,0.00,0.20,1.53,0.87,0.00,0.00,0.0044,5.9956,2405.01,0.00,0,0,0.00,0.00,5077,3375
74252,2.27,0.00,17.58,0.00,0.15,1.15,0.65,0.00,0.00,0.0044,5.9956,2402.05,0.00,0,0,0.00,0.00,5040,4327
74452,1.71,0.00,13.19,0.00,0.11,0.86,0.49,0.00,0.00,0.0044,5.9956,2421.32,0.00,0,0,0.00,0.00,5281,5185
74652,1.28,0.00,9.89,0.00,0.08,0.65,0.37,0.00,0.00,0.0044,5.9956,2408.73,0.00,0,0,0.00,0.00,5124,5150
74852,13.46,50.00,7.42,0.00,0.88,0.49,0.68,0.00,0.00,0.0044,5.9956,2403.58,0.00,0,0,0.00,0.00,5059,5070
75052,10.09,0.00,55.56,200.00,0.66,3.64,2.15,0.00,0.00,0.0044,5.9956,2401.47,0.00,0,0,0.00,0.00,5033,5037
75252,7.57,0.00,104.17,250.00,0.50,6.82,3.66,0.00,0.00,0.0044,5.9956,2328.60,0.00,0,0,0.00,0.00,4123,4930
75452,18.18,50.00,90.63,50.00,1.19,5.93,3.56,0.00,0.00,0.0044,5.9956,2134.60,0.00,0,0,0.00,0.00,1700,2775
75652,13.63,0.00,67.97,0.00,0.89,4.45,2.67,0.00,0.00,0.0044,5.9956,2074.65,0.00,0,0,0.00,0.00,952,602
75852,10.23,0.00,50.98,0.00,0.67,3.34,2.00,0.00,0.00,0.0044,5.9956,1998.58,0.00,0,0,0.00,0.00,0,583
76052,7.67,0.00,38.23,0.00,0.50,2.50,1.50,0.00,0.00,0.0044,5.9956,1959.42,1.00,0,0,0.00,0.00,0,0
76252,5.75,0.00,28.68,0.00,0.38,1.88,1.13,0.00,0.00,0.0044,5.9956,1917.78,1.00,0,0,0.00,0.00,0,0
76452,4.31,0.00,21.51,0.00,0.28,1.41,0.84,0.00,0.00,0.0044,5.9956,1934.32,1.00,0,0,0.00,0.00,0,0
76652,3.24,0.00,16.13,0.00,0.21,1.06,0.63,0.00,0.00,0.0044,5.9956,1920.62,1.00,0,0,0.00,0.00,0,0
76852,2.43,0.00,12.10,0.00,0.16,0.79,0.48,0.00,0.00,0.0044,5.9956,1915.01,1.00,0,0,0.00,0.00,0,0
77052,1.82,0.00,9.07,0.00,0.12,0.59,0.36,0.00,0.00,0.0044,5.9956,1912.71,1.00,0,0,0.00,0.00,0,0
77252,1.36,0.00,6.80,0.00,0.09,0.45,0.27,0.00,0.00,0.0044,5.9956,1898.64,1.00,0,0,0.00,0.00,0,0
77452,1.02,0.00,5.10,0.00,0.07,0.33,0.20,0.00,0.00,0.0044,5.9956,1932.88,1.00,0,0,0.00,0.00,0,0
77652,0.77,0.00,3.83,0.00,0.05,0.25,0.15,0.00,0.00,0.0044,5.9956,1952.03,1.00,0,0,0.00,0.00,0,0
77852,0.58,0.00,2.87,0.00,0.04,0.19,0.11,0.00,0.00,0.0044,5.9956,1919.87,1.00,0,0,0.00,0.00,0,0
78052,0.43,0.00,2.15,0.00,0.03,0.14,0.08,0.00,0.00,0.0044,5.9956,1935.18,1.00,0,0,0.00,0.00,0,0
78252,0.32,0.00,1.61,0.00,0.02,0.11,0.06,0.00,0.00,0.0044,5.9956,1887.37,1.00,0,0,0.00,0.00,0,0
78452,0.24,0.00,1.21,0.00,0.02,0.08,0.05,0.00,0.00,0.0044,5.9956,1888.27,1.00,0,0,0.00,0.00,0,0
78652,0.18,0.00,0.91,0.00,0.01,0.06,0.04,0.00,0.00,0.0044,5.9956,1893.75,1.00,0,0,0.00,0.00,0,0
78852,0.14,0.00,0.68,0.00,0.01,0.04,0.03,0.00,0.00,0.0044,5.9956,1890.88,1.00,0,0,0.00,0.00,0,0
79052,0.10,0.00,0.51,0.00,0.01,0.03,0.02,0.00,0.00,0.0044,5.9956,1929.71,1.00,0,0,0.00,0.00,0,0
79252,0.08,0.00,0.38,0.00,0.01,0.03,0.02,0.00,0.00,0.0044,5.9956,1918.73,1.00,0,0,0.00,0.00,0,0
79452,0.06,0.00,0.29,0.00,0.00,0.02,0.01,0.00,0.00,0.0044,5.9956,1914.23,1.00,0,0,0.00,0.00,0,0
79652,0.04,0.00,0.22,0.00,0.00,0.01,0.01,0.00,0.00,0.0044,5.9956,1878.79,1.00,0,0,0.00,0.00,0,0
79852,0.03,0.00,0.16,0.00,0.00,0.01,0.01,0.00,0.00,0.0044,5.9956,1857.87,1.00,0,0,0.00,0.00,0,0
80052,0.02,0.00,0.12,0.00,0.00,0.01,0.00,0.00,0.00,0.0044,5.9956,1876.18,1.00,0,0,0.00,0.00,0,0
80252,0.02,0.00,0.09,0.00,0.00,0.01,0.00,0.00,0.00,0.0044,5.9956,1891.69,1.00,0,0,0.00,0.00,0,0
80452,0.01,0.00,0.07,0.00,0.00,0.00,0.00,0.00,0.00,0.0044,5.9956,1903.15,1.00,0,0,0.00,0.00,0,0
80652,0.01,0.00,0.05,0.00,0.00,0.00,0.00,0.00,0.00,0.0044,5.9956,1907.85,1.00,0,0,0.00,0.00,0,0
80852,0.01,0.00,0.04,0.00,0.00,0.00,0.00,0.00,0.00,0.0044,5.9956,1909.78,1.00,0,0,0.00,0.00,0,0
81052,0.01,0.00,0.03,0.00,0.00,0.00,0.00,0.00,0.00,0.0044,5.9956,1902.56,1.00,0,0,0.00,0.00,0,0
81252,0.00,0.00,0.02,0.00,0.00,0.00,0.00,0.00,0.00,0.0044,5.9956,1907.61,1.00,0,0,0.00,0.00,0,0
81452,0.00,0.00,0.02,0.00,0.00,0.00,0.00,0.00,0.00,0.0044,5.9956,1896.56,1.00,0,0,0.00,0.00,0,0
81652,0.00,0.00,0.01,0.00,0.00,0.00,0.00,0.00,0.00,0.0044,5.9956,1892.03,1.00,0,0,0.00,0.00,0,0
81852,0.00,0.00,0.01,0.00,0.00,0.00,0.00,0.00,0.00,0.0044,5.9956,1930.18,1.00,0,0,0.00,0.00,0,0
82052,0.00,0.00,0.01,0.00,0.00,0.00,0.00,0.00,0.00,0.0044,5.9956,1918.92,1.00,0,0,0.00,0.00,0,0
82252,0.00,0.00,0.01,0.00,0.00,0.00,0.00,0.00,0.00,0.0044,5.9956,1914.31,1.00,0,0,0.00,0.00,0,0
82452,0.00,0.00,0.00,0.00,0.00,0.00,0.00,0.00,0.00,0.0044,5.9956,1912.42,1.00,0,0,0.00,0.00,0,0
82652,0.00,0.00,0.00,0.00,0.00,0.00,0.00,0.00,0.00,0.0044,5.9956,1911.65,1.00,0,0,0.00,0.00,0,0
82852,0.00,0.00,0.00,0.00,0.00,0.00,0.00,0.00,0.00,0.0044,5.9956,1911.33,1.00,0,0,0.00,0.00,0,0
83052,0.00,0.00,0.00,0.00,0.00,0.00,0.00,0.00,0.00,0.0044,5.9956,1911.20,1.00,0,0,0.00,0.00,0,0
83252,0.00,0.00,0.00,0.00,0.00,0.00,0.00,0.00,0.00,0.0044,5.9956,1871.15,1.00,0,0,0.00,0.00,0,0
83452,0.00,0.00,0.00,0.00,0.00,0.00,0.00,0.00,0.00,0.0044,5.9956,1889.62,1.00,0,0,0.00,0.00,0,0
83652,0.00,0.00,0.00,0.00,0.00,0.00,0.00,0.00,0.00,0.0044,5.9956,1868.71,1.00,0,0,0.00,0.00,0,0
83852,0.00,0.00,0.00,0.00,0.00,0.00,0.00,0.00,0.00,0.0044,5.9956,1880.62,1.00,0,0,0.00,0.00,0,0
84052,0.00,0.00,0.00,0.00,0.00,0.00,0.00,0.00,0.00,0.0044,5.9956,1893.50,1.00,0,0,0.00,0.00,0,0
84252,0.00,0.00,0.00,0.00,0.00,0.00,0.00,0.00,0.00,0.0067,5.9933,1898.78,1.00,0,0,0.00,0.00,0,0
84452,0.00,0.00,0.00,0.00,0.00,0.00,0.00,0.00,0.00,0.0067,5.9933,1906.06,1.00,0,0,0.00,0.00,0,0
84652,0.00,0.00,0.00,0.00,0.00,0.00,0.00,0.00,0.00,0.0067,5.9933,1901.04,1.00,0,0,0.00,0.00,0,0
84852,0.00,0.00,0.00,0.00,0.00,0.00,0.00,0.00,0.00,0.0067,5.9933,1898.99,1.00,0,0,0.00,0.00,0,0
85052,0.00,0.00,0.00,0.00,0.00,0.00,0.00,0.00,0.00,0.0067,5.9933,1898.15,1.00,0,0,0.00,0.00,0,0
85252,0.00,0.00,0.00,0.00,0.00,0.00,0.00,0.00,0.00,0.0067,5.9933,1892.68,1.00,0,0,0.00,0.00,0,0
85452,0.00,0.00,0.00,0.00,0.00,0.00,0.00,0.00,0.00,0.0067,5.9933,1924.04,1.00,0,0,0.00,0.00,0,0
85652,0.00,0.00,0.00,0.00,0.00,0.00,0.00,0.00,0.00,0.0067,5.9933,1916.41,1.00,0,0,0.00,0.00,0,0
85852,0.00,0.00,0.00,0.00,0.00,0.00,0.00,0.00,0.00,0.0067,5.9933,1913.28,1.00,0,0,0.00,0.00,0,0
86052,0.00,0.00,0.00,0.00,0.00,0.00,0.00,0.00,0.00,0.0067,5.9933,1912.00,1.00,0,0,0.00,0.00,0,0
86252,0.00,0.00,0.00,0.00,0.00,0.00,0.00,0.00,0.00,0.0067,5.9933,1903.48,1.00,0,0,0.00,0.00,0,0
86452,0.00,0.00,0.00,0.00,0.00,0.00,0.00,0.00,0.00,0.0067,5.9933,1894.86,1.00,0,0,0.00,0.00,0,0
86652,0.00,0.00,0.00,0.00,0.00,0.00,0.00,0.00,0.00,0.0067,5.9933,1884.94,1.00,0,0,0.00,0.00,0,0
86852,0.00,0.00,0.00,0.00,0.00,0.00,0.00,0.00,0.00,0.0067,5.9933,1880.87,1.00,0,0,0.00,0.00,0,0
87052,0.00,0.00,0.00,0.00,0.00,0.00,0.00,0.00,0.00,0.0067,5.9933,1885.60,1.00,0,0,0.00,0.00,0,0
87252,0.00,0.00,0.00,0.00,0.00,0.00,0.00,0.00,0.00,0.0067,5.9933,1887.54,1.00,0,0,0.00,0.00,0,0
87452,0.00,0.00,0.00,0.00,0.00,0.00,0.00,0.00,0.00,0.0067,5.9933,1888.34,1.00,0,0,0.00,0.00,0,0
87652,0.00,0.00,0.00,0.00,0.00,0.00,0.00,0.00,0.00,0.0067,5.9933,1888.66,1.00,0,0,0.00,0.00,0,0
87852,0.00,0.00,0.00,0.00,0.00,0.00,0.00,0.00,0.00,0.0067,5.9933,1888.80,1.00,0,0,0.00,0.00,0,0
88052,0.00,0.00,0.00,0.00,0.00,0.00,0.00,0.00,0.00,0.0067,5.9933,1861.97,1.00,0,0,0.00,0.00,0,0
88252,0.00,0.00,0.00,0.00,0.00,0.00,0.00,0.00,0.00,0.0067,5.9933,1885.86,1.00,0,0,0.00,0.00,0,0
88452,0.00,0.00,0.00,0.00,0.00,0.00,0.00,0.00,0.00,0.0067,5.9933,1900.77,1.00,0,0,0.00,0.00,0,0
88652,0.00,0.00,0.00,0.00,0.00,0.00,0.00,0.00,0.00,0.0067,5.9933,1873.28,1.00,0,0,0.00,0.00,0,0
88852,0.00,0.00,0.00,0.00,0.00,0.00,0.00,0.00,0.00,0.0067,5.9933,1890.49,1.00,0,0,0.00,0.00,0,0
89052,0.00,0.00,0.00,0.00,0.00,0.00,0.00,0.00,0.00,0.0067,5.9933,1902.67,1.00,0,0,0.00,0.00,0,0
89252,0.00,0.00,0.00,0.00,0.00,0.00,0.00,0.00,0.00,0.0067,5.9933,1874.05,1.00,0,0,0.00,0.00,0,0
89452,0.00,0.00,0.00,0.00,0.00,0.00,0.00,0.00,0.00,0.0067,5.9933,1882.81,1.00,0,0,0.00,0.00,0,0
89652,0.00,0.00,0.00,0.00,0.00,0.00,0.00,0.00,0.00,0.0067,5.9933,1886.40,1.00,0,0,0.00,0.00,0,0
89852,0.00,0.00,0.00,0.00,0.00,0.00,0.00,0.00,0.00,0.0067,5.9933,1900.99,1.00,0,0,0.00,0.00,0,0
90052,0.00,0.00,0.00,0.00,0.00,0.00,0.00,0.00,0.00,0.0067,5.9933,1873.37,1.00,0,0,0.00,0.00,0,0
90252,0.00,0.00,0.00,0.00,0.00,0.00,0.00,0.00,0.00,0.0067,5.9933,1890.53,1.00,0,0,0.00,0.00,0,0
90452,0.00,0.00,0.00,0.00,0.00,0.00,0.00,0.00,0.00,0.0067,5.9933,1902.68,1.00,0,0,0.00,0.00,0,0
90652,0.00,0.00,0.00,0.00,0.00,0.00,0.00,0.00,0.00,0.0067,5.9933,1907.66,1.00,0,0,0.00,0.00,0,0
90852,0.00,0.00,0.00,0.00,0.00,0.00,0.00,0.00,0.00,0.0067,5.9933,1896.58,1.00,0,0,0.00,0.00,0,0
91052,0.00,0.00,0.00,0.00,0.00,0.00,0.00,0.00,0.00,0.0067,5.9933,1892.04,1.00,0,0,0.00,0.00,0,0
91252,0.00,0.00,0.00,0.00,0.00,0.00,0.00,0.00,0.00,0.0067,5.9933,1890.18,1.00,0,0,0.00,0.00,0,0
91452,0.00,0.00,0.00,0.00,0.00,0.00,0.00,0.00,0.00,0.0067,5.9933,1929.42,1.00,0,0,0.00,0.00,0,0
91652,0.00,0.00,0.00,0.00,0.00,0.00,0.00,0.00,0.00,0.0067,5.9933,1918.61,1.00,0,0,0.00,0.00,0,0
91852,0.00,0.00,0.00,0.00,0.00,0.00,0.00,0.00,0.00,0.0067,5.9933,1914.18,1.00,0,0,0.00,0.00,0,0
92052,0.00,0.00,0.00,0.00,0.00,0.00,0.00,0.00,0.00,0.0067,5.9933,1872.37,1.00,0,0,0.00,0.00,0,0
92252,0.00,0.00,0.00,0.00,0.00,0.00,0.00,0.00,0.00,0.0067,5.9933,1882.12,1.00,0,0,0.00,0.00,0,0
92452,0.00,0.00,0.00,0.00,0.00,0.00,0.00,0.00,0.00,0.0067,5.9933,1886.12,1.00,0,0,0.00,0.00,0,0
92652,0.00,0.00,0.00,0.00,0.00,0.00,0.00,0.00,0.00,0.0067,5.9933,1887.75,1.00,0,0,0.00,0.00,0,0
92852,0.00,0.00,0.00,0.00,0.00,0.00,0.00,0.00,0.00,0.0067,5.9933,1882.02,1.00,0,0,0.00,0.00,0,0
93052,0.00,0.00,0.00,0.00,0.00,0.00,0.00,0.00,0.00,0.0067,5.9933,1886.08,1.00,0,0,0.00,0.00,0,0
93252,0.00,0.00,0.00,0.00,0.00,0.00,0.00,0.00,0.00,0.0067,5.9933,1921.34,1.00,0,0,0.00,0.00,0,0
93452,0.00,0.00,0.00,0.00,0.00,0.00,0.00,0.00,0.00,0.0067,5.9933,1915.30,1.00,0,0,0.00,0.00,0,0
93652,0.00,0.00,0.00,0.00,0.00,0.00,0.00,0.00,0.00,0.0067,5.9933,1872.83,1.00,0,0,0.00,0.00,0,0
93852,0.00,0.00,0.00,0.00,0.00,0.00,0.00,0.00,0.00,0.0067,5.9933,1890.31,1.00,0,0,0.00,0.00,0,0
94052,0.00,0.00,0.00,0.00,0.00,0.00,0.00,0.00,0.00,0.0067,5.9933,1902.59,1.00,0,0,0.00,0.00,0,0
94252,0.00,0.00,0.00,0.00,0.00,0.00,0.00,0.00,0.00,0.0067,5.9933,1874.02,1.00,0,0,0.00,0.00,0,0
94452,0.00,0.00,0.00,0.00,0.00,0.00,0.00,0.00,0.00,0.0067,5.9933,1890.80,1.00,0,0,0.00,0.00,0,0
94652,0.00,0.00,0.00,0.00,0.00,0.00,0.00,0.00,0.00,0.0067,5.9933,1902.79,1.00,0,0,0.00,0.00,0,0
94852,0.00,0.00,0.00,0.00,0.00,0.00,0.00,0.00,0.00,0.0067,5.9933,1899.70,1.00,0,0,0.00,0.00,0,0
95052,0.00,0.00,0.00,0.00,0.00,0.00,0.00,0.00,0.00,0.0067,5.9933,1893.32,1.00,0,0,0.00,0.00,0,0
95252,0.00,0.00,0.00,0.00,0.00,0.00,0.00,0.00,0.00,0.0067,5.9933,1930.70,1.00,0,0,0.00,0.00,0,0
95452,0.00,0.00,0.00,0.00,0.00,0.00,0.00,0.00,0.00,0.0067,5.9933,1919.14,1.00,0,0,0.00,0.00,0,0
95652,0.00,0.00,0.00,0.00,0.00,0.00,0.00,0.00,0.00,0.0067,5.9933,1901.28,1.00,0,0,0.00,0.00,0,0
95852,0.00,0.00,0.00,0.00,0.00,0.00,0.00,0.00,0.00,0.0067,5.9933,1927.56,1.00,0,0,0.00,0.00,0,0
96052,0.00,0.00,0.00,0.00,0.00,0.00,0.00,0.00,0.00,0.0067,5.9933,1904.73,1.00,0,0,0.00,0.00,0,0
96252,0.00,0.00,0.00,0.00,0.00,0.00,0.00,0.00,0.00,0.0067,5.9933,1928.98,1.00,0,0,0.00,0.00,0,0
96452,0.00,0.00,0.00,0.00,0.00,0.00,0.00,0.00,0.00,0.0067,5.9933,1910.43,1.00,0,0,0.00,0.00,0,0
96652,0.00,0.00,0.00,0.00,0.00,0.00,0.00,0.00,0.00,0.0067,5.9933,1931.31,1.00,0,0,0.00,0.00,0,0
96852,0.00,0.00,0.00,0.00,0.00,0.00,0.00,0.00,0.00,0.0067,5.9933,1946.27,1.00,0,0,0.00,0.00,0,0
97052,0.00,0.00,0.00,0.00,0.00,0.00,0.00,0.00,0.00,0.0067,5.9933,1925.51,1.00,0,0,0.00,0.00,0,0
97252,0.00,0.00,0.00,0.00,0.00,0.00,0.00,0.00,0.00,0.0067,5.9933,1877.01,1.00,0,0,0.00,0.00,0,0
97452,0.00,0.00,0.00,0.00,0.00,0.00,0.00,0.00,0.00,0.0067,5.9933,1884.02,1.00,0,0,0.00,0.00,0,0
97652,0.00,0.00,0.00,0.00,0.00,0.00,0.00,0.00,0.00,0.0067,5.9933,1860.02,1.00,0,0,0.00,0.00,0,0
97852,0.00,0.00,0.00,0.00,0.00,0.00,0.00,0.00,0.00,0.0067,5.9933,1877.06,1.00,0,0,0.00,0.00,0,0
98052,0.00,0.00,0.00,0.00,0.00,0.00,0.00,0.00,0.00,0.0067,5.9933,1897.16,1.00,0,0,0.00,0.00,0,0
98252,0.00,0.00,0.00,0.00,0.00,0.00,0.00,0.00,0.00,0.0067,5.9933,1871.80,1.00,0,0,0.00,0.00,0,0
98452,0.00,0.00,0.00,0.00,0.00,0.00,0.00,0.00,0.00,0.0067,5.9933,1881.89,1.00,0,0,0.00,0.00,0,0
98652,0.00,0.00,0.00,0.00,0.00,0.00,0.00,0.00,0.00,0.0067,5.9933,1859.14,1.00,0,0,0.00,0.00,0,0
98852,0.00,0.00,0.00,0.00,0.00,0.00,0.00,0.00,0.00,0.0067,5.9933,1876.70,1.00,0,0,0.00,0.00,0,0
99052,0.00,0.00,0.00,0.00,0.00,0.00,0.00,0.00,0.00,0.0067,5.9933,1883.90,1.00,0,0,0.00,0.00,0,0
99252,0.00,0.00,0.00,0.00,0.00,0.00,0.00,0.00,0.00,0.0067,5.9933,1894.84,1.00,0,0,0.00,0.00,0,0
99452,0.00,0.00,0.00,0.00,0.00,0.00,0.00,0.00,0.00,0.0067,5.9933,1904.45,1.00,0,0,0.00,0.00,0,0
99652,0.00,0.00,0.00,0.00,0.00,0.00,0.00,0.00,0.00,0.0067,5.9933,1874.78,1.00,0,0,0.00,0.00,0,0
99852,0.00,0.00,0.00,0.00,0.00,0.00,0.00,0.00,0.00,0.0067,5.9933,1883.11,1.00,0,0,0.00,0.00,0,0
100052,0.00,0.00,0.00,0.00,0.00,0.00,0.00,0.00,0.00,0.0067,5.9933,1894.52,1.00,0,0,0.00,0.00,0,0
100252,0.00,0.00,0.00,0.00,0.00,0.00,0.00,0.00,0.00,0.0067,5.9933,1864.32,1.00,0,0,0.00,0.00,0,0
100452,0.00,0.00,0.00,0.00,0.00,0.00,0.00,0.00,0.00,0.0067,5.9933,1878.82,1.00,0,0,0.00,0.00,0,0
100652,0.00,0.00,0.00,0.00,0.00,0.00,0.00,0.00,0.00,0.0067,5.9933,1857.89,1.00,0,0,0.00,0.00,0,0
100852,0.00,0.00,0.00,0.00,0.00,0.00,0.00,0.00,0.00,0.0067,5.9933,1876.19,1.00,0,0,0.00,0.00,0,0
101052,0.00,0.00,0.00,0.00,0.00,0.00,0.00,0.00,0.00,0.0067,5.9933,1923.69,1.00,0,0,0.00,0.00,0,0
101252,0.00,0.00,0.00,0.00,0.00,0.00,0.00,0.00,0.00,0.0067,5.9933,1948.26,1.00,0,0,0.00,0.00,0,0
101452,0.00,0.00,0.00,0.00,0.00,0.00,0.00,0.00,0.00,0.0067,5.9933,1918.33,0.00,0,0,0.00,0.00,0,0
101652,0.00,0.00,0.00,0.00,0.00,0.00,0.00,0.00,0.00,0.0067,5.9933,1926.55,0.00,0,0,0.00,0.00,0,0
101852,0.00,0.00,0.00,0.00,0.00,0.00,0.00,0.00,0.00,0.0067,5.9933,1937.91,0.00,0,0,0.00,0.00,0,0
102052,0.00,0.00,0.00,0.00,0.00,0.00,0.00,0.00,0.00,0.0067,5.9933,1948.97,0.00,0,0,0.00,0.00,0,0
102252,0.00,0.00,0.00,0.00,0.00,0.00,0.00,0.00,0.00,0.0067,5.9933,1926.62,0.00,0,0,0.00,0.00,0,0
102452,0.00,0.00,0.00,0.00,0.00,0.00,0.00,0.00,0.00,0.0067,5.9933,1917.46,0.00,0,0,0.00,0.00,0,0
102652,0.00,0.00,0.00,0.00,0.00,0.00,0.00,0.00,0.00,0.0067,5.9933,1880.11,0.00,0,0,0.00,0.00,0,0
102852,0.00,0.00,0.00,0.00,0.00,0.00,0.00,0.00,0.00,0.0067,5.9933,1864.81,0.00,0,0,0.00,0.00,0,0
103052,0.00,0.00,0.00,0.00,0.00,0.00,0.00,0.00,0.00,0.0067,5.9933,1866.55,0.00,0,0,0.00,0.00,0,0
103252,0.00,0.00,0.00,0.00,0.00,0.00,0.00,0.00,0.00,0.0067,5.9933,1859.26,0.00,0,0,0.00,0.00,0,0
103452,0.00,0.00,0.00,0.00,0.00,0.00,0.00,0.00,0.00,0.0067,5.9933,1889.87,0.00,0,0,0.00,0.00,0,0
103652,0.00,0.00,0.00,0.00,0.00,0.00,0.00,0.00,0.00,0.0067,5.9933,1868.81,0.00,0,0,0.00,0.00,0,0
103852,0.00,0.00,0.00,0.00,0.00,0.00,0.00,0.00,0.00,0.0067,5.9933,1853.79,0.00,0,0,0.00,0.00,0,0
104052,0.00,0.00,0.00,0.00,0.00,0.00,0.00,0.00,0.00,0.0067,5.9933,1882.51,0.00,0,0,0.00,0.00,0,0
104252,0.00,0.00,0.00,0.00,0.00,0.00,0.00,0.00,0.00,0.0067,5.9933,1865.80,0.00,0,0,0.00,0.00,0,0
104452,0.00,0.00,0.00,0.00,0.00,0.00,0.00,0.00,0.00,0.0067,5.9933,1887.43,0.00,0,0,0.00,0.00,0,0
104652,0.00,0.00,0.00,0.00,0.00,0.00,0.00,0.00,0.00,0.0067,5.9933,1861.41,0.00,0,0,0.00,0.00,0,0
104852,0.00,0.00,0.00,0.00,0.00,0.00,0.00,0.00,0.00,0.0067,5.9933,1890.75,0.00,0,0,0.00,0.00,0,0
105052,0.00,0.00,0.00,0.00,0.00,0.00,0.00,0.00,0.00,0.0067,5.9933,1869.17,0.00,0,0,0.00,0.00,0,0
105252,0.00,0.00,0.00,0.00,0.00,0.00,0.00,0.00,0.00,0.0067,5.9933,1893.93,0.00,0,0,0.00,0.00,0,0
105452,0.00,0.00,0.00,0.00,0.00,0.00,0.00,0.00,0.00,0.0067,5.9933,1878.48,0.00,0,0,0.00,0.00,0,0
105652,0.00,0.00,0.00,0.00,0.00,0.00,0.00,0.00,0.00,0.0067,5.9933,1864.14,0.00,0,0,0.00,0.00,0,0
105852,0.00,0.00,0.00,0.00,0.00,0.00,0.00,0.00,0.00,0.0067,5.9933,1878.75,0.00,0,0,0.00,0.00,0,0
106052,0.00,0.00,0.00,0.00,0.00,0.00,0.00,0.00,0.00,0.0067,5.9933,1897.86,0.00,0,0,0.00,0.00,0,0
106252,0.00,0.00,0.00,0.00,0.00,0.00,0.00,0.00,0.00,0.0067,5.9933,1905.68,0.00,0,0,0.00,0.00,0,0
106452,0.00,0.00,0.00,0.00,0.00,0.00,0.00,0.00,0.00,0.0067,5.9933,1908.89,0.00,0,0,0.00,0.00,0,0
106652,0.00,0.00,0.00,0.00,0.00,0.00,0.00,0.00,0.00,0.0067,5.9933,1910.20,0.00,0,0,0.00,0.00,0,0
106852,0.00,0.00,0.00,0.00,0.00,0.00,0.00,0.00,0.00,0.0067,5.9933,1877.14,0.00,0,0,0.00,0.00,0,0
107052,0.00,0.00,0.00,0.00,0.00,0.00,0.00,0.00,0.00,0.0067,5.9933,1884.08,0.00,0,0,0.00,0.00,0,0
107252,0.00,0.00,0.00,0.00,0.00,0.00,0.00,0.00,0.00,0.0067,5.9933,1886.92,0.00,0,0,0.00,0.00,0,0
107452,0.00,0.00,0.00,0.00,0.00,0.00,0.00,0.00,0.00,0.0067,5.9933,1928.08,0.00,0,0,0.00,0.00,0,0
107652,0.00,0.00,0.00,0.00,0.00,0.00,0.00,0.00,0.00,0.0067,5.9933,1996.14,0.00,0,0,0.00,0.00,0,0
107852,0.00,0.00,0.00,0.00,0.00,0.00,0.00,0.00,0.00,0.0067,5.9933,2116.50,0.00,0,0,0.00,0.00,1474,196
108052,0.00,0.00,0.00,0.00,0.00,0.00,0.00,0.00,0.00,0.0067,5.9933,2205.80,0.00,0,0,0.00,0.00,2589,986
108252,0.00,0.00,0.00,0.00,0.00,0.00,0.00,0.00,0.00,0.0067,5.9933,2234.38,0.00,0,0,0.00,0.00,2946,2360
108452,0.00,0.00,0.00,0.00,0.00,0.00,0.00,0.00,0.00,0.0067,5.9933,2306.56,0.00,0,0,0.00,0.00,3848,3196
108652,0.00,0.00,0.00,0.00,0.00,0.00,0.00,0.00,0.00,0.0067,5.9933,2361.73,0.00,0,0,0.00,0.00,4537,3758
108852,0.00,0.00,0.00,0.00,0.00,0.00,0.00,0.00,0.00,0.0067,5.9933,2384.32,0.00,0,0,0.00,0.00,4819,4330
109052,0.00,0.00,0.00,0.00,0.00,0.00,0.00,0.00,0.00,0.0067,5.9933,2393.58,0.00,0,0,0.00,0.00,4934,4815
109252,0.00,0.00,0.00,0.00,0.00,0.00,0.00,0.00,0.00,0.0067,5.9933,2371.77,0.00,0,0,0.00,0.00,4662,4625
109452,0.00,0.00,0.00,0.00,0.00,0.00,0.00,0.00,0.00,0.0067,5.9933,2420.44,0.00,0,0,0.00,0.00,5270,4771
109652,0.00,0.00,0.00,0.00,0.00,0.00,0.00,0.00,0.00,0.0067,5.9933,2460.85,0.00,0,0,0.00,0.00,5774,5203
109852,0.00,0.00,0.00,0.00,0.00,0.00,0.00,0.00,0.00,0.0067,5.9933,2405.41,0.00,0,0,0.00,0.00,5082,5928
110052,12.50,50.00,12.50,50.00,0.82,0.82,0.82,0.00,0.00,0.0067,5.9933,2070.20,0.00,0,0,0.00,0.00,3575,5435
110252,21.88,50.00,21.88,50.00,1.43,1.43,1.43,0.00,0.00,0.0067,5.9933,2316.43,0.00,0,0,0.00,0.00,3971,2914
110452,16.41,0.00,16.41,0.00,1.07,1.07,1.07,0.00,0.00,0.0067,5.9933,2463.37,0.00,0,0,0.00,0.00,5806,3400
110652,24.80,50.00,24.80,50.00,1.62,1.62,1.62,0.00,0.00,0.0067,5.9933,2569.64,0.00,0,0,0.00,0.00,7133,4352
110852,18.60,0.00,106.10,350.00,1.22,6.94,4.08,0.00,0.00,0.0067,5.9933,2613.16,0.00,0,0,0.00,0.00,7676,4850
111052,13.95,0.00,167.08,350.00,0.91,10.94,5.92,0.00,0.00,0.0067,5.9933,2605.39,0.00,0,0,0.00,0.00,7579,5124
111252,22.96,50.00,237.81,450.00,1.50,15.56,8.53,0.00,0.00,0.0067,5.9933,2530.21,0.00,0,0,0.00,0.00,6640,6221
111452,29.72,50.00,178.36,0.00,1.95,11.67,6.81,0.00,0.00,0.0067,5.9933,2460.27,0.00,0,0,0.00,0.00,5767,6685
111652,34.79,50.00,133.77,0.00,2.28,8.76,5.52,0.00,0.00,0.0067,5.9933,1746.69,0.00,0,0,0.00,0.00,0,6471
111852,51.09,100.00,125.33,100.00,3.34,8.20,5.77,0.00,0.00,0.0067,5.9933,2014.32,0.00,0,0,0.00,0.00,2074,4046
112052,50.82,50.00,131.49,150.00,3.33,8.61,5.97,0.00,0.00,0.0067,5.9933,2361.19,0.00,0,0,0.00,0.00,4530,1935
112252,50.62,50.00,136.12,150.00,3.31,8.91,6.11,0.00,0.00,0.0067,5.9933,2572.82,0.00,0,0,0.00,0.00,7173,2380
112452,50.46,50.00,114.59,50.00,3.30,7.50,5.40,0.00,0.00,0.0067,5.9933,2674.95,0.00,0,0,0.00,0.00,8448,4100
112652,50.35,50.00,98.44,50.00,3.30,6.44,4.87,0.00,0.00,0.0067,5.9933,2708.78,0.00,0,0,0.00,0.00,8870,6460
112852,50.26,50.00,86.33,50.00,3.29,5.65,4.47,0.00,0.00,0.0067,5.9933,2514.96,0.00,0,0,0.00,0.00,6860,7831
113052,62.69,100.00,89.75,100.00,4.10,5.87,4.99,0.00,0.00,0.0067,5.9933,2329.01,0.00,0,0,0.00,0.00,5455,6797
113252,72.02,100.00,79.81,50.00,4.71,5.22,4.97,0.00,0.00,0.0067,5.9933,2442.92,0.00,0,0,0.00,0.00,5550,4564
113452,66.52,50.00,59.86,0.00,4.35,3.92,4.14,0.00,0.00,0.0067,5.9933,2607.66,0.00,0,0,0.00,0.00,7608,4807
113652,74.89,100.00,69.89,100.00,4.90,4.57,4.74,0.00,0.00,0.0067,5.9933,2655.62,0.00,0,0,0.00,0.00,8207,5274
113852,81.17,100.00,64.92,50.00,5.31,4.25,4.78,0.00,0.00,0.0067,5.9933,2622.78,0.00,0,0,0.00,0.00,7796,6775
114052,85.87,100.00,61.19,50.00,5.62,4.00,4.81,0.00,0.00,0.0067,5.9933,2609.33,0.00,0,0,0.00,0.00,7629,7658
114252,89.41,100.00,70.89,100.00,5.85,4.64,5.25,0.00,0.00,0.0067,5.9933,2635.82,0.00,0,0,0.00,0.00,7959,7631
114452,92.05,100.00,78.17,100.00,6.02,5.12,5.57,0.00,0.00,0.0067,5.9933,2640.27,0.00,0,0,0.00,0.00,8015,7993
114652,94.04,100.00,71.13,50.00,6.15,4.66,5.41,0.00,0.00,0.0067,5.9933,2676.98,0.00,0,0,0.00,0.00,8473,8154
114852,95.53,100.00,115.85,250.00,6.25,7.58,6.92,0.00,0.00,0.0067,5.9933,2631.53,0.00,0,0,0.00,0.00,7906,8151
115052,96.65,100.00,86.88,0.00,6.33,5.69,6.01,0.00,0.00,0.0067,5.9933,2638.51,0.00,0,0,0.00,0.00,7993,7914
115252,97.49,100.00,127.66,250.00,6.38,8.36,7.37,0.00,0.00,0.0067,5.9933,2641.38,0.00,0,0,0.00,0.00,8029,8034
115452,98.11,100.00,108.25,50.00,6.42,7.08,6.75,0.00,0.00,0.0067,5.9933,2616.95,0.00,0,0,0.00,0.00,7724,7775
115652,98.59,100.00,106.19,100.00,6.45,6.95,6.70,0.00,0.00,0.0067,5.9933,2646.94,0.00,0,0,0.00,0.00,8098,7619
115852,98.94,100.00,104.64,100.00,6.48,6.85,6.66,0.00,0.00,0.0067,5.9933,2659.23,0.00,0,0,0.00,0.00,8252,7887
116052,99.20,100.00,128.48,200.00,6.49,8.41,7.45,0.00,0.00,0.0067,5.9933,2624.26,0.00,0,0,0.00,0.00,7815,7902
116252,99.40,100.00,146.36,200.00,6.51,9.58,8.04,0.00,0.00,0.0067,5.9933,2649.94,0.00,0,0,0.00,0.00,8136,7667
116452,99.55,100.00,184.77,300.00,6.52,12.09,9.30,0.00,0.00,0.0067,5.9933,2652.45,0.00,0,0,0.00,0.00,8167,7953
116652,99.66,100.00,138.58,0.00,6.52,9.07,7.80,0.00,0.00,0.0067,5.9933,2641.97,0.00,0,0,0.00,0.00,8036,8289
116852,99.75,100.00,103.93,0.00,6.53,6.80,6.67,0.00,0.00,0.0067,5.9933,2649.62,0.00,0,0,0.00,0.00,8132,8272
117052,99.81,100.00,127.95,200.00,6.53,8.37,7.45,0.00,0.00,0.0067,5.9933,2655.79,0.00,0,0,0.00,0.00,8209,7996
117252,99.86,100.00,170.96,300.00,6.54,11.19,8.86,0.00,0.00,0.0067,5.9933,2665.83,0.00,0,0,0.00,0.00,8334,7967
117452,99.89,100.00,178.22,200.00,6.54,11.66,9.10,0.00,0.00,0.0067,5.9933,2679.45,0.00,0,0,0.00,0.00,8504,8234
117652,112.42,150.00,133.67,0.00,7.36,8.75,8.05,0.00,0.00,0.0067,5.9933,2698.14,0.00,0,0,0.00,0.00,8738,8415
117852,109.32,100.00,150.25,200.00,7.15,9.83,8.49,0.00,0.00,0.0067,5.9933,2669.44,0.00,0,0,0.00,0.00,8379,8280
118052,106.99,100.00,162.69,200.00,7.00,10.65,8.83,0.00,0.00,0.0067,5.9933,2726.77,0.00,0,0,0.00,0.00,9095,8655
118252,105.24,100.00,172.02,200.00,6.89,11.26,9.07,0.00,0.00,0.0067,5.9933,2704.41,0.00,0,0,0.00,0.00,8816,9331
118452,103.93,100.00,191.51,250.00,6.80,12.53,9.67,0.00,0.00,0.0067,5.9933,2361.35,0.00,0,0,0.00,0.00,7420,8698
118652,102.95,100.00,156.13,50.00,6.74,10.22,8.48,0.00,0.00,0.0067,5.9933,2620.33,0.00,0,0,0.00,0.00,7766,6514
118852,102.21,100.00,142.10,100.00,6.69,9.30,8.00,0.00,0.00,0.0067,5.9933,2746.89,0.00,0,0,0.00,0.00,9346,6746
119052,101.66,100.00,169.08,250.00,6.65,11.07,8.86,0.00,0.00,0.0067,5.9933,2778.24,0.00,0,0,0.00,0.00,9738,7933
119252,113.74,150.00,151.81,100.00,7.44,9.94,8.69,0.00,0.00,0.0067,5.9933,2738.61,0.00,0,0,0.00,0.00,9243,8329
119452,110.31,100.00,151.35,150.00,7.22,9.91,8.56,0.00,0.00,0.0067,5.9933,2734.85,0.00,0,0,0.00,0.00,9196,8962
119652,107.73,100.00,113.52,0.00,7.05,7.43,7.24,0.00,0.00,0.0067,5.9933,2733.32,0.00,0,0,0.00,0.00,9177,9506
119852,105.80,100.00,85.14,0.00,6.92,5.57,6.25,0.00,0.00,0.0089,5.9911,2772.69,0.00,0,0,0.00,0.00,9668,9493
120052,116.85,150.00,88.85,100.00,7.65,5.82,6.73,0.00,0.00,0.0089,5.9911,2756.81,0.00,0,0,0.00,0.00,9470,9760
120252,112.64,100.00,91.64,100.00,7.37,6.00,6.68,0.00,0.00,0.0089,5.9911,2689.83,0.00,0,0,0.00,0.00,8634,9164
120452,109.48,100.00,93.73,100.00,7.17,6.13,6.65,0.00,0.00,0.0089,5.9911,2657.27,0.00,0,0,0.00,0.00,8227,8548
120652,107.11,100.00,95.30,100.00,7.01,6.24,6.62,0.00,0.00,0.0089,5.9911,2591.46,0.00,0,0,0.00,0.00,7405,7885
120852,105.33,100.00,121.47,200.00,6.89,7.95,7.42,0.00,0.00,0.0089,5.9911,2622.10,0.00,0,0,0.00,0.00,7788,7507
121052,104.00,100.00,91.10,0.00,6.81,5.96,6.38,0.00,0.00,0.0089,5.9911,2629.53,0.00,0,0,0.00,0.00,7881,7975
121252,103.00,100.00,130.83,250.00,6.74,8.56,7.65,0.00,0.00,0.0089,5.9911,2612.10,0.00,0,0,0.00,0.00,7663,7700
121452,102.25,100.00,135.62,150.00,6.69,8.88,7.78,0.00,0.00,0.0089,5.9911,2625.44,0.00,0,0,0.00,0.00,7830,7879
121652,101.69,100.00,114.22,50.00,6.66,7.48,7.07,0.00,0.00,0.0089,5.9911,2296.35,0.00,0,0,0.00,0.00,6077,7485
121852,101.27,100.00,123.16,150.00,6.63,8.06,7.34,0.00,0.00,0.0089,5.9911,2541.22,0.00,0,0,0.00,0.00,6778,5510
122052,100.95,100.00,92.37,0.00,6.61,6.05,6.33,0.00,0.00,0.0089,5.9911,2673.53,0.00,0,0,0.00,0.00,8430,6219
122252,100.71,100.00,69.28,0.00,6.59,4.53,5.56,0.00,0.00,0.0089,5.9911,2650.60,0.00,0,0,0.00,0.00,8144,7478
122452,100.53,100.00,51.96,0.00,6.58,3.40,4.99,0.00,0.00,0.0089,5.9911,2620.72,0.00,0,0,0.00,0.00,7771,7834
122652,100.40,100.00,63.97,100.00,6.57,4.19,5.38,0.00,0.00,0.0089,5.9911,2674.09,0.00,0,0,0.00,0.00,8437,7807
122852,100.30,100.00,47.98,0.00,6.56,3.14,4.85,0.00,0.00,0.0089,5.9911,2748.43,0.00,0,0,0.00,0.00,9365,7978
123052,100.23,100.00,35.98,0.00,6.56,2.36,4.46,0.00,0.00,0.0089,5.9911,2753.28,0.00,0,0,0.00,0.00,9426,8293
123252,100.17,100.00,26.99,0.00,6.56,1.77,4.16,0.00,0.00,0.0089,5.9911,2755.26,0.00,0,0,0.00,0.00,9451,9091
123452,100.13,100.00,20.24,0.00,6.55,1.32,3.94,0.00,0.00,0.0089,5.9911,2185.20,0.00,0,0,0.00,0.00,7802,9432
123652,112.59,150.00,40.18,100.00,7.37,2.63,5.00,0.00,0.00,0.0089,5.9911,2528.43,0.00,0,0,0.00,0.00,6771,7715
123852,109.45,100.00,55.14,100.00,7.16,3.61,5.39,0.00,0.00,0.0089,5.9911,2781.24,0.00,0,0,0.00,0.00,9775,6680
124052,107.08,100.00,41.35,0.00,7.01,2.71,4.86,0.00,0.00,0.0089,5.9911,2817.92,0.00,0,0,0.00,0.00,10233,7396
124252,105.31,100.00,56.01,100.00,6.89,3.67,5.28,0.00,0.00,0.0089,5.9911,2839.34,0.00,0,0,0.00,0.00,10501,8270
124452,103.99,100.00,42.01,0.00,6.81,2.75,4.78,0.00,0.00,0.0089,5.9911,2848.11,0.00,0,0,0.00,0.00,10610,8535
124652,115.49,150.00,56.51,100.00,7.56,3.70,5.63,0.00,0.00,0.0089,5.9911,2865.79,0.00,0,0,0.00,0.00,10831,9907
124852,111.62,100.00,67.38,100.00,7.31,4.41,5.86,0.00,0.00,0.0089,5.9911,2847.43,0.00,0,0,0.00,0.00,10602,10747
125052,121.21,150.00,50.54,0.00,7.93,3.31,5.62,0.00,0.00,0.0089,5.9911,2885.03,0.00,0,0,0.00,0.00,11071,10588
125252,128.41,150.00,62.90,100.00,8.40,4.12,6.26,0.00,0.00,0.0089,5.9911,2967.31,0.00,0,0,0.00,0.00,12099,11122
125452,121.31,100.00,72.18,100.00,7.94,4.72,6.33,0.00,0.00,0.0089,5.9911,2986.61,0.00,0,0,0.00,0.00,12340,11464
125652,128.48,150.00,54.13,0.00,8.41,3.54,5.98,0.00,0.00,0.0089,5.9911,3047.00,0.00,0,0,0.00,0.00,13094,12425
125852,146.36,200.00,40.60,0.00,9.58,2.66,6.12,0.00,0.00,0.0089,5.9911,3105.33,0.00,0,0,0.00,0.00,13822,13278
126052,147.27,150.00,30.45,0.00,9.64,1.99,5.82,0.00,0.00,0.0089,5.9911,3140.74,0.00,0,0,0.00,0.00,14265,13922
126252,160.45,199.99,22.84,0.00,10.50,1.49,6.00,0.00,0.00,0.0089,5.9911,3236.21,0.00,0,0,0.00,0.00,15457,14473
126452,157.84,150.01,17.13,0.00,10.33,1.12,5.73,0.00,0.00,0.0089,5.9911,3332.91,0.00,0,0,0.00,0.00,16664,14651
126652,180.88,250.00,12.85,0.00,11.84,0.84,6.34,0.00,0.00,0.0089,5.9911,3404.52,0.00,0,0,0.00,0.00,17558,15291
126852,185.66,200.00,9.63,0.00,12.15,0.63,6.39,0.00,0.00,0.0089,5.9911,3454.33,0.00,0,0,0.00,0.00,18180,17084
127052,189.24,200.00,7.23,0.00,12.39,0.47,6.43,0.00,0.00,0.0089,5.9911,3422.25,0.00,0,0,0.00,0.00,19052,18208
127252,204.43,250.00,5.42,0.00,13.38,0.35,6.87,0.00,0.00,0.0089,5.9911,3409.12,0.00,0,0,0.00,0.00,20164,19346
127452,215.83,250.00,4.06,0.00,14.13,0.27,7.20,0.00,0.00,0.0089,5.9911,3351.25,0.00,0,0,0.00,0.00,21060,20358
127652,224.37,250.00,3.05,0.00,14.68,0.20,7.44,0.00,0.00,0.0089,5.9911,3327.55,0.00,0,0,0.00,0.00,21850,21195
127852,243.28,300.00,2.29,0.00,15.92,0.15,8.04,0.00,0.00,0.0089,5.9911,3292.25,0.00,0,0,0.00,0.00,22465,21881
128052,244.96,250.00,1.71,0.00,16.03,0.11,8.07,0.00,0.00,0.0089,5.9911,3269.78,0.00,0,0,0.00,0.00,22777,22238
128252,258.72,300.00,1.29,0.00,16.93,0.08,8.51,0.00,0.00,0.0089,5.9911,3268.58,0.00,0,0,0.00,0.00,23221,22684
128452,269.04,300.00,0.96,0.00,17.61,0.06,8.84,0.00,0.00,0.0089,5.9911,3228.09,0.00,0,0,0.00,0.00,23945,23489
128652,276.78,300.00,0.72,0.00,18.12,0.05,9.08,0.00,0.00,0.0089,5.9911,3211.51,0.00,0,0,0.00,0.00,24573,24150
128852,282.58,300.00,0.54,0.00,18.50,0.04,9.27,0.00,0.00,0.0089,5.9911,3204.71,0.00,0,0,0.00,0.00,25262,24853
129052,286.94,300.00,0.41,0.00,18.78,0.03,9.40,0.00,0.00,0.0089,5.9911,3141.45,0.00,0,0,0.00,0.00,25837,25555
129252,290.20,300.00,0.31,0.00,18.99,0.02,9.51,0.00,0.00,0.0089,5.9911,3083.54,0.00,0,0,0.00,0.00,26242,26075
129452,292.65,300.00,0.23,0.00,19.15,0.01,9.58,0.00,0.00,0.0089,5.9911,3054.70,0.00,0,0,0.00,0.00,26648,26539
129652,306.99,350.00,0.17,0.00,20.09,0.01,10.05,0.00,0.00,0.0089,5.9911,3022.40,0.00,0,0,0.00,0.00,26854,26810
129852,305.24,300.00,0.13,0.00,19.98,0.01,9.99,0.00,0.00,0.0089,5.9911,3009.18,0.00,0,0,0.00,0.00,26950,26932
130052,316.43,350.00,0.10,0.00,20.71,0.01,10.36,0.00,0.00,0.0089,5.9911,3069.36,0.00,0,0,0.00,0.00,27169,27031
130252,324.82,350.00,0.07,0.00,21.26,0.00,10.63,0.00,0.00,0.0089,5.9911,3060.41,0.00,0,0,0.00,0.00,27413,27293
130452,331.12,350.00,0.05,0.00,21.67,0.00,10.84,0.00,0.00,0.0089,5.9911,3050.34,0.00,0,0,0.00,0.00,27713,27613
130652,335.84,350.00,0.04,0.00,21.98,0.00,10.99,0.00,0.00,0.0089,5.9911,3041.10,0.00,0,0,0.00,0.00,28048,27966
130852,339.38,350.00,0.03,0.00,22.21,0.00,11.11,0.00,0.00,0.0089,5.9911,3029.32,0.00,0,0,0.00,0.00,28349,28291
131052,329.53,300.00,0.02,0.00,21.57,0.00,10.78,0.00,0.00,0.0089,5.9911,2821.93,1.00,0,0,0.00,0.00,0,27833
131252,334.65,350.00,125.02,500.00,21.90,8.18,15.04,0.00,0.00,0.0089,5.9911,2748.50,1.00,0,0,0.00,0.00,0,23478
131452,325.99,300.00,118.76,100.00,21.34,7.77,14.55,0.00,0.00,0.0089,5.9911,2810.91,1.00,0,0,0.00,0.00,0,21360
131652,306.99,250.00,89.07,0.00,20.09,5.83,12.96,0.00,0.00,0.0089,5.9911,2862.07,1.00,0,0,0.00,0.00,0,20485
131852,305.24,300.00,154.30,350.00,19.98,10.10,15.04,0.00,0.00,0.0089,5.9911,2903.50,1.00,0,0,0.00,0.00,0,16335
132052,291.43,250.00,178.23,250.00,19.07,11.66,15.37,0.00,0.00,0.0089,5.9911,2920.47,1.00,0,0,0.00,0.00,0,10704
132252,268.57,200.00,133.67,0.00,17.58,8.75,13.16,0.00,0.00,0.0089,5.9911,2901.83,1.00,0,0,0.00,0.00,0,8339
132452,263.93,250.00,175.25,300.01,17.27,11.47,14.37,0.00,0.00,0.0089,5.9911,2841.71,1.00,0,0,0.00,0.00,0,3796
132652,247.95,200.00,156.44,100.00,16.23,10.24,13.23,0.00,0.00,0.0089,5.9911,2724.60,0.00,0,0,0.00,0.00,9068,1375
132852,235.96,200.00,117.33,0.00,15.44,7.68,11.56,0.00,0.00,0.0089,5.9911,2619.04,0.00,0,0,0.00,0.00,7750,1687
133052,226.97,200.00,88.00,0.00,14.86,5.76,10.31,0.00,0.00,0.0089,5.9911,2489.72,0.00,0,0,0.00,0.00,6135,2262
133252,207.73,150.00,66.00,0.00,13.60,4.32,8.96,0.00,0.00,0.0089,5.9911,2468.75,0.00,0,0,0.00,0.00,5873,4034
133452,205.80,200.00,49.50,0.00,13.47,3.24,8.35,0.00,0.00,0.0089,5.9911,2525.76,0.00,0,0,0.00,0.00,6585,5357
133652,191.85,150.00,37.12,0.00,12.56,2.43,7.49,0.00,0.00,0.0089,5.9911,2667.19,0.00,0,0,0.00,0.00,8351,5917
133852,181.39,150.00,27.84,0.00,11.87,1.82,6.85,0.00,0.00,0.0089,5.9911,2863.68,0.00,0,0,0.00,0.00,10805,6674
134052,161.04,100.00,20.88,0.00,10.54,1.37,5.95,0.00,0.00,0.0089,5.9911,3001.76,0.00,0,0,0.00,0.00,12529,8000
134252,158.28,150.00,15.66,0.00,10.36,1.03,5.69,0.00,0.00,0.0089,5.9911,3026.32,0.00,0,0,0.00,0.00,12836,9996
134452,143.71,100.00,36.75,100.00,9.41,2.41,5.91,0.00,0.00,0.0089,5.9911,2945.18,0.00,0,0,0.00,0.00,11822,11777
134652,145.28,150.00,77.56,200.00,9.51,5.08,7.29,0.00,0.00,0.0089,5.9911,2931.47,0.00,0,0,0.00,0.00,11651,11435
134852,146.46,150.00,83.17,100.00,9.59,5.44,7.51,0.00,0.00,0.0089,5.9911,2992.41,0.00,0,0,0.00,0.00,12412,11781
135052,147.35,150.00,112.38,200.00,9.64,7.36,8.50,0.00,0.00,0.0089,5.9911,3017.37,0.00,0,0,0.00,0.00,12724,12464
135252,148.01,150.00,109.28,100.00,9.69,7.15,8.42,0.00,0.00,0.0089,5.9911,3047.12,0.00,0,0,0.00,0.00,13095,12664
135452,148.51,150.00,106.96,100.00,9.72,7.00,8.36,0.00,0.00,0.0089,5.9911,3059.30,0.00,0,0,0.00,0.00,13247,12892
135652,161.38,200.00,105.22,100.00,10.56,6.89,8.72,0.00,0.00,0.0089,5.9911,3056.29,0.00,0,0,0.00,0.00,13210,13080
135852,158.54,150.00,78.92,0.00,10.38,5.17,7.77,0.00,0.00,0.0089,5.9911,3048.66,0.00,0,0,0.00,0.00,13494,13397
136052,156.40,150.00,96.69,150.00,10.24,6.33,8.28,0.00,0.00,0.0089,5.9911,3080.41,0.00,0,0,0.00,0.00,13901,13741
136252,167.30,200.00,110.02,150.00,10.95,7.20,9.08,0.00,0.00,0.0089,5.9911,3064.94,0.00,0,0,0.00,0.00,14221,14092
136452,162.98,150.00,82.51,0.00,10.67,5.40,8.03,0.00,0.00,0.0089,5.9911,3052.20,0.00,0,0,0.00,0.00,14531,14427
136652,172.23,200.00,61.88,0.00,11.27,4.05,7.66,0.00,0.00,0.0089,5.9911,3073.86,0.00,0,0,0.00,0.00,14886,14739
136852,166.67,150.00,46.41,0.00,10.91,3.04,6.97,0.00,0.00,0.0089,5.9911,3055.85,1.00,0,0,0.00,0.00,0,15139
137052,175.01,200.00,34.81,0.00,11.45,2.28,6.87,0.00,0.00,0.0089,5.9911,3086.06,1.00,0,0,0.00,0.00,0,15016
137252,168.75,150.00,26.11,0.00,11.04,1.71,6.38,0.00,0.00,0.0089,5.9911,3060.85,1.00,0,0,0.00,0.00,0,14045
137452,176.57,200.00,57.08,150.00,11.56,3.74,7.65,0.00,0.00,0.0089,5.9911,3117.40,1.00,0,0,0.00,0.00,0,10399
137652,157.42,100.00,80.31,150.00,10.30,5.26,7.78,0.00,0.00,0.0089,5.9911,3198.17,1.00,0,0,0.00,0.00,0,6359
137852,155.57,150.00,85.23,100.00,10.18,5.58,7.88,0.00,0.00,0.0089,5.9911,3251.73,1.00,0,0,0.00,0.00,0,1945
138052,141.68,100.00,113.92,200.00,9.27,7.46,8.36,0.00,0.00,0.0089,5.9911,3221.19,0.00,0,0,0.00,0.00,15269,0
138252,118.76,50.00,85.44,0.00,7.77,5.59,6.68,0.00,0.00,0.0089,5.9911,3229.16,0.00,0,0,0.00,0.00,15369,290
138452,114.07,100.00,64.08,0.00,7.47,4.19,5.83,0.00,0.00,0.0089,5.9911,3237.54,0.00,0,0,0.00,0.00,15473,1381
138652,98.05,50.00,48.06,0.00,6.42,3.15,4.78,0.00,0.00,0.0089,5.9911,3235.86,0.00,0,0,0.00,0.00,15452,2621
138852,86.04,50.00,36.05,0.00,5.63,2.36,4.00,0.00,0.00,0.0089,5.9911,3195.17,0.00,0,0,0.00,0.00,14944,3094
139052,77.03,50.00,27.03,0.00,5.04,1.77,3.41,0.00,0.00,0.0089,5.9911,3028.42,0.00,0,0,0.00,0.00,12862,3526
139252,70.27,50.00,20.28,0.00,4.60,1.33,2.96,0.00,0.00,0.0089,5.9911,2853.56,0.00,0,0,0.00,0.00,10678,4756
139452,65.20,50.00,15.21,0.00,4.27,1.00,2.63,0.00,0.00,0.0089,5.9911,2703.86,0.00,0,0,0.00,0.00,8809,6650
139652,73.90,100.00,186.41,700.00,4.84,12.20,8.52,0.00,0.00,0.0089,5.9911,2590.06,0.00,0,0,0.00,0.00,7388,7880
139853,80.41,99.93,139.80,0.00,5.26,9.15,7.21,0.00,0.00,0.0089,5.9911,2604.89,0.00,0,0,0.00,0.00,7573,7542
140052,85.32,100.07,104.85,0.00,5.58,6.86,6.22,0.00,0.00,0.0089,5.9911,2720.08,0.00,0,0,0.00,0.00,9012,7778
140252,88.99,100.00,78.64,0.00,5.82,5.15,5.49,0.00,0.00,0.0089,5.9911,2832.87,0.00,0,0,0.00,0.00,10420,8256
140452,104.24,150.00,83.98,100.00,6.82,5.50,6.16,0.00,0.00,0.0089,5.9911,2871.06,0.00,0,0,0.00,0.00,10897,9357
140652,103.18,100.00,87.98,100.00,6.75,5.76,6.26,0.00,0.00,0.0089,5.9911,2849.59,0.00,0,0,0.00,0.00,10629,10628
140852,114.89,150.00,90.99,100.00,7.52,5.96,6.74,0.00,0.00,0.0089,5.9911,2885.91,0.00,0,0,0.00,0.00,11082,10554
141052,111.17,100.00,68.24,0.00,7.28,4.47,5.87,0.00,0.00,0.0089,5.9911,2900.79,0.00,0,0,0.00,0.00,11268,10959
141252,120.87,150.00,51.18,0.00,7.91,3.35,5.63,0.00,0.00,0.0089,5.9911,2901.76,0.00,0,0,0.00,0.00,11280,11208
141452,128.16,150.00,38.39,0.00,8.39,2.51,5.45,0.00,0.00,0.0089,5.9911,3039.07,0.00,0,0,0.00,0.00,12995,11268
141652,121.12,100.00,28.79,0.00,7.93,1.88,4.91,0.00,0.00,0.0089,5.9911,2958.40,0.00,0,0,0.00,0.00,11988,11608
141852,128.34,150.00,21.59,0.00,8.40,1.41,4.91,0.00,0.00,0.0089,5.9911,2896.88,0.00,0,0,0.00,0.00,12079,12286
142052,133.75,150.00,16.19,0.00,8.75,1.06,4.91,0.00,0.00,0.0089,5.9911,2879.68,0.00,0,0,0.00,0.00,11990,12231
142252,137.81,150.00,12.15,0.00,9.02,0.79,4.91,0.00,0.00,0.0089,5.9911,2898.24,0.00,0,0,0.00,0.00,11390,11594
142452,140.86,150.00,9.11,0.00,9.22,0.60,4.91,0.00,0.00,0.0089,5.9911,2941.79,0.00,0,0,0.00,0.00,11780,11452
142652,143.15,150.00,6.83,0.00,9.37,0.45,4.91,0.00,0.00,0.0089,5.9911,2910.56,0.00,0,0,0.00,0.00,11719,11898
142852,144.86,150.00,5.12,0.00,9.48,0.34,4.91,0.00,0.00,0.0089,5.9911,2897.76,0.00,0,0,0.00,0.00,11416,11621
143052,146.14,150.00,3.84,0.00,9.57,0.25,4.91,0.00,0.00,0.0089,5.9911,2929.15,0.00,0,0,0.00,0.00,11622,11500
143252,147.11,150.00,2.88,0.00,9.63,0.19,4.91,0.00,0.00,0.0089,5.9911,2905.38,0.00,0,0,0.00,0.00,11653,11843
143452,135.33,100.00,2.16,0.00,8.86,0.14,4.50,0.00,0.00,0.0089,5.9911,2872.55,0.00,0,0,0.00,0.00,11147,11402
143652,139.00,150.00,1.62,0.00,9.10,0.11,4.60,0.00,0.00,0.0089,5.9911,2947.80,0.00,0,0,0.00,0.00,11855,11257
143852,141.75,150.00,1.22,0.00,9.28,0.08,4.68,0.00,0.00,0.0089,5.9911,2918.14,0.00,0,0,0.00,0.00,11485,11646
144052,143.81,150.00,0.91,0.00,9.41,0.06,4.74,0.00,0.00,0.0089,5.9911,2900.87,0.00,0,0,0.00,0.00,11719,11918
144252,145.36,150.00,0.68,0.00,9.51,0.04,4.78,0.00,0.00,0.0089,5.9911,2745.86,0.00,0,0,0.00,0.00,11280,11789
144452,146.52,149.99,0.51,0.00,9.59,0.03,4.81,0.00,0.00,0.0089,5.9911,2870.30,0.00,0,0,0.00,0.00,10887,10724
144652,147.39,150.01,0.38,0.00,9.65,0.03,4.84,0.00,0.00,0.0089,5.9911,2946.88,0.00,0,0,0.00,0.00,11844,10977
144852,135.54,100.00,0.29,0.00,8.87,0.02,4.45,0.00,0.00,0.0089,5.9911,2912.64,0.00,0,0,0.00,0.00,11416,11304
145052,139.16,150.00,0.22,0.00,9.11,0.01,4.56,0.00,0.00,0.0089,5.9911,2898.62,0.00,0,0,0.00,0.00,11241,11422
145252,141.87,150.00,0.16,0.00,9.29,0.01,4.65,0.00,0.00,0.0089,5.9911,2860.87,0.00,0,0,0.00,0.00,10996,11275
145452,143.90,150.00,0.12,0.00,9.42,0.01,4.71,0.00,0.00,0.0089,5.9911,2879.43,0.00,0,0,0.00,0.00,11001,11042
145652,132.93,100.00,0.09,0.00,8.70,0.01,4.35,0.00,0.00,0.0089,5.9911,2863.04,0.00,0,0,0.00,0.00,10797,10946
145852,137.19,150.00,50.07,200.00,8.98,3.28,6.13,0.00,0.00,0.0089,5.9911,2857.82,0.00,0,0,0.00,0.00,10732,10559
146052,140.40,150.00,37.55,0.00,9.19,2.46,5.82,0.00,0.00,0.0089,5.9911,2884.16,0.00,0,0,0.00,0.00,11060,10864
146252,130.30,100.00,28.16,0.00,8.53,1.84,5.19,0.00,0.00,0.0089,5.9911,2866.47,0.00,0,0,0.00,0.00,10840,10655
146452,135.22,150.00,21.12,0.00,8.85,1.38,5.12,0.00,0.00,0.0089,5.9911,2887.71,0.00,0,0,0.00,0.00,11105,10946
146652,138.92,150.00,15.84,0.00,9.09,1.04,5.06,0.00,0.00,0.0089,5.9911,2867.93,0.00,0,0,0.00,0.00,10858,10688
146852,129.19,100.00,11.88,0.00,8.46,0.78,4.62,0.00,0.00,0.0089,5.9911,2893.42,0.00,0,0,0.00,0.00,11176,10814
147052,134.39,150.00,8.91,0.00,8.80,0.58,4.69,0.00,0.00,0.0089,5.9911,2863.87,0.00,0,0,0.00,0.00,10807,11006
147252,138.29,150.00,6.68,0.00,9.05,0.44,4.74,0.00,0.00,0.0089,5.9911,2826.16,0.00,0,0,0.00,0.00,10336,10449
147452,128.72,100.00,5.01,0.00,8.42,0.33,4.38,0.00,0.00,0.0089,5.9911,2863.20,0.00,0,0,0.00,0.00,10799,10678
147652,134.04,150.00,3.76,0.00,8.77,0.25,4.51,0.00,0.00,0.0089,5.9911,2825.89,0.00,0,0,0.00,0.00,10333,10414
147852,138.03,150.00,2.82,0.00,9.03,0.18,4.61,0.00,0.00,0.0089,5.9911,2810.60,0.00,0,0,0.00,0.00,10142,10172
148052,128.52,100.00,2.11,0.00,8.41,0.14,4.28,0.00,0.00,0.0089,5.9911,2804.34,0.00,0,0,0.00,0.00,10064,10077
148252,133.89,150.00,1.59,0.00,8.76,0.10,4.43,0.00,0.00,0.0089,5.9911,2801.78,0.00,0,0,0.00,0.00,10032,10035
148452,125.42,100.00,1.19,0.00,8.21,0.08,4.14,0.00,0.00,0.0089,5.9911,2800.73,0.00,0,0,0.00,0.00,10019,10021
148652,131.56,150.00,0.89,0.00,8.61,0.06,4.33,0.00,0.00,0.0089,5.9911,2760.30,0.00,0,0,0.00,0.00,9534,10014
148852,123.67,100.00,0.67,0.00,8.09,0.04,4.07,0.00,0.00,0.0089,5.9911,2718.14,0.00,0,0,0.00,0.00,8987,9372
149052,117.75,100.00,0.50,0.00,7.71,0.03,3.87,0.00,0.00,0.0089,5.9911,2555.91,0.00,0,0,0.00,0.00,7201,8090
149252,113.32,100.00,37.88,150.00,7.42,2.48,4.95,0.00,0.00,0.0089,5.9911,2524.34,0.00,0,0,0.00,0.00,6567,6472
149452,109.99,100.00,90.91,250.00,7.20,5.95,6.57,0.00,0.00,0.0089,5.9911,2626.61,0.00,0,0,0.00,0.00,7844,6545
149652,107.49,100.00,68.18,0.00,7.04,4.46,5.75,0.00,0.00,0.0089,5.9911,2671.38,0.00,0,0,0.00,0.00,8403,7169
149852,105.62,100.00,51.14,0.00,6.91,3.35,5.13,0.00,0.00,0.0089,5.9911,2669.24,0.00,0,0,0.00,0.00,8377,7969
150052,104.21,100.00,38.35,0.00,6.82,2.51,4.67,0.00,0.00,0.0089,5.9911,2668.36,0.00,0,0,0.00,0.00,8366,7977
150252,103.16,100.00,28.76,0.00,6.75,1.88,4.32,0.00,0.00,0.0089,5.9911,2660.00,0.00,0,0,0.00,0.00,8261,8097
150452,102.37,100.00,21.57,0.00,6.70,1.41,4.06,0.00,0.00,0.0089,5.9911,2664.58,0.00,0,0,0.00,0.00,8318,7950
150652,101.78,100.00,16.18,0.00,6.66,1.06,3.86,0.00,0.00,0.0089,5.9911,2658.45,0.00,0,0,0.00,0.00,8242,8059
150852,101.33,100.00,12.13,0.00,6.63,0.79,3.71,0.00,0.00,0.0089,5.9911,2621.81,0.00,0,0,0.00,0.00,7784,8019
151052,101.00,100.00,284.10,1100.00,6.61,18.59,12.60,0.00,0.00,0.0089,5.9911,2640.93,0.00,0,0,0.00,0.00,8023,7730
151252,100.75,100.00,213.08,0.00,6.59,13.95,10.27,0.00,0.00,0.0089,5.9911,2669.25,0.00,0,0,0.00,0.00,8377,8137
151452,113.06,150.00,159.81,0.00,7.40,10.46,8.93,0.00,0.00,0.0089,5.9911,2660.36,0.00,0,0,0.00,0.00,8266,8064
151652,109.80,100.00,119.86,0.00,7.19,7.84,7.52,0.00,0.00,0.0089,5.9911,2650.32,0.00,0,0,0.00,0.00,8140,8223
151852,107.35,100.00,89.89,0.00,7.03,5.88,6.45,0.00,0.00,0.0089,5.9911,2673.09,0.00,0,0,0.00,0.00,8425,8360
152052,105.51,100.00,67.42,0.00,6.91,4.41,5.66,0.00,0.00,0.0089,5.9911,2682.42,0.00,0,0,0.00,0.00,8541,8558
152252,104.13,100.00,75.56,100.00,6.82,4.95,5.88,0.00,0.00,0.0089,5.9911,2719.84,0.00,0,0,0.00,0.00,9008,8757
152452,103.10,100.00,56.67,0.00,6.75,3.71,5.23,0.00,0.00,0.0089,5.9911,2670.45,0.00,0,0,0.00,0.00,8392,8773
152652,102.32,100.00,42.50,0.00,6.70,2.78,4.74,0.00,0.00,0.0089,5.9911,2721.34,0.00,0,0,0.00,0.00,9027,8439
152852,114.24,150.00,56.88,100.00,7.48,3.72,5.60,0.00,0.00,0.0089,5.9911,2715.30,0.00,0,0,0.00,0.00,8952,8934
153052,110.68,100.00,42.66,0.00,7.24,2.79,5.02,0.00,0.00,0.0089,5.9911,2707.71,0.00,0,0,0.00,0.00,8857,9122
153252,108.01,100.00,56.99,100.00,7.07,3.73,5.40,0.00,0.00,0.0089,5.9911,2701.72,0.00,0,0,0.00,0.00,8782,8612
153452,106.01,100.00,42.75,0.00,6.94,2.80,4.87,0.00,0.00,0.0089,5.9911,2727.74,0.00,0,0,0.00,0.00,9107,9207
153652,104.51,100.00,44.56,50.00,6.84,2.92,4.88,0.00,0.00,0.0089,5.9911,2709.24,0.00,0,0,0.00,0.00,8876,8908
153852,115.88,150.00,58.42,100.00,7.58,3.82,5.70,0.00,0.00,0.0089,5.9911,2737.22,0.00,0,0,0.00,0.00,9226,9030
154052,111.91,100.00,56.31,50.00,7.32,3.69,5.51,0.00,0.00,0.0089,5.9911,2193.81,0.00,0,0,0.00,0.00,7587,9200
154252,108.93,100.00,67.24,100.00,7.13,4.40,5.77,0.00,0.00,0.0089,5.9911,2536.66,0.00,0,0,0.00,0.00,6721,7410
154452,106.70,100.00,50.43,0.00,6.98,3.30,5.14,0.00,0.00,0.0089,5.9911,2732.14,0.00,0,0,0.00,0.00,9162,6913
154652,105.02,100.00,37.82,0.00,6.87,2.48,4.67,0.00,0.00,0.0089,5.9911,2772.20,0.00,0,0,0.00,0.00,9662,7708
154852,103.77,100.00,53.37,100.00,6.79,3.49,5.14,0.00,0.00,0.0089,5.9911,2723.01,0.00,0,0,0.00,0.00,9048,8964
155052,115.33,150.00,40.02,0.00,7.55,2.62,5.08,0.00,0.00,0.0089,5.9911,2728.58,0.00,0,0,0.00,0.00,9118,9185
155252,111.49,100.00,55.02,100.00,7.30,3.60,5.45,0.00,0.00,0.0089,5.9911,2457.00,0.00,0,0,0.00,0.00,6708,7794
155452,108.62,100.00,66.26,100.00,7.11,4.34,5.72,0.00,0.00,0.0089,5.9911,2099.51,0.00,0,0,0.00,0.00,4768,6569
155652,106.47,100.00,49.70,0.00,6.97,3.25,5.11,0.00,0.00,0.0089,5.9911,2368.43,0.00,0,0,0.00,0.00,4620,4912
155852,92.35,50.00,37.27,0.00,6.04,2.44,4.24,0.00,0.00,0.0089,5.9911,2387.07,0.00,0,0,0.00,0.00,4853,4757
156052,94.26,100.00,27.95,0.00,6.17,1.83,4.00,0.00,0.00,0.0089,5.9911,2394.70,0.00,0,0,0.00,0.00,4948,4930
156252,83.20,50.00,20.97,0.00,5.45,1.37,3.41,0.00,0.00,0.0089,5.9911,2337.35,0.00,0,0,0.00,0.00,4232,4660
156452,87.40,100.00,15.72,0.00,5.72,1.03,3.37,0.00,0.00,0.0089,5.9911,2308.74,0.00,0,0,0.00,0.00,3875,4214
156652,78.05,50.00,11.79,0.00,5.11,0.77,2.94,0.00,0.00,0.0089,5.9911,2322.62,0.00,0,0,0.00,0.00,4048,4317
156852,83.54,100.00,8.85,0.00,5.47,0.58,3.02,0.00,0.00,0.0089,5.9911,2336.31,0.00,0,0,0.00,0.00,4219,4292
157052,75.15,50.00,6.63,0.00,4.92,0.43,2.68,0.00,0.00,0.0089,5.9911,2413.91,0.00,0,0,0.00,0.00,5188,4525
157252,68.86,50.00,4.98,0.00,4.51,0.33,2.42,0.00,0.00,0.0089,5.9911,2503.30,0.00,0,0,0.00,0.00,6304,4983
157452,76.65,100.00,3.73,0.00,5.02,0.24,2.63,0.00,0.00,0.0089,5.9911,2474.31,0.00,0,0,0.00,0.00,5942,5744
157652,69.99,50.00,2.80,0.00,4.58,0.18,2.38,0.00,0.00,0.0089,5.9911,2496.04,0.00,0,0,0.00,0.00,6214,6035
157852,77.49,100.00,2.10,0.00,5.07,0.14,2.60,0.00,0.00,0.0089,5.9911,2534.38,0.00,0,0,0.00,0.00,6693,6190
158052,83.12,100.00,1.57,0.00,5.44,0.10,2.77,0.00,0.00,0.0089,5.9911,2633.60,0.00,0,0,0.00,0.00,7932,6377
158252,87.34,100.00,1.18,0.00,5.72,0.08,2.90,0.00,0.00,0.0089,5.9911,2679.36,0.00,0,0,0.00,0.00,8503,6714
158452,90.50,100.00,0.89,0.00,5.92,0.06,2.99,0.00,0.00,0.0089,5.9911,2698.11,0.00,0,0,0.00,0.00,8737,7767
158652,92.88,100.00,0.66,0.00,6.08,0.04,3.06,0.00,0.00,0.0089,5.9911,2692.66,0.00,0,0,0.00,0.00,8669,8672
158852,94.66,100.00,0.50,0.00,6.20,0.03,3.11,0.00,0.00,0.0089,5.9911,2756.04,0.00,0,0,0.00,0.00,9460,9096
159052,108.49,150.00,0.37,0.00,7.10,0.02,3.56,0.00,0.00,0.0089,5.9911,2749.99,0.00,0,0,0.00,0.00,9385,9635
159252,106.37,100.00,0.28,0.00,6.96,0.02,3.49,0.00,0.00,0.0089,5.9911,2805.12,0.00,0,0,0.00,0.00,10073,9624
159452,104.78,100.00,0.21,0.00,6.86,0.01,3.44,0.00,0.00,0.0089,5.9911,2802.10,0.00,0,0,0.00,0.00,10036,10028
159652,116.08,150.00,0.16,0.00,7.60,0.01,3.80,0.00,0.00,0.0089,5.9911,2800.86,0.00,0,0,0.00,0.00,10020,10022
159852,112.06,100.00,25.12,100.00,7.33,1.64,4.49,0.00,0.00,0.0089,5.9911,2852.83,0.00,0,0,0.00,0.00,10669,10371
160052,121.55,150.00,18.84,0.00,7.96,1.23,4.59,0.00,0.00,0.0089,5.9911,2853.64,0.00,0,0,0.00,0.00,10679,10432
160252,128.66,150.00,14.13,0.00,8.42,0.92,4.67,0.00,0.00,0.0089,5.9911,2853.97,0.00,0,0,0.00,0.00,10683,10517
160452,121.50,100.00,10.60,0.00,7.95,0.69,4.32,0.00,0.00,0.0089,5.9911,2887.71,0.00,0,0,0.00,0.00,11105,10754
160652,128.62,150.00,7.95,0.00,8.42,0.52,4.47,0.00,0.00,0.0089,5.9911,2901.52,0.00,0,0,0.00,0.00,11277,10969
160852,133.97,150.00,5.96,0.00,8.77,0.39,4.58,0.00,0.00,0.0089,5.9911,2873.58,0.00,0,0,0.00,0.00,10928,10807
161052,125.47,100.00,4.47,0.00,8.21,0.29,4.25,0.00,0.00,0.0089,5.9911,2855.74,0.00,0,0,0.00,0.00,10706,10953
161252,131.61,150.00,3.35,0.00,8.61,0.22,4.42,0.00,0.00,0.0089,5.9911,2854.14,0.00,0,0,0.00,0.00,10686,10692
161452,136.20,150.00,2.51,0.00,8.91,0.16,4.54,0.00,0.00,0.0089,5.9911,2618.53,0.00,0,0,0.00,0.00,8772,9535
161652,127.15,100.00,1.89,0.00,8.32,0.12,4.22,0.00,0.00,0.0089,5.9911,2883.75,0.00,0,0,0.00,0.00,11055,8805
161852,132.86,150.00,1.41,0.00,8.70,0.09,4.39,0.00,0.00,0.0089,5.9911,2998.46,0.00,0,0,0.00,0.00,12488,9944
162052,137.15,150.00,1.06,0.00,8.98,0.07,4.52,0.00,0.00,0.0089,5.9911,2999.37,0.00,0,0,0.00,0.00,12499,10451
162252,127.86,100.00,0.80,0.00,8.37,0.05,4.21,0.00,0.00,0.0089,5.9911,2999.74,0.00,0,0,0.00,0.00,12504,11205
162452,133.40,150.00,0.60,0.00,8.73,0.04,4.38,0.00,0.00,0.0089,5.9911,2999.89,0.00,0,0,0.00,0.00,12506,12052
162652,137.55,150.00,0.45,0.00,9.00,0.03,4.52,0.00,0.00,0.0089,5.9911,2999.96,0.00,0,0,0.00,0.00,12506,12505
162852,140.66,150.00,0.34,0.00,9.21,0.02,4.61,0.00,0.00,0.0089,5.9911,2999.98,0.00,0,0,0.00,0.00,12507,12507
163052,155.50,200.00,0.25,0.00,10.18,0.02,5.10,0.00,0.00,0.0089,5.9911,3020.47,0.00,0,0,0.00,0.00,12779,12739
163252,154.12,150.00,0.19,0.00,10.09,0.01,5.05,0.00,0.00,0.0089,5.9911,3041.09,0.00,0,0,0.00,0.00,13020,12856
163452,153.09,150.00,0.14,0.00,10.02,0.01,5.01,0.00,0.00,0.0089,5.9911,3048.83,0.00,0,0,0.00,0.00,13182,13085
163652,152.32,150.00,0.11,0.00,9.97,0.01,4.99,0.00,0.00,0.0089,5.9911,3045.60,0.00,0,0,0.00,0.00,13474,13383
163852,164.24,200.00,0.08,0.00,10.75,0.01,5.38,0.00,0.00,0.0089,5.9911,3018.68,0.00,0,0,0.00,0.00,13653,13616
164052,160.68,150.00,0.06,0.00,10.52,0.00,5.26,0.00,0.00,0.0089,5.9911,3060.13,0.00,0,0,0.00,0.00,13934,13814
164252,170.51,200.00,0.04,0.00,11.16,0.00,5.58,0.00,0.00,0.0089,5.9911,3168.31,0.00,0,0,0.00,0.00,14609,14253
164452,177.88,200.00,0.03,0.00,11.64,0.00,5.82,0.00,0.00,0.0089,5.9911,3239.50,0.00,0,0,0.00,0.00,15498,14765
164652,183.41,200.00,0.03,0.00,12.00,0.00,6.00,0.00,0.00,0.0089,5.9911,3294.26,0.00,0,0,0.00,0.00,16478,15890
164852,187.56,200.00,0.02,0.00,12.28,0.00,6.14,0.00,0.00,0.0089,5.9911,3324.69,0.00,0,0,0.00,0.00,17470,16821
165052,190.67,200.00,0.01,0.00,12.48,0.00,6.24,0.00,0.00,0.0089,5.9911,3343.55,0.00,0,0,0.00,0.00,18441,17754
165252,205.50,250.00,0.01,0.00,13.45,0.00,6.73,0.00,0.00,0.0089,5.9911,3316.40,0.00,0,0,0.00,0.00,19299,18667
165452,216.63,250.00,0.01,0.00,14.18,0.00,7.09,0.00,0.00,0.0089,5.9911,3365.76,0.00,0,0,0.00,0.00,19906,19175
165652,224.97,250.00,0.01,0.00,14.72,0.00,7.36,0.00,0.00,0.0089,5.9911,3405.49,0.00,0,0,0.00,0.00,20160,19350
165852,231.23,250.00,0.00,0.00,15.13,0.00,7.57,0.00,0.00,0.0089,5.9911,3442.25,0.00,0,0,0.00,0.00,20751,19867
166052,235.92,250.00,0.00,0.00,15.44,0.00,7.72,0.00,0.00,0.0089,5.9911,3442.91,0.00,0,0,0.00,0.00,21867,20982
166252,251.94,300.00,0.00,0.00,16.49,0.00,8.24,0.00,0.00,0.0089,5.9911,3385.57,0.00,0,0,0.00,0.00,22830,22059
166452,251.46,250.00,0.00,0.00,16.46,0.00,8.23,0.00,0.00,0.0089,5.9911,3308.01,0.00,0,0,0.00,0.00,23504,22888
166652,263.59,300.00,0.00,0.00,17.25,0.00,8.63,0.00,0.00,0.0089,5.9911,3218.64,0.00,0,0,0.00,0.00,24266,23829
166852,272.69,300.00,0.00,0.00,17.85,0.00,8.92,0.00,0.00,0.0089,5.9911,3142.04,0.00,0,0,0.00,0.00,24678,24394
167052,279.52,300.00,0.00,0.00,18.29,0.00,9.15,0.00,0.00,0.0089,5.9911,3078.66,0.00,0,0,0.00,0.00,25183,25026
167252,284.64,300.00,0.00,0.00,18.63,0.00,9.31,0.00,0.00,0.0089,5.9911,3064.22,0.00,0,0,0.00,0.00,25514,25386
167452,288.48,300.00,0.00,0.00,18.88,0.00,9.44,0.00,0.00,0.0089,5.9911,3026.30,0.00,0,0,0.00,0.00,25705,25653
167652,291.36,300.00,0.00,0.00,19.07,0.00,9.53,0.00,0.00,0.0089,5.9911,3010.77,0.00,0,0,0.00,0.00,25795,25774
167852,293.52,300.00,0.00,0.00,19.21,0.00,9.61,0.00,0.00,0.0089,5.9911,3064.89,0.00,0,0,0.00,0.00,26084,25955
168052,307.64,350.00,0.00,0.00,20.13,0.00,10.07,0.00,0.00,0.0089,5.9911,3052.18,0.00,0,0,0.00,0.00,26371,26267
168252,305.73,300.00,0.00,0.00,20.01,0.00,10.00,0.00,0.00,0.0089,5.9911,3073.85,0.00,0,0,0.00,0.00,26806,26659
168452,316.80,350.00,0.00,0.00,20.73,0.00,10.37,0.00,0.00,0.0089,5.9911,3050.73,0.00,0,0,0.00,0.00,27141,27040
168652,312.60,300.00,0.00,0.00,20.46,0.00,10.23,0.00,0.00,0.0089,5.9911,3073.26,0.00,0,0,0.00,0.00,27483,27337
168852,321.95,350.00,0.00,0.00,21.07,0.00,10.54,0.00,0.00,0.0089,5.9911,3055.61,0.00,0,0,0.00,0.00,27809,27698
169052,328.96,350.00,0.00,0.00,21.53,0.00,10.77,0.00,0.00,0.0089,5.9911,3048.38,0.00,0,0,0.00,0.00,28071,27975
169252,334.22,350.00,0.00,0.00,21.87,0.00,10.94,0.00,0.00,0.0089,5.9911,3051.82,0.00,0,0,0.00,0.00,28329,28226
169452,338.17,350.00,0.00,0.00,22.13,0.00,11.07,0.00,0.00,0.0089,5.9911,3041.70,0.00,0,0,0.00,0.00,28647,28564
169652,341.12,350.00,0.00,0.00,22.33,0.00,11.16,0.00,0.00,0.0089,5.9911,3042.68,0.00,0,0,0.00,0.00,28889,28804
169852,355.84,400.00,25.00,100.00,23.29,1.64,12.46,0.00,0.00,0.0089,5.9911,3017.48,0.00,0,0,0.00,0.00,29043,29009
170052,354.38,350.00,18.75,0.00,23.19,1.23,12.21,0.00,0.00,0.0089,5.9911,3034.71,0.00,0,0,0.00,0.00,29154,29085
170252,353.29,350.00,14.06,0.00,23.12,0.92,12.02,0.00,0.00,0.0089,5.9911,2934.22,1.00,0,0,0.00,0.00,0,29214
170452,352.47,350.00,35.55,100.00,23.07,2.33,12.70,0.00,0.00,0.0089,5.9911,2757.38,1.00,0,0,0.00,0.00,0,26900
170652,326.85,250.00,201.66,700.00,21.39,13.20,17.30,0.00,0.00,0.0089,5.9911,2683.98,1.00,0,0,0.00,0.00,0,21338
170852,307.64,250.00,151.25,0.00,20.13,9.90,15.02,0.00,0.00,0.0089,5.9911,2700.00,1.00,0,0,0.00,0.00,0,18721
171052,280.73,200.00,188.44,300.01,18.37,12.33,15.35,0.00,0.00,0.0089,5.9911,2146.56,1.00,0,0,0.00,0.00,0,14394
171252,248.05,150.00,141.33,0.00,16.23,9.25,12.74,0.00,0.00,0.0089,5.9911,2474.75,1.00,0,0,0.00,0.00,0,13511
171452,211.03,100.00,143.49,150.00,13.81,9.39,11.60,0.00,0.00,0.0089,5.9911,2424.22,1.00,0,0,0.00,0.00,0,9560
171652,170.78,50.00,132.62,100.00,11.18,8.68,9.93,0.00,0.00,0.0089,5.9911,2251.84,1.00,0,0,0.00,0.00,0,6234
171852,140.58,50.00,99.47,0.00,9.20,6.51,7.86,0.00,0.00,0.0089,5.9911,2163.63,1.00,0,0,0.00,0.00,0,1284
172052,105.44,0.00,87.10,50.00,6.90,5.70,6.30,0.00,0.00,0.0089,5.9911,2124.62,1.00,0,0,0.00,0.00,0,0
172252,79.08,0.00,65.32,0.00,5.18,4.28,4.73,0.00,0.00,0.0089,5.9911,2103.53,1.00,0,0,0.00,0.00,0,0
172452,59.31,0.00,48.99,0.00,3.88,3.21,3.54,0.00,0.00,0.0089,5.9911,2094.88,0.00,0,0,0.00,0.00,1204,0
172652,44.48,0.00,36.74,0.00,2.91,2.40,2.66,0.00,0.00,0.0089,5.9911,2136.47,0.00,0,0,0.00,0.00,1724,290
172852,33.36,0.00,27.56,0.00,2.18,1.80,1.99,0.00,0.00,0.0089,5.9911,2324.06,0.00,0,0,0.00,0.00,4066,1371
173052,25.02,0.00,20.67,0.00,1.64,1.35,1.50,0.00,0.00,0.0089,5.9911,2421.37,0.00,0,0,0.00,0.00,5281,3183
173252,18.77,0.00,15.50,0.00,1.23,1.01,1.12,0.00,0.00,0.0089,5.9911,2434.35,0.00,0,0,0.00,0.00,5444,3718
173452,14.07,0.00,11.63,0.00,0.92,0.76,0.84,0.00,0.00,0.0089,5.9911,2434.55,0.00,0,0,0.00,0.00,5446,4567
173652,10.56,0.00,8.72,0.00,0.69,0.57,0.63,0.00,0.00,0.0089,5.9911,2348.55,0.00,0,0,0.00,0.00,4372,5327
173852,20.42,50.00,6.54,0.00,1.34,0.43,0.88,0.00,0.00,0.0089,5.9911,2354.59,0.00,0,0,0.00,0.00,4447,4457
174052,15.31,0.00,4.90,0.00,1.00,0.32,0.66,0.00,0.00,0.0089,5.9911,2453.40,0.00,0,0,0.00,0.00,5681,4687
174252,23.98,50.00,3.68,0.00,1.57,0.24,0.91,0.00,0.00,0.0089,5.9911,2447.47,0.00,0,0,0.00,0.00,5607,5114
174452,17.99,0.00,77.76,300.00,1.18,5.09,3.13,0.00,0.00,0.0089,5.9911,2439.93,0.00,0,0,0.00,0.00,5513,5636
174652,25.99,50.00,58.32,0.00,1.70,3.82,2.76,0.00,0.00,0.0089,5.9911,2579.55,0.00,0,0,0.00,0.00,7257,5625
174852,44.49,100.00,93.74,200.00,2.91,6.14,4.52,0.00,0.00,0.0089,5.9911,2770.19,0.00,0,0,0.00,0.00,9637,6926
175052,58.37,100.00,95.30,100.00,3.82,6.24,5.03,0.00,0.00,0.0089,5.9911,2827.79,0.00,0,0,0.00,0.00,10357,8688
175252,68.78,100.00,71.48,0.00,4.50,4.68,4.59,0.00,0.00,0.0089,5.9911,2948.98,0.00,0,0,0.00,0.00,11870,9432
175452,89.08,150.00,53.61,0.00,5.83,3.51,4.67,0.00,0.00,0.0089,5.9911,3044.70,0.00,0,0,0.00,0.00,13065,9742
175652,104.31,150.00,40.21,0.00,6.83,2.63,4.73,0.00,0.00,0.0089,5.9911,3228.87,0.00,0,0,0.00,0.00,15365,10385
175852,115.73,150.00,30.15,0.00,7.57,1.97,4.77,0.00,0.00,0.0089,5.9911,3329.91,0.00,0,0,0.00,0.00,16627,11984
176052,136.80,200.00,47.62,100.00,8.95,3.12,6.04,0.00,0.00,0.0089,5.9911,3371.29,0.00,0,0,0.00,0.00,17143,14402
176252,140.10,150.00,85.71,200.00,9.17,5.61,7.39,0.00,0.00,0.0089,5.9911,3295.76,0.00,0,0,0.00,0.00,16200,14194
176452,155.08,200.00,114.28,200.00,10.15,7.48,8.81,0.00,0.00,0.0089,5.9911,3526.90,0.00,0,0,0.00,0.00,19087,12721
176652,166.31,200.00,85.71,0.00,10.88,5.61,8.25,0.00,0.00,0.0089,5.9911,3728.14,0.00,0,0,0.00,0.00,20000,13034
176852,174.73,200.00,64.28,0.00,11.44,4.21,7.82,0.00,0.00,0.0089,5.9911,3770.57,0.00,0,0,0.00,0.00,20000,13963
177052,193.55,250.00,48.21,0.00,12.67,3.16,7.91,0.00,0.00,0.0089,5.9911,3747.94,0.00,0,0,0.00,0.00,20000,15728
177252,195.16,200.00,36.16,0.00,12.77,2.37,7.57,0.00,0.00,0.0089,5.9911,3673.08,0.00,0,0,0.00,0.00,20000,16014
177452,208.87,250.00,27.12,0.00,13.67,1.78,7.72,0.00,0.00,0.0089,5.9911,3511.85,0.00,0,0,0.00,0.00,18899,16320
177652,206.65,200.00,20.34,0.00,13.53,1.33,7.43,0.00,0.00,0.0089,5.9911,3531.90,0.00,0,0,0.00,0.00,19149,17419
177852,217.49,250.00,15.26,0.00,14.23,1.00,7.62,0.00,0.00,0.0089,5.9911,3514.50,0.00,0,0,0.00,0.00,19889,18860
178052,225.62,250.00,11.44,0.00,14.77,0.75,7.76,0.00,0.00,0.0089,5.9911,3446.90,0.00,0,0,0.00,0.00,20722,19829
178252,231.71,250.00,8.58,0.00,15.17,0.56,7.86,0.00,0.00,0.0089,5.9911,3393.61,0.00,0,0,0.00,0.00,21759,20972
178452,248.78,300.00,6.44,0.00,16.28,0.42,8.35,0.00,0.00,0.0089,5.9911,3344.90,0.00,0,0,0.00,0.00,22673,21984
178652,249.09,250.00,4.83,0.00,16.30,0.32,8.31,0.00,0.00,0.0089,5.9911,3251.35,0.00,0,0,0.00,0.00,23311,22809
178852,261.82,300.00,3.62,0.00,17.14,0.24,8.69,0.00,0.00,0.0089,5.9911,3181.03,0.00,0,0,0.00,0.00,24072,23710
179052,271.36,300.00,27.72,100.00,17.76,1.81,9.79,0.00,0.00,0.0089,5.9911,3160.23,0.00,0,0,0.00,0.00,24597,24277
179252,266.02,250.00,20.79,0.00,17.41,1.36,9.39,0.00,0.00,0.0089,5.9911,3097.63,0.00,0,0,0.00,0.00,24752,24557
179452,287.02,350.00,15.59,0.00,18.79,1.02,9.90,0.00,0.00,0.0089,5.9911,3132.47,0.00,0,0,0.00,0.00,25317,25053
179652,290.26,300.00,11.69,0.00,19.00,0.77,9.88,0.00,0.00,0.0089,5.9911,3079.86,0.00,0,0,0.00,0.00,25709,25550
179852,292.70,300.00,8.77,0.00,19.16,0.57,9.87,0.00,0.00,0.0089,5.9911,3098.31,0.00,0,0,0.00,0.00,26124,25928
180052,294.52,300.00,6.58,0.00,19.28,0.43,9.85,0.00,0.00,0.0089,5.9911,3080.27,0.00,0,0,0.00,0.00,26470,26310
180252,308.39,350.00,4.93,0.00,20.18,0.32,10.25,0.00,0.00,0.0089,5.9911,3064.88,0.00,0,0,0.00,0.00,26769,26640
180452,306.29,300.00,28.70,100.00,20.05,1.88,10.96,0.00,0.00,0.0089,5.9911,3092.17,0.00,0,0,0.00,0.00,27190,27006
180652,317.22,350.00,21.52,0.00,20.76,1.41,11.09,0.00,0.00,0.0089,5.9911,3063.35,0.00,0,0,0.00,0.00,27464,27338
180852,325.42,350.00,16.14,0.00,21.30,1.06,11.18,0.00,0.00,0.0089,5.9911,3065.95,0.00,0,0,0.00,0.00,27758,27627
181052,331.56,350.00,12.11,0.00,21.70,0.79,11.25,0.00,0.00,0.0089,5.9911,3067.01,0.00,0,0,0.00,0.00,28024,27890
181252,336.17,349.99,9.08,0.00,22.00,0.59,11.30,0.00,0.00,0.0089,5.9911,3067.45,0.00,0,0,0.00,0.00,28253,28119
181452,339.63,350.02,6.81,0.00,22.23,0.45,11.34,0.00,0.00,0.0089,5.9911,3067.63,0.00,0,0,0.00,0.00,28527,28392
181652,342.22,349.99,5.11,0.00,22.40,0.33,11.37,0.00,0.00,0.0089,5.9911,3027.70,0.00,0,0,0.00,0.00,28712,28657
181852,344.17,350.01,3.83,0.00,22.53,0.25,11.39,0.00,0.00,0.0089,5.9911,3051.35,0.00,0,0,0.00,0.00,28901,28799
182052,345.63,350.00,2.87,0.00,22.62,0.19,11.40,0.00,0.00,0.0089,5.9911,3027.43,0.00,0,0,0.00,0.00,28967,28913
182252,359.22,399.99,2.15,0.00,23.51,0.14,11.83,0.00,0.00,0.0089,5.9911,3011.24,0.00,0,0,0.00,0.00,29076,29054
182452,356.91,350.01,1.62,0.00,23.36,0.11,11.73,0.00,0.00,0.0089,5.9911,3004.60,0.00,0,0,0.00,0.00,29127,29118
182652,355.19,350.00,1.21,0.00,23.25,0.08,11.66,0.00,0.00,0.0089,5.9911,3062.37,0.00,0,0,0.00,0.00,29399,29275
182852,366.39,400.00,25.91,100.00,23.98,1.70,12.84,0.00,0.00,0.0089,5.9911,3065.54,0.00,0,0,0.00,0.00,29683,29552
183052,374.79,400.00,19.43,0.00,24.53,1.27,12.90,0.00,0.00,0.0089,5.9911,3026.85,0.00,0,0,0.00,0.00,29875,29822
183252,368.59,350.00,14.57,0.00,24.12,0.95,12.54,0.00,0.00,0.0089,5.9911,3036.60,0.00,0,0,0.00,0.00,30063,29990
183452,376.45,400.00,10.93,0.00,24.64,0.72,12.68,0.00,0.00,0.0089,5.9911,2934.99,1.00,0,0,0.00,0.00,0,29439
183652,357.33,300.00,83.20,300.00,23.39,5.45,14.42,0.00,0.00,0.0089,5.9911,2737.21,1.00,0,0,0.00,0.00,0,25563
183852,330.50,250.00,124.90,250.00,21.63,8.17,14.90,0.00,0.00,0.0089,5.9911,2616.20,1.00,0,0,0.00,0.00,0,21664
184052,285.38,150.00,131.17,150.00,18.68,8.59,13.63,0.00,0.00,0.0089,5.9911,2318.96,1.00,0,0,0.00,0.00,0,17932
184252,239.03,100.00,148.38,200.00,15.64,9.71,12.68,0.00,0.00,0.0089,5.9911,1849.36,1.00,0,0,0.00,0.00,0,13267
184452,179.27,0.00,111.29,0.00,11.73,7.28,9.51,0.00,0.00,0.0089,5.9911,1433.98,1.00,0,0,0.00,0.00,0,8061
184652,146.96,50.00,95.96,50.00,9.62,6.28,7.95,0.00,0.00,0.0089,5.9911,1222.88,1.00,0,0,0.00,0.00,0,4445
184852,110.22,0.00,71.97,0.00,7.21,4.71,5.96,0.00,0.00,0.0089,5.9911,1306.97,1.00,0,0,0.00,0.00,0,331
185052,82.66,0.00,66.48,50.00,5.41,4.35,4.88,0.00,0.00,0.0089,5.9911,1454.38,1.00,0,0,0.00,0.00,0,0
185252,62.00,0.00,49.86,0.00,4.06,3.26,3.66,0.00,0.00,0.0089,5.9911,1580.35,1.00,0,0,0.00,0.00,0,0
185452,46.50,0.00,37.39,0.00,3.04,2.45,2.75,0.00,0.00,0.0089,5.9911,1657.55,1.00,0,0,0.00,0.00,0,0
185652,34.87,0.00,28.05,0.00,2.28,1.84,2.06,0.00,0.00,0.0089,5.9911,1716.05,1.00,0,0,0.00,0.00,0,0
185852,26.15,0.00,21.03,0.00,1.71,1.38,1.54,0.00,0.00,0.0089,5.9911,1765.62,1.00,0,0,0.00,0.00,0,0
186052,19.62,0.00,15.78,0.00,1.28,1.03,1.16,0.00,0.00,0.0089,5.9911,1785.92,1.00,0,0,0.00,0.00,0,0
186252,14.71,0.00,11.83,0.00,0.96,0.77,0.87,0.00,0.00,0.0089,5.9911,1814.71,1.00,0,0,0.00,0.00,0,0
186452,11.03,0.00,8.87,0.00,0.72,0.58,0.65,0.00,0.00,0.0089,5.9911,1866.51,1.00,0,0,0.00,0.00,0,0
186652,8.28,0.00,6.66,0.00,0.54,0.44,0.49,0.00,0.00,0.0089,5.9911,1892.84,1.00,0,0,0.00,0.00,0,0
186852,6.21,0.00,4.99,0.00,0.41,0.33,0.37,0.00,0.00,0.0089,5.9911,1903.63,1.00,0,0,0.00,0.00,0,0
187052,4.66,0.00,3.74,0.00,0.30,0.25,0.27,0.00,0.00,0.0089,5.9911,1908.05,1.00,0,0,0.00,0.00,0,0
187252,3.49,0.00,2.81,0.00,0.23,0.18,0.21,0.00,0.00,0.0089,5.9911,1909.86,1.00,0,0,0.00,0.00,0,0
187452,2.62,0.00,2.11,0.00,0.17,0.14,0.15,0.00,0.00,0.0089,5.9911,1910.60,1.00,0,0,0.00,0.00,0,0
187652,1.96,0.00,1.58,0.00,0.13,0.10,0.12,0.00,0.00,0.0089,5.9911,1910.90,1.00,0,0,0.00,0.00,0,0
187852,1.47,0.00,1.18,0.00,0.10,0.08,0.09,0.00,0.00,0.0089,5.9911,1779.82,1.00,0,0,0.00,0.00,0,0
188052,1.10,0.00,0.89,0.00,0.07,0.06,0.07,0.00,0.00,0.0089,5.9911,1616.06,1.00,0,0,0.00,0.00,0,0
188252,0.83,0.00,0.67,0.00,0.05,0.04,0.05,0.00,0.00,0.0089,5.9911,1396.02,1.00,0,0,0.00,0.00,0,0
188452,0.62,0.00,0.50,0.00,0.04,0.03,0.04,0.00,0.00,0.0089,5.9911,1208.29,1.00,0,0,0.00,0.00,0,0
188652,0.47,0.00,0.37,0.00,0.03,0.02,0.03,0.00,0.00,0.0089,5.9911,1013.32,1.00,0,0,0.00,0.00,0,0
188852,0.35,0.00,0.28,0.00,0.02,0.02,0.02,0.00,0.00,0.0089,5.9911,855.37,1.00,0,0,0.00,0.00,0,0
189052,0.26,0.00,0.21,0.00,0.02,0.01,0.02,0.00,0.00,0.0089,5.9911,684.12,1.00,0,0,0.00,0.00,0,0
189252,0.20,0.00,0.16,0.00,0.01,0.01,0.01,0.00,0.00,0.0089,5.9911,516.38,1.00,0,0,0.00,0.00,0,0
189452,0.15,0.00,0.12,0.00,0.01,0.01,0.01,0.00,0.00,0.0089,5.9911,375.67,1.00,0,0,0.00,0.00,0,0
189652,0.11,0.00,0.09,0.00,0.01,0.01,0.01,0.00,0.00,0.0089,5.9911,271.95,1.00,0,0,0.00,0.00,0,0
189852,0.08,0.00,0.07,0.00,0.01,0.00,0.00,0.00,0.00,0.0089,5.9911,163.87,1.00,0,0,0.00,0.00,0,0
190052,0.06,0.00,0.05,0.00,0.00,0.00,0.00,0.00,0.00,0.0089,5.9911,99.12,1.00,0,0,0.00,0.00,0,0
190252,0.05,0.00,0.04,0.00,0.00,0.00,0.00,0.00,0.00,0.0089,5.9911,40.60,1.00,0,0,0.00,0.00,0,0
190452,0.03,0.00,0.03,0.00,0.00,0.00,0.00,0.00,0.00,0.0089,5.9911,16.63,1.00,0,0,0.00,0.00,0,0
190652,0.03,0.00,0.02,0.00,0.00,0.00,0.00,0.00,0.00,0.0089,5.9911,6.81,1.00,0,0,0.00,0.00,0,0
190852,0.02,0.00,0.02,0.00,0.00,0.00,0.00,0.00,0.00,0.0089,5.9911,2.79,1.00,0,0,0.00,0.00,0,0
191052,0.01,0.00,0.01,0.00,0.00,0.00,0.00,0.00,0.00,0.0089,5.9911,1.14,1.00,0,0,0.00,0.00,0,0
191252,0.01,0.00,0.01,0.00,0.00,0.00,0.00,0.00,0.00,0.0089,5.9911,0.47,0.00,0,0,0.00,0.00,0,0
191452,0.01,0.00,0.01,0.00,0.00,0.00,0.00,0.00,0.00,0.0089,5.9911,0.19,0.00,0,0,0.00,0.00,0,0
191652,0.01,0.00,0.01,0.00,0.00,0.00,0.00,0.00,0.00,0.0089,5.9911,0.08,0.00,0,0,0.00,0.00,0,0
191852,0.00,0.00,0.00,0.00,0.00,0.00,0.00,0.00,0.00,0.0089,5.9911,0.03,0.00,0,0,0.00,0.00,0,0
192052,0.00,0.00,0.00,0.00,0.00,0.00,0.00,0.00,0.00,0.0089,5.9911,0.01,0.00,0,0,0.00,0.00,0,0
192252,0.00,0.00,0.00,0.00,0.00,0.00,0.00,0.00,0.00,0.0089,5.9911,0.01,0.00,0,0,0.00,0.00,0,0
192452,0.00,0.00,0.00,0.00,0.00,0.00,0.00,0.00,0.00,0.0089,5.9911,0.00,0.00,0,0,0.00,0.00,0,0
192652,0.00,0.00,0.00,0.00,0.00,0.00,0.00,0.00,0.00,0.0089,5.9911,0.00,0.00,0,0,0.00,0.00,0,0
192852,0.00,0.00,0.00,0.00,0.00,0.00,0.00,0.00,0.00,0.0089,5.9911,0.00,0.00,0,0,0.00,0.00,0,0
193052,0.00,0.00,0.00,0.00,0.00,0.00,0.00,0.00,0.00,0.0089,5.9911,0.00,0.00,0,0,0.00,0.00,0,0
193252,0.00,0.00,0.00,0.00,0.00,0.00,0.00,0.00,0.00,0.0089,5.9911,0.00,0.00,0,0,0.00,0.00,0,0
193452,0.00,0.00,0.00,0.00,0.00,0.00,0.00,0.00,0.00,0.0089,5.9911,0.00,0.00,0,0,0.00,0.00,0,0
193652,0.00,0.00,0.00,0.00,0.00,0.00,0.00,0.00,0.00,0.0089,5.9911,0.00,0.00,0,0,0.00,0.00,0,0
193852,0.00,0.00,0.00,0.00,0.00,0.00,0.00,0.00,0.00,0.0089,5.9911,0.00,0.00,0,0,0.00,0.00,0,0
194052,0.00,0.00,0.00,0.00,0.00,0.00,0.00,0.00,0.00,0.0089,5.9911,0.00,0.00,0,0,0.00,0.00,0,0
194252,0.00,0.00,0.00,0.00,0.00,0.00,0.00,0.00,0.00,0.0089,5.9911,0.00,0.00,0,0,0.00,0.00,0,0
194452,0.00,0.00,0.00,0.00,0.00,0.00,0.00,0.00,0.00,0.0089,5.9911,0.00,0.00,0,0,0.00,0.00,0,0
194652,0.00,0.00,0.00,0.00,0.00,0.00,0.00,0.00,0.00,0.0089,5.9911,0.00,0.00,0,0,0.00,0.00,0,0
194852,0.00,0.00,0.00,0.00,0.00,0.00,0.00,0.00,0.00,0.0089,5.9911,0.00,0.00,0,0,0.00,0.00,0,0
195052,0.00,0.00,0.00,0.00,0.00,0.00,0.00,0.00,0.00,0.0089,5.9911,0.00,0.00,0,0,0.00,0.00,0,0
195252,0.00,0.00,0.00,0.00,0.00,0.00,0.00,0.00,0.00,0.0089,5.9911,0.00,0.00,0,0,0.00,0.00,0,0
195452,0.00,0.00,0.00,0.00,0.00,0.00,0.00,0.00,0.00,0.0089,5.9911,0.00,0.00,0,0,0.00,0.00,0,0
195652,0.00,0.00,0.00,0.00,0.00,0.00,0.00,0.00,0.00,0.0089,5.9911,0.00,0.00,0,0,0.00,0.00,0,0
195852,0.00,0.00,0.00,0.00,0.00,0.00,0.00,0.00,0.00,0.0089,5.9911,0.00,0.00,0,0,0.00,0.00,0,0
196052,0.00,0.00,0.00,0.00,0.00,0.00,0.00,0.00,0.00,0.0089,5.9911,0.00,0.00,0,0,0.00,0.00,0,0
196252,0.00,0.00,0.00,0.00,0.00,0.00,0.00,0.00,0.00,0.0089,5.9911,0.00,0.00,0,0,0.00,0.00,0,0
196452,0.00,0.00,0.00,0.00,0.00,0.00,0.00,0.00,0.00,0.0089,5.9911,0.00,0.00,0,0,0.00,0.00,0,0
196652,0.00,0.00,0.00,0.00,0.00,0.00,0.00,0.00,0.00,0.0089,5.9911,0.00,0.00,0,0,0.00,0.00,0,0
196852,0.00,0.00,0.00,0.00,0.00,0.00,0.00,0.00,0.00,0.0089,5.9911,0.00,0.00,0,0,0.00,0.00,0,0
197052,0.00,0.00,0.00,0.00,0.00,0.00,0.00,0.00,0.00,0.0089,5.9911,0.00,0.00,0,0,0.00,0.00,0,0
197252,0.00,0.00,0.00,0.00,0.00,0.00,0.00,0.00,0.00,0.0089,5.9911,0.00,0.00,0,0,0.00,0.00,0,0
197452,0.00,0.00,0.00,0.00,0.00,0.00,0.00,0.00,0.00,0.0089,5.9911,0.00,0.00,0,0,0.00,0.00,0,0
197652,0.00,0.00,0.00,0.00,0.00,0.00,0.00,0.00,0.00,0.0089,5.9911,0.00,0.00,0,0,0.00,0.00,0,0
197852,0.00,0.00,0.00,0.00,0.00,0.00,0.00,0.00,0.00,0.0089,5.9911,0.00,0.00,0,0,0.00,0.00,0,0
198052,0.00,0.00,0.00,0.00,0.00,0.00,0.00,0.00,0.00,0.0089,5.9911,0.00,0.00,0,0,0.00,0.00,0,0
198252,0.00,0.00,0.00,0.00,0.00,0.00,0.00,0.00,0.00,0.0089,5.9911,0.00,0.00,0,0,0.00,0.00,0,0
198452,0.00,0.00,0.00,0.00,0.00,0.00,0.00,0.00,0.00,0.0089,5.9911,0.00,0.00,0,0,0.00,0.00,0,0
198652,0.00,0.00,0.00,0.00,0.00,0.00,0.00,0.00,0.00,0.0089,5.9911,0.00,0.00,0,0,0.00,0.00,0,0
198852,0.00,0.00,0.00,0.00,0.00,0.00,0.00,0.00,0.00,0.0089,5.9911,0.00,0.00,0,0,0.00,0.00,0,0
199052,0.00,0.00,0.00,0.00,0.00,0.00,0.00,0.00,0.00,0.0089,5.9911,0.00,0.00,0,0,0.00,0.00,0,0
199252,0.00,0.00,0.00,0.00,0.00,0.00,0.00,0.00,0.00,0.0089,5.9911,0.00,0.00,0,0,0.00,0.00,0,0
199452,0.00,0.00,0.00,0.00,0.00,0.00,0.00,0.00,0.00,0.0089,5.9911,0.00,0.00,0,0,0.00,0.00,0,0
199652,0.00,0.00,0.00,0.00,0.00,0.00,0.00,0.00,0.00,0.0089,5.9911,0.00,0.00,0,0,0.00,0.00,0,0
199852,0.00,0.00,0.00,0.00,0.00,0.00,0.00,0.00,0.00,0.0089,5.9911,0.00,0.00,0,0,0.00,0.00,0,0
200052,0.00,0.00,0.00,0.00,0.00,0.00,0.00,0.00,0.00,0.0089,5.9911,0.00,0.00,0,0,0.00,0.00,0,0
200252,0.00,0.00,0.00,0.00,0.00,0.00,0.00,0.00,0.00,0.0089,5.9911,0.00,0.00,0,0,0.00,0.00,0,0
200452,0.00,0.00,0.00,0.00,0.00,0.00,0.00,0.00,0.00,0.0089,5.9911,0.00,0.00,0,0,0.00,0.00,0,0
200652,0.00,0.00,0.00,0.00,0.00,0.00,0.00,0.00,0.00,0.0089,5.9911,0.00,0.00,0,0,0.00,0.00,0,0
200852,0.00,0.00,0.00,0.00,0.00,0.00,0.00,0.00,0.00,0.0089,5.9911,0.00,0.00,0,0,0.00,0.00,0,0
201052,0.00,0.00,0.00,0.00,0.00,0.00,0.00,0.00,0.00,0.0089,5.9911,0.00,0.00,0,0,0.00,0.00,0,0
201252,0.00,0.00,0.00,0.00,0.00,0.00,0.00,0.00,0.00,0.0089,5.9911,0.00,0.00,0,0,0.00,0.00,0,0
201452,0.00,0.00,0.00,0.00,0.00,0.00,0.00,0.00,0.00,0.0089,5.9911,0.00,0.00,0,0,0.00,0.00,0,0
201652,0.00,0.00,0.00,0.00,0.00,0.00,0.00,0.00,0.00,0.0089,5.9911,0.00,0.00,0,0,0.00,0.00,0,0
201852,0.00,0.00,0.00,0.00,0.00,0.00,0.00,0.00,0.00,0.0089,5.9911,0.00,0.00,0,0,0.00,0.00,0,0
202052,0.00,0.00,0.00,0.00,0.00,0.00,0.00,0.00,0.00,0.0089,5.9911,0.00,0.00,0,0,0.00,0.00,0,0
202252,0.00,0.00,0.00,0.00,0.00,0.00,0.00,0.00,0.00,0.0089,5.9911,0.00,0.00,0,0,0.00,0.00,0,0
202452,0.00,0.00,0.00,0.00,0.00,0.00,0.00,0.00,0.00,0.0089,5.9911,0.00,0.00,0,0,0.00,0.00,0,0
