time_us,engine_rpm,wheel_rpm,secondary_rpm,sheave_position,sheave_setpoint,pwm,brake_position,kp_term,ki_term,kd_term
200.000000, 0.000000, -90.000000, -90.000000, 0.000000, 0.000000, 0.000000, 0.000000, 0.000000
666853, 1460.982788, 900.000000, 0.000000, -90.000000, -90.000000, 0.000000, 0.000000, 0.000000, 0.000000, 0.000000
878755, 1485.980347, 142.878235, 0.000000, -90.000000, -90.000000, 0.000000, 0.000000, 0.000000, 0.000000, 0.000000
1091929, 1494.069580, 0.000000, 0.000000, -90.000000, -90.000000, 0.000000, 0.000000, 0.000000, 0.000000, 0.000000
1302793, 1494.913940, 0.000000, 0.000000, -90.000000, -90.000000, 0.000000, 0.000000, 0.000000, 0.000000, 0.000000
1513798, 1475.133301, 0.000000, 0.000000, -90.000000, -90.000000, 0.000000, 0.000000, 0.000000, 0.000000, 0.000000
1714788, 1459.193726, 0.000000, 0.000000, -90.000000, -90.000000, 0.000000, 0.000000, 0.000000, 0.000000, 0.000000
1925861, 1476.832031, 0.000000, 0.000000, -90.000000, -90.000000, 0.000000, 0.000000, 0.000000, 0.000000, 0.000000
2136804, 1476.832153, 0.000000, 0.000000, -90.000000, -90.000000, 0.000000, 0.000000, 0.000000, 0.000000, 0.000000
2339858, 1487.669067, 0.000000, 0.000000, -90.000000, -90.000000, 0.000000, 0.000000, 0.000000, 0.000000, 0.000000
2550856, 1504.077759, 0.000000, 0.000000, -90.000000, -90.000000, 0.000000, 0.000000, 0.000000, 0.000000, 0.000000
2761826, 1684.652954, 299.998505, 0.000000, -90.000000, -90.000000, 0.000000, 0.000000, 0.000000, 0.000000, 0.000000
2972937, 1978.379639, 0.000000, 0.000000, -90.000000, -31.493542, 450.801117, 0.000000, 87.759687, 12.002664, 351.038761
3183845, 2192.472656, 0.000000, 0.000000, -81.000000, -21.915697, 137.066010, 0.000000, 88.626457, 63.569051, -15.129501
3394542, 2332.211670, 0.000000, 181.818176, -55.000000, -15.664215, 122.101181, 0.000000, 59.003677, 106.219805, -43.122300
3616519, 2479.853516, 0.000000, 0.000000, -19.000000, -9.059185, 86.979729, 0.000000, 14.911222, 126.000000, -53.931495
3819886, 2555.735352, 0.000000, 175.438599, 21.000000, -5.664473, 40.941319, 0.000000, -39.996709, 117.919614, -64.979281
4030890, 2416.072266, 74.626862, 535.723877, 57.000000, -11.912558, -19.979641, 0.000000, -103.368839, 76.801030, -65.770018
4252774, 1936.057617, 225.000000, 181.804962, 60.000000, -33.386894, -65.041763, 0.000000, -140.080341, 5.768076, -28.785735
4463822, 1347.086304, 355.507507, 181.804962, 48.000000, -90.000000, -44.099998, 0.000000, -207.000000, 0.000000, 18.000001
4685814, 926.317566, 0.000000, 535.714294, 40.000000, -90.000000, -46.500000, 0.000000, -195.000000, 0.000000, 12.000000
4896883, 896.695007, 74.626495, 363.636353, 27.000000, -90.000000, -28.650000, 0.000000, -175.500000, 0.000000, 24.000000
5107849, 1061.888306, 71.418030, 545.454529, 14.000000, -90.000000, -28.799999, 0.000000, -156.000000, 0.000000, 18.000001
5319548, 1212.269531, 71.100494, 545.504150, 1.000000, -90.000000, -22.949999, 0.000000, -136.500000, 0.000000, 18.000001
5541548, 1435.104980, 71.550552, 545.454529, -10.000000, -90.000000, -18.000000, 0.000000, -120.000000, 0.000000, 18.000001
5753748, 1513.822388, 70.969635, 545.404968, -17.000000, -90.000000, -26.850000, 0.000000, -109.500000, 0.000000, 6.000000
5977757, 1559.046509, 74.257797, 363.609924, -22.000000, -90.000000, -24.600000, 0.000000, -102.000000, 0.000000, 6.000000
6189870, 1766.805298, 75.000000, 539.539246, -27.000000, -90.000000, -22.350000, 0.000000, -94.500000, 0.000000, 6.000000
6410819, 1953.296509, 74.626122, 545.454529, -32.000000, -32.615685, 15.102725, 0.000000, -0.923527, 0.000000, 15.379783
6622935, 2086.554443, 213.643768, 526.315796, -25.000000, -26.654144, 1.000000, 0.000000, -2.481216, 0.000000, -6.623520
6843889, 2086.705566, 1422.148682, 727.272705, -22.000000, -26.647383, 4.889380, 0.000000, -6.971074, 0.000000, 6.980702
7066580, 2118.849609, 711.008301, 727.338867, -26.000000, -25.209358, 12.870901, 0.000000, 1.185963, 0.086557, 11.598381
7279809, 2153.787598, 668.316833, 727.325623, -29.000000, -23.646343, 19.311014, 0.000000, 8.030485, 2.610600, 8.669930
7492859, 2202.981934, 74.626862, 597.023804, -31.000000, -21.445545, 32.928581, 0.000000, 14.331682, 8.486112, 10.110786
7716591, 2284.018066, 148.514847, 727.272705, -25.000000, -17.820244, 27.967319, 0.000000, 10.769634, 15.101149, 2.096535
7929756, 2413.194092, 73.891624, 909.090942, -17.000000, -12.041317, 25.356314, 0.000000, 7.438025, 19.974907, -2.056618
8142572, 2507.273682, 1200.000000, 909.173584, -7.000000, -7.832495, 6.561941, 0.000000, -1.248742, 21.567743, -14.631180
8355965, 2559.951416, 73.888718, 892.936890, 0.000000, -5.475857, 12.827675, 0.000000, -8.213785, 19.152040, -3.860229
8566867, 2595.984131, 298.519348, 892.857117, 5.000000, -3.863867, 2.122761, 0.000000, -13.295800, 12.840478, -6.728977
8778738, 2597.518066, 1050.000000, 909.008301, -3.000000, -3.795244, 17.755314, 0.000000, -1.192866, 8.796207, 9.316967
8992846, 2635.062500, 1191.770874, 1090.809937, 1.000000, -2.115623, 1.000000, 0.000000, -4.673435, 7.762433, -7.384209
9205995, 2717.033447, 816.803406, 892.793396, -1.000000, 1.551498, 24.497154, 0.000000, 3.827248, 6.305717, 14.364190
9417540, 2825.269775, 2643.348145, 1078.806763, -3.000000, 6.393646, 25.431543, 0.000000, 14.090469, 12.890032, -1.548958
9641571, 2975.566895, 591.132996, 1079.078491, 5.000000, 13.117466, 26.653084, 0.000000, 12.176199, 20.937281, -6.460396
9854745, 3169.664795, 1921.106567, 1071.428589, 17.000000, 21.800793, 29.207401, 0.000000, 7.201189, 26.186533, -4.180321
10066931, 3330.618652, 2015.005493, 1250.000000, 28.000000, 32.535397, 37.441616, 0.000000, 6.803095, 29.537484, 1.101036
10288852, 3422.503662, 285.670746, 1272.819824, 41.000000, 47.812927, 45.463085, 0.000000, 10.219391, 34.377010, 0.866684
10500885, 3415.430420, 149.993240, 1228.177856, 56.000000, 64.532631, 55.027721, 0.000000, 12.798946, 41.035133, 1.193642
10721939, 3405.947266, 746.298340, 1454.545410, 75.000000, 81.037819, 50.684608, 0.000000, 9.056728, 47.227934, -5.600052
10933841, 3370.688232, 995.265381, 1636.363647, 95.000000, 96.647041, 45.530670, 0.000000, 2.470562, 50.426486, -7.366379
11154812, 3310.400879, 1208.530884, 1636.244629, 116.000000, 110.112984, 35.013821, 0.000000, -8.830524, 48.616943, -10.953965
11377745, 3234.435547, 428.620422, 1618.297607, 132.000000, 121.078308, 26.897572, 0.000000, -16.382538, 41.312486, -9.500153
11589809, 3156.333740, 970.187866, 1785.714233, 145.000000, 128.864594, 13.933492, 0.000000, -24.203110, 29.496335, -8.301911
11810849, 3073.945312, 1044.776123, 1818.181885, 156.000000, 133.579773, 1.000000, 0.000000, -33.630341, 12.857342, -7.038025
12032897, 3007.803955, 1214.060181, 1818.181885, 158.000000, 135.246490, 2.813136, 0.000000, -34.130264, 0.000000, 13.052216
12254791, 2978.249023, 2133.095703, 2000.145508, 146.000000, 134.844650, 11.597738, 0.000000, -16.733025, 0.000000, 16.617646
12477734, 3047.550049, 1499.939941, 1964.426025, 134.000000, 135.095673, 16.273388, 0.000000, 1.643509, 0.203091, 14.426789
12689796, 3178.628418, 3412.451660, 1999.818237, 138.000000, 139.548798, 7.418553, 0.000000, 2.323196, 1.067678, 4.027679
12911864, 3331.041260, 1791.044678, 2014.873413, 130.000000, 150.006683, 81.183723, 0.000000, 30.010025, 8.184834, 42.988862
13133847, 3414.210693, 2399.904053, 1964.285645, 128.000000, 164.639771, 107.021538, 0.000000, 54.959656, 33.835745, 18.226136
13366546, 3461.725830, 2203.540771, 2127.583984, 146.000000, 182.192108, 99.835060, 0.000000, 54.288162, 66.498469, -20.951568
13579794, 3433.420654, 1485.383789, 2166.456055, 177.000000, 200.125366, 104.989883, 0.000000, 34.688049, 91.804187, -21.502351
13802787, 3292.794434, 450.000000, 2181.659424, 216.000000, 214.823364, 58.990173, 0.000000, -1.764954, 101.078742, -41.559083
14024850, 3054.814941, 600.000000, 2337.961426, 255.000000, 221.812393, 16.481201, 0.000000, -49.781410, 86.601231, -55.185606
14247005, 2734.817383, 824.966980, 2321.428467, 273.000000, 217.479767, 1.000000, 0.000000, -83.280350, 49.640385, -37.627809
14468961, 2462.107910, 2061.689697, 2321.428467, 274.000000, 200.645355, -45.872200, 0.000000, -110.031967, 0.000000, -12.862610
14702780, 2298.320312, 2761.193848, 2272.555176, 262.000000, 175.501678, -62.078938, 0.000000, -129.747482, 0.000000, -23.154693
14933780, 2168.542480, 4809.440918, 2181.976807, 246.000000, 144.190094, -65.265938, 0.000000, -152.714859, 0.000000, -19.451476
15166599, 2007.179688, 1856.851074, 1773.364136, 218.000000, 107.654633, -60.372532, 0.000000, -165.518051, 0.000000, -10.717117
15389861, 1879.577393, 1865.680908, 1666.565674, 192.000000, -90.000000, -1080.383423, 0.049498, -423.000000, 0.000000, -953.483448
15621895, 1776.715576, 857.277588, 1428.571411, 163.000000, -90.000000, -71.849998, 0.288294, -379.500000, 0.000000, 41.999999
15843941, 1740.232666, 2175.000000, 1212.029419, 113.000000, -90.000000, 1.000000, 0.416722, -304.500000, 0.000000, 90.000000
16054544, 1721.598633, 1343.236816, 923.005981, 86.000000, -90.000000, -61.200001, 0.487625, -264.000000, 0.000000, 18.000001
16277698, 1711.347778, 945.894836, 909.157043, 75.000000, -35.000000, -66.300003, 0.509030, -261.000000, 0.000000, 12.000000
16499935, 1694.220581, 1279.742188, 892.920898, 51.000000, -35.000000, 127.650002, 0.519064, -214.500000, 0.000000, 192.000003
16773982, 1699.396851, 449.950500, 740.260925, 13.000000, -35.000000, 1.000000, 0.513044, -72.000000, 0.000000, 18.000001
17048887, 1689.783325, 216.371124, 727.325623, 14.000000, -35.000000, 1.000000, 0.520401, -73.500000, 0.000000, 12.000000
17293833, 1688.124390, 1275.666870, 727.272705, 13.000000, -90.000000, -40.349998, 0.451505, -154.500000, 0.000000, 6.000000
17516551, 1691.287598, 1206.717896, 727.325623, -1.000000, -90.000000, 1.000000, 0.000000, -133.500000, 0.000000, 36.000001
17729804, 1683.764404, 1262.382568, 545.494202, -14.000000, -90.000000, -28.200001, 0.000000, -114.000000, 0.000000, 6.000000
17952807, 1683.942505, 522.388062, 714.336731, -14.000000, -90.000000, -34.200001, 0.000000, -114.000000, 0.000000, 0.000000
18174956, 1660.872314, 525.000000, 535.704712, -22.000000, -90.000000, 1.000000, 0.000000, -102.000000, 0.000000, 18.000001
18385848, 1660.871216, 149.247787, 545.404968, -28.000000, -90.000000, -33.900002, 0.000000, -93.000000, 0.000000, -6.000000
18607818, 1660.882690, 285.681641, 535.714294, -34.000000, -90.000000, 1.000000, 0.000000, -84.000000, 0.000000, 12.000000
18829762, 1642.859009, 600.000000, 535.714294, -35.000000, -90.000000, -18.750000, 0.000000, -82.500000, 0.000000, 6.000000
19041924, 1654.275146, 749.790039, 545.414856, -41.000000, -90.000000, 1.000000, 0.000000, -73.500000, 0.000000, 12.000000
19263853, 1739.226440, 1285.714355, 719.372742, -45.000000, -90.000000, -20.250000, 0.000000, -67.500000, 0.000000, 0.000000
19485859, 1859.378784, 899.968445, 714.285706, -45.000000, -90.000000, -20.250000, 0.000000, -67.500000, 0.000000, 0.000000
19697931, 1975.338135, 970.178223, 701.754395, -47.000000, -31.629610, 31.012590, 0.000000, 23.055585, 9.481141, -1.524136
19918931, 2025.262695, 2571.036865, 545.454529, -34.000000, -29.396143, 1.000000, 0.000000, 6.905786, 19.336468, -27.514447
20141538, 2054.353271, 599.979004, 727.325623, -17.000000, -28.094723, 4.418351, 0.000000, -16.642084, 14.640777, -5.229801
20354779, 2085.343994, 591.246582, 727.325623, -17.000000, -26.708294, 3.513466, 0.000000, -14.562441, 6.135876, 1.746323
20566939, 2141.756836, 600.000000, 886.823608, -17.000000, -24.184563, 3.597330, 0.000000, -10.776844, 0.000000, 6.830383
20788814, 2201.087891, 450.000000, 909.024780, -17.000000, -21.530277, 1.000000, 0.000000, -6.795416, 0.000000, 0.509331
20999894, 2269.584961, 150.000000, 909.024780, -17.000000, -18.465935, 1.054151, 0.000000, -2.198902, 0.000000, 1.713821
21221926, 2288.985107, 149.994003, 714.285706, -17.000000, -17.598034, 2.728871, 0.000000, -0.897051, 0.000000, 2.997986
21432817, 2287.295410, 149.259674, 909.090942, -17.000000, -17.673626, 1.000000, 0.000000, -1.010439, 0.000000, -1.955086
21644529, 2287.293701, 571.428589, 909.090942, -17.000000, -17.673702, 1.000000, 0.000000, -1.010553, 0.000000, -0.228516
21866577, 2303.268799, 149.247787, 727.325623, -17.000000, -16.959028, 1.000000, 0.000000, 0.061458, 0.071283, -1.058224
22077746, 2352.187988, 142.163925, 909.157043, -17.000000, -14.770536, 11.353887, 0.000000, 3.344195, 0.721155, 7.288536
22299933, 2442.805664, 75.000000, 892.857117, -18.000000, -10.716589, 22.532948, 0.000000, 10.925117, 4.679348, 6.928482
22510810, 2542.975830, 142.201660, 909.024780, -16.000000, -6.235292, 24.660000, 0.000000, 14.647061, 12.625430, -2.612492
22732788, 2593.575195, 285.763275, 892.857117, -8.000000, -3.971636, 17.043003, 0.000000, 6.042546, 18.451189, -7.450733
22943855, 2629.868408, 2625.000000, 909.090942, 1.000000, -2.347992, 10.765960, 0.000000, -5.021988, 18.175877, -5.903320
23154722, 2643.501953, 899.963989, 909.090942, -6.000000, -1.738071, 36.361462, 0.000000, 6.392893, 17.971729, 11.996841
23366921, 2666.890381, 298.519348, 892.936890, -2.000000, -0.691746, 22.342848, 0.000000, 1.962381, 20.625393, -0.244926
23578843, 2684.327148, 857.008179, 1052.705444, 7.000000, 0.088318, 2.429377, 0.000000, -10.367523, 17.788337, -12.248703
23791923, 2688.544922, 147.053772, 1063.886353, 11.000000, 0.277012, 11.983055, 0.000000, -16.084482, 9.168758, 7.639641
24002774, 2684.778809, 142.207047, 892.793396, 4.000000, 0.108524, 13.478821, 0.000000, -5.837214, 3.493359, 11.736626
24213836, 2715.929443, 900.000000, 909.024780, -3.000000, 1.502106, 20.556595, 0.000000, 6.753159, 4.197793, 9.605644
24425914, 2747.027100, 285.669403, 1052.631592, 2.000000, 2.893318, 1.000000, 0.000000, 1.339977, 7.170639, -11.143822
24636855, 2777.270020, 148.515594, 1090.909058, 2.000000, 4.246292, 17.125151, 0.000000, 3.369438, 7.564092, 6.191620
24847871, 2798.761963, 571.515686, 892.936890, 0.000000, 5.207771, 14.946837, 0.000000, 7.811657, 12.052523, -4.917343
25058809, 2826.292236, 600.000000, 1071.447754, 7.000000, 6.439392, 4.069759, 0.000000, -0.840912, 13.723010, -9.400978
25269926, 2814.020996, 597.014893, 909.090942, 12.000000, 5.890411, 0.928935, 0.000000, -9.164383, 11.070447, -7.392197
25480930, 2825.246826, 428.504089, 1090.829712, 7.000000, 6.392620, 20.961843, 0.000000, -0.911070, 8.069675, 13.165489
25691857, 2817.985596, 355.504150, 909.024780, 8.000000, 6.067776, 3.896779, 0.000000, -2.898336, 7.700866, -2.934586
25902743, 2825.590820, 899.963989, 1071.428589, 9.000000, 6.408009, 14.403974, 0.000000, -3.887987, 4.409314, 11.161056
26113852, 2814.362305, 995.303162, 909.157043, 1.000000, 5.905682, 29.242430, 0.000000, 7.358522, 5.276150, 16.607757
26324941, 2823.384766, 750.000000, 892.936890, -5.000000, 6.309319, 37.698719, 0.000000, 16.963978, 12.571188, 8.163552
26536820, 2840.582520, 599.976013, 1052.631592, 1.000000, 7.078693, 20.770494, 0.000000, 9.118040, 19.866108, -8.213654
26747935, 2838.674805, 746.298340, 892.873108, 11.000000, 6.993347, 5.824330, 0.000000, -6.009979, 20.585858, -12.958534
26958863, 2829.068359, 225.000000, 909.074341, 12.000000, 6.563587, 25.073179, 0.000000, -8.154619, 14.961734, 12.557831
27169894, 2805.816895, 750.000000, 909.090942, 6.000000, 5.523388, 9.795814, 0.000000, -0.714918, 13.224568, -3.214279
27380985, 2805.680908, 1050.000000, 909.090942, 12.000000, 5.517303, 1.000000, 0.000000, -9.724045, 10.241230, -7.815971
27602765, 2801.415527, 1049.958008, 909.157043, 5.000000, 5.326485, 15.115511, 0.000000, 0.489727, 7.503096, 7.122688
27805937, 2819.817871, 148.783691, 892.936890, 8.000000, 6.149746, 1.000000, 0.000000, -2.775381, 7.729482, -9.898636
28017598, 2834.366211, 1285.836792, 1071.505127, 6.000000, 6.800591, 20.686268, 0.000000, 1.200886, 5.705071, 13.780312
28241561, 3011.352783, 668.343262, 1083.012939, 0.000000, 14.718414, 43.975464, 0.000000, 22.077621, 13.482133, 8.415711
28454753, 3270.227783, 2660.098633, 1263.515015, 8.000000, 26.381865, 53.176048, 0.000000, 27.572797, 28.091322, -2.488071
28666586, 3462.082520, 1349.993286, 1272.634644, 24.000000, 41.820827, 67.649765, 0.000000, 26.731241, 43.665542, -2.747017
28888803, 3461.047607, 355.396332, 1258.675903, 48.000000, 60.634712, 67.412399, 0.000000, 18.952068, 56.585090, -8.124756
29099906, 3430.688232, 2537.325928, 1272.727295, 74.000000, 78.531509, 54.721619, 0.000000, 6.797264, 63.882728, -15.958375
29321912, 3346.197266, 928.677551, 1428.571411, 99.000000, 93.709343, 51.915833, 0.000000, -7.935986, 63.018903, -8.722275
29544159, 3232.813965, 1204.973022, 1607.142822, 120.000000, 104.952286, 31.726851, 0.000000, -22.571571, 53.946334, -15.448013
29754552, 3103.496582, 2694.019287, 1481.481445, 139.000000, 111.279823, 0.433752, 0.000000, -41.580265, 36.101848, -23.194016
29977762, 3002.702881, 2133.378906, 1636.363647, 150.000000, 112.871361, -25.052826, 0.000000, -55.692959, 9.096362, -17.441300
30199929, 2919.333984, 782.020203, 1636.482666, 145.000000, 110.804390, 1.000000, 0.000000, -51.293415, 0.000000, 7.355163
30421921, 2932.204590, 225.000000, 1785.841797, 130.000000, 107.386269, 9.206222, 0.000000, -33.920597, 0.000000, 19.382401
30632878, 3022.713867, 298.495575, 1818.181885, 112.000000, 106.045235, 21.809935, 0.000000, -8.932148, 0.000000, 24.489579
30854777, 3231.824707, 2142.612305, 1805.412720, 96.000000, 111.244133, 58.589020, 0.000000, 22.866199, 5.061533, 30.661286
31077787, 3424.444580, 970.149231, 1818.049561, 84.000000, 124.983757, 127.632530, 0.000000, 61.475636, 29.266222, 36.890670
31299833, 3542.521973, 1124.954956, 1978.274902, 76.000000, 145.006042, 223.421722, 0.000000, 103.509064, 75.703124, 44.209535
31521982, 3564.822266, 571.338806, 1964.285645, 69.000000, 167.294128, 319.050018, 0.000000, 147.441193, 126.000000, 45.608826
31744042, 3580.638672, 223.881699, 1754.385986, 85.000000, 190.341995, 276.690979, 0.000000, 158.012993, 126.000000, -7.322022
31954809, 3538.354492, 571.493896, 1818.214844, 124.000000, 212.864609, 226.035065, 0.000000, 133.296913, 126.000000, -33.261842
32177785, 3434.210938, 1563.803101, 2000.145508, 178.000000, 232.629532, 144.446884, 0.000000, 81.944298, 126.000000, -63.497407
32399893, 3188.062500, 3143.336182, 2121.340820, 240.000000, 245.375946, 69.120804, 0.000000, 8.063919, 126.000000, -64.943118
32621873, 2787.073486, 1874.625122, 2105.410889, 300.000000, 245.045975, 1.000000, 0.000000, -82.431038, 103.762692, -88.029878
32843908, 2340.805908, 1194.267578, 2181.818115, 316.000000, 226.692673, -52.387039, 0.000000, -133.960991, 42.864371, -55.063112
33077778, 2097.807617, 1134.092285, 2222.386719, 311.000000, 194.598129, -93.339523, 0.000000, -174.602806, 0.000000, -40.958680
33299915, 2081.128662, 673.598938, 2143.010254, 293.000000, 157.486771, -86.447899, 0.000000, -203.269844, 0.000000, -25.466949
33531768, 2107.472900, 3412.953125, 2143.010254, 264.000000, 121.433044, -75.653236, 0.000000, -213.850433, 0.000000, -11.498108
33754782, 2119.649902, 3225.000000, 2181.818115, 230.000000, 85.888504, -69.680496, 0.000000, -216.167244, 0.000000, -4.830322
33977808, 2109.051758, 900.000000, 1818.314087, 201.000000, 50.959087, -78.539986, 0.133779, -225.061363, 0.000000, -11.021576
34199957, 2040.685791, 299.988007, 1607.257690, 172.000000, 13.881985, -80.237335, 0.164549, -237.177017, 0.000000, -9.084229
34421936, 1922.457397, 355.463715, 1428.545898, 141.000000, -26.833828, -91.244644, 0.287625, -251.750748, 0.000000, -15.719422
34643884, 1863.668945, 426.477631, 1264.519409, 108.000000, -90.000000, -41.099998, 0.327759, -297.000000, 0.000000, 48.000001
34866568, 1808.974243, 299.998505, 1090.809937, 73.000000, -90.000000, -19.350002, 0.331104, -244.500000, 0.000000, 53.999999
35079794, 1785.348145, 369.518188, 909.024780, 46.000000, -90.000000, -37.200001, 0.366555, -204.000000, 0.000000, 24.000000
35292549, 1748.513550, 225.000000, 898.714844, 38.000000, -90.000000, -39.599998, 0.352508, -192.000000, 0.000000, 18.000001
35516602, 1733.771973, 1336.587402, 718.713501, 25.000000, -90.000000, -33.750000, 0.361873, -172.500000, 0.000000, 18.000001
35738816, 1704.146118, 1343.330322, 714.285706, 10.000000, -90.000000, -27.000000, 0.342475, -150.000000, 0.000000, 18.000001
35952790, 1690.692871, 1865.309692, 727.219849, -2.000000, -90.000000, -21.599998, 0.000000, -132.000000, 0.000000, 18.000001
36174960, 1674.876465, 668.449219, 539.539246, -13.000000, -90.000000, -16.650000, 0.000000, -115.500000, 0.000000, 18.000001
36386812, 1690.519531, 749.996216, 526.315796, -21.000000, -90.000000, -25.049999, 0.000000, -103.500000, 0.000000, 6.000000
36607880, 1701.099731, 373.134308, 727.272705, -29.000000, -90.000000, -15.450000, 0.000000, -91.500000, 0.000000, 12.000000
36829782, 1715.430298, 571.504761, 545.454529, -33.000000, -90.000000, -31.650000, 0.000000, -85.500000, 0.000000, -6.000000
37052832, 1696.863403, 299.988007, 363.662811, -38.000000, -90.000000, -17.400000, 0.000000, -78.000000, 0.000000, 6.000000
37266495, 1684.536377, 221.682510, 545.494202, -44.000000, -90.000000, 1.000000, 0.000000, -69.000000, 0.000000, 6.000000
37488791, 1664.661987, 142.159210, 357.174744, -43.000000, -90.000000, -21.150000, 0.000000, -70.500000, 0.000000, 0.000000
37699901, 1654.642700, 149.247787, 545.454529, -46.000000, -90.000000, 1.000000, 0.000000, -66.000000, 0.000000, 6.000000
37921943, 1658.387451, 142.884354, 541.506470, -47.000000, -90.000000, 1.000000, 0.000000, -64.500000, 0.000000, 12.000000
38143879, 1657.765137, 150.000000, 545.404968, -47.000000, -90.000000, 1.000000, 0.019398, -64.500000, 0.000000, 6.000000
38354738, 1675.734863, 149.247787, 363.636353, -48.000000, -90.000000, 1.000000, 0.117057, -63.000000, 0.000000, 6.000000
38577777, 1689.992676, 142.404831, 545.454529, -49.000000, -90.000000, 1.000000, 0.117057, -61.500000, 0.000000, 6.000000
38789886, 1687.981567, 74.865990, 535.714294, -50.000000, -90.000000, 1.000000, 0.073579, -60.000000, 0.000000, 6.000000
39010820, 1675.775146, 149.254471, 545.454529, -51.000000, -90.000000, 1.000000, 0.000000, -58.500000, 0.000000, 6.000000
39222935, 1668.694946, 71.439461, 526.315796, -51.000000, -90.000000, -17.549999, 0.000000, -58.500000, 0.000000, 0.000000
39443859, 1660.185791, 149.253723, 545.444580, -52.000000, -90.000000, 1.000000, 0.000000, -57.000000, 0.000000, 6.000000
39666497, 1657.265015, 357.129272, 363.669434, -53.000000, -90.000000, 1.000000, 0.000000, -55.500000, 0.000000, 6.000000
39879783, 1654.951416, 148.049438, 545.494202, -53.000000, -90.000000, 1.000000, 0.000000, -55.500000, 0.000000, 6.000000
40091922, 1663.175049, 74.820801, 354.679108, -54.000000, -90.000000, -16.200001, 0.000000, -54.000000, 0.000000, 0.000000
40313801, 1675.494995, 428.585693, 545.414856, -56.000000, -90.000000, -15.300000, 0.000000, -51.000000, 0.000000, 0.000000
40535764, 1674.198242, 525.000000, 539.539246, -57.000000, -90.000000, 1.000000, 0.000000, -49.500000, 0.000000, 0.000000
40746858, 1693.241699, 374.986877, 363.636353, -57.000000, -90.000000, 1.000000, 0.000000, -49.500000, 0.000000, 6.000000
40968857, 1743.790283, 71.081963, 535.714294, -57.000000, -90.000000, 1.000000, 0.000000, -49.500000, 0.000000, 0.000000
41179771, 1810.584839, 75.000000, 545.454529, -57.000000, -90.000000, 1.000000, 0.000000, -49.500000, 0.000000, 0.000000
41391900, 1955.590942, 373.115753, 545.494202, -57.000000, -32.513039, 56.153442, 0.000000, 36.730442, 6.814245, 12.608757
41613814, 2036.566528, 214.326538, 535.752563, -50.000000, -28.890446, 37.955887, 0.000000, 31.664331, 27.796215, -21.504661
41835752, 2059.737549, 525.000000, 535.704712, -31.000000, -27.853848, 18.207401, 0.000000, 4.719229, 37.488174, -24.000000
42046936, 2031.737549, 522.369873, 727.272705, -16.000000, -29.106478, 2.436317, 0.000000, -19.659717, 33.712639, -25.378407
42268968, 2002.978149, 1214.135376, 545.404968, -7.000000, -30.393082, 1.000000, 0.000000, -35.089622, 17.926281, -15.068389
42479749, 1967.653076, 597.017883, 727.272705, -11.000000, -31.973415, 1.000000, 0.000000, -31.460123, 0.000000, 7.503960
42692590, 1892.011719, 1071.591919, 727.272705, -15.000000, -90.000000, -359.722229, 0.000000, -112.500000, 0.000000, -325.972223
42916592, 1812.609009, 73.891991, 545.454529, -19.000000, -90.000000, -19.950001, 0.000000, -106.500000, 0.000000, 12.000000
43128756, 1791.283569, 149.254471, 545.494202, -32.000000, -90.000000, 1.000000, 0.000000, -87.000000, 0.000000, 18.000001
43352782, 1819.572388, 222.763458, 727.325623, -34.000000, -90.000000, -19.200001, 0.000000, -84.000000, 0.000000, 6.000000
43564831, 1858.315918, 75.000000, 535.762146, -39.000000, -90.000000, -16.950001, 0.000000, -76.500000, 0.000000, 6.000000
43785821, 1891.794434, 357.076538, 545.454529, -44.000000, -90.000000, 1.000000, 0.000000, -69.000000, 0.000000, 6.000000
43998884, 1908.185791, 70.756714, 522.739136, -47.000000, -34.633793, 24.933575, 0.000000, 18.549311, 7.591273, -1.207008
44221889, 1924.743896, 1039.768677, 541.574890, -40.000000, -33.893036, 4.618369, 0.000000, 9.160446, 16.922461, -21.464539
44433817, 1926.797485, 74.623894, 545.454529, -23.000000, -33.801167, 1.000000, 0.000000, -16.201750, 14.313303, -16.307420
44654777, 1924.122070, 71.420410, 545.454529, -27.000000, -33.920856, 14.636398, 0.000000, -10.381285, 6.960333, 10.790451
44866560, 1909.066040, 225.000000, 545.454529, -31.000000, -34.594414, 8.038297, 0.000000, -5.391621, 2.700133, 6.955650
45088899, 1884.194092, 674.976379, 545.494202, -33.000000, -90.000000, -25.650000, 0.000000, -85.500000, 0.000000, 0.000000
45300895, 1820.418091, 142.207047, 535.762146, -42.000000, -90.000000, 1.000000, 0.000000, -72.000000, 0.000000, 18.000001
45521938, 1768.797363, 74.627235, 727.272705, -45.000000, -90.000000, -20.250000, 0.000000, -67.500000, 0.000000, 0.000000
45733801, 1807.596924, 71.417351, 531.914856, -47.000000, -90.000000, 1.000000, 0.000000, -64.500000, 0.000000, 6.000000
45954780, 1884.038940, 74.627235, 727.219849, -48.000000, -90.000000, -24.900000, 0.000000, -63.000000, 0.000000, -6.000000
46168962, 1914.113403, 371.283447, 545.414856, -49.000000, -34.368610, 28.451738, 0.000000, 21.947084, 8.807663, -2.303009
46391596, 1928.663452, 74.997375, 539.519836, -35.000000, -33.717690, -18.776031, 0.000000, 1.923466, 17.493556, -38.193054
46604746, 1917.580322, 369.529114, 714.285706, -25.000000, -34.213512, 21.453442, 0.000000, -13.820269, 11.649150, 13.950371
46817569, 1899.751465, 375.000000, 545.414856, -31.000000, -90.000000, -20.549999, 0.000000, -88.500000, 0.000000, 6.000000
47041564, 1900.078003, 141.756165, 545.454529, -37.000000, -34.996510, 345.110321, 0.000000, 3.005236, 0.084147, 342.020931
47252797, 1914.773804, 74.849548, 545.494202, -46.000000, -34.339066, 28.199429, 0.000000, 17.491402, 7.072880, 3.635147
47474951, 1940.198608, 355.490662, 714.336731, -29.000000, -33.201641, -24.241285, 0.000000, -6.302462, 11.333467, -33.684014
47686805, 1925.042847, 223.889511, 526.325012, -30.000000, -33.879662, 7.537513, 0.000000, -5.819492, 6.587316, 2.696045
47907836, 1924.078003, 357.142883, 545.454529, -28.000000, -33.922825, 1.000000, 0.000000, -8.884237, 2.916471, -5.616554
48118943, 1920.768311, 149.994003, 545.414856, -26.000000, -34.070892, 1.007877, 0.000000, -12.106339, 0.000000, 4.639778
48341554, 1920.149170, 71.081963, 539.539246, -28.000000, -34.098591, 1.000000, 0.000000, -9.147886, 0.000000, 1.641907
48554808, 1934.056152, 665.129456, 714.285706, -30.000000, -33.476437, 6.926021, 0.000000, -5.214655, 0.000000, 8.490417
48766539, 1951.462524, 75.000000, 545.414856, -30.000000, -32.697731, 0.144069, 0.000000, -4.046597, 0.000000, 1.358047
48978726, 1956.873901, 150.000000, 526.278870, -31.000000, -32.455643, 1.000000, 0.000000, -2.183464, 0.000000, -2.223908
49202742, 1994.596680, 222.763458, 719.385620, -32.000000, -30.768044, 4.019129, 0.000000, 1.847935, 0.249124, 1.922070
49416607, 2042.191040, 369.472687, 539.539246, -34.000000, -28.638823, 12.138517, 0.000000, 8.041766, 3.263118, 0.833633
49628731, 2104.113525, 149.253723, 545.454529, -35.000000, -25.868605, 26.746920, 0.000000, 13.697093, 9.866252, 3.183575
49852783, 2133.445557, 519.801941, 727.272705, -27.000000, -24.556381, 3.503535, 0.000000, 3.665428, 15.109790, -15.271683
50063868, 2151.410156, 522.388062, 727.325623, -21.000000, -23.752705, 8.410397, 0.000000, -4.129057, 14.690316, -5.041202
50285852, 2141.184326, 149.994003, 535.752563, -21.000000, -24.210175, 14.134115, 0.000000, -4.815262, 10.992554, 4.586140
50496931, 2145.707275, 355.416565, 714.298462, -24.000000, -24.007832, 14.969476, 0.000000, -0.011747, 9.597779, 5.375221
50718895, 2144.726318, 499.923828, 541.643311, -25.000000, -24.051718, 5.699608, 0.000000, 1.422423, 10.570245, -6.293060
50941522, 2169.239502, 224.989868, 727.206604, -20.000000, -22.955074, 6.655580, 0.000000, -4.432611, 9.207730, -1.222366
51154739, 2164.387695, 591.159241, 727.219849, -23.000000, -23.172131, 13.077188, 0.000000, -0.258196, 7.367175, 5.787472
51366950, 2160.668945, 223.880585, 545.424805, -25.000000, -23.338495, 9.433588, 0.000000, 2.492257, 8.169225, -1.227894
51588830, 2179.555664, 1000.114258, 714.285706, -23.000000, -22.493563, 4.079905, 0.000000, 0.759656, 9.879179, -6.558930
51800941, 2202.167725, 213.244873, 727.325623, -20.000000, -21.481972, 13.169511, 0.000000, -2.222958, 8.325655, 5.510742
52021865, 2201.818604, 447.761169, 727.325623, -22.000000, -21.497589, 6.356141, 0.000000, 0.753616, 8.596185, -2.993660
52243954, 2237.843506, 357.198975, 714.272949, -23.000000, -19.885948, 19.392326, 0.000000, 4.671078, 10.133839, 4.587410
52454764, 2255.651611, 149.253723, 727.272705, -17.000000, -19.089272, 2.258724, 0.000000, -3.133907, 10.315164, -7.116268
52677746, 2287.604492, 150.000000, 909.024780, -19.000000, -17.659798, 16.939644, 0.000000, 2.010303, 9.909103, 5.020237
52891508, 2347.289551, 222.763458, 909.024780, -16.000000, -14.989677, 13.318643, 0.000000, 1.515484, 11.375207, 0.427952
53103753, 2385.879150, 895.558044, 719.243347, -11.000000, -13.263302, 0.045022, 0.000000, -3.394953, 11.086530, -10.023022
53327826, 2424.782227, 1262.376221, 899.054199, -8.000000, -11.522902, 10.464670, 0.000000, -5.284352, 8.303752, 3.746223
53541582, 2434.668213, 443.349762, 899.232056, -11.000000, -11.080633, 6.115207, 0.000000, -0.120950, 7.225451, -1.073959
53753703, 2458.593994, 149.253723, 909.090942, -13.000000, -10.010269, 12.968359, 0.000000, 4.484596, 9.033182, -0.549419
53967572, 2469.050049, 141.950684, 727.272705, -8.000000, -9.542498, 1.000000, 0.000000, -2.313746, 10.426540, -13.707047
54180998, 2474.068359, 371.287109, 909.090942, -7.000000, -9.317993, 7.365642, 0.000000, -3.476990, 8.251920, 0.156818
54402728, 2476.447021, 149.994003, 909.140503, -8.000000, -9.211580, 4.210228, 0.000000, -1.817370, 7.209762, -2.454323
54616530, 2479.822754, 295.578156, 909.157043, -9.000000, -9.060562, 4.575591, 0.000000, -0.090843, 6.973029, -2.370186
54829714, 2488.473877, 147.783249, 909.157043, -10.000000, -8.673536, 8.869337, 0.000000, 1.989696, 7.868914, -0.989273
55041554, 2483.480225, 1349.993286, 909.090942, -11.000000, -8.896936, 12.167833, 0.000000, 3.154595, 8.961591, 0.051647
55253527, 2483.032227, 568.634155, 909.024780, -11.000000, -8.916981, 9.150574, 0.000000, 3.124529, 10.843995, -4.817951
55477715, 2509.831055, 443.351959, 909.024780, -9.000000, -7.718084, 10.432592, 0.000000, 1.922873, 12.360382, -3.850662
55691529, 2530.859131, 443.419647, 909.024780, -4.000000, -6.777353, 3.928314, 0.000000, -4.166030, 11.669086, -6.490963
55894536, 2565.084473, 371.287109, 909.008301, 0.000000, -5.246222, 5.184041, 0.000000, -7.869332, 8.263278, -0.718437
56116527, 2564.655518, 596.991150, 899.232056, -3.000000, -5.265411, 3.400017, 0.000000, -3.398117, 5.390380, -0.970928
56329715, 2583.418701, 445.562195, 1071.428589, -7.000000, -4.426004, 16.713633, 0.000000, 3.860993, 5.962507, 6.890133
56541588, 2587.223633, 149.253723, 909.074341, -5.000000, -4.255785, 1.281507, 0.000000, 1.116323, 8.014572, -7.849388
56752779, 2592.510254, 150.000000, 1090.988403, -2.000000, -4.019278, 10.710643, 0.000000, -3.028916, 6.719152, 4.900166
56963858, 2600.627197, 450.000000, 909.157043, -4.000000, -3.656151, 12.092577, 0.000000, 0.515774, 6.047648, 5.529156
57176670, 2609.009277, 599.976013, 1029.426880, -5.000000, -3.281164, 8.904223, 0.000000, 2.578254, 7.032345, -0.706375
57399918, 2628.548340, 148.520737, 909.157043, -6.000000, -2.407047, 18.033659, 0.000000, 5.389429, 9.185550, 3.458679
57610814, 2622.252197, 447.743347, 1091.008301, -3.000000, -2.688717, 7.610394, 0.000000, 0.466925, 11.378814, -4.235344
57821908, 2630.531006, 142.165939, 1090.909058, 0.000000, -2.318348, 8.197007, 0.000000, -3.477522, 9.601920, -0.361656
58033859, 2621.530518, 150.000000, 909.090942, -3.000000, -2.721004, 13.169450, 0.000000, 0.418493, 8.897193, 3.853763
58254770, 2694.903320, 999.804810, 1090.809937, -5.000000, 0.561462, 27.128307, 0.000000, 8.342194, 11.676838, 7.109276
58466550, 2745.972412, 568.830933, 899.054199, 0.000000, 2.846134, 11.000943, 0.000000, 4.269201, 15.444038, -8.712296
58669523, 2765.077393, 443.349762, 1071.428589, 7.000000, 3.700832, 1.000000, 0.000000, -4.948751, 15.356233, -15.401984
58881165, 2774.394775, 974.960999, 1090.909058, 8.000000, 4.117661, 20.190111, 0.000000, -5.823509, 10.954087, 10.983078
59092567, 2795.573730, 2061.376953, 1090.988403, 6.000000, 5.065140, 4.690877, 0.000000, -1.402290, 9.501907, -4.390343
59306020, 2827.026367, 221.673782, 1071.524292, 11.000000, 6.472233, 1.716749, 0.000000, -6.791651, 6.694185, -2.939941
59517557, 2841.382568, 299.990997, 1071.505127, 5.000000, 7.114483, 24.656834, 0.000000, 3.171724, 5.735474, 15.749635
59730946, 2860.696777, 147.787613, 1063.829712, 2.000000, 7.978539, 22.818834, 0.000000, 8.967808, 9.124661, 4.726364
59942929, 2873.990723, 711.011658, 1090.809937, 5.000000, 8.573269, 9.251020, 0.000000, 5.359903, 13.803051, -9.911934
60155944, 2879.589600, 1249.951050, 1090.829712, 12.000000, 8.823746, 1.000000, 0.000000, -4.764381, 14.110549, -14.235123
60367550, 2860.614990, 1714.089844, 1258.675903, 16.000000, 7.974880, 6.231343, 0.000000, -12.037680, 8.894275, 0.948372
60581128, 2805.544434, 295.613098, 1071.428589, 14.000000, 5.511196, 1.000000, 0.000000, -12.733206, 2.072254, -5.892105
60792534, 2799.843750, 524.979004, 1090.889160, 12.000000, 5.256168, 1.000000, 0.000000, -10.115747, 0.000000, 2.786774
61006017, 2813.353516, 297.041473, 1272.727295, 10.000000, 5.860550, 1.000000, 0.000000, -6.209175, 0.000000, -0.555405
61217733, 2815.555908, 895.522339, 1090.988403, 9.000000, 5.959080, 1.000000, 0.000000, -4.561380, 0.000000, -1.948746
61430843, 2819.719727, 297.029694, 1272.819824, 9.000000, 6.145359, 1.000000, 0.000000, -4.281961, 0.000000, -1.766670
61641916, 2832.394043, 447.761169, 1250.022339, 9.000000, 6.712364, 1.000000, 0.000000, -3.431454, 0.000000, -0.295166
61852777, 2824.188477, 824.966980, 1090.829712, 8.000000, 6.345276, 7.192012, 0.000000, -2.482086, 0.000000, 7.936638
62063820, 2814.667236, 426.489746, 1272.657837, 7.000000, 5.919327, 3.141955, 0.000000, -1.621010, 0.000000, 3.628258
62274832, 2806.041016, 525.000000, 1272.704102, 7.000000, 5.533413, 1.000000, 0.000000, -2.199881, 0.000000, -2.928246
62485849, 2801.366943, 149.994751, 1090.909058, 6.000000, 5.324310, 1.000000, 0.000000, -1.013535, 0.000000, 0.278915
62696887, 2776.218750, 284.414093, 1090.988403, 6.000000, 4.199261, 1.000000, 0.000000, -2.701109, 0.000000, -3.482071
62907789, 2710.366943, 375.000000, 1090.889160, 6.000000, 1.253258, 1.000000, 0.000000, -7.120113, 0.000000, -6.428352
63118834, 2640.720703, 2099.916016, 909.074341, 6.000000, -1.862495, 1.000000, 0.000000, -11.793743, 0.000000, -2.308983
63329746, 2549.543945, 1563.795776, 1090.829712, 6.000000, -5.941456, 1.000000, 0.000000, -17.912184, 0.000000, -6.503448
63541909, 2501.979980, 599.910034, 909.024780, 6.000000, -8.069317, 1.000000, 0.000000, -21.103975, 0.000000, -2.618088
63752769, 2501.071045, 636.981750, 909.090942, 6.000000, -8.109980, 1.000000, 0.000000, -21.164969, 0.000000, 1.217194
63963866, 2502.891602, 284.349426, 1090.988403, 6.000000, -8.028534, 1.000000, 0.000000, -21.042801, 0.000000, -3.414711
64174889, 2504.546631, 852.999756, 1090.988403, 6.000000, -7.954493, 1.000000, 0.000000, -20.931739, 0.000000, 0.735088
64386847, 2458.489014, 150.000000, 1052.650024, 6.000000, -10.014965, 1.000000, 0.000000, -24.022448, 0.000000, -5.768566
64597492, 2337.927734, 1350.000000, 892.873108, 6.000000, -15.408495, -23.263197, 0.000000, -32.112742, 0.000000, -13.629375
64818862, 2183.643555, 1214.100708, 909.024780, 5.000000, -22.310682, -17.515442, 0.000000, -40.966023, 0.000000, -5.225636
65031868, 2099.998535, 1049.994751, 892.857117, 1.000000, -26.052696, -20.546509, 0.000000, -40.579044, 0.000000, -8.372795
65254750, 2063.585693, 443.351959, 714.285706, 1.000000, -27.681692, -17.912464, 0.000000, -43.022538, 0.000000, -5.005703
65466534, 2033.738892, 3000.000000, 727.272705, 1.000000, -29.016945, -20.479733, 0.000000, -45.025417, 0.000000, -6.972107
65678810, 1952.030640, 224.990997, 909.173584, 1.000000, -32.672314, -23.864700, 0.009365, -50.508471, 0.000000, -8.712158
65902833, 1888.230957, 295.624756, 727.325623, -1.000000, -90.000000, -360.142242, 0.060201, -133.500000, 0.000000, -320.092249
66116596, 1835.483887, 445.548981, 727.325623, -8.000000, -90.000000, -24.900000, 0.090970, -123.000000, 0.000000, 12.000000
66328728, 1797.086670, 895.522339, 714.349487, -22.000000, -90.000000, -24.600000, 0.000000, -102.000000, 0.000000, 6.000000
66552790, 1771.693481, 445.544525, 714.323975, -23.000000, -90.000000, -30.150000, 0.000000, -100.500000, 0.000000, 0.000000
66774944, 1782.734985, 746.238953, 535.714294, -29.000000, -90.000000, -15.450000, 0.000000, -91.500000, 0.000000, 12.000000
66985810, 1819.973633, 426.489746, 545.414856, -36.000000, -90.000000, -30.299999, 0.000000, -81.000000, 0.000000, -6.000000
67207817, 1949.031250, 711.011658, 714.285706, -39.000000, -32.806496, 26.434530, 0.000000, 9.290257, 1.731966, 15.412307
67429727, 2072.404785, 524.994751, 714.285706, -31.000000, -27.287155, 1.000000, 0.000000, 5.569267, 6.608008, -13.210556
67641562, 2143.368896, 1421.464111, 727.272705, -12.000000, -24.112446, -37.082615, 0.000000, -18.168669, 4.371339, -36.003352
67863798, 2193.789551, 285.714294, 727.325623, -12.000000, -21.856785, 1.000000, 0.000000, -14.785177, 0.000000, -2.091980
68074890, 2243.882812, 75.000000, 727.325623, -12.000000, -19.615768, 8.044085, 0.000000, -11.423653, 0.000000, 11.471180
68286834, 2289.099365, 150.000000, 701.754395, -14.000000, -17.592924, 9.726568, 0.000000, -5.389386, 0.000000, 11.343384
68507794, 2335.080811, 75.000000, 909.090942, -18.000000, -15.535860, 14.357694, 0.000000, 3.696210, 0.312168, 10.349316
68719870, 2391.544922, 298.495575, 909.024780, -20.000000, -13.009830, 19.327805, 0.000000, 10.485254, 4.486597, 4.355953
68941573, 2399.962402, 285.681641, 719.230408, -14.000000, -12.633261, 2.262539, 0.000000, 2.050109, 7.771093, -7.558663
69152737, 2392.068604, 74.626862, 892.857117, -16.000000, -12.986404, 21.086361, 0.000000, 4.520393, 9.104729, 7.461239
69374996, 2364.650391, 142.878922, 727.325623, -13.000000, -14.213011, 1.000000, 0.000000, -1.819516, 10.714455, -11.090023
69585847, 2301.037598, 149.253723, 727.272705, -11.000000, -17.058846, 0.208317, 0.000000, -9.088268, 6.981635, -4.046837
69807771, 2248.700195, 499.923828, 714.285706, -15.000000, -19.400255, 3.247538, 0.000000, -6.600383, 2.776832, 2.450821
70018869, 2218.924072, 1044.739746, 727.272705, -19.000000, -20.732344, 2.884619, 0.000000, -2.598516, 0.141694, 3.522480
70241567, 2208.011963, 1285.953125, 545.494202, -22.000000, -21.220516, 3.346903, 0.000000, 1.169226, 0.252942, 1.924736
70454772, 2150.473877, 73.891624, 727.325623, -25.000000, -23.794590, 2.597733, 0.000000, 1.808115, 1.049879, -0.260262
70666867, 2124.362549, 149.994003, 709.219849, -27.000000, -24.962729, 2.113398, 0.000000, 3.055907, 2.760994, -3.703503
70888861, 2107.979004, 298.519348, 545.414856, -29.000000, -25.695677, 10.525316, 0.000000, 4.956485, 4.915568, 0.653263
71099878, 2104.694580, 675.000000, 727.219849, -29.000000, -25.842611, 6.655287, 0.000000, 4.736083, 8.127131, -6.207928
71321909, 2094.750000, 214.253067, 714.285706, -24.000000, -26.287500, 1.000000, 0.000000, -3.431251, 8.770495, -16.671227
71533866, 2085.930420, 1417.910400, 701.754395, -27.000000, -26.682060, 5.595710, 0.000000, 0.476910, 8.306506, -3.187706
71754792, 2090.403809, 285.746948, 727.272705, -31.000000, -26.481934, 24.263716, 0.000000, 6.777100, 10.302771, 7.183845
71977751, 2104.307861, 284.327850, 727.325623, -28.000000, -25.859913, 5.178035, 0.000000, 3.210131, 14.173691, -12.205787
72191540, 2118.985107, 147.783249, 727.325623, -21.000000, -25.203297, 4.307515, 0.000000, -6.304945, 13.363640, -7.164643
72403790, 2093.554199, 707.520447, 746.279785, -17.000000, -26.340996, 1.897262, 0.000000, -14.011494, 7.145819, -1.045109
72617551, 2068.994141, 74.272133, 545.454529, -21.000000, -27.439735, 6.122198, 0.000000, -9.659603, 0.635999, 8.384079
72841518, 2054.206299, 295.566498, 545.454529, -26.000000, -28.101297, 4.128440, 0.000000, -3.151946, 0.000000, 5.074024
73054775, 2070.563965, 222.078568, 727.272705, -30.000000, -27.369507, 7.951210, 0.000000, 3.945740, 0.945320, 3.060150
73267955, 2107.241455, 1200.000000, 727.272705, -33.000000, -25.728672, 25.068262, 0.000000, 10.906992, 5.099529, 9.061741
73491544, 2118.935791, 741.073792, 727.325623, -32.000000, -25.205503, 17.751642, 0.000000, 10.191745, 11.419932, -3.860035
73703772, 2143.510254, 2164.254395, 714.349487, -25.000000, -24.106121, 9.841175, 0.000000, 1.340818, 14.496168, -5.995811
73927759, 2146.021973, 891.093567, 714.336731, -19.000000, -23.993755, 4.178907, 0.000000, -7.490633, 12.106109, -5.680012
74141570, 2120.603516, 147.783249, 541.506470, -22.000000, -25.130896, 13.277555, 0.000000, -4.696343, 7.877853, 6.808605
74363838, 2111.198975, 2164.178955, 727.219849, -26.000000, -25.551624, 15.531479, 0.000000, 0.672564, 6.310477, 8.548439
74574943, 2138.941650, 1499.969971, 727.180176, -28.000000, -24.310505, 16.533735, 0.000000, 5.534243, 7.977062, 3.022430
74796930, 2143.538574, 1785.442261, 714.285706, -28.000000, -24.104853, 15.380178, 0.000000, 5.842721, 11.493642, -1.956184
75018928, 2129.870605, 749.996216, 714.285706, -22.000000, -24.716314, 3.562207, 0.000000, -4.074471, 11.352187, -6.567638
75229772, 2139.880615, 355.492340, 727.272705, -25.000000, -24.268499, 21.400600, 0.000000, 1.097251, 10.192174, 10.111175
75452780, 2143.522705, 1279.475342, 727.325623, -21.000000, -24.105564, 1.847825, 0.000000, -4.658346, 9.451116, -6.205788
75666536, 2179.570068, 738.916260, 727.325623, -22.000000, -22.492918, 15.289246, 0.000000, -0.739377, 7.361001, 8.150058
75878748, 2185.155029, 899.968445, 714.336731, -21.000000, -22.243065, 0.982679, 0.000000, -1.864597, 7.537802, -5.995743
76102770, 2185.017578, 73.894173, 714.336731, -18.000000, -22.249214, 2.057683, 0.000000, -6.373821, 4.863818, -0.893990
76316554, 2159.274658, 147.806549, 722.008606, -21.000000, -23.400871, 2.134471, 0.000000, -3.601307, 2.405285, 0.809578
76529810, 2169.979492, 74.257423, 722.256348, -25.000000, -22.921970, 13.573191, 0.000000, 3.117044, 2.185776, 8.270371
76741927, 2232.125000, 450.000000, 892.793396, -28.000000, -20.141777, 30.686415, 0.000000, 11.787334, 6.125048, 12.774033
76963823, 2302.621338, 149.247787, 719.385620, -25.000000, -16.987993, 16.697985, 0.000000, 12.018010, 13.924993, -9.245018
77175897, 2363.143066, 71.081963, 701.754395, -17.000000, -14.280441, 12.719604, 0.000000, 4.079338, 18.462684, -9.822418
77396898, 2414.024170, 149.253723, 909.090942, -8.000000, -12.004181, 7.339941, 0.000000, -6.006271, 17.760208, -8.618385
77607836, 2471.335205, 71.439461, 909.090942, -4.000000, -9.440268, 11.701633, 0.000000, -8.160401, 13.682423, 0.467331
77819883, 2529.504639, 450.000000, 877.192993, -9.000000, -6.837950, 22.098459, 0.000000, 3.243075, 12.565597, 6.289787
78041553, 2584.050537, 149.253723, 909.090942, -6.000000, -4.397739, 5.820434, 0.000000, 2.403391, 15.605779, -12.188736
78244480, 2618.885986, 149.994003, 902.673767, 1.000000, -2.839310, 7.329765, 0.000000, -5.758965, 14.627546, -5.570091
78456011, 2624.229736, 147.789078, 1071.352051, 5.000000, -2.600250, 13.337716, 0.000000, -11.400375, 8.319516, 8.438313
78667522, 2641.869141, 285.751007, 1079.078491, -2.000000, -1.811119, 19.466093, 0.000000, 0.283321, 4.932131, 14.250641
78891545, 2685.712402, 594.062378, 899.167419, -9.000000, 0.150291, 37.361256, 0.000000, 13.725437, 8.887521, 14.748299
79094566, 2749.005371, 369.458130, 892.857117, -3.000000, 2.981819, 16.876074, 0.000000, 8.972729, 15.635225, -7.731881
79306329, 2775.995605, 599.972961, 909.074341, 6.000000, 4.189278, 7.724792, 0.000000, -2.716084, 17.128110, -8.588493
79517884, 2760.095215, 995.147461, 909.157043, 8.000000, 3.477943, 12.415113, 0.000000, -6.783085, 13.380108, 1.069931
79730857, 2760.504883, 661.767944, 1090.988403, 4.000000, 3.496269, 8.004909, 0.000000, -0.755596, 12.003515, -3.771927
79941920, 2766.940918, 599.979004, 1071.447754, 9.000000, 3.784199, 1.000000, 0.000000, -7.823702, 9.632893, -10.411560
80152763, 2769.321777, 995.444641, 1090.829712, 5.000000, 3.890713, 18.626148, 0.000000, -1.663931, 6.182174, 12.943153
80363790, 2774.342529, 1950.000000, 909.024780, 7.000000, 4.115326, 1.000000, 0.000000, -4.327011, 5.294790, -7.396545
80574890, 2781.630859, 749.969971, 909.090942, 8.000000, 4.441383, 7.131806, 0.000000, -5.337925, 1.565360, 7.167824
80785821, 2777.346191, 284.327850, 1090.889160, 4.000000, 4.249699, 6.864397, 0.000000, 0.374548, 0.211070, 6.278778
80996852, 2791.241943, 1050.000000, 1090.988403, 0.000000, 4.871349, 19.308306, 0.000000, 7.307024, 2.512734, 9.488549
81208812, 2822.347412, 142.878922, 1052.650024, -3.000000, 6.262913, 31.583401, 0.000000, 13.894369, 8.648908, 9.040123
81429713, 2846.928223, 895.522339, 1090.869385, 1.000000, 7.362579, 18.543970, 0.000000, 9.543869, 15.786654, -6.786553
81641519, 2847.099121, 1725.000000, 909.024780, 10.000000, 7.370220, 6.685122, 0.000000, -3.944670, 16.943756, -9.075234
81844897, 2831.941650, 594.035889, 1071.352051, 13.000000, 6.692127, 13.443872, 0.000000, -9.461809, 12.358603, 3.923813
82066516, 2817.876465, 149.259674, 1078.826294, 8.000000, 6.062893, 15.029352, 0.000000, -2.905661, 8.979664, 6.921387
82269885, 2829.456055, 594.059387, 892.857117, 13.000000, 6.580929, 1.000000, 0.000000, -9.628607, 5.579591, -4.220993
82491597, 2841.797119, 373.134308, 1090.909058, 10.000000, 7.133030, 3.802835, 0.000000, -4.300455, 0.905647, 4.187324
82694894, 2841.459473, 594.059387, 1071.428589, 2.000000, 7.117924, 20.407595, 0.000000, 7.676886, 2.185460, 10.545250
82906323, 2867.757568, 895.486694, 1090.988403, -1.000000, 8.294415, 17.924492, 0.000000, 13.941622, 9.431631, -5.448761
83117572, 2897.958984, 995.147461, 1071.505127, 5.000000, 9.645535, 10.593724, 0.000000, 6.968302, 15.479533, -11.854110
83331011, 2917.025635, 891.230286, 1063.829712, 13.000000, 10.498516, 5.957779, 0.000000, -3.752226, 16.159847, -9.076400
83552721, 2921.132080, 596.991150, 1090.829712, 8.000000, 10.682224, 33.593727, 0.000000, 4.023336, 15.245295, 14.325096
83766526, 2942.323975, 148.786652, 1090.829712, 10.000000, 11.630283, 9.292427, 0.000000, 2.445425, 18.079813, -11.232811
83979797, 2967.615234, 741.073792, 1090.829712, 18.000000, 12.761734, 4.479019, 0.000000, -7.857399, 16.521442, -9.685204
84191588, 2962.988770, 355.517639, 1258.924805, 22.000000, 12.554760, 5.332802, 0.000000, -14.167860, 9.606369, -0.023209
84403736, 2958.996338, 150.000000, 1272.727295, 15.000000, 12.426226, 13.403559, 0.000000, -3.860662, 4.919772, 9.641985
84627742, 2972.085693, 443.332306, 1090.909058, 8.000000, 13.183115, 20.218327, 0.000000, 7.774673, 6.233324, 6.210331
84841539, 2994.504395, 517.261719, 1090.909058, 12.000000, 13.964672, 2.719365, 0.000000, 2.947008, 9.796008, -10.023651
85054797, 2992.943115, 147.783249, 1090.909058, 13.000000, 14.267829, 17.284723, 0.000000, 1.901743, 9.801633, 5.581347
85266561, 2983.438965, 150.000000, 1090.988403, 11.000000, 13.953422, 11.114311, 0.000000, 4.430132, 12.582813, -5.898634
85477768, 2981.139404, 375.000000, 1071.524292, 17.000000, 13.578748, 3.793728, 0.000000, -5.131878, 11.864955, -6.531664
85699929, 2988.553467, 149.994003, 1071.428589, 9.000000, 13.698444, 34.601269, 0.000000, 7.047667, 12.490604, 15.063000
85910814, 2986.479004, 1044.817749, 1090.829712, 14.000000, 13.605640, 3.014591, 0.000000, -0.591539, 14.682362, -11.490309
86132785, 2993.767578, 1142.682983, 1071.428589, 21.000000, 13.965704, 1.000000, 0.000000, -10.551444, 11.319555, -12.074787
86343904, 2975.578125, 970.110596, 1090.909058, 20.000000, 14.126274, 13.217827, 0.000000, -8.810589, 5.021915, 10.839088
86555957, 2985.390625, 714.421814, 1071.428589, 14.000000, 13.556950, 8.455794, 0.000000, -0.664576, 2.411179, 6.243988
86777804, 2993.914062, 223.880585, 1090.988403, 9.000000, 14.268532, 12.913433, 0.000000, 7.902798, 5.465103, -0.454468
86991585, 3034.646973, 594.035889, 1272.819824, 15.000000, 15.999756, 1.000000, 0.000000, 1.499634, 8.478166, -10.012705
87204854, 3014.002930, 373.149170, 1090.988403, 13.000000, 17.099350, 23.400965, 0.000000, 6.149025, 10.089106, 7.162834
87416880, 3019.808350, 593.477661, 1250.022339, 15.000000, 17.944586, 7.981213, 0.000000, 4.416879, 14.272571, -10.708237
87638759, 3009.261963, 357.156464, 1272.634644, 22.000000, 18.569271, 7.133653, 0.000000, -5.146093, 13.742785, -5.065304
87849878, 2992.227539, 450.000000, 1272.634644, 25.000000, 18.766523, 12.012344, 0.000000, -9.350215, 9.003260, 5.814148
88061839, 2987.620605, 895.486694, 1228.070190, 17.000000, 18.001818, 19.402700, 0.000000, 1.502727, 6.844833, 11.055141
88282867, 2984.614746, 1071.306152, 1090.909058, 22.000000, 17.235874, 1.000000, 0.000000, -7.146189, 5.159803, -6.662407
88493877, 3004.544678, 300.000000, 1090.909058, 19.000000, 17.087637, 12.311686, 0.000000, -2.868545, 1.204681, 11.967568
88716499, 3013.510254, 374.984985, 1272.843018, 12.000000, 17.534306, 23.923040, 0.000000, 8.301458, 2.699189, 12.922394
88929758, 3031.001221, 886.874268, 1090.988403, 12.000000, 18.397709, 8.028270, 0.000000, 9.596563, 8.624982, -10.193276
89141552, 3027.999268, 300.000000, 1090.909058, 18.000000, 19.811171, 10.583911, 0.000000, 2.716756, 12.227171, -4.360016
89352701, 3026.343994, 1575.000000, 1272.611572, 24.000000, 20.983770, 5.412922, 0.000000, -4.524344, 11.246948, -4.476723
89574872, 3006.748047, 1950.000000, 1258.675903, 20.000000, 21.602154, 18.980314, 0.000000, 2.403231, 10.222889, 6.354195
89786818, 3007.995850, 149.994003, 1228.070190, 21.000000, 22.139145, 8.795134, 0.000000, 1.708717, 12.372397, -5.285980
90007856, 2980.227295, 671.668518, 1090.909058, 22.000000, 22.086489, 22.661087, 0.000000, 0.129733, 11.280873, 11.250481
90218931, 2979.415283, 571.428589, 1090.909058, 19.000000, 21.195837, 8.967669, 0.000000, 3.293756, 13.039559, -7.365646
90441568, 2969.875000, 2024.918945, 1091.008301, 24.000000, 20.015945, 2.910899, 0.000000, -5.976082, 12.222526, -7.518802
90654828, 2959.379150, 592.197754, 1090.988403, 18.000000, 18.389908, 20.631788, 0.000000, 0.584862, 10.662988, 9.383938
90868868, 2958.476318, 970.134766, 1250.000000, 21.000000, 16.655750, 1.000000, 0.000000, -6.516375, 9.986980, -14.704525
91080861, 2968.578125, 1492.529907, 1090.909058, 20.000000, 15.196158, 7.047188, 0.000000, -7.205762, 5.134363, 4.074554
91292564, 2968.944336, 357.198975, 1272.611572, 15.000000, 14.003788, 6.580866, 0.000000, -1.494318, 2.988127, 4.041035
91516506, 2949.870117, 295.566498, 1090.809937, 12.000000, 12.533569, 1.538513, 0.000000, 0.800354, 3.383192, -2.645033
91729785, 2867.681152, 147.783249, 1090.809937, 11.000000, 8.988454, 1.000000, 0.000000, -3.017319, 3.047238, -7.467362
91941558, 2769.357422, 224.989868, 1079.097900, 11.000000, 3.892307, 1.000000, 0.000000, -10.661539, 0.000000, -3.777557
92144537, 2727.254883, 295.579620, 1071.428589, 11.000000, 2.008770, 1.000000, 0.000000, -13.486845, 0.000000, -3.791977
92366498, 2731.171875, 599.997009, 1090.909058, 11.000000, 2.184006, 1.000000, 0.000000, -13.223991, 0.000000, 2.054901
92569946, 2702.435547, 296.106201, 1071.428589, 8.000000, 0.898434, 1.169598, 0.000000, -10.652349, 0.000000, 4.365303
92780939, 2712.637207, 673.649353, 1071.524292, 5.000000, 1.354824, 5.572676, 0.000000, -5.467764, 0.000000, 7.213005
92991938, 2710.204102, 1274.942627, 1071.447754, 3.000000, 1.245975, 2.979938, 0.000000, -2.631037, 0.000000, 3.769249
93202804, 2695.963135, 142.207047, 892.793396, 0.000000, 0.608879, 5.699359, 0.000000, 0.913319, 0.025573, 4.760468
93413836, 2669.862793, 781.994263, 909.024780, -1.000000, -0.558769, 1.000000, 0.000000, 0.661846, 0.451186, -1.431290
93625847, 2642.150879, 150.000000, 877.192993, -2.000000, -1.798515, 1.000000, 0.000000, 0.302227, 1.258073, -3.955673
93846951, 2601.280762, 149.253723, 909.090942, -3.000000, -3.626915, 1.000000, 0.000000, -0.940372, 1.944598, -7.548683
94057741, 2489.361572, 300.000000, 909.090942, -3.000000, -8.633823, 1.000000, 0.000000, -8.450735, 0.000000, -9.237385
94268841, 2396.682129, 749.969971, 909.090942, -3.000000, -12.780010, 1.000000, 0.000000, -14.670015, 0.000000, -7.021145
94480870, 2367.947754, 571.357849, 886.509094, -3.000000, -14.065495, 1.000000, 0.000000, -16.598242, 0.000000, -1.440205
94692818, 2382.376953, 820.903748, 909.008301, -4.000000, -13.419979, 1.000000, 0.000000, -14.129969, 0.000000, 1.417328
94906010, 2388.044922, 148.533234, 714.234741, -5.000000, -13.166410, 1.000000, 0.000000, -12.249616, 0.000000, -1.134624
95127723, 2389.701904, 1044.812500, 719.398621, -7.000000, -13.092283, 3.209846, 0.000000, -9.138425, 0.000000, 5.951374
95338821, 2372.031250, 426.540283, 727.259460, -8.000000, -13.882812, 3.251740, 0.000000, -8.824219, 0.000000, 5.899006
95550932, 2363.472412, 524.989502, 727.325623, -9.000000, -14.265707, 1.436931, 0.000000, -7.898561, 0.000000, 3.806499
95771908, 2375.357910, 785.834045, 909.157043, -10.000000, -13.733988, 4.853801, 0.000000, -5.600982, 0.000000, 6.534096
95985879, 2379.499023, 812.807922, 714.336731, -11.000000, -13.548727, 2.602844, 0.000000, -3.823091, 0.000000, 3.749771
96196886, 2368.752930, 1200.000000, 727.272705, -12.000000, -14.029474, 1.000000, 0.000000, -3.044211, 0.000000, -0.450279
96418940, 2378.645508, 750.000000, 722.008606, -14.000000, -13.586912, 0.928223, 0.000000, 0.619632, 0.138212, 0.170380
96630964, 2356.401123, 1193.982300, 727.219849, -17.000000, -14.582056, 9.951976, 0.000000, 3.626916, 1.435972, 4.889088
96852791, 2359.584717, 1428.408203, 719.230408, -21.000000, -14.439632, 21.001656, 0.000000, 9.840551, 4.989877, 6.171227
97074839, 2341.014893, 225.000000, 714.285706, -20.000000, -15.270386, 11.239743, 0.000000, 7.094421, 10.147096, -6.001774
97285819, 2355.939941, 447.743347, 727.272705, -13.000000, -14.602688, 1.000000, 0.000000, -2.404032, 11.322647, -12.294514
97507792, 2341.371338, 285.768707, 727.272705, -9.000000, -15.254440, 1.000000, 0.000000, -9.381660, 7.625096, -5.966320
97718883, 2339.627686, 298.507446, 727.272705, -15.000000, -15.332447, 16.833443, 0.000000, -0.498671, 4.805328, 12.177715
97941611, 2342.642090, 142.835373, 902.510742, -20.000000, -15.197590, 20.299435, 0.000000, 7.203615, 6.647440, 6.448380
98154755, 2350.510254, 147.783249, 902.820435, -18.000000, -14.845594, 5.354925, 0.000000, 4.731608, 10.889914, -10.266598
98367908, 2340.150635, 75.000000, 877.131409, -15.000000, -15.309050, 15.135773, 0.000000, -0.463574, 11.066235, 4.208610
98591533, 2348.670410, 147.800720, 909.024780, -18.000000, -14.927902, 10.069658, 0.000000, 4.608147, 13.459467, -7.997956
98804801, 2345.635254, 746.268616, 727.219849, -12.000000, -15.063686, 0.582323, 0.000000, -4.595530, 13.492952, -11.531971
99016914, 2344.183350, 1194.029785, 727.219849, -7.000000, -15.128639, 1.000000, 0.000000, -12.192959, 8.472307, -8.776875
99238799, 2359.373047, 997.004272, 714.298462, -10.000000, -14.449099, 8.578908, 0.000000, -6.673648, 2.229150, 8.351853
99449909, 2337.777832, 299.399719, 727.325623, -15.000000, -15.415201, 3.863476, 0.000000, -0.622802, 0.243748, 3.806568
99671896, 2341.849854, 142.196259, 892.920898, -19.000000, -15.233032, 13.127173, 0.000000, 5.650452, 1.699802, 5.776920
99882884, 2364.609375, 1137.483887, 727.272705, -20.000000, -14.214844, 10.875435, 0.000000, 8.677734, 6.194767, -3.997066
100104770, 2378.860840, 900.000000, 902.836731, -15.000000, -13.577278, 4.898918, 0.000000, 2.134083, 9.252205, -6.487370
100317544, 2360.664062, 749.969971, 727.193359, -19.000000, -14.391344, 24.253593, 0.000000, 6.912984, 11.570887, 5.769722
100541558, 2369.119141, 370.109009, 727.219849, -14.000000, -14.013092, 0.010991, 0.000000, -0.019638, 14.234175, -14.217293
100754784, 2370.663330, 148.235260, 909.024780, -8.000000, -13.944010, 1.000000, 0.000000, -8.916015, 11.855490, -12.455910
100966900, 2379.000977, 149.999252, 909.024780, -7.000000, -13.571009, 10.731381, 0.000000, -9.856513, 5.803745, 7.884590
101178563, 2362.954590, 746.272339, 892.857117, -12.000000, -14.288874, 7.704188, 0.000000, -3.433311, 2.153623, 6.580559
101402799, 2403.695801, 148.508972, 909.090942, -15.000000, -12.466240, 7.210936, 0.000000, 3.800640, 2.732428, 0.677868
101614823, 2444.280273, 298.519348, 727.338867, -18.000000, -10.650620, 29.709013, 0.000000, 11.024071, 6.894094, 11.790848
101835840, 2449.738037, 373.134308, 909.140503, -14.000000, -10.406456, 5.123704, 0.000000, 5.390316, 12.095387, -12.361999
102048851, 2443.463623, 285.746948, 882.352905, -11.000000, -10.687155, 10.046011, 0.000000, 0.469268, 12.674213, -3.097469
102271938, 2444.338135, 1049.958008, 714.285706, -12.000000, -10.648031, 11.356996, 0.000000, 2.027953, 14.127699, -4.798657
102483897, 2432.314453, 1417.966919, 892.857117, -7.000000, -11.185934, 3.547372, 0.000000, -6.278901, 12.333764, -6.902721
102704760, 2425.588867, 642.759216, 727.325623, -11.000000, -11.486813, 14.131097, 0.000000, -0.730219, 10.327072, 4.023090
102916927, 2441.417725, 746.238953, 709.244995, -6.000000, -10.778681, 1.000000, 0.000000, -7.168021, 8.339998, -10.084362
103138760, 2436.467773, 642.979614, 909.024780, -8.000000, -11.000126, 14.620603, 0.000000, -4.500189, 4.044118, 11.926541
103349892, 2444.161133, 522.388062, 727.219849, -12.000000, -10.655951, 15.111545, 0.000000, 2.016074, 3.116222, 9.979248
103571976, 2431.425293, 142.835373, 892.857117, -15.000000, -11.225712, 9.247394, 0.000000, 5.661432, 5.538106, -1.952145
103782833, 2453.216064, 447.761169, 727.272705, -17.000000, -10.250860, 21.894167, 0.000000, 10.123710, 10.316817, 1.453640
104004784, 2467.437012, 785.834045, 909.090942, -10.000000, -9.614660, 2.850484, 0.000000, 0.578010, 13.559873, -11.287399
104216559, 2476.530518, 1492.537231, 909.173584, -4.000000, -9.207846, 1.000000, 0.000000, -7.811769, 11.589760, -10.061291
104427719, 2469.444336, 298.507446, 909.157043, -4.000000, -9.524858, 12.261299, 0.000000, -8.287288, 6.304435, 8.443050
104638821, 2451.997070, 142.834702, 892.793396, -6.000000, -10.305395, 8.199742, 0.000000, -6.458093, 1.969682, 8.167488
104850857, 2467.448486, 1493.124512, 899.232056, -7.000000, -9.614147, 1.000000, 0.000000, -3.921221, 0.000000, -3.403301
105071962, 2481.898438, 373.119476, 909.090942, -8.000000, -8.967701, 1.516679, 0.000000, -1.451551, 0.000000, 1.952145
105282767, 2471.148926, 568.741943, 909.090942, -9.000000, -9.448601, 1.000000, 0.000000, -0.672901, 0.000000, -2.931267
105493849, 2486.524170, 675.000000, 909.090942, -9.000000, -8.760761, 3.912586, 0.000000, 0.358858, 0.013270, 3.540459
105704827, 2481.818848, 857.008179, 909.157043, -9.000000, -8.971262, 0.159034, 0.000000, 0.043107, 0.130209, -0.014282
105918890, 2490.352783, 149.253723, 892.857117, -9.000000, -8.589479, 1.044965, 0.000000, 0.615781, 0.426300, 0.002884
106129714, 2475.792236, 297.078247, 909.090942, -9.000000, -9.240873, 1.000000, 0.000000, -0.361310, 0.634338, -2.928257
106341894, 2491.217529, 749.969971, 909.024780, -9.000000, -8.550797, 2.834507, 0.000000, 0.673805, 0.725361, 1.435341
106552793, 2492.883301, 149.259674, 909.024780, -9.000000, -8.476273, 1.000000, 0.000000, 0.785591, 1.384719, -2.686031
106764861, 2502.923340, 374.984985, 877.192993, -9.000000, -8.027113, 3.141934, 0.000000, 1.459331, 1.918970, -0.236366
106985792, 2482.899414, 1142.721069, 909.090942, -10.000000, -8.922922, 9.628287, 0.000000, 1.615617, 2.499720, 5.512951
107196917, 2482.419678, 142.202332, 909.157043, -10.000000, -8.944384, 5.557106, 0.000000, 1.583425, 3.238605, 0.735077
107408853, 2466.010010, 149.253723, 877.192993, -10.000000, -9.678499, 3.365402, 0.000000, 0.482251, 3.822035, -0.938885
107629684, 2472.883545, 142.830612, 909.090942, -11.000000, -9.370998, 1.184346, 0.000000, 2.443502, 4.952926, -6.212082
107841537, 2471.057861, 142.206375, 727.233093, -11.000000, -9.452675, 5.953999, 0.000000, 2.320988, 6.564015, -2.931004
108052698, 2466.519531, 150.000000, 1071.352051, -11.000000, -9.655704, 6.918602, 0.000000, 2.016443, 8.077334, -3.175175
108274871, 2476.654297, 149.994003, 1071.428589, -11.000000, -9.202307, 10.952277, 0.000000, 2.696540, 9.442925, -1.187187
108485857, 2478.511230, 671.668518, 909.090942, -11.000000, -9.119236, 13.588810, 0.000000, 2.821146, 10.783788, -0.016125
108697856, 2484.881348, 142.835373, 892.920898, -7.000000, -8.834255, 3.265154, 0.000000, -2.751383, 10.575833, -6.485264
108918907, 2486.525879, 447.743347, 909.090942, -7.000000, -8.760685, 9.935934, 0.000000, -2.641027, 8.384767, 2.343475
109129731, 2488.346191, 284.414093, 909.090942, -7.000000, -8.679249, 3.342605, 0.000000, -2.518873, 7.023766, -2.925499
109341510, 2489.084961, 150.000000, 909.024780, -8.000000, -8.646198, 5.864522, 0.000000, -0.969297, 6.158183, -0.002872
109552685, 2482.912354, 149.247787, 909.024780, -8.000000, -8.922342, 3.459200, 0.000000, -1.383513, 5.585444, -1.711189
109763806, 2483.245605, 142.840134, 909.090942, -8.000000, -8.907434, 1.034607, 0.000000, -1.361152, 5.035516, -3.592564
109974921, 2466.702148, 568.809326, 892.936890, -9.000000, -9.647535, 4.800056, 0.000000, -0.971303, 4.382119, 0.709328
110186776, 2464.883545, 375.000000, 892.920898, -9.000000, -9.728893, 3.224422, 0.000000, -1.093340, 4.037630, -0.485207
110407807, 2417.164307, 298.507446, 909.074341, -9.000000, -11.863703, 1.000000, 0.000000, -4.295554, 2.457938, -2.925247
110618846, 2363.415283, 1050.000000, 909.090942, -9.000000, -14.268263, 1.000000, 0.000000, -7.902394, 0.000000, -4.877243
110830928, 2342.818848, 142.857147, 909.024780, -9.000000, -15.189684, 1.000000, 0.000000, -9.284526, 0.000000, -0.892353
111042512, 2345.877686, 447.761169, 719.385620, -9.000000, -15.052841, 1.000000, 0.000000, -9.079262, 0.000000, 0.614365
111266543, 2346.690918, 223.166687, 899.232056, -9.000000, -15.016460, 1.000000, 0.000000, -9.024691, 0.000000, -0.592289
111479732, 2355.807129, 149.253723, 892.857117, -9.000000, -14.608629, 1.000000, 0.000000, -8.412944, 0.000000, -0.454994
111691508, 2346.193848, 824.995850, 909.090942, -9.000000, -15.038696, 1.000000, 0.000000, -9.058044, 0.000000, -0.719547
111902751, 2335.938965, 149.248535, 909.157043, -9.000000, -15.497467, 1.000000, 0.000000, -9.746201, 0.000000, -0.897537
112114785, 2341.113525, 1281.911255, 877.269897, -9.000000, -15.265974, 1.000000, 0.000000, -9.398961, 0.000000, 0.224384
112335844, 2319.750732, 449.097290, 909.090942, -9.000000, -16.221678, 1.000000, 0.000000, -10.832517, 0.000000, -0.382118
112546960, 2283.973877, 449.981995, 727.285950, -9.000000, -17.822222, 1.000000, 0.000000, -13.233333, 0.000000, -0.523876
112758789, 2219.488525, 1279.869507, 877.192993, -9.000000, -20.707092, 1.000000, 0.086288, -17.560638, 0.000000, -4.303322
112979778, 2145.069580, 599.997009, 727.272705, -9.000000, -24.036362, 1.000000, 0.000000, -22.554543, 0.000000, -7.672737
113191540, 2053.269531, 974.970764, 909.090942, -9.000000, -28.143206, 1.000000, 0.000000, -28.714808, 0.000000, -4.046299
113403799, 1999.634644, 142.184128, 727.338867, -9.000000, -30.542660, 1.000000, 0.000000, -32.313990, 0.000000, -0.972725
113617759, 2060.912598, 666.238953, 727.338867, -9.000000, -27.801279, 1.000000, 0.000000, -28.201919, 0.000000, 5.386047
113831181, 2163.805176, 741.073792, 727.338867, -9.000000, -23.198189, 0.197622, 0.000000, -21.297283, 0.000000, 6.586807
114052760, 2245.817383, 149.259674, 714.336731, -9.000000, -19.529222, 1.507222, 0.000000, -15.793834, 0.000000, 6.245373
114266480, 2282.624023, 445.544525, 902.510742, -9.000000, -17.882608, 1.000000, 0.000000, -13.323913, 0.000000, 1.343548
114479754, 2337.359131, 517.241394, 902.510742, -10.000000, -15.433933, 3.682869, 0.000000, -8.150900, 0.000000, 6.128139
114691857, 2410.217773, 749.996216, 909.024780, -12.000000, -12.174467, 7.121620, 0.000000, -0.261701, 0.000000, 7.200130
114913752, 2501.421387, 895.491211, 899.232056, -15.000000, -8.094307, 22.765095, 0.000000, 10.358540, 3.511989, 8.894565
115124837, 2600.903076, 568.828186, 909.090942, -14.000000, -3.643810, 26.554211, 0.000000, 15.534285, 11.719069, -0.699142
115336803, 2644.167236, 149.994003, 877.192993, -6.000000, -1.708309, 12.580264, 0.000000, 6.437536, 18.166783, -12.024055
115547890, 2698.845703, 142.163925, 909.157043, 4.000000, 0.737835, 5.874417, 0.000000, -4.893248, 18.609076, -11.266685
115758891, 2676.914795, 150.000000, 892.857117, 10.000000, -0.243286, 1.582193, 0.000000, -15.364929, 12.451109, -6.259438
115969917, 2671.599609, 1428.789185, 909.074341, 7.000000, -0.481068, 7.247852, 0.000000, -11.221601, 4.541525, 6.072807
116191491, 2624.947266, 600.000000, 1090.829712, 4.000000, -2.568150, 1.000000, 0.000000, -9.852224, 0.000000, -0.003021
116394883, 2572.245605, 591.132996, 892.793396, 4.000000, -4.925856, 1.000000, 0.000000, -13.388783, 0.000000, -5.841042
116606318, 2564.851318, 1499.939941, 1079.059082, 4.000000, -5.256651, 1.000000, 0.000000, -13.884976, 0.000000, 0.808880
116827772, 2556.879639, 355.409821, 1090.909058, 4.000000, -5.613279, 1.000000, 0.000000, -14.419919, 0.000000, -2.683022
117031132, 2546.930664, 738.916260, 1090.909058, 4.000000, -6.058365, 1.000000, 0.000000, -15.087547, 0.000000, -3.102562
117252764, 2547.426025, 1799.927979, 1090.988403, 4.000000, -6.036205, 1.000000, 0.000000, -15.054308, 0.000000, -3.058994
117466530, 2563.345947, 739.061890, 1090.988403, 4.000000, -5.323997, 1.000000, 0.000000, -13.985996, 0.000000, -2.095940
117669889, 2568.736572, 148.514847, 1071.409424, 4.000000, -5.082838, 1.000000, 0.000000, -13.624257, 0.000000, -2.141739
117881284, 2560.700439, 1343.283569, 909.057861, 4.000000, -5.442348, 1.000000, 0.000000, -14.163523, 0.000000, -2.678124
118102756, 2557.849609, 900.000000, 1090.829712, 3.000000, -5.569885, 1.000000, 0.000000, -12.854828, 0.000000, 2.423435
118316530, 2560.741699, 1039.562866, 909.008301, 3.000000, -5.440504, 1.000000, 0.000000, -12.660756, 0.000000, 2.437019
118519840, 2562.939453, 443.367218, 892.793396, 3.000000, -5.342184, 1.000000, 0.000000, -12.513276, 0.000000, -3.688236
118731138, 2565.723877, 373.134308, 909.090942, 3.000000, -5.217615, 1.000000, 0.000000, -12.326423, 0.000000, 0.031197
118942529, 2557.378174, 675.000000, 1090.909058, 3.000000, -5.590977, 1.000000, 0.000000, -12.886465, 0.000000, 0.046783
119155910, 2573.270264, 445.544525, 1071.428589, 3.000000, -4.880014, 1.000000, 0.000000, -11.820022, 0.000000, 2.632828
119366894, 2563.610840, 746.238953, 1071.524292, 3.000000, -5.312147, 1.000000, 0.000000, -12.468221, 0.000000, -0.486122
119577765, 2538.413330, 568.655701, 1071.524292, 3.000000, -6.439404, 1.000000, 0.000000, -14.159105, 0.000000, -0.849243
119788775, 2509.076660, 750.000000, 1090.809937, 3.000000, -7.751833, 1.000000, 0.000000, -16.127749, 0.000000, 0.485985
120000857, 2506.484863, 1349.973022, 899.199707, 3.000000, -7.867783, 1.000000, 0.000000, -16.301674, 0.000000, -0.008652
120221920, 2489.846924, 1363.421143, 909.090942, 2.000000, -8.612112, 1.000000, 0.000000, -15.918168, 0.000000, 1.952076
120432816, 2486.216064, 995.416321, 909.090942, 0.000000, -8.774544, 2.048445, 0.000000, -13.161816, 0.000000, 5.996990
120643961, 2483.279297, 299.988007, 909.090942, -1.000000, -8.905926, 0.917408, 0.000000, -11.858889, 0.000000, 4.475075
120854766, 2475.263672, 710.819641, 909.157043, -3.000000, -9.264519, 6.094815, 0.000000, -9.396778, 0.000000, 8.913849
121066468, 2468.507812, 525.000000, 909.090942, -4.000000, -9.566755, 1.000000, 0.000000, -8.350133, 0.000000, -0.781677
121277774, 2453.135742, 671.615051, 909.024780, -6.000000, -10.254454, 2.113027, 0.000000, -6.381680, 0.000000, 4.027531
121488846, 2461.967285, 782.138794, 892.793396, -9.000000, -9.859358, 4.146282, 0.000000, -1.289037, 0.000000, 4.532993
121700923, 2465.518799, 854.579102, 877.192993, -11.000000, -9.700476, 7.405091, 0.000000, 1.949286, 0.414751, 5.041054
121921879, 2457.435547, 299.398193, 727.272705, -13.000000, -10.062094, 5.187429, 0.000000, 4.406859, 2.489722, -1.709152
122132854, 2460.162109, 900.000000, 727.272705, -15.000000, -9.940115, 13.304986, 0.000000, 7.589828, 6.202322, -0.487164
122354766, 2457.272461, 853.209961, 727.325623, -19.000000, -10.069389, 32.713493, 0.000000, 13.395916, 12.581711, 6.735866
122566881, 2442.436279, 1268.656738, 886.509094, -13.000000, -10.733114, 8.251934, 0.000000, 3.400329, 17.326123, -12.474518
122788866, 2413.655518, 1142.813599, 727.219849, -5.000000, -12.020674, 1.000000, 0.000000, -10.531011, 14.794532, -14.931988
122999946, 2406.472168, 746.298340, 909.024780, -5.000000, -12.342035, 11.124070, 0.000000, -11.013053, 7.545212, 6.882775
123221956, 2393.537598, 714.173462, 714.285706, -13.000000, -12.920687, 14.883808, 0.000000, 0.118970, 4.716925, 10.047913
123432823, 2406.491943, 746.242676, 727.272705, -17.000000, -12.341148, 11.346479, 0.000000, 6.988277, 7.432691, -3.074490
123654748, 2424.675781, 1000.190491, 909.090942, -11.000000, -11.527662, 1.000000, 0.000000, -0.791493, 9.199218, -9.300258
123867891, 2418.373535, 300.000000, 909.090942, -15.000000, -11.809605, 20.245735, 0.000000, 4.785593, 10.207406, 5.252735
124091554, 2413.363770, 73.888718, 727.325623, -12.000000, -12.033726, 1.000000, 0.000000, -0.050589, 12.506275, -13.198838
124304805, 2411.231201, 148.049438, 727.325623, -12.000000, -12.129129, 17.891544, 0.000000, -0.193694, 11.422961, 6.526692
124518901, 2414.316162, 149.251511, 892.857117, -14.000000, -11.991117, 10.415532, 0.000000, 3.013324, 13.326769, -5.924561
124731165, 2423.542969, 449.997742, 902.673767, -8.000000, -11.578341, 8.616138, 0.000000, -5.367511, 12.025883, -1.799492
124952791, 2414.542236, 149.994003, 727.206604, -14.000000, -11.981005, 29.779112, 0.000000, 3.028493, 11.098558, 15.652061
125164797, 2398.399902, 142.207733, 899.054199, -9.000000, -12.703161, 1.000000, 0.000000, -5.554742, 10.508066, -10.463676
125385776, 2407.081787, 149.253723, 909.090942, -10.000000, -12.314762, 14.980476, 0.000000, -3.472143, 6.649556, 9.372563
125596867, 2413.887451, 374.984985, 727.272705, -11.000000, -12.010298, 2.621983, 0.000000, -1.515447, 6.435984, -3.359367
125818881, 2418.513672, 640.958679, 727.272705, -8.000000, -11.803335, 9.155861, 0.000000, -5.705003, 3.484629, 7.382732
126029767, 2417.436035, 74.849548, 727.325623, -14.000000, -11.851545, 13.680203, 0.000000, 3.222682, 3.025442, 7.432079
126242540, 2416.945557, 142.201660, 714.349487, -19.000000, -11.873489, 22.220034, 0.000000, 10.689766, 7.359618, 4.170650
126466505, 2426.421143, 519.801941, 902.722595, -15.000000, -11.449581, 3.582899, 0.000000, 5.325628, 12.689518, -14.432247
126677757, 2450.764648, 522.388062, 909.024780, -9.000000, -10.360529, 10.512547, 0.000000, -2.040793, 13.373114, -2.248329
126900032, 2434.263672, 299.988007, 899.038025, -8.000000, -11.098730, 18.935602, 0.000000, -4.648095, 10.236696, 10.093334
127110808, 2428.754150, 597.038696, 727.272705, -12.000000, -11.345209, 8.817690, 0.000000, 0.982186, 9.787580, -1.952076
127332756, 2430.251709, 1142.682983, 714.285706, -7.000000, -11.278214, 1.000000, 0.000000, -6.417320, 8.191169, -7.483727
127543866, 2436.585693, 671.615051, 909.090942, -12.000000, -10.994850, 18.261463, 0.000000, 1.507725, 6.544019, 10.209720
127766583, 2432.362549, 571.537415, 909.157043, -17.000000, -11.183781, 28.760696, 0.000000, 8.724329, 9.235217, 10.801151
127979816, 2477.296631, 970.110596, 909.157043, -15.000000, -9.173571, 24.589806, 0.000000, 8.739644, 14.724143, 1.126019
128191866, 2543.017090, 2313.524902, 886.524780, -7.000000, -6.233446, 12.703625, 0.000000, 1.149831, 16.881808, -5.328014
128413821, 2637.213867, 1281.856567, 909.024780, 1.000000, -2.019379, 8.426606, 0.000000, -4.529068, 15.866946, -6.081619
128624873, 2732.360840, 1047.862427, 909.024780, 6.000000, 2.237194, 11.448051, 0.000000, -5.644209, 13.130305, 0.011009
128835879, 2822.803467, 2417.520020, 1090.909058, 10.000000, 6.283314, 8.864865, 0.000000, -5.575029, 9.704747, 0.832626
129046894, 2939.811035, 1050.000000, 1090.909058, 5.000000, 11.517860, 44.640625, 0.000000, 9.776791, 9.343945, 25.519890
129268892, 3054.879395, 1649.942139, 1090.909058, 1.000000, 16.665657, 46.027390, 0.000000, 23.498486, 20.266612, 2.262291
129479806, 3125.978516, 924.201233, 1090.988403, 10.000000, 20.747513, 36.736645, 0.000000, 16.121269, 31.462919, -10.847545
129692549, 3154.046143, 2250.000000, 1071.524292, 28.000000, 26.660404, 19.661169, 0.000000, -2.009394, 34.847388, -14.583401
129916547, 3132.633545, 592.186096, 1263.515015, 40.000000, 32.189289, 17.041466, 0.000000, -11.716066, 30.681618, -10.125332
130127763, 3112.949951, 223.443726, 1272.634644, 48.000000, 37.103588, 12.782598, 0.000000, -16.344618, 22.590235, -4.904251
130339834, 3147.280518, 142.878922, 1258.924805, 56.000000, 41.906033, 1.258323, 0.000000, -21.140951, 11.516662, -3.916054
130560870, 3220.625977, 1268.606201, 1454.545410, 57.000000, 49.486767, 16.958282, 0.000000, -11.269850, 1.494389, 18.844848
130772946, 3351.636963, 500.019043, 1578.947388, 49.000000, 61.044945, 36.450554, 0.000000, 18.067417, 4.248401, 14.134735
130993950, 3440.375732, 223.880585, 1454.545410, 55.000000, 77.259560, 66.332520, 0.000000, 33.389339, 18.947699, 13.995483
131205935, 3346.209717, 785.590820, 1636.482666, 71.000000, 93.864098, 65.026726, 0.000000, 34.296146, 38.769640, -8.039062
131427800, 3133.118408, 373.136169, 1428.673462, 102.000000, 103.414116, 13.893460, 0.000000, 2.121174, 50.165519, -38.393233
131639827, 2932.897461, 374.998108, 1636.214966, 122.000000, 103.899567, 17.101938, 0.000000, -27.150650, 40.747972, -15.500840
131860851, 2865.126465, 430.694122, 1636.244629, 132.000000, 99.720505, 1.000000, 0.000000, -48.419243, 19.088000, -19.473449
132082813, 2814.883789, 375.000000, 1607.142822, 128.000000, 93.527771, 1.000000, 0.000000, -51.708344, 0.000000, 7.454086
132293869, 2782.463135, 1124.954956, 1636.363647, 113.000000, 85.803337, 1.000000, 0.000000, -40.794994, 0.000000, 5.384628
132516596, 2777.268555, 995.147461, 1636.363647, 106.000000, 76.862915, -20.475183, 0.000000, -43.705627, 0.000000, -7.363495
132729758, 2775.875000, 960.591187, 1636.363647, 101.000000, 67.688019, -22.935886, 0.000000, -49.967972, 0.000000, -7.945495
132952795, 2790.476318, 674.976379, 1636.482666, 96.000000, 59.092293, -17.561487, 0.000000, -55.361561, 0.000000, -0.953018
133164898, 2786.168213, 2417.508545, 1607.286377, 87.000000, 50.695564, -17.256895, 0.000000, -54.456654, 0.000000, -0.919899
133385848, 2787.298340, 223.880585, 1636.363647, 81.000000, 42.182999, -24.154480, 0.000000, -58.225502, 0.000000, -6.686828
133607806, 2786.423828, 214.253067, 1624.842041, 73.000000, 33.673317, -18.742174, 0.000000, -58.990025, 0.000000, -1.045166
133819931, 2807.409912, 1574.992065, 1636.244629, 66.000000, 25.705660, -17.740471, 0.000000, -60.441513, 0.000000, 0.391983
134041579, 2806.786133, 223.881699, 1438.771240, 58.000000, 17.986023, -17.472950, 0.000000, -60.020966, 0.000000, 0.533340
134263849, 2809.950684, 224.992111, 1428.571411, 51.000000, 10.375910, -17.805225, 0.000000, -60.936138, 0.000000, 0.475616
134474867, 2806.332275, 1119.442017, 1272.819824, 43.000000, 5.546444, 1.000000, 0.000000, -56.180334, 0.000000, 12.073998
134686852, 2809.939453, 642.955139, 1428.698975, 43.000000, 5.707817, -15.641491, 0.000000, -55.938274, 0.000000, 1.139992
134907768, 2818.366943, 671.615051, 1272.727295, 42.000000, 6.084835, -17.322346, 0.000000, -53.872747, 0.000000, -1.160522
135118973, 201237209676121112576.000000, 642.795898, 1272.727295, 42.000000, 300.000000, 2186.522217, 0.000000, 387.000000, 32.508000, 1767.014236
135352775, 268316267840037453824.000000, 1348.735718, 1272.634644, 54.000000, 300.000000, 465.000000, 0.000000, 369.000000, 126.000000, -30.000000
135588908, 268316267840037453824.000000, 1707.920776, 1272.634644, 87.000000, 300.000000, 385.500000, 0.000000, 319.500000, 126.000000, -60.000000
135821920, 2701.650635, 1044.776123, 1454.651245, 138.000000, 294.438080, 259.192169, 0.000000, 234.657120, 126.000000, -101.464963
136044644, 2593.705078, 1139.433472, 1428.571411, 201.000000, 280.313568, 107.337112, 0.000000, 118.970352, 126.000000, -137.633243
136266944, 2377.413818, 2412.396729, 1607.257690, 266.000000, 259.735992, 1.000000, 0.000000, -9.396011, 125.652126, -137.753906
136489901, 2052.773926, 2089.957764, 1648.291260, 304.000000, 228.324463, 0.546822, 0.000000, -113.513306, 83.390364, -48.789550
136721944, 1755.463135, 1725.000000, 1607.142822, 295.000000, -90.000000, -161.250000, 0.000000, -577.500000, 0.000000, 12.000000
136952809, 1635.661743, 1785.722778, 1818.049561, 281.000000, -90.000000, -136.949997, 0.000000, -556.500000, 0.000000, 30.000000
137185770, 1667.675049, 2583.348877, 1636.482666, 247.000000, -90.000000, -91.650002, 0.000000, -505.500000, 0.000000, 60.000000
137416925, 1721.085449, 1865.993042, 1818.181885, 202.000000, -90.000000, -65.400002, 0.000000, -438.000000, 0.000000, 66.000001
137639852, 1776.012207, 1564.218262, 1465.120972, 166.000000, -90.000000, -85.199997, 0.000000, -384.000000, 0.000000, 30.000000
137871888, 1822.043701, 750.000000, 1250.000000, 136.000000, -90.000000, -35.699997, 0.000000, -339.000000, 0.000000, 66.000001
138093934, 1787.063599, 1500.000000, 1083.012939, 96.000000, -90.000000, -29.700001, 0.000000, -279.000000, 0.000000, 53.999999
138305990, 1798.786377, 525.000000, 909.024780, 83.000000, -90.000000, -59.849998, 0.000000, -259.500000, 0.000000, 18.000001
138527724, 1800.920044, 225.000000, 1079.059082, 63.000000, -90.000000, -32.849998, 0.000000, -229.500000, 0.000000, 36.000001
138749886, 1800.455322, 1424.950073, 892.857117, 44.000000, -90.000000, -36.299999, 0.000000, -201.000000, 0.000000, 24.000000
138961807, 1793.038330, 355.463715, 877.192993, 28.000000, -90.000000, -35.099998, 0.000000, -177.000000, 0.000000, 18.000001
139182835, 1783.890259, 746.268616, 727.272705, 14.000000, -90.000000, -28.799999, 0.000000, -156.000000, 0.000000, 18.000001
139404771, 1766.027344, 214.253067, 727.338867, 2.000000, -90.000000, -23.400000, 0.123077, -138.000000, 0.000000, 18.000001
139616604, 1751.089111, 746.268616, 727.272705, -8.000000, -90.000000, -18.900000, 0.138462, -123.000000, 0.000000, 18.000001
139847999, 1729.158936, 525.000000, 545.454529, -18.000000, -90.000000, -20.400000, 0.019398, -108.000000, 0.000000, 12.000000
140060879, 1708.891235, 1492.537231, 539.539246, -29.000000, -90.000000, -15.450000, 0.000000, -91.500000, 0.000000, 12.000000
140282854, 1725.697632, 1066.194092, 535.714294, -31.000000, -90.000000, -20.549999, 0.000000, -88.500000, 0.000000, 6.000000
140504721, 1726.514160, 450.000000, 535.714294, -37.000000, -90.000000, 1.000000, 0.000000, -79.500000, 0.000000, 12.000000
140716916, 1722.776123, 671.641785, 545.454529, -42.000000, -90.000000, -21.600000, 0.000000, -72.000000, 0.000000, 0.000000
140938822, 1743.890503, 571.515686, 545.494202, -43.000000, -90.000000, -15.150000, 0.000000, -70.500000, 0.000000, 6.000000
141160769, 1759.590332, 825.000000, 535.752563, -45.000000, -90.000000, -26.250000, 0.000000, -67.500000, 0.000000, -6.000000
141371882, 1761.528931, 522.388062, 545.454529, -45.000000, -90.000000, 1.000000, 0.000000, -67.500000, 0.000000, 6.000000
141593847, 1769.267090, 785.594543, 541.506470, -48.000000, -90.000000, 1.000000, 0.000000, -63.000000, 0.000000, 6.000000
141806055, 1768.928589, 300.000000, 545.404968, -48.000000, -90.000000, 1.000000, 0.000000, -63.000000, 0.000000, 6.000000
142027776, 1764.898926, 600.000000, 539.539246, -48.000000, -90.000000, 1.000000, 0.000000, -63.000000, 0.000000, 6.000000
142249844, 1782.482666, 1044.776123, 714.285706, -49.000000, -90.000000, 1.000000, 0.000000, -61.500000, 0.000000, 12.000000
142461846, 1771.610107, 899.959473, 526.315796, -50.000000, -90.000000, 1.000000, 0.000000, -60.000000, 0.000000, 12.000000
142682881, 1783.891113, 1044.822876, 545.454529, -51.000000, -90.000000, -17.549999, 0.000000, -58.500000, 0.000000, 0.000000
142904808, 1772.977539, 857.269409, 545.494202, -53.000000, -90.000000, -16.650000, 0.000000, -55.500000, 0.000000, 0.000000
143117895, 1765.309814, 746.811096, 363.636353, -54.000000, -90.000000, -16.200001, 0.000000, -54.000000, 0.000000, 0.000000
143341527, 1756.255737, 746.268616, 541.692261, -54.000000, -90.000000, -16.200001, 0.000000, -54.000000, 0.000000, 0.000000
143552759, 1749.633423, 746.238953, 535.676025, -55.000000, -90.000000, -15.750000, 0.000000, -52.500000, 0.000000, 0.000000
143774905, 1778.638184, 285.768707, 539.529541, -55.000000, -90.000000, -21.750000, 0.000000, -52.500000, 0.000000, -6.000000
143996913, 1762.614502, 600.000000, 535.714294, -55.000000, -90.000000, -21.750000, 0.000000, -52.500000, 0.000000, -6.000000
144207866, 1772.342163, 1343.230103, 545.454529, -56.000000, -90.000000, -15.300000, 0.000000, -51.000000, 0.000000, 0.000000
144429752, 1779.597778, 925.824829, 545.454529, -57.000000, -90.000000, 1.000000, 0.000000, -49.500000, 0.000000, 6.000000
144652722, 1768.953125, 1197.598877, 545.494202, -57.000000, -90.000000, 1.000000, 0.000000, -49.500000, 0.000000, 0.000000
144866539, 1774.806885, 519.781433, 545.494202, -57.000000, -90.000000, 1.000000, 0.000000, -49.500000, 0.000000, 6.000000
145088768, 1802.073853, 1194.077393, 535.752563, -57.000000, -90.000000, 1.000000, 0.000000, -49.500000, 0.000000, 0.000000
145299868, 1877.245972, 223.880585, 545.464478, -57.000000, -90.000000, 1.000000, 0.000000, -49.500000, 0.000000, 0.000000
145521867, 1964.498413, 1071.551025, 541.506470, -57.000000, -32.114544, 54.696186, 0.000000, 37.328184, 13.953519, 3.414482
145733829, 1982.237793, 852.975464, 526.315796, -53.000000, -31.320940, 48.837307, 0.000000, 32.518590, 34.695420, -18.376704
145954743, 1996.783325, 447.761169, 545.454529, -32.000000, -30.670219, 21.531744, 0.000000, 1.994671, 43.749327, -24.212254
146177777, 2000.116821, 975.000000, 545.454529, -16.000000, -30.521090, 8.069713, 0.000000, -21.781634, 37.840321, -23.236118
146388859, 2019.777466, 375.000000, 545.494202, -7.000000, -29.641535, 1.000000, 0.000000, -33.962302, 21.750471, -11.996830
146600903, 1999.071533, 1499.939941, 535.752563, -10.000000, -30.567852, 4.454143, 0.000000, -30.851778, 2.516541, 11.193134
146821906, 2002.591431, 782.020203, 727.272705, -17.000000, -30.410383, 8.120627, 0.000000, -20.115575, 0.000000, 14.155300
147043931, 2054.308105, 1500.000000, 721.995605, -24.000000, -28.096743, 5.816077, 0.000000, -6.145114, 0.000000, 7.659611
147257869, 2067.876221, 740.192444, 541.614014, -27.000000, -27.489748, 0.026405, 0.000000, -0.734622, 0.000000, 0.246792
147469936, 2030.934204, 1064.584839, 727.219849, -28.000000, -29.142418, 1.000000, 0.000000, -1.713627, 0.000000, -5.971355
147691549, 1995.458862, 600.000000, 539.539246, -29.000000, -30.729471, 4.161981, 0.000000, -2.594207, 0.000000, 4.940243
147903742, 1978.720459, 1499.947510, 714.285706, -29.000000, -31.478294, 1.000000, 0.000000, -3.717442, 0.000000, -3.261909
148127750, 2010.819824, 1262.419922, 727.272705, -29.000000, -30.042271, 5.177459, 0.000000, -1.563406, 0.000000, 5.646480
148338925, 2007.347168, 895.522339, 727.325623, -29.000000, -30.197626, 0.339208, 0.000000, -1.796439, 0.000000, 0.878139
148560815, 2011.887695, 1125.000000, 535.752563, -30.000000, -29.994497, 3.441999, 0.000000, 0.008254, 0.000231, 3.433514
148772847, 1999.355835, 2250.000000, 701.766663, -30.000000, -30.555134, 1.000000, 0.000000, -0.832701, 0.000000, -1.127850
148993953, 2000.119995, 1119.358398, 727.285950, -31.000000, -30.520948, 6.952091, 0.000000, 0.718577, 0.040235, 6.193279
149206883, 2010.630127, 571.360535, 526.278870, -31.000000, -30.050758, 4.637062, 0.000000, 1.423862, 0.584537, 2.628662
149429726, 2088.330078, 1349.919067, 545.414856, -33.000000, -26.574707, 18.199001, 0.000000, 9.637939, 3.927921, 4.633141
149642533, 2138.023193, 924.345825, 719.243347, -33.000000, -24.351593, 20.847900, 0.000000, 12.972610, 11.416047, -3.540756
149866614, 2189.126709, 1625.615845, 719.385620, -25.000000, -22.065384, 10.371135, 0.000000, 4.401924, 16.736339, -10.767128
150078710, 2243.566650, 674.969604, 545.444580, -17.000000, -19.629913, 8.876678, 0.000000, -3.944870, 16.554043, -6.493904
150302733, 2258.297119, 1477.898071, 727.272705, -20.000000, -18.970919, 21.377815, 0.000000, 1.543622, 15.767729, 4.066464
150514822, 2265.952148, 899.995483, 909.173584, -18.000000, -18.628456, 7.834147, 0.000000, -0.942684, 16.755353, -8.638401
150735865, 2297.971680, 597.014893, 909.157043, -11.000000, -17.196003, 9.599053, 0.000000, -9.294004, 13.106767, -0.719513
150947900, 2311.798828, 642.756165, 701.766663, -8.000000, -16.577421, 9.579876, 0.000000, -12.866132, 5.947154, 7.492561
151168871, 2342.619141, 895.531311, 909.090942, -14.000000, -15.198618, 11.386724, 0.000000, -1.797927, 2.289514, 9.636589
151380991, 2387.905518, 428.620422, 909.024780, -19.000000, -13.172647, 24.710077, 0.000000, 8.741029, 4.350285, 11.618763
151602803, 2424.513184, 820.928162, 899.232056, -14.000000, -11.534937, 4.697134, 0.000000, 3.697595, 7.963246, -6.963707
151813857, 2449.278076, 900.000000, 727.272705, -15.000000, -10.427032, 31.196402, 0.000000, 6.859451, 9.898683, 14.438267
152035871, 2493.675049, 150.000000, 892.857117, -14.000000, -8.440853, 14.033729, 0.000000, 8.338720, 15.252679, -9.557671
152247872, 2503.808838, 1575.000000, 877.285339, -7.000000, -7.987499, 5.171335, 0.000000, -1.481249, 17.038424, -11.422715
152458817, 2519.245361, 895.486694, 892.857117, 0.000000, -7.296919, 1.000000, 0.000000, -10.945378, 13.546801, -11.997116
152679725, 2522.557861, 789.579468, 909.057861, -7.000000, -7.148727, 23.402771, 0.000000, -0.223091, 10.491560, 12.978138
152891513, 2558.365723, 750.000000, 909.024780, -3.000000, -5.546797, 1.000000, 0.000000, -3.820195, 10.087614, -9.074821
153104721, 2570.202148, 886.699524, 909.024780, -2.000000, -5.017271, 14.161459, 0.000000, -4.525907, 7.064645, 8.454586
153316581, 2586.834961, 1050.000000, 899.232056, -6.000000, -4.273172, 18.255709, 0.000000, 2.590241, 6.608178, 9.057289
153528797, 2594.546631, 1799.927979, 909.090942, -7.000000, -3.928177, 13.471683, 0.000000, 4.607735, 8.817165, 0.046783
153742547, 2621.780273, 1034.523438, 1090.909058, -2.000000, -2.709831, 6.339710, 0.000000, -1.064747, 9.629117, -2.969982
153966588, 2625.921875, 443.349762, 1090.909058, -3.000000, -2.524548, 7.316988, 0.000000, 0.713179, 9.312787, -2.708977
154179777, 2624.691895, 888.314270, 909.090942, -5.000000, -2.579571, 17.032257, 0.000000, 3.630644, 10.335284, 3.066330
154391946, 2624.898682, 744.782837, 909.157043, -3.000000, -2.570324, 5.147832, 0.000000, 0.644514, 12.159415, -7.656097
154602804, 2677.974609, 857.273499, 909.157043, 1.000000, -0.195873, 20.823757, 0.000000, -1.793810, 10.457398, 10.904503
154813891, 2759.242188, 1200.000000, 1071.352051, -3.000000, 3.439781, 27.807459, 0.000000, 9.659672, 12.853566, 5.294220
155025522, 2834.459961, 900.000000, 1079.078491, 4.000000, 6.804787, 4.017168, 0.000000, 4.207180, 17.814771, -18.004784
155246932, 2845.881836, 1193.982300, 909.090942, 12.000000, 7.315765, 0.265876, 0.000000, -7.026352, 17.162592, -14.788811
155457843, 2820.609131, 142.185486, 1090.909058, 13.000000, 6.185143, 17.448092, 0.000000, -10.222286, 10.470528, 10.044250
155668904, 2825.635986, 357.086731, 1090.909058, 11.000000, 6.410034, 1.000000, 0.000000, -6.884949, 6.570349, -5.306305
155880866, 2845.889893, 284.404663, 1090.988403, 15.000000, 7.316128, 1.000000, 0.000000, -11.525808, 0.904442, -1.092751
156091900, 2840.173828, 447.743347, 1071.447754, 11.000000, 7.060406, 4.230455, 0.000000, -5.909391, 0.000000, 6.003273
156302760, 2857.309326, 142.163925, 1071.352051, 8.000000, 7.826996, 5.641196, 0.000000, -0.259506, 0.000000, 5.719048
156513887, 2867.002197, 825.000000, 1071.352051, 6.000000, 8.260624, 5.569154, 0.000000, 3.390936, 0.925433, 1.252785
156724873, 2886.235596, 149.994751, 1071.428589, 4.000000, 9.121063, 11.622363, 0.000000, 7.681595, 4.498599, -0.557831
156936869, 2889.463135, 853.238281, 1052.631592, 5.000000, 9.265457, 9.921403, 0.000000, 6.398186, 8.850465, -5.327248
157147891, 2900.535889, 820.895508, 1090.988403, 10.000000, 9.760815, 5.228989, 0.000000, -0.358778, 10.776594, -5.439972
157358817, 2885.965576, 149.994003, 1250.000000, 8.000000, 9.108986, 17.260717, 0.000000, 1.663479, 10.797609, 4.799629
157569937, 2888.494629, 284.333252, 1090.869385, 11.000000, 9.222130, 5.390456, 0.000000, -2.666805, 11.072501, -4.882004
157791523, 2887.836914, 286.214478, 1272.611572, 13.000000, 9.192707, 6.474333, 0.000000, -5.710939, 8.191139, -0.003525
158004749, 2897.533691, 148.215485, 1272.611572, 10.000000, 9.626511, 13.723494, 0.000000, -0.560234, 6.500626, 7.390938
158216564, 2926.584961, 213.311584, 1258.630615, 8.000000, 10.926167, 20.729561, 0.000000, 4.389250, 7.409455, 8.930855
158427719, 2993.101562, 298.507446, 1272.727295, 13.000000, 13.901913, 9.616476, 0.000000, 1.352869, 8.939541, -0.675934
158639857, 3032.098633, 1637.842285, 1272.843018, 12.000000, 15.710716, 21.544048, 0.000000, 5.566074, 10.336105, 5.641868
158860885, 3051.244385, 149.708817, 1090.988403, 14.000000, 17.106173, 9.840598, 0.000000, 4.659259, 14.416046, -9.234707
159072926, 3055.239258, 213.302490, 1228.091675, 21.000000, 18.744537, 10.375694, 0.000000, -3.383194, 14.657804, -3.267151
159293910, 3039.287109, 150.000000, 1272.727295, 26.000000, 20.662037, 5.522130, 0.000000, -8.006945, 11.174725, -3.250511
159504789, 3030.319580, 1875.000000, 1272.634644, 21.000000, 21.622049, 18.175377, 0.000000, 0.933074, 9.553693, 7.688610
159717576, 3037.946045, 600.000000, 1258.924805, 25.000000, 22.654675, 3.803580, 0.000000, -3.517988, 9.020757, -4.161781
159941559, 3051.035645, 222.764557, 1258.924805, 25.000000, 24.374989, 15.612762, 0.000000, -0.937517, 6.798266, 9.095753
160154728, 3055.174316, 1182.306763, 1250.000000, 25.000000, 26.164742, 6.490879, 0.000000, 1.747112, 7.945664, -3.201897
160366936, 3037.563965, 975.000000, 1272.727295, 29.000000, 27.739531, 8.749978, 0.000000, -1.890704, 7.322381, 1.994808
160578768, 3008.975098, 223.880585, 1272.843018, 27.000000, 28.449650, 10.623427, 0.000000, 2.174475, 7.906823, 0.542130
160802748, 2950.551514, 668.316833, 1272.819824, 26.000000, 27.049944, 7.521392, 0.000000, 1.574916, 9.294239, -3.347763
161016591, 2936.480225, 1034.442017, 1272.819824, 25.000000, 24.843723, 5.972842, 0.000000, -0.234415, 9.510028, -3.466862
161227744, 2939.214600, 1343.330322, 1272.819824, 24.000000, 22.352337, 9.993529, 0.000000, -2.471495, 8.389408, 2.345570
161439854, 2938.008789, 924.034851, 1272.657837, 24.000000, 20.011499, 0.462188, 0.000000, -5.982751, 5.996290, -3.739277
161660854, 2919.770508, 574.258850, 1272.634644, 22.000000, 17.154284, 1.431273, 0.000000, -7.268575, 2.369532, 1.242313
161871849, 2937.260254, 225.000000, 1272.727295, 21.000000, 14.356917, 1.000000, 0.000000, -9.964624, 0.000000, 1.981596
162083785, 2956.100098, 2089.468994, 1228.070190, 21.000000, 12.246582, 1.000000, 0.000000, -13.130127, 0.000000, -2.723688
162304773, 2940.851807, 785.624512, 1272.727295, 20.000000, 11.859787, 1.000000, 0.000000, -12.210320, 0.000000, 2.887962
162516543, 2943.063721, 525.000000, 1272.819824, 20.000000, 11.767868, 1.000000, 0.000000, -12.348198, 0.000000, -0.066856
162727737, 2939.414062, 746.242676, 1090.988403, 20.000000, 11.500103, 1.000000, 0.000000, -12.749846, 0.000000, -0.554398
162939843, 2938.938965, 1214.511230, 1272.634644, 20.000000, 11.478848, 1.000000, 0.000000, -12.781729, 0.000000, -1.617479
163160798, 2936.913086, 895.522339, 1272.634644, 20.000000, 11.388214, 1.000000, 0.000000, -12.917679, 0.000000, -1.185036
163372876, 2934.284912, 1575.000000, 1228.070190, 20.000000, 11.521654, 1.000000, 0.000000, -12.717519, 0.000000, -3.515602
163593890, 2957.260742, 1050.000000, 1272.727295, 20.000000, 12.298508, 0.434040, 0.000000, -11.552238, 0.000000, 3.899712
163804770, 2936.152588, 225.000000, 1272.727295, 20.000000, 11.602563, 1.000000, 0.000000, -12.596156, 0.000000, -3.393992
164016917, 2940.116943, 214.244904, 1272.819824, 20.000000, 11.544677, 1.000000, 0.000000, -12.682985, 0.000000, -3.519848
164238789, 2938.302490, 1492.596680, 1250.089233, 20.000000, 11.450375, 1.000000, 0.000000, -12.824438, 0.000000, -0.117439
164449913, 2948.614258, 522.388062, 1272.727295, 20.000000, 11.935773, 1.000000, 0.000000, -12.096341, 0.000000, -1.250902
164660821, 2957.263428, 285.746948, 1249.910767, 20.000000, 12.298626, 1.000000, 0.000000, -11.552061, 0.000000, 1.113173
164872401, 2942.206055, 497.573730, 1250.000000, 20.000000, 11.625008, 1.000000, 0.000000, -12.562489, 0.000000, 1.823433
165093838, 2939.089355, 298.507446, 1090.909058, 19.000000, 11.485577, 1.000000, 0.000000, -11.271635, 0.000000, 0.824799
165304767, 2941.617920, 214.318375, 1272.727295, 19.000000, 11.598698, 1.000000, 0.000000, -11.101954, 0.000000, -0.003204
165517869, 2879.163818, 1044.776123, 1091.008301, 18.000000, 9.243833, 1.000000, 0.000000, -13.134251, 0.000000, -6.814253
165741615, 2720.418457, 899.963989, 1091.008301, 18.000000, 1.702930, -21.813307, 0.000000, -24.445604, 0.000000, -14.479626
165954786, 2526.398193, 591.156311, 909.157043, 15.000000, -6.976923, -16.316343, 0.000000, -32.965384, 0.000000, -6.426727
166166908, 2443.608398, 1343.283569, 1090.909058, 11.000000, -10.680676, 1.000000, 0.000000, -32.521013, 0.000000, 6.051659
166388795, 2428.456299, 142.829941, 1090.829712, 11.000000, -11.358534, 1.000000, 0.000000, -33.537801, 0.000000, -1.178341
166599920, 2429.751709, 447.779022, 909.024780, 11.000000, -11.300581, 1.000000, 0.000000, -33.450871, 0.000000, 1.129189
166811854, 2398.957275, 1071.591919, 892.857117, 11.000000, -12.678228, -15.465818, 0.000000, -35.517343, 0.000000, -4.810616
167032792, 2395.422607, 1044.734497, 1090.909058, 11.000000, -12.836357, 1.000000, 0.000000, -35.754536, 0.000000, -0.498562
167254731, 2413.605469, 712.176331, 1090.909058, 11.000000, -12.022913, 1.000000, 0.000000, -34.534369, 0.000000, 1.688965
167466591, 2400.491211, 598.796387, 1090.988403, 11.000000, -12.609604, 1.000000, 0.000000, -35.414406, 0.000000, -0.989548
167677761, 2391.552490, 899.959473, 909.157043, 11.000000, -13.009495, 1.000000, 0.000000, -36.014242, 0.000000, -0.450474
167889848, 2382.283936, 853.246338, 909.041321, 9.000000, -13.424141, 1.000000, 0.000000, -33.636211, 0.000000, 4.507358
168110744, 2378.053955, 149.253723, 909.041321, 6.000000, -13.613377, 1.000000, 0.000000, -29.420065, 0.000000, 4.508549
168321888, 2359.360840, 299.988007, 909.074341, 1.000000, -14.449646, 1.000000, 0.000000, -23.174469, 0.000000, 3.071743
168532910, 2362.917725, 1137.483887, 727.272705, -3.000000, -14.290522, 0.916519, 0.000000, -16.935782, 0.000000, 5.997254
168744918, 2360.393066, 928.429932, 714.285706, -7.000000, -14.403469, 2.667775, 0.000000, -11.105204, 0.000000, 5.999336
168966526, 2351.372559, 895.522339, 909.157043, -10.000000, -14.807016, 2.097352, 0.000000, -7.210525, 0.000000, 4.260509
169179768, 2346.842285, 371.345947, 909.157043, -12.000000, -15.009687, 1.000000, 0.000000, -4.514531, 0.000000, -0.450474
169391871, 2364.912354, 1050.000000, 709.207275, -15.000000, -14.201288, 11.124304, 0.000000, 1.198068, 0.062631, 9.863605
169613888, 2359.759277, 714.309509, 727.219849, -17.000000, -14.431822, 5.158226, 0.000000, 3.852267, 1.508324, -0.202366
169825929, 2357.823242, 149.253723, 719.217529, -20.000000, -14.518433, 19.508276, 0.000000, 8.222351, 4.942717, 6.343208
170046946, 2342.383545, 571.341492, 727.272705, -21.000000, -15.209158, 12.768033, 0.000000, 8.686263, 10.081770, -6.000000
170269116, 2343.081055, 449.997742, 714.285706, -15.000000, -15.177952, 4.990047, 0.000000, -0.266928, 11.980103, -6.909977
170479777, 2327.878418, 711.011658, 727.272705, -19.000000, -15.858072, 22.358269, 0.000000, 4.712892, 13.071105, 4.574272
170692548, 2323.664307, 75.000000, 909.157043, -15.000000, -16.046597, 7.721309, 0.000000, -1.569895, 14.415152, -6.222874
170916552, 2333.725098, 1182.265991, 727.325623, -15.000000, -15.596510, 24.242826, 0.000000, -0.894765, 12.297046, 12.214210
171127794, 2332.372070, 150.000000, 714.349487, -15.000000, -15.657040, 7.720841, 0.000000, -0.985559, 12.827560, -4.811051
171349857, 2326.894043, 149.994003, 714.285706, -11.000000, -15.902109, 10.524102, 0.000000, -7.353164, 10.052752, 2.677299
171561886, 2332.076660, 142.163254, 719.243347, -15.000000, -15.670256, 10.229613, 0.000000, -1.005383, 7.940995, 2.590233
171782825, 2269.186035, 149.254471, 727.272705, -11.000000, -18.483784, 1.000000, 0.000000, -11.225676, 4.694060, -9.973961
171994878, 2198.843750, 214.318375, 877.192993, -12.000000, -21.630674, 1.000000, 0.000000, -14.446012, 0.000000, 1.355450
172216513, 2166.049316, 3582.089355, 727.272705, -15.000000, -23.097794, 2.352651, 0.000000, -12.146690, 0.000000, 5.996659
172428699, 2161.663330, 1950.000000, 727.338867, -17.000000, -23.294010, 2.194993, 0.000000, -9.441015, 0.000000, 5.027298
172652827, 2149.981445, 891.053833, 727.325623, -19.000000, -23.816620, 0.572374, 0.000000, -7.224930, 0.000000, 2.739853
172866579, 2117.765137, 967.108398, 727.325623, -21.000000, -25.257875, 1.000000, 0.000000, -6.386813, 0.000000, -3.105389
173077773, 2118.587158, 823.353333, 727.325623, -22.000000, -25.221100, 1.000000, 0.000000, -4.831650, 0.000000, 0.886986
173299951, 2107.134033, 924.310791, 714.272949, -23.000000, -25.733479, 0.941348, 0.000000, -4.100218, 0.000000, 2.171413
173510834, 2107.134521, 675.000000, 727.219849, -24.000000, -25.733456, 0.450322, 0.000000, -2.600183, 0.000000, 1.230377
173732790, 2092.926514, 1200.000000, 714.285706, -26.000000, -26.369076, 1.000000, 0.000000, -0.553614, 0.000000, -4.026306
173943943, 2111.229980, 3525.000000, 545.454529, -28.000000, -25.550238, 6.779083, 0.000000, 3.674644, 1.052685, 2.051754
174166584, 2111.297607, 449.981995, 545.454529, -29.000000, -25.547213, 9.561196, 0.000000, 5.179181, 3.618110, 0.763905
174378814, 2116.920410, 1137.483887, 714.285706, -30.000000, -25.295666, 18.996998, 0.000000, 7.056501, 6.798185, 5.142311
174602783, 2106.449951, 222.078568, 539.539246, -27.000000, -25.764080, 5.518383, 0.000000, 1.853880, 9.377073, -5.712570
174816559, 2095.123779, 2259.801758, 539.539246, -26.000000, -26.270779, 13.545348, 0.000000, -0.406168, 9.020188, 4.647011
175038791, 2098.760010, 1559.707153, 535.714294, -29.000000, -26.108105, 23.168230, 0.000000, 4.337843, 9.855998, 8.974388
175260812, 2104.069824, 1050.000000, 535.714294, -29.000000, -25.870560, 14.375414, 0.000000, 4.694160, 12.677958, -2.996704
175471909, 2110.798828, 1417.910400, 727.325623, -23.000000, -25.569527, 1.000000, 0.000000, -3.854290, 13.300569, -14.735722
175693888, 2092.929199, 1714.024536, 714.285706, -24.000000, -26.368958, 6.003658, 0.000000, -3.553436, 11.092733, -4.023044
175905930, 2108.732178, 75.000000, 709.345642, -22.000000, -25.661982, 2.365880, 0.000000, -5.492972, 9.239762, -5.225990
176127767, 2111.280273, 928.695251, 545.414856, -21.000000, -25.547987, 9.540049, 0.000000, -6.821980, 4.613746, 6.972897
176341557, 2127.918457, 3415.841553, 727.219849, -23.000000, -24.803648, 6.619825, 0.000000, -2.705472, 1.852323, 5.579144
176553746, 2145.551758, 1125.000000, 719.398621, -24.000000, -24.014790, 4.583697, 0.000000, -0.022184, 0.857496, 3.732857
176777735, 2184.879639, 960.591187, 719.385620, -27.000000, -22.255384, 17.602509, 0.000000, 7.116923, 2.723619, 7.761967
176989785, 2231.107422, 149.994003, 714.285706, -29.000000, -20.187300, 32.575619, 0.000000, 13.219050, 8.109898, 11.246670
177210903, 2272.389648, 820.928162, 727.272705, -25.000000, -18.340462, 13.780001, 0.000000, 9.989307, 15.523050, -11.732357
177432753, 2294.898438, 428.506134, 727.272705, -17.000000, -17.333490, 7.832492, 0.000000, -0.500236, 17.988018, -10.005455
177643942, 2292.680908, 820.862793, 727.272705, -13.000000, -17.432695, 20.833344, 0.000000, -6.649043, 15.043739, 7.784317
177866565, 2306.280518, 1428.843628, 722.008606, -17.000000, -16.824293, 23.725174, 0.000000, 0.263560, 13.177758, 10.283856
178077763, 2288.928711, 298.507446, 714.234741, -11.000000, -17.600557, 1.000000, 0.000000, -9.900836, 10.096697, -10.683780
178299875, 2322.414307, 749.969971, 899.232056, -14.000000, -16.102518, 15.130206, 0.000000, -3.153777, 5.745495, 10.330845
178511815, 2334.144775, 213.244873, 701.754395, -16.000000, -15.577734, 11.876702, 0.000000, 0.633399, 4.873087, 6.370216
178732865, 2324.212402, 223.881699, 909.090942, -19.000000, -16.022076, 16.969946, 0.000000, 4.466887, 6.278343, 6.224716
178944859, 2318.024414, 714.394592, 714.285706, -19.000000, -16.298908, 9.896547, 0.000000, 4.051638, 8.758862, -2.913952
179166530, 2320.463867, 1343.283569, 727.325623, -14.000000, -16.189774, 2.244329, 0.000000, -3.284660, 8.808023, -5.578296
179378736, 2289.377197, 1950.000000, 714.349487, -17.000000, -17.580494, 8.500240, 0.000000, -0.870741, 7.747219, 1.014244
179602805, 2270.841309, 2014.925293, 714.336731, -20.000000, -18.409731, 16.061735, 0.000000, 2.385404, 8.537431, 5.138901
179824977, 2263.677002, 900.000000, 892.841187, -22.000000, -18.730240, 14.392264, 0.000000, 4.904640, 10.332472, -0.844849
180035838, 2229.720947, 74.626862, 545.414856, -21.000000, -20.249325, 1.000000, 0.000000, 1.126013, 12.979859, -15.736485
180247676, 2157.597900, 142.429184, 714.285706, -16.000000, -23.475883, 2.045440, 0.000000, -11.213825, 9.222622, -3.813034
180468948, 2020.597046, 74.849930, 727.272705, -18.000000, -29.604870, 1.000000, 0.000000, -17.407305, 0.614000, -1.738174
180680927, 1913.766235, 71.098129, 714.285706, -18.000000, -34.384144, 1.000000, 0.000000, -24.576216, 0.000000, -3.836998
180902799, 1825.987549, 142.186829, 727.338867, -20.000000, -90.000000, -19.500000, 0.000000, -105.000000, 0.000000, 12.000000
181114822, 1784.541504, 75.000000, 535.762146, -30.000000, -90.000000, 1.000000, 0.087625, -90.000000, 0.000000, 18.000001
181335862, 1729.436401, 447.743347, 545.454529, -36.000000, -90.000000, -24.299999, 0.138462, -81.000000, 0.000000, 0.000000
181557807, 1716.036743, 428.520416, 541.927063, -37.000000, -90.000000, -17.850000, 0.157191, -79.500000, 0.000000, 6.000000
181768880, 1674.587402, 671.641785, 545.414856, -45.000000, -90.000000, 1.000000, 0.109699, -67.500000, 0.000000, 12.000000
181991583, 1613.143066, 357.198975, 359.356750, -45.000000, -90.000000, -20.250000, 0.199331, -67.500000, 0.000000, 0.000000
182202725, 1525.421387, 74.626495, 535.714294, -47.000000, -90.000000, -25.350000, 0.227425, -64.500000, 0.000000, -6.000000
182424930, 1495.041504, 75.000000, 363.669434, -49.000000, -90.000000, -18.450001, 0.240803, -61.500000, 0.000000, 0.000000
182635819, 1423.149658, 74.997375, 363.662811, -49.000000, -90.000000, -18.450001, 0.243478, -61.500000, 0.000000, 0.000000
182847900, 1332.798584, 224.995499, 350.877197, -50.000000, -90.000000, -18.000000, 0.048829, -60.000000, 0.000000, 0.000000
183068873, 1278.972900, 214.318375, 363.636353, -51.000000, -90.000000, -17.549999, 0.000000, -58.500000, 0.000000, 0.000000
183291500, 1261.111816, 900.000000, 363.609924, -51.000000, -90.000000, -23.549999, 0.000000, -58.500000, 0.000000, -6.000000
183504738, 1250.000366, 221.674881, 363.609924, -52.000000, -90.000000, -17.100000, 0.000000, -57.000000, 0.000000, 0.000000
183727716, 1272.310425, 374.984985, 359.692810, -52.000000, -90.000000, -23.100000, 0.000000, -57.000000, 0.000000, -6.000000
183941563, 1289.282349, 665.047546, 359.692810, -53.000000, -90.000000, -16.650000, 0.000000, -55.500000, 0.000000, 0.000000
184153813, 1289.449585, 0.000000, 545.454529, -53.000000, -90.000000, -22.650000, 0.000000, -55.500000, 0.000000, -6.000000
184377795, 1290.715454, 73.900360, 363.636353, -54.000000, -90.000000, -22.200001, 0.085619, -54.000000, 0.000000, -6.000000
184591625, 1324.147217, 74.259995, 545.454529, -55.000000, -90.000000, -21.750000, 0.129766, -52.500000, 0.000000, -6.000000
184802762, 1338.822754, 74.612389, 181.804962, -55.000000, -90.000000, -21.750000, 0.183278, -52.500000, 0.000000, -6.000000
185024930, 1329.617188, 1421.854858, 357.142853, -56.000000, -90.000000, -21.299999, 0.274916, -51.000000, 0.000000, -6.000000
185236836, 1312.684692, 75.000000, 175.438599, -57.000000, -90.000000, 1.000000, 0.312375, -49.500000, 0.000000, 0.000000
185447875, 1257.489258, 0.000000, 181.831406, -57.000000, -90.000000, 1.000000, 0.334448, -49.500000, 0.000000, 0.000000
185658796, 1222.963623, 0.000000, 0.000000, -57.000000, -90.000000, 1.000000, 0.334448, -49.500000, 0.000000, 0.000000
185869882, 1200.218628, 0.000000, 0.000000, -57.000000, -90.000000, 1.000000, 0.333110, -49.500000, 0.000000, 0.000000
186080799, 1185.966064, 0.000000, 0.000000, -57.000000, -90.000000, 1.000000, 0.322408, -49.500000, 0.000000, 0.000000
186283814, 1180.879639, 0.000000, 0.000000, -57.000000, -90.000000, 1.000000, 0.000000, -49.500000, 0.000000, 0.000000
186494876, 1179.458740, 0.000000, 0.000000, -57.000000, -90.000000, 1.000000, 0.000000, -49.500000, 0.000000, 0.000000
186705918, 1166.046387, 224.994385, 0.000000, -57.000000, -90.000000, 1.000000, 0.000000, -49.500000, 0.000000, 0.000000
186927805, 1155.201538, 1137.634888, 0.000000, -57.000000, -90.000000, 1.000000, 0.000000, -49.500000, 0.000000, 0.000000
187130939, 1026.635254, 0.000000, 0.000000, -57.000000, -90.000000, 1.000000, 0.000000, -49.500000, 0.000000, 0.000000
187342764, 778.188843, 591.051514, 181.814865, -57.000000, -90.000000, 1.000000, 0.000000, -49.500000, 0.000000, 0.000000
187555908, 466.180420, 1343.330322, 0.000000, -57.000000, -90.000000, 1.000000, 0.000000, -49.500000, 0.000000, 0.000000
187767561, 291.090240, 356.074646, 0.000000, -57.000000, -90.000000, 1.000000, 0.000000, -49.500000, 0.000000, 0.000000
187980872, 155.114319, 0.000000, 0.000000, -57.000000, -90.000000, 1.000000, 0.000000, -49.500000, 0.000000, 0.000000
188191904, 79.673721, 0.000000, 0.000000, -57.000000, -90.000000, 1.000000, 0.000000, -49.500000, 0.000000, 0.000000
188394855, 25.129868, 0.000000, 0.000000, -57.000000, -90.000000, 1.000000, 0.000000, -49.500000, 0.000000, 0.000000
188597893, 17.857141, 0.000000, 0.000000, -57.000000, -90.000000, 1.000000, 0.000000, -49.500000, 0.000000, 0.000000
188800842, 0.000000, 0.000000, 0.000000, -57.000000, -90.000000, 1.000000, 0.000000, -49.500000, 0.000000, 0.000000
189002717, 0.000000, 0.000000, 0.000000, -57.000000, -90.000000, 1.000000, 0.000000, -49.500000, 0.000000, 0.000000
189203753, 0.000000, 0.000000, 0.000000, -57.000000, -90.000000, 1.000000, 0.000000, -49.500000, 0.000000, 0.000000
189406290, 0.000000, 0.000000, 0.000000, -57.000000, -90.000000, 1.000000, 0.000000, -49.500000, 0.000000, 0.000000
189616890, 0.000000, 0.000000, 0.000000, -57.000000, -90.000000, 1.000000, 0.000000, -49.500000, 0.000000, 0.000000
189818885, 0.000000, 0.000000, 0.000000, -57.000000, -90.000000, 1.000000, 0.000000, -49.500000, 0.000000, 0.000000
190019840, 0.000000, 0.000000, 0.000000, -57.000000, -90.000000, 1.000000, 0.000000, -49.500000, 0.000000, 0.000000
190222876, 0.000000, 0.000000, 0.000000, -57.000000, -90.000000, 1.000000, 0.000000, -49.500000, 0.000000, 0.000000
190424871, 0.000000, 0.000000, 0.000000, -57.000000, -90.000000, 1.000000, 0.000000, -49.500000, 0.000000, 0.000000
190625887, 0.000000, 0.000000, 0.000000, -57.000000, -90.000000, 1.000000, 0.000000, -49.500000, 0.000000, 0.000000
190828741, 0.000000, 0.000000, 0.000000, -57.000000, -90.000000, 1.000000, 0.000000, -49.500000, 0.000000, 0.000000
191030939, 0.000000, 0.000000, 0.000000, -57.000000, -90.000000, 1.000000, 0.000000, -49.500000, 0.000000, 0.000000
191241912, 0.000000, 0.000000, 0.000000, -57.000000, -90.000000, 1.000000, 0.000000, -49.500000, 0.000000, 0.000000
191443907, 0.000000, 0.000000, 0.000000, -57.000000, -90.000000, 1.000000, 0.000000, -49.500000, 0.000000, 0.000000
191644822, 0.000000, 0.000000, 0.000000, -57.000000, -90.000000, 1.000000, 0.000000, -49.500000, 0.000000, 0.000000
191846904, 0.000000, 0.000000, 0.000000, -57.000000, -90.000000, 1.000000, 0.000000, -49.500000, 0.000000, 0.000000
192047859, 0.000000, 0.000000, 0.000000, -57.000000, -90.000000, 1.000000, 0.000000, -49.500000, 0.000000, 0.000000
192250895, 0.000000, 0.000000, 0.000000, -57.000000, -90.000000, 1.000000, 0.000000, -49.500000, 0.000000, 0.000000
192452770, 0.000000, 0.000000, 0.000000, -57.000000, -90.000000, 1.000000, 0.000000, -49.500000, 0.000000, 0.000000
192653720, 0.000000, 0.000000, 0.000000, -57.000000, -90.000000, 1.000000, 0.000000, -49.500000, 0.000000, 0.000000
192856290, 0.000000, 0.000000, 0.000000, -57.000000, -90.000000, 1.000000, 0.000000, -49.500000, 0.000000, 0.000000
193066855, 0.000000, 0.000000, 0.000000, -57.000000, -90.000000, 1.000000, 0.000000, -49.500000, 0.000000, 0.000000
193269891, 0.000000, 0.000000, 0.000000, -57.000000, -90.000000, 1.000000, 0.000000, -49.500000, 0.000000, 0.000000
193471886, 0.000000, 0.000000, 0.000000, -57.000000, -90.000000, 1.000000, 0.000000, -49.500000, 0.000000, 0.000000
193672841, 0.000000, 0.000000, 0.000000, -57.000000, -90.000000, 1.000000, 0.000000, -49.500000, 0.000000, 0.000000
193874837, 0.000000, 0.000000, 0.000000, -57.000000, -90.000000, 1.000000, 0.000000, -49.500000, 0.000000, 0.000000
194075852, 0.000000, 0.000000, 0.000000, -57.000000, -90.000000, 1.000000, 0.000000, -49.500000, 0.000000, 0.000000
194278707, 0.000000, 0.000000, 0.000000, -57.000000, -90.000000, 1.000000, 0.000000, -49.500000, 0.000000, 0.000000
194480939, 0.000000, 0.000000, 0.000000, -57.000000, -90.000000, 1.000000, 0.000000, -49.500000, 0.000000, 0.000000
194691877, 0.000000, 0.000000, 0.000000, -57.000000, -90.000000, 1.000000, 0.000000, -49.500000, 0.000000, 0.000000
194893873, 0.000000, 0.000000, 0.000000, -57.000000, -90.000000, 1.000000, 0.000000, -49.500000, 0.000000, 0.000000
195094874, 0.000000, 0.000000, 0.000000, -57.000000, -90.000000, 1.000000, 0.000000, -49.500000, 0.000000, 0.000000
195296870, 0.000000, 0.000000, 0.000000, -57.000000, -90.000000, 1.000000, 0.000000, -49.500000, 0.000000, 0.000000
195497911, 0.000000, 0.000000, 0.000000, -57.000000, -90.000000, 1.000000, 0.000000, -49.500000, 0.000000, 0.000000
195700861, 0.000000, 0.000000, 0.000000, -57.000000, -90.000000, 1.000000, 0.000000, -49.500000, 0.000000, 0.000000
195902735, 0.000000, 0.000000, 0.000000, -57.000000, -90.000000, 1.000000, 0.000000, -49.500000, 0.000000, 0.000000
196103771, 0.000000, 0.000000, 0.000000, -57.000000, -90.000000, 1.000000, 0.000000, -49.500000, 0.000000, 0.000000
196306294, 0.000000, 0.000000, 0.000000, -57.000000, -90.000000, 1.000000, 0.000000, -49.500000, 0.000000, 0.000000
196516908, 0.000000, 0.000000, 0.000000, -57.000000, -90.000000, 1.000000, 0.000000, -49.500000, 0.000000, 0.000000
196719860, 0.000000, 0.000000, 0.000000, -57.000000, -90.000000, 1.000000, 0.000000, -49.500000, 0.000000, 0.000000
196921856, 0.000000, 0.000000, 0.000000, -57.000000, -90.000000, 1.000000, 0.000000, -49.500000, 0.000000, 0.000000
197122897, 0.000000, 0.000000, 0.000000, -57.000000, -90.000000, 1.000000, 0.000000, -49.500000, 0.000000, 0.000000
197324892, 0.000000, 0.000000, 0.000000, -57.000000, -90.000000, 1.000000, 0.000000, -49.500000, 0.000000, 0.000000
197525908, 0.000000, 0.000000, 0.000000, -57.000000, -90.000000, 1.000000, 0.000000, -49.500000, 0.000000, 0.000000
197728763, 0.000000, 0.000000, 0.000000, -57.000000, -90.000000, 1.000000, 0.000000, -49.500000, 0.000000, 0.000000
197930927, 0.000000, 0.000000, 0.000000, -57.000000, -90.000000, 1.000000, 0.000000, -49.500000, 0.000000, 0.000000
198141930, 0.000000, 0.000000, 0.000000, -57.000000, -90.000000, 1.000000, 0.000000, -49.500000, 0.000000, 0.000000
198343885, 0.000000, 0.000000, 0.000000, -57.000000, -90.000000, 1.000000, 0.000000, -49.500000, 0.000000, 0.000000
198544840, 0.000000, 0.000000, 0.000000, -57.000000, -90.000000, 1.000000, 0.000000, -49.500000, 0.000000, 0.000000
198747876, 0.000000, 0.000000, 0.000000, -57.000000, -90.000000, 1.000000, 0.000000, -49.500000, 0.000000, 0.000000
198949871, 0.000000, 0.000000, 0.000000, -57.000000, -90.000000, 1.000000, 0.000000, -49.500000, 0.000000, 0.000000
199150913, 0.000000, 0.000000, 0.000000, -57.000000, -90.000000, 1.000000, 0.000000, -49.500000, 0.000000, 0.000000
199352788, 0.000000, 0.000000, 0.000000, -57.000000, -90.000000, 1.000000, 0.000000, -49.500000, 0.000000, 0.000000
199553740, 0.000000, 0.000000, 0.000000, -57.000000, -90.000000, 1.000000, 0.000000, -49.500000, 0.000000, 0.000000
199756290, 0.000000, 0.000000, 0.000000, -57.000000, -90.000000, 1.000000, 0.000000, -49.500000, 0.000000, 0.000000
199966873, 0.000000, 0.000000, 0.000000, -57.000000, -90.000000, 1.000000, 0.000000, -49.500000, 0.000000, 0.000000
200169823, 0.000000, 0.000000, 0.000000, -57.000000, -90.000000, 1.000000, 0.000000, -49.500000, 0.000000, 0.000000
200371818, 0.000000, 0.000000, 0.000000, -57.000000, -90.000000, 1.000000, 0.000000, -49.500000, 0.000000, 0.000000
200572859, 0.000000, 0.000000, 0.000000, -57.000000, -90.000000, 1.000000, 0.000000, -49.500000, 0.000000, 0.000000
200774855, 0.000000, 0.000000, 0.000000, -57.000000, -90.000000, 1.000000, 0.000000, -49.500000, 0.000000, 0.000000
200975870, 0.000000, 0.000000, 0.000000, -57.000000, -90.000000, 1.000000, 0.000000, -49.500000, 0.000000, 0.000000
201178725, 0.000000, 0.000000, 0.000000, -57.000000, -90.000000, 1.000000, 0.000000, -49.500000, 0.000000, 0.000000
201380997, 0.000000, 0.000000, 0.000000, -57.000000, -90.000000, 1.000000, 0.000000, -49.500000, 0.000000, 0.000000
201591895, 0.000000, 0.000000, 0.000000, -57.000000, -90.000000, 1.000000, 0.000000, -49.500000, 0.000000, 0.000000
201793851, 0.000000, 0.000000, 0.000000, -57.000000, -90.000000, 1.000000, 0.000000, -49.500000, 0.000000, 0.000000
201994893, 0.000000, 0.000000, 0.000000, -57.000000, -90.000000, 1.000000, 0.000000, -49.500000, 0.000000, 0.000000
202197842, 0.000000, 0.000000, 0.000000, -57.000000, -90.000000, 1.000000, 0.000000, -49.500000, 0.000000, 0.000000
202399837, 0.000000, 0.000000, 0.000000, -57.000000, -90.000000, 1.000000, 0.000000, -49.500000, 0.000000, 0.000000
202600853, 0.000000, 0.000000, 0.000000, -57.000000, -90.000000, 1.000000, 0.000000, -49.500000, 0.000000, 0.000000
202802753, 0.000000, 0.000000, 0.000000, -57.000000, -90.000000, 1.000000, 0.000000, -49.500000, 0.000000, 0.000000
203003702, 0.000000, 0.000000, 0.000000, -57.000000, -90.000000, 1.000000, 0.000000, -49.500000, 0.000000, 0.000000
203206290, 0.000000, 0.000000, 0.000000, -57.000000, -90.000000, 1.000000, 0.000000, -49.500000, 0.000000, 0.000000
203416839, 0.000000, 0.000000, 0.000000, -57.000000, -90.000000, 1.000000, 0.000000, -49.500000, 0.000000, 0.000000
203619875, 0.000000, 0.000000, 0.000000, -57.000000, -90.000000, 1.000000, 0.000000, -49.500000, 0.000000, 0.000000
203821870, 0.000000, 0.000000, 0.000000, -57.000000, -90.000000, 1.000000, 0.000000, -49.500000, 0.000000, 0.000000
204022912, 0.000000, 0.000000, 0.000000, -57.000000, -90.000000, 1.000000, 0.000000, -49.500000, 0.000000, 0.000000
204224907, 0.000000, 0.000000, 0.000000, -57.000000, -90.000000, 1.000000, 0.000000, -49.500000, 0.000000, 0.000000
204425836, 0.000000, 0.000000, 0.000000, -57.000000, -90.000000, 1.000000, 0.000000, -49.500000, 0.000000, 0.000000
204628777, 0.000000, 0.000000, 0.000000, -57.000000, -90.000000, 1.000000, 0.000000, -49.500000, 0.000000, 0.000000
204830996, 0.000000, 0.000000, 0.000000, -57.000000, -90.000000, 1.000000, 0.000000, -49.500000, 0.000000, 0.000000
205041948, 0.000000, 0.000000, 0.000000, -57.000000, -90.000000, 1.000000, 0.000000, -49.500000, 0.000000, 0.000000
205243817, 0.000000, 0.000000, 0.000000, -57.000000, -90.000000, 1.000000, 0.000000, -49.500000, 0.000000, 0.000000
205444858, 0.000000, 0.000000, 0.000000, -57.000000, -90.000000, 1.000000, 0.000000, -49.500000, 0.000000, 0.000000
205647894, 0.000000, 0.000000, 0.000000, -57.000000, -90.000000, 1.000000, 0.000000, -49.500000, 0.000000, 0.000000
205849890, 0.000000, 0.000000, 0.000000, -57.000000, -90.000000, 1.000000, 0.000000, -49.500000, 0.000000, 0.000000
206050905, 0.000000, 0.000000, 0.000000, -57.000000, -90.000000, 1.000000, 0.000000, -49.500000, 0.000000, 0.000000
206252719, 0.000000, 0.000000, 0.000000, -57.000000, -90.000000, 1.000000, 0.000000, -49.500000, 0.000000, 0.000000
206453532, 0.000000, 0.000000, 0.000000, -57.000000, -90.000000, 1.000000, 0.000000, -49.500000, 0.000000, 0.000000
206666497, 0.000000, 0.000000, 0.000000, -57.000000, -90.000000, 1.000000, 0.000000, -49.500000, 0.000000, 0.000000
206868884, 0.000000, 0.000000, 0.000000, -57.000000, -90.000000, 1.000000, 0.000000, -49.500000, 0.000000, 0.000000
207069886, 0.000000, 0.000000, 0.000000, -57.000000, -90.000000, 1.000000, 0.000000, -49.500000, 0.000000, 0.000000
207271881, 0.000000, 0.000000, 0.000000, -57.000000, -90.000000, 1.000000, 0.000000, -49.500000, 0.000000, 0.000000
207472836, 0.000000, 0.000000, 0.000000, -57.000000, -90.000000, 1.000000, 0.000000, -49.500000, 0.000000, 0.000000
207675872, 0.000000, 0.000000, 0.000000, -57.000000, -90.000000, 1.000000, 0.000000, -49.500000, 0.000000, 0.000000
207877747, 0.000000, 0.000000, 0.000000, -57.000000, -90.000000, 1.000000, 0.000000, -49.500000, 0.000000, 0.000000
208078782, 0.000000, 0.000000, 0.000000, -57.000000, -90.000000, 1.000000, 0.000000, -49.500000, 0.000000, 0.000000
208281290, 0.000000, 0.000000, 0.000000, -57.000000, -90.000000, 1.000000, 0.000000, -49.500000, 0.000000, 0.000000
208491833, 0.000000, 0.000000, 0.000000, -57.000000, -90.000000, 1.000000, 0.000000, -49.500000, 0.000000, 0.000000
208693828, 0.000000, 0.000000, 0.000000, -57.000000, -90.000000, 1.000000, 0.000000, -49.500000, 0.000000, 0.000000
208894869, 0.000000, 0.000000, 0.000000, -57.000000, -90.000000, 1.000000, 0.000000, -49.500000, 0.000000, 0.000000
209097905, 0.000000, 0.000000, 0.000000, -57.000000, -90.000000, 1.000000, 0.000000, -49.500000, 0.000000, 0.000000
209299901, 0.000000, 0.000000, 0.000000, -57.000000, -90.000000, 1.000000, 0.000000, -49.500000, 0.000000, 0.000000
209500916, 0.000000, 0.000000, 0.000000, -57.000000, -90.000000, 1.000000, 0.000000, -49.500000, 0.000000, 0.000000
209703771, 0.000000, 0.000000, 0.000000, -57.000000, -90.000000, 1.000000, 0.000000, -49.500000, 0.000000, 0.000000
209905938, 0.000000, 0.000000, 0.000000, -57.000000, -90.000000, 1.000000, 0.000000, -49.500000, 0.000000, 0.000000
210116941, 0.000000, 0.000000, 0.000000, -57.000000, -90.000000, 1.000000, 0.000000, -49.500000, 0.000000, 0.000000
210318937, 0.000000, 0.000000, 0.000000, -57.000000, -90.000000, 1.000000, 0.000000, -49.500000, 0.000000, 0.000000
210519852, 0.000000, 0.000000, 0.000000, -57.000000, -90.000000, 1.000000, 0.000000, -49.500000, 0.000000, 0.000000
210721847, 0.000000, 0.000000, 0.000000, -57.000000, -90.000000, 1.000000, 0.000000, -49.500000, 0.000000, 0.000000
210922889, 0.000000, 0.000000, 0.000000, -57.000000, -90.000000, 1.000000, 0.000000, -49.500000, 0.000000, 0.000000
211125838, 0.000000, 0.000000, 0.000000, -57.000000, -90.000000, 1.000000, 0.000000, -49.500000, 0.000000, 0.000000
211327713, 0.000000, 0.000000, 0.000000, -57.000000, -90.000000, 1.000000, 0.000000, -49.500000, 0.000000, 0.000000
211528748, 0.000000, 0.000000, 0.000000, -57.000000, -90.000000, 1.000000, 0.000000, -49.500000, 0.000000, 0.000000
211731290, 0.000000, 0.000000, 0.000000, -57.000000, -90.000000, 1.000000, 0.000000, -49.500000, 0.000000, 0.000000
211941885, 0.000000, 0.000000, 0.000000, -57.000000, -90.000000, 1.000000, 0.000000, -49.500000, 0.000000, 0.000000
212144838, 0.000000, 0.000000, 0.000000, -57.000000, -90.000000, 1.000000, 0.000000, -49.500000, 0.000000, 0.000000
212346833, 0.000000, 0.000000, 0.000000, -57.000000, -90.000000, 1.000000, 0.000000, -49.500000, 0.000000, 0.000000
212547874, 0.000000, 0.000000, 0.000000, -57.000000, -90.000000, 1.000000, 0.000000, -49.500000, 0.000000, 0.000000
212749933, 0.000000, 0.000000, 178.584183, -57.000000, -90.000000, 1.000000, 0.000000, -49.500000, 0.000000, 0.000000
212950534, 39.609066, 0.000000, 0.000000, -57.000000, -90.000000, 1.000000, 0.000000, -49.500000, 0.000000, 0.000000
213161835, 39.609066, 0.000000, 0.000000, -57.000000, -90.000000, 1.000000, 0.000000, -49.500000, 0.000000, 0.000000
213363816, 18.180496, 0.000000, 0.000000, -57.000000, -90.000000, 1.000000, 0.000000, -49.500000, 0.000000, 0.000000
213564836, 0.000000, 0.000000, 0.000000, -57.000000, -90.000000, 1.000000, 0.000000, -49.500000, 0.000000, 0.000000
213767540, 0.000000, 0.000000, 0.000000, -57.000000, -90.000000, 1.000000, 0.000000, -49.500000, 0.000000, 0.000000
213969532, 0.000000, 0.000000, 0.000000, -57.000000, -90.000000, 1.000000, 0.000000, -49.500000, 0.000000, 0.000000
214180817, 0.000000, 0.000000, 0.000000, -57.000000, -90.000000, 1.000000, 0.000000, -49.500000, 0.000000, 0.000000
214382799, 31.527094, 0.000000, 178.565063, -57.000000, -90.000000, 1.000000, 0.000000, -49.500000, 0.000000, 0.000000
214583837, 46.007618, 0.000000, 0.000000, -57.000000, -90.000000, 1.000000, 0.000000, -49.500000, 0.000000, 0.000000
214794895, 61.493507, 0.000000, 0.000000, -57.000000, -90.000000, 1.000000, 0.000000, -49.500000, 0.000000, 0.000000
214997846, 43.636356, 0.000000, 0.000000, -57.000000, -90.000000, 1.000000, 0.000000, -49.500000, 0.000000, 0.000000
215200884, 14.545454, 0.000000, 0.000000, -57.000000, -90.000000, 1.000000, 0.000000, -49.500000, 0.000000, 0.000000
215402759, 0.000000, 0.000000, 0.000000, -57.000000, -90.000000, 1.000000, 0.000000, -49.500000, 0.000000, 0.000000
215603708, 0.000000, 0.000000, 0.000000, -57.000000, -90.000000, 1.000000, 0.000000, -49.500000, 0.000000, 0.000000
215806290, 0.000000, 0.000000, 0.000000, -57.000000, -90.000000, 1.000000, 0.000000, -49.500000, 0.000000, 0.000000
216016844, 0.000000, 0.000000, 0.000000, -57.000000, -90.000000, 1.000000, 0.000000, -49.500000, 0.000000, 0.000000
216219880, 0.000000, 0.000000, 0.000000, -57.000000, -90.000000, 1.000000, 0.000000, -49.500000, 0.000000, 0.000000
216421876, 0.000000, 0.000000, 0.000000, -57.000000, -90.000000, 1.000000, 0.000000, -49.500000, 0.000000, 0.000000
216622830, 0.000000, 0.000000, 0.000000, -57.000000, -90.000000, 1.000000, 0.000000, -49.500000, 0.000000, 0.000000
216824912, 0.000000, 0.000000, 0.000000, -57.000000, -90.000000, 1.000000, 0.000000, -49.500000, 0.000000, 0.000000
217025841, 0.000000, 0.000000, 0.000000, -57.000000, -90.000000, 1.000000, 0.000000, -49.500000, 0.000000, 0.000000
217228783, 0.000000, 0.000000, 0.000000, -57.000000, -90.000000, 1.000000, 0.000000, -49.500000, 0.000000, 0.000000
217430938, 0.000000, 0.000000, 0.000000, -57.000000, -90.000000, 1.000000, 0.000000, -49.500000, 0.000000, 0.000000
217641953, 0.000000, 0.000000, 0.000000, -57.000000, -90.000000, 1.000000, 0.000000, -49.500000, 0.000000, 0.000000
217843822, 0.000000, 0.000000, 0.000000, -57.000000, -90.000000, 1.000000, 0.000000, -49.500000, 0.000000, 0.000000
218044864, 0.000000, 0.000000, 0.000000, -57.000000, -90.000000, 1.000000, 0.000000, -49.500000, 0.000000, 0.000000
218246859, 0.000000, 0.000000, 0.000000, -57.000000, -90.000000, 1.000000, 0.000000, -49.500000, 0.000000, 0.000000
218447875, 0.000000, 0.000000, 0.000000, -57.000000, -90.000000, 1.000000, 0.000000, -49.500000, 0.000000, 0.000000
218650850, 0.000000, 0.000000, 0.000000, -57.000000, -90.000000, 1.000000, 0.000000, -49.500000, 0.000000, 0.000000
218852724, 0.000000, 0.000000, 0.000000, -57.000000, -90.000000, 1.000000, 0.000000, -49.500000, 0.000000, 0.000000
219053760, 0.000000, 0.000000, 0.000000, -57.000000, -90.000000, 1.000000, 0.000000, -49.500000, 0.000000, 0.000000
219256290, 0.000000, 0.000000, 0.000000, -57.000000, -90.000000, 1.000000, 0.000000, -49.500000, 0.000000, 0.000000
219466897, 0.000000, 0.000000, 0.000000, -57.000000, -90.000000, 1.000000, 0.000000, -49.500000, 0.000000, 0.000000
219669846, 0.000000, 0.000000, 0.000000, -57.000000, -90.000000, 1.000000, 0.000000, -49.500000, 0.000000, 0.000000
219871841, 0.000000, 0.000000, 0.000000, -57.000000, -90.000000, 1.000000, 0.000000, -49.500000, 0.000000, 0.000000
220072883, 0.000000, 0.000000, 0.000000, -57.000000, -90.000000, 1.000000, 0.000000, -49.500000, 0.000000, 0.000000
220274878, 0.000000, 0.000000, 0.000000, -57.000000, -90.000000, 1.000000, 0.000000, -49.500000, 0.000000, 0.000000
220475894, 0.000000, 0.000000, 0.000000, -57.000000, -90.000000, 1.000000, 0.000000, -49.500000, 0.000000, 0.000000
220678748, 0.000000, 0.000000, 0.000000, -57.000000, -90.000000, 1.000000, 0.000000, -49.500000, 0.000000, 0.000000
220880999, 0.000000, 0.000000, 0.000000, -57.000000, -90.000000, 1.000000, 0.000000, -49.500000, 0.000000, 0.000000
221091919, 0.000000, 0.000000, 0.000000, -57.000000, -90.000000, 1.000000, 0.000000, -49.500000, 0.000000, 0.000000
221293875, 0.000000, 0.000000, 0.000000, -57.000000, -90.000000, 1.000000, 0.000000, -49.500000, 0.000000, 0.000000
221494829, 0.000000, 0.000000, 0.000000, -57.000000, -90.000000, 1.000000, 0.000000, -49.500000, 0.000000, 0.000000
221697865, 0.000000, 0.000000, 0.000000, -57.000000, -90.000000, 1.000000, 0.000000, -49.500000, 0.000000, 0.000000
221899861, 0.000000, 0.000000, 0.000000, -57.000000, -90.000000, 1.000000, 0.000000, -49.500000, 0.000000, 0.000000
222100902, 0.000000, 0.000000, 0.000000, -57.000000, -90.000000, 1.000000, 0.000000, -49.500000, 0.000000, 0.000000
222302777, 0.000000, 0.000000, 0.000000, -57.000000, -90.000000, 1.000000, 0.000000, -49.500000, 0.000000, 0.000000
222503727, 0.000000, 0.000000, 0.000000, -57.000000, -90.000000, 1.000000, 0.000000, -49.500000, 0.000000, 0.000000
222706290, 0.000000, 0.000000, 0.000000, -57.000000, -90.000000, 1.000000, 0.000000, -49.500000, 0.000000, 0.000000
222916862, 0.000000, 0.000000, 0.000000, -57.000000, -90.000000, 1.000000, 0.000000, -49.500000, 0.000000, 0.000000
223119898, 0.000000, 0.000000, 0.000000, -57.000000, -90.000000, 1.000000, 0.000000, -49.500000, 0.000000, 0.000000
223321894, 0.000000, 0.000000, 0.000000, -57.000000, -90.000000, 1.000000, 0.000000, -49.500000, 0.000000, 0.000000
223522849, 0.000000, 0.000000, 0.000000, -57.000000, -90.000000, 1.000000, 0.000000, -49.500000, 0.000000, 0.000000
223724844, 0.000000, 0.000000, 0.000000, -57.000000, -90.000000, 1.000000, 0.000000, -49.500000, 0.000000, 0.000000
223925859, 0.000000, 0.000000, 0.000000, -57.000000, -90.000000, 1.000000, 0.000000, -49.500000, 0.000000, 0.000000
224128714, 0.000000, 0.000000, 0.000000, -57.000000, -90.000000, 1.000000, 0.000000, -49.500000, 0.000000, 0.000000
224330996, 0.000000, 0.000000, 0.000000, -57.000000, -90.000000, 1.000000, 0.000000, -49.500000, 0.000000, 0.000000
224541884, 0.000000, 0.000000, 0.000000, -57.000000, -90.000000, 1.000000, 0.000000, -49.500000, 0.000000, 0.000000
224743844, 0.000000, 0.000000, 0.000000, -57.000000, -90.000000, 1.000000, 0.000000, -49.500000, 0.000000, 0.000000
224944887, 21.819769, 0.000000, 0.000000, -57.000000, -90.000000, 1.000000, 0.000000, -49.500000, 0.000000, 0.000000
225145774, 21.819769, 0.000000, 0.000000, -57.000000, -90.000000, 1.000000, 0.000000, -49.500000, 0.000000, 0.000000
225357788, 21.819769, 0.000000, 0.000000, -57.000000, -90.000000, 1.000000, 0.000000, -49.500000, 0.000000, 0.000000
225558847, 0.000000, 0.000000, 0.000000, -57.000000, -90.000000, 1.000000, 0.000000, -49.500000, 0.000000, 0.000000
225761796, 0.000000, 0.000000, 0.000000, -57.000000, -90.000000, 1.000000, 0.000000, -49.500000, 0.000000, 0.000000
225963863, 0.000000, 0.000000, 0.000000, -57.000000, -90.000000, 1.000000, 0.000000, -49.500000, 0.000000, 0.000000
226164796, 0.000000, 0.000000, 0.000000, -57.000000, -90.000000, 1.000000, 0.000000, -49.500000, 0.000000, 0.000000
226366897, 0.000000, 0.000000, 0.000000, -57.000000, -90.000000, 1.000000, 0.000000, -49.500000, 0.000000, 0.000000
226567532, 0.000000, 0.000000, 0.000000, -57.000000, -90.000000, 1.000000, 0.000000, -49.500000, 0.000000, 0.000000
226779709, 0.000000, 0.000000, 0.000000, -57.000000, -90.000000, 1.000000, 0.000000, -49.500000, 0.000000, 0.000000
226980787, 0.000000, 0.000000, 0.000000, -57.000000, -90.000000, 1.000000, 0.000000, -49.500000, 0.000000, 0.000000
227183830, 0.000000, 0.000000, 0.000000, -57.000000, -90.000000, 1.000000, 0.000000, -49.500000, 0.000000, 0.000000
227385825, 0.000000, 0.000000, 0.000000, -57.000000, -90.000000, 1.000000, 0.000000, -49.500000, 0.000000, 0.000000
227586851, 0.000000, 0.000000, 0.000000, -57.000000, -90.000000, 1.000000, 0.000000, -49.500000, 0.000000, 0.000000
227789801, 0.000000, 0.000000, 0.000000, -57.000000, -90.000000, 1.000000, 0.000000, -49.500000, 0.000000, 0.000000
227991878, 0.000000, 0.000000, 0.000000, -57.000000, -90.000000, 1.000000, 0.000000, -49.500000, 0.000000, 0.000000
228192532, 0.000000, 0.000000, 0.000000, -57.000000, -90.000000, 1.000000, 0.000000, -49.500000, 0.000000, 0.000000
228404779, 0.000000, 0.000000, 0.000000, -57.000000, -90.000000, 1.000000, 0.000000, -49.500000, 0.000000, 0.000000
228605796, 0.000000, 0.000000, 0.000000, -57.000000, -90.000000, 1.000000, 0.000000, -49.500000, 0.000000, 0.000000
228808836, 0.000000, 0.000000, 0.000000, -57.000000, -90.000000, 1.000000, 0.000000, -49.500000, 0.000000, 0.000000
229010832, 0.000000, 0.000000, 0.000000, -57.000000, -90.000000, 1.000000, 0.000000, -49.500000, 0.000000, 0.000000
229211857, 0.000000, 0.000000, 0.000000, -57.000000, -90.000000, 1.000000, 0.000000, -49.500000, 0.000000, 0.000000
229413853, 0.000000, 0.000000, 0.000000, -57.000000, -90.000000, 1.000000, 0.000000, -49.500000, 0.000000, 0.000000
229614786, 0.000000, 0.000000, 0.000000, -57.000000, -90.000000, 1.000000, 0.000000, -49.500000, 0.000000, 0.000000
229817748, 0.000000, 0.000000, 0.000000, -57.000000, -90.000000, 1.000000, 0.000000, -49.500000, 0.000000, 0.000000
230019534, 0.000000, 0.000000, 0.000000, -57.000000, -90.000000, 1.000000, 0.000000, -49.500000, 0.000000, 0.000000
230230766, 0.000000, 0.000000, 0.000000, -57.000000, -90.000000, 1.000000, 0.000000, -49.500000, 0.000000, 0.000000
230432865, 0.000000, 0.000000, 0.000000, -57.000000, -90.000000, 1.000000, 0.000000, -49.500000, 0.000000, 0.000000
230633820, 0.000000, 0.000000, 0.000000, -57.000000, -90.000000, 1.000000, 0.000000, -49.500000, 0.000000, 0.000000
230835799, 0.000000, 0.000000, 0.000000, -57.000000, -90.000000, 1.000000, 0.000000, -49.500000, 0.000000, 0.000000
231036792, 0.000000, 0.000000, 0.000000, -55.000000, -90.000000, -15.750000, 0.000000, -52.500000, 0.000000, 0.000000
231247881, 0.000000, 0.000000, 0.000000, -55.000000, -90.000000, 1.000000, 0.000000, -52.500000, 0.000000, 6.000000
231450832, 0.000000, 0.000000, 0.000000, -56.000000, -90.000000, 1.000000, 0.000000, -51.000000, 0.000000, 6.000000
231652707, 0.000000, 0.000000, 0.000000, -57.000000, -90.000000, 1.000000, 0.000000, -49.500000, 0.000000, 0.000000
231853742, 0.000000, 0.000000, 0.000000, -57.000000, -90.000000, 1.000000, 0.000000, -49.500000, 0.000000, 0.000000
232056290, 0.000000, 0.000000, 0.000000, -57.000000, -90.000000, 1.000000, 0.000000, -49.500000, 0.000000, 0.000000
232266879, 0.000000, 0.000000, 0.000000, -57.000000, -90.000000, 1.000000, 0.000000, -49.500000, 0.000000, 0.000000
232469828, 0.000000, 0.000000, 0.000000, -57.000000, -90.000000, 1.000000, 0.000000, -49.500000, 0.000000, 0.000000
232671823, 0.000000, 0.000000, 0.000000, -57.000000, -90.000000, 1.000000, 0.000000, -49.500000, 0.000000, 0.000000
232872865, 0.000000, 0.000000, 0.000000, -57.000000, -90.000000, 1.000000, 0.000000, -49.500000, 0.000000, 0.000000
233074860, 0.000000, 0.000000, 0.000000, -57.000000, -90.000000, 1.000000, 0.000000, -49.500000, 0.000000, 0.000000
