time_us,engine_rpm,wheel_rpm,secondary_rpm,sheave_position,sheave_setpoint,pwm,brake_position,kp_term,ki_term,kd_term
649854, 0.000000, -90.000000, -90.000000, 0.000000, 0.000000, 0.000000, 0.000000, 0.000000
649854, 0.000000, 0.000000, 0.000000, -90.000000, -90.000000, 0.000000, 0.000000, 0.000000, 0.000000, 0.000000
850870, 0.000000, 0.000000, 0.000000, -90.000000, -90.000000, 0.000000, 0.000000, 0.000000, 0.000000, 0.000000
1052771, 0.000000, 0.000000, 0.000000, -90.000000, -90.000000, 0.000000, 0.000000, 0.000000, 0.000000, 0.000000
1253541, 0.000000, 0.000000, 0.000000, -90.000000, -90.000000, 0.000000, 0.000000, 0.000000, 0.000000, 0.000000
1466543, 0.000000, 0.000000, 0.000000, -90.000000, -90.000000, 0.000000, 0.000000, 0.000000, 0.000000, 0.000000
1668876, 0.000000, 0.000000, 0.000000, -90.000000, -90.000000, 0.000000, 0.000000, 0.000000, 0.000000, 0.000000
1869879, 0.000000, 0.000000, 0.000000, -90.000000, -90.000000, 0.000000, 0.000000, 0.000000, 0.000000, 0.000000
2071875, 0.000000, 0.000000, 0.000000, -90.000000, -90.000000, 0.000000, 0.000000, 0.000000, 0.000000, 0.000000
2272916, 0.000000, 0.000000, 0.000000, -90.000000, -90.000000, 0.000000, 0.000000, 0.000000, 0.000000, 0.000000
2475865, 0.000000, 0.000000, 0.000000, -90.000000, -90.000000, 0.000000, 0.000000, 0.000000, 0.000000, 0.000000
2677740, 0.000000, 0.000000, 0.000000, -90.000000, -90.000000, 0.000000, 0.000000, 0.000000, 0.000000, 0.000000
2878787, 0.000000, 0.000000, 0.000000, -90.000000, -90.000000, 0.000000, 0.000000, 0.000000, 0.000000, 0.000000
3081296, 0.000000, 0.000000, 0.000000, -90.000000, -90.000000, 0.000000, 0.000000, 0.000000, 0.000000, 0.000000
3291913, 0.000000, 0.000000, 0.000000, -90.000000, -90.000000, 0.000000, 0.000000, 0.000000, 0.000000, 0.000000
3493908, 0.000000, 0.000000, 0.000000, -90.000000, -90.000000, 0.000000, 0.000000, 0.000000, 0.000000, 0.000000
3694863, 0.000000, 0.000000, 0.000000, -90.000000, -90.000000, 0.000000, 0.000000, 0.000000, 0.000000, 0.000000
3897899, 0.000000, 0.000000, 0.000000, -90.000000, -90.000000, 0.000000, 0.000000, 0.000000, 0.000000, 0.000000
4099894, 0.000000, 0.000000, 0.000000, -90.000000, -90.000000, 0.000000, 0.000000, 0.000000, 0.000000, 0.000000
4300910, 0.000000, 0.000000, 0.000000, -90.000000, -90.000000, 0.000000, 0.000000, 0.000000, 0.000000, 0.000000
4503764, 0.000000, 0.000000, 0.000000, -90.000000, -90.000000, 0.000000, 0.000000, 0.000000, 0.000000, 0.000000
4705935, 0.000000, 0.000000, 0.000000, -90.000000, -90.000000, 0.000000, 0.000000, 0.000000, 0.000000, 0.000000
4916933, 0.000000, 0.000000, 0.000000, -90.000000, -90.000000, 0.000000, 0.000000, 0.000000, 0.000000, 0.000000
5118929, 0.000000, 0.000000, 0.000000, -90.000000, -90.000000, 0.000000, 0.000000, 0.000000, 0.000000, 0.000000
5319932, 0.000000, 0.000000, 0.000000, -90.000000, -90.000000, 0.000000, 0.000000, 0.000000, 0.000000, 0.000000
5521841, 0.000000, 0.000000, 0.000000, -90.000000, -90.000000, 0.000000, 0.000000, 0.000000, 0.000000, 0.000000
5722882, 0.000000, 0.000000, 0.000000, -90.000000, -90.000000, 0.000000, 0.000000, 0.000000, 0.000000, 0.000000
5925918, 0.000000, 0.000000, 0.000000, -90.000000, -90.000000, 0.000000, 0.000000, 0.000000, 0.000000, 0.000000
6127793, 0.000000, 0.000000, 0.000000, -90.000000, -90.000000, 0.000000, 0.000000, 0.000000, 0.000000, 0.000000
6328753, 0.000000, 0.000000, 0.000000, -90.000000, -90.000000, 0.000000, 0.000000, 0.000000, 0.000000, 0.000000
6531301, 0.000000, 0.000000, 0.000000, -90.000000, -90.000000, 0.000000, 0.000000, 0.000000, 0.000000, 0.000000
6741878, 0.000000, 0.000000, 0.000000, -90.000000, -90.000000, 0.000000, 0.000000, 0.000000, 0.000000, 0.000000
6943874, 0.000000, 0.000000, 0.000000, -90.000000, -90.000000, 0.000000, 0.000000, 0.000000, 0.000000, 0.000000
7144915, 0.000000, 0.000000, 0.000000, -90.000000, -90.000000, 0.000000, 0.000000, 0.000000, 0.000000, 0.000000
7347864, 0.000000, 0.000000, 0.000000, -90.000000, -90.000000, 0.000000, 0.000000, 0.000000, 0.000000, 0.000000
7549860, 0.000000, 0.000000, 0.000000, -90.000000, -90.000000, 0.000000, 0.000000, 0.000000, 0.000000, 0.000000
7750875, 0.000000, 0.000000, 0.000000, -90.000000, -90.000000, 0.000000, 0.000000, 0.000000, 0.000000, 0.000000
7953730, 0.000000, 0.000000, 0.000000, -90.000000, -90.000000, 0.000000, 0.000000, 0.000000, 0.000000, 0.000000
8155936, 0.000000, 0.000000, 0.000000, -90.000000, -90.000000, 0.000000, 0.000000, 0.000000, 0.000000, 0.000000
8366899, 0.000000, 0.000000, 0.000000, -90.000000, -90.000000, 0.000000, 0.000000, 0.000000, 0.000000, 0.000000
8568894, 0.000000, 0.000000, 0.000000, -90.000000, -90.000000, 0.000000, 0.000000, 0.000000, 0.000000, 0.000000
8769897, 0.000000, 0.000000, 0.000000, -90.000000, -90.000000, 0.000000, 0.000000, 0.000000, 0.000000, 0.000000
8971893, 0.000000, 0.000000, 0.000000, -90.000000, -90.000000, 0.000000, 0.000000, 0.000000, 0.000000, 0.000000
9172848, 0.000000, 0.000000, 0.000000, -90.000000, -90.000000, 0.000000, 0.000000, 0.000000, 0.000000, 0.000000
9375884, 0.000000, 0.000000, 0.000000, -90.000000, -90.000000, 0.000000, 0.000000, 0.000000, 0.000000, 0.000000
9577758, 0.000000, 0.000000, 0.000000, -90.000000, -90.000000, 0.000000, 0.000000, 0.000000, 0.000000, 0.000000
9778720, 0.000000, 0.000000, 0.000000, -90.000000, -90.000000, 0.000000, 0.000000, 0.000000, 0.000000, 0.000000
9981296, 0.000000, 0.000000, 0.000000, -90.000000, -90.000000, 0.000000, 0.000000, 0.000000, 0.000000, 0.000000
10191931, 0.000000, 0.000000, 0.000000, -90.000000, -90.000000, 0.000000, 0.000000, 0.000000, 0.000000, 0.000000
10394880, 0.000000, 0.000000, 0.000000, -90.000000, -90.000000, 0.000000, 0.000000, 0.000000, 0.000000, 0.000000
10596875, 0.000000, 0.000000, 0.000000, -90.000000, -90.000000, 0.000000, 0.000000, 0.000000, 0.000000, 0.000000
10797917, 0.000000, 0.000000, 0.000000, -90.000000, -90.000000, 0.000000, 0.000000, 0.000000, 0.000000, 0.000000
10999887, 35.337330, 0.000000, 0.000000, -90.000000, -90.000000, 0.000000, 0.000000, 0.000000, 0.000000, 0.000000
11200541, 125.208817, 0.000000, 0.000000, -90.000000, -90.000000, 0.000000, 0.000000, 0.000000, 0.000000, 0.000000
11411871, 236.595795, 0.000000, 0.000000, -90.000000, -90.000000, 0.000000, 0.000000, 0.000000, 0.000000, 0.000000
11614794, 236.723404, 0.000000, 0.000000, -90.000000, -90.000000, 0.000000, 0.000000, 0.000000, 0.000000, 0.000000
11825859, 155.014206, 0.000000, 0.000000, -90.000000, -90.000000, 0.000000, 0.000000, 0.000000, 0.000000, 0.000000
12028777, 61.181400, 0.000000, 0.000000, -90.000000, -90.000000, 0.000000, 0.000000, 0.000000, 0.000000, 0.000000
12241516, 21.817783, 0.000000, 0.000000, -90.000000, -90.000000, 0.000000, 0.000000, 0.000000, 0.000000, 0.000000
12443946, 0.000000, 0.000000, 0.000000, -90.000000, -90.000000, 0.000000, 0.000000, 0.000000, 0.000000, 0.000000
12644949, 0.000000, 0.000000, 0.000000, -90.000000, -90.000000, 0.000000, 0.000000, 0.000000, 0.000000, 0.000000
12847899, 21.818182, 0.000000, 0.000000, -90.000000, -90.000000, 0.000000, 0.000000, 0.000000, 0.000000, 0.000000
13050850, 114.188690, 0.000000, 0.000000, -90.000000, -90.000000, 0.000000, 0.000000, 0.000000, 0.000000, 0.000000
13253546, 256.692017, 0.000000, 0.000000, -90.000000, -90.000000, 0.000000, 0.000000, 0.000000, 0.000000, 0.000000
13466899, 276.873077, 0.000000, 0.000000, -90.000000, -90.000000, 0.000000, 0.000000, 0.000000, 0.000000, 0.000000
13667889, 217.096725, 0.000000, 0.000000, -90.000000, -90.000000, 0.000000, 0.000000, 0.000000, 0.000000, 0.000000
13880838, 75.323387, 0.000000, 0.000000, -90.000000, -90.000000, 0.000000, 0.000000, 0.000000, 0.000000, 0.000000
14083789, 25.324165, 0.000000, 0.000000, -90.000000, -90.000000, 0.000000, 0.000000, 0.000000, 0.000000, 0.000000
14286825, 0.000000, 0.000000, 0.000000, -90.000000, -90.000000, 0.000000, 0.000000, 0.000000, 0.000000, 0.000000
14488837, 78.334412, 0.000000, 0.000000, -90.000000, -90.000000, 0.000000, 0.000000, 0.000000, 0.000000, 0.000000
14699872, 243.684494, 0.000000, 0.000000, -90.000000, -90.000000, 0.000000, 0.000000, 0.000000, 0.000000, 0.000000
14900891, 290.194946, 0.000000, 0.000000, -90.000000, -90.000000, 0.000000, 0.000000, 0.000000, 0.000000, 0.000000
15111816, 218.917816, 0.000000, 0.000000, -90.000000, -90.000000, 0.000000, 0.000000, 0.000000, 0.000000, 0.000000
15314871, 100.205490, 0.000000, 0.000000, -90.000000, -90.000000, 0.000000, 0.000000, 0.000000, 0.000000, 0.000000
15517549, 49.946503, 0.000000, 0.000000, -90.000000, -90.000000, 0.000000, 0.000000, 0.000000, 0.000000, 0.000000
15729760, 25.130398, 0.000000, 0.000000, -90.000000, -90.000000, 0.000000, 0.000000, 0.000000, 0.000000, 0.000000
15930873, 151.245117, 0.000000, 0.000000, -90.000000, -90.000000, 0.000000, 0.000000, 0.000000, 0.000000, 0.000000
16141871, 313.130493, 0.000000, 0.000000, -90.000000, -90.000000, 0.000000, 0.000000, 0.000000, 0.000000, 0.000000
16344911, 441.505585, 0.000000, 0.000000, -90.000000, -90.000000, 0.000000, 0.000000, 0.000000, 0.000000, 0.000000
16555819, 477.349792, 0.000000, 0.000000, -90.000000, -90.000000, 0.000000, 0.000000, 0.000000, 0.000000, 0.000000
16758865, 444.669556, 0.000000, 0.000000, -90.000000, -90.000000, 0.000000, 0.000000, 0.000000, 0.000000, 0.000000
16961879, 293.363464, 0.000000, 0.000000, -90.000000, -90.000000, 0.000000, 0.000000, 0.000000, 0.000000, 0.000000
17172884, 174.605591, 0.000000, 0.000000, -90.000000, -90.000000, 0.000000, 0.000000, 0.000000, 0.000000, 0.000000
17375865, 60.416248, 0.000000, 0.000000, -90.000000, -90.000000, 0.000000, 0.000000, 0.000000, 0.000000, 0.000000
17578729, 66.915855, 0.000000, 0.000000, -90.000000, -90.000000, 0.000000, 0.000000, 0.000000, 0.000000, 0.000000
17791942, 225.860214, 0.000000, 0.000000, -90.000000, -90.000000, 0.000000, 0.000000, 0.000000, 0.000000, 0.000000
17994898, 489.045624, 0.000000, 0.000000, -90.000000, -90.000000, 0.000000, 0.000000, 0.000000, 0.000000, 0.000000
18205803, 793.457520, 0.000000, 0.000000, -90.000000, -90.000000, 0.000000, 0.000000, 0.000000, 0.000000, 0.000000
18408849, 1021.022949, 0.000000, 0.000000, -90.000000, -90.000000, 0.000000, 0.000000, 0.000000, 0.000000, 0.000000
18619885, 1089.655762, 0.000000, 0.000000, -90.000000, -90.000000, 0.000000, 0.000000, 0.000000, 0.000000, 0.000000
18822901, 1093.347534, 0.000000, 0.000000, -90.000000, -90.000000, 0.000000, 0.000000, 0.000000, 0.000000, 0.000000
19033843, 1092.938110, 0.000000, 0.000000, -90.000000, -90.000000, 0.000000, 0.000000, 0.000000, 0.000000, 0.000000
19244880, 1098.798950, 0.000000, 0.000000, -90.000000, -90.000000, 0.000000, 0.000000, 0.000000, 0.000000, 0.000000
19447901, 1115.924805, 0.000000, 0.000000, -90.000000, -90.000000, 0.000000, 0.000000, 0.000000, 0.000000, 0.000000
19658838, 1100.528931, 0.000000, 0.000000, -90.000000, -90.000000, 0.000000, 0.000000, 0.000000, 0.000000, 0.000000
19869874, 1103.132202, 0.000000, 0.000000, -90.000000, -90.000000, 0.000000, 0.000000, 0.000000, 0.000000, 0.000000
20072855, 1135.325684, 0.000000, 0.000000, -90.000000, -90.000000, 0.000000, 0.000000, 0.000000, 0.000000, 0.000000
20283832, 1123.058594, 0.000000, 0.000000, -90.000000, -90.000000, 0.000000, 0.000000, 0.000000, 0.000000, 0.000000
20494868, 1111.302612, 0.000000, 0.000000, -90.000000, -90.000000, 0.000000, 0.000000, 0.000000, 0.000000, 0.000000
20697854, 1054.816772, 0.000000, 0.000000, -90.000000, -90.000000, 0.000000, 0.000000, 0.000000, 0.000000, 0.000000
20908800, 1053.640747, 0.000000, 0.000000, -90.000000, -90.000000, 0.000000, 0.000000, 0.000000, 0.000000, 0.000000
21119862, 1054.400513, 0.000000, 0.000000, -90.000000, -90.000000, 0.000000, 0.000000, 0.000000, 0.000000, 0.000000
21330772, 1109.476440, 0.000000, 0.000000, -90.000000, -90.000000, 0.000000, 0.000000, 0.000000, 0.000000, 0.000000
21533794, 1119.939941, 0.000000, 0.000000, -90.000000, -90.000000, 0.000000, 0.000000, 0.000000, 0.000000, 0.000000
21744856, 1130.017578, 0.000000, 0.000000, -90.000000, -90.000000, 0.000000, 0.000000, 0.000000, 0.000000, 0.000000
21955844, 1124.819824, 0.000000, 0.000000, -90.000000, -90.000000, 0.000000, 0.000000, 0.000000, 0.000000, 0.000000
22158875, 1129.374268, 0.000000, 0.000000, -90.000000, -90.000000, 0.000000, 0.000000, 0.000000, 0.000000, 0.000000
22369851, 1129.364502, 0.000000, 0.000000, -90.000000, -90.000000, 0.000000, 0.000000, 0.000000, 0.000000, 0.000000
22580838, 1126.730469, 0.000000, 0.000000, -90.000000, -90.000000, 0.000000, 0.000000, 0.000000, 0.000000, 0.000000
22783869, 1126.721436, 0.000000, 0.000000, -90.000000, -90.000000, 0.000000, 0.000000, 0.000000, 0.000000, 0.000000
22994932, 1117.573242, 0.000000, 0.000000, -90.000000, -90.000000, 0.000000, 0.000000, 0.000000, 0.000000, 0.000000
23205832, 1040.580933, 0.000000, 0.000000, -90.000000, -90.000000, 0.000000, 0.000000, 0.000000, 0.000000, 0.000000
23408826, 1040.271606, 0.000000, 0.000000, -90.000000, -90.000000, 0.000000, 0.000000, 0.000000, 0.000000, 0.000000
23619900, 1020.999268, 0.000000, 0.000000, -90.000000, -90.000000, 0.000000, 0.000000, 0.000000, 0.000000, 0.000000
23830826, 1081.319824, 0.000000, 0.000000, -90.000000, -90.000000, 0.000000, 0.000000, 0.000000, 0.000000, 0.000000
24041879, 1113.118896, 0.000000, 0.000000, -90.000000, -90.000000, 0.000000, 0.000000, 0.000000, 0.000000, 0.000000
24244894, 1114.753052, 0.000000, 0.000000, -90.000000, -90.000000, 0.000000, 0.000000, 0.000000, 0.000000, 0.000000
24455821, 1114.458740, 0.000000, 0.000000, -90.000000, -90.000000, 0.000000, 0.000000, 0.000000, 0.000000, 0.000000
24666873, 1103.159912, 0.000000, 0.000000, -90.000000, -90.000000, 0.000000, 0.000000, 0.000000, 0.000000, 0.000000
24869888, 1086.879150, 0.000000, 0.000000, -90.000000, -90.000000, 0.000000, 0.000000, 0.000000, 0.000000, 0.000000
25080870, 1094.627075, 0.000000, 0.000000, -90.000000, -90.000000, 0.000000, 0.000000, 0.000000, 0.000000, 0.000000
25291867, 1096.436401, 0.000000, 0.000000, -90.000000, -90.000000, 0.000000, 0.000000, 0.000000, 0.000000, 0.000000
25494882, 1093.614014, 0.000000, 0.000000, -90.000000, -90.000000, 0.000000, 0.000000, 0.000000, 0.000000, 0.000000
25705872, 1103.686768, 0.000000, 0.000000, -90.000000, -90.000000, 0.000000, 0.000000, 0.000000, 0.000000, 0.000000
25916948, 1114.297363, 0.000000, 0.000000, -90.000000, -90.000000, 0.000000, 0.000000, 0.000000, 0.000000, 0.000000
26119882, 1115.361572, 0.000000, 0.000000, -90.000000, -90.000000, 0.000000, 0.000000, 0.000000, 0.000000, 0.000000
26330871, 1128.091919, 0.000000, 0.000000, -90.000000, -90.000000, 0.000000, 0.000000, 0.000000, 0.000000, 0.000000
26541942, 1132.402100, 0.000000, 0.000000, -90.000000, -90.000000, 0.000000, 0.000000, 0.000000, 0.000000, 0.000000
26752739, 1156.107544, 0.000000, 0.000000, -90.000000, -90.000000, 0.000000, 0.000000, 0.000000, 0.000000, 0.000000
26955873, 1132.360718, 0.000000, 0.000000, -90.000000, -90.000000, 0.000000, 0.000000, 0.000000, 0.000000, 0.000000
27166952, 1129.952393, 0.000000, 0.000000, -90.000000, -90.000000, 0.000000, 0.000000, 0.000000, 0.000000, 0.000000
27377717, 1113.904785, 0.000000, 0.000000, -90.000000, -90.000000, 0.000000, 0.000000, 0.000000, 0.000000, 0.000000
27580933, 1092.828125, 0.000000, 0.000000, -90.000000, -90.000000, 0.000000, 0.000000, 0.000000, 0.000000, 0.000000
27791914, 1075.753418, 0.000000, 0.000000, -90.000000, -90.000000, 0.000000, 0.000000, 0.000000, 0.000000, 0.000000
28002798, 1071.170410, 0.000000, 0.000000, -90.000000, -90.000000, 0.000000, 0.000000, 0.000000, 0.000000, 0.000000
28205935, 1081.839355, 0.000000, 0.000000, -90.000000, -90.000000, 0.000000, 0.000000, 0.000000, 0.000000, 0.000000
28416908, 1092.159058, 0.000000, 0.000000, -90.000000, -90.000000, 0.000000, 0.000000, 0.000000, 0.000000, 0.000000
28627754, 1099.365967, 0.000000, 0.000000, -90.000000, -90.000000, 0.000000, 0.000000, 0.000000, 0.000000, 0.000000
28830934, 1111.479980, 0.000000, 0.000000, -90.000000, -90.000000, 0.000000, 0.000000, 0.000000, 0.000000, 0.000000
29041903, 1111.722778, 0.000000, 0.000000, -90.000000, -90.000000, 0.000000, 0.000000, 0.000000, 0.000000, 0.000000
29252748, 1096.454102, 0.000000, 0.000000, -90.000000, -90.000000, 0.000000, 0.000000, 0.000000, 0.000000, 0.000000
29455935, 1111.791626, 0.000000, 0.000000, -90.000000, -90.000000, 0.000000, 0.000000, 0.000000, 0.000000, 0.000000
29666897, 1111.802002, 0.000000, 0.000000, -90.000000, -90.000000, 0.000000, 0.000000, 0.000000, 0.000000, 0.000000
29877742, 1118.901611, 0.000000, 0.000000, -90.000000, -90.000000, 0.000000, 0.000000, 0.000000, 0.000000, 0.000000
30078542, 1109.872437, 0.000000, 0.000000, -90.000000, -90.000000, 0.000000, 0.000000, 0.000000, 0.000000, 0.000000
30291865, 1125.573486, 0.000000, 0.000000, -90.000000, -90.000000, 0.000000, 0.000000, 0.000000, 0.000000, 0.000000
30502736, 1137.328247, 0.000000, 0.000000, -90.000000, -90.000000, 0.000000, 0.000000, 0.000000, 0.000000, 0.000000
30703542, 1125.260864, 0.000000, 0.000000, -90.000000, -90.000000, 0.000000, 0.000000, 0.000000, 0.000000, 0.000000
30916859, 1119.549927, 0.000000, 0.000000, -90.000000, -90.000000, 0.000000, 0.000000, 0.000000, 0.000000, 0.000000
31127731, 1144.945923, 0.000000, 0.000000, -90.000000, -90.000000, 0.000000, 0.000000, 0.000000, 0.000000, 0.000000
31338814, 1168.642822, 0.000000, 0.000000, -90.000000, -90.000000, 0.000000, 0.000000, 0.000000, 0.000000, 0.000000
31539842, 1156.828003, 0.000000, 0.000000, -90.000000, -90.000000, 0.000000, 0.000000, 0.000000, 0.000000, 0.000000
31750904, 1152.679688, 0.000000, 0.000000, -90.000000, -90.000000, 0.000000, 0.000000, 0.000000, 0.000000, 0.000000
31963809, 1143.069824, 0.000000, 0.000000, -90.000000, -90.000000, 0.000000, 0.000000, 0.000000, 0.000000, 0.000000
32164806, 1136.587769, 0.000000, 0.000000, -90.000000, -90.000000, 0.000000, 0.073579, 0.000000, 0.000000, 0.000000
32396898, 1122.575195, 0.000000, 0.000000, -89.000000, -35.000000, 91.043999, 0.594649, 81.000000, 16.044000, -6.000000
32660958, 1136.292114, 0.000000, 0.000000, -79.000000, -35.000000, 90.384003, 0.690301, 66.000000, 48.384000, -24.000000
32916543, 1122.968872, 0.000000, 0.000000, -42.000000, -90.000000, -351.078003, 0.456187, -72.000000, 60.522000, -390.000000
33127766, 1112.528198, 0.000000, 0.000000, -28.000000, -90.000000, 1.000000, 0.474248, -93.000000, 9.912000, 12.000000
33392875, 1098.999512, 0.000000, 0.000000, -24.000000, -35.000000, 1.000000, 0.821405, -16.500000, 0.000000, 0.000000
33668203, 1083.159912, 0.000000, 0.000000, -19.000000, -35.000000, -31.200001, 0.844816, -24.000000, 0.000000, -24.000000
33931819, 1039.538208, 0.000000, 0.000000, -17.000000, -35.000000, 1.000000, 0.840134, -27.000000, 0.000000, -6.000000
34207197, 977.032288, 0.000000, 0.000000, -17.000000, -35.000000, 1.000000, 0.830769, -27.000000, 0.000000, 0.000000
34470927, 990.430298, 0.000000, 0.000000, -17.000000, -35.000000, 1.000000, 0.823411, -27.000000, 0.000000, 0.000000
34734805, 1017.893433, 0.000000, 0.000000, -17.000000, -35.000000, 1.000000, 0.824080, -27.000000, 0.000000, 0.000000
34989791, 814.598877, 0.000000, 0.000000, -17.000000, -90.000000, -362.850006, 0.824749, -109.500000, 0.000000, -330.000000
35213876, 581.674866, 0.000000, 0.000000, -17.000000, -35.000000, 321.899994, 0.816722, -27.000000, 0.000000, 330.000000
35457812, 318.396515, 0.000000, 0.000000, -28.000000, -35.000000, 1.000000, 0.795987, -10.500000, 0.000000, 0.000000
35702721, 167.266342, 0.000000, 0.000000, -21.000000, -90.000000, -19.049999, 0.506355, -103.500000, 0.000000, 12.000000
35905910, 78.056496, 0.000000, 0.000000, -26.000000, -90.000000, -34.799999, 0.137793, -96.000000, 0.000000, -6.000000
36116828, 21.494780, 0.000000, 0.000000, -32.000000, -90.000000, 1.000000, 0.141806, -87.000000, 0.000000, 12.000000
36319874, 0.000000, 0.000000, 0.000000, -36.000000, -90.000000, -24.299999, 0.195318, -81.000000, 0.000000, 0.000000
36530784, 0.000000, 0.000000, 0.000000, -37.000000, -90.000000, -17.850000, 0.151839, -79.500000, 0.000000, 6.000000
36732787, 0.000000, 0.000000, 0.000000, -43.000000, -90.000000, 1.000000, 0.150502, -70.500000, 0.000000, 12.000000
36933780, 0.000000, 0.000000, 0.000000, -46.000000, -90.000000, -19.799999, 0.161204, -66.000000, 0.000000, 0.000000
37144855, 0.000000, 0.000000, 0.000000, -48.000000, -90.000000, 1.000000, 0.171237, -63.000000, 0.000000, 6.000000
37347894, 0.000000, 0.000000, 0.000000, -48.000000, -90.000000, 1.000000, 0.176589, -63.000000, 0.000000, 6.000000
37550929, 0.000000, 0.000000, 0.000000, -48.000000, -90.000000, -18.900000, 0.352508, -63.000000, 0.000000, 0.000000
37753778, 0.000000, 0.000000, 0.000000, -49.000000, -90.000000, -18.450001, 0.008027, -61.500000, 0.000000, 0.000000
37966587, 0.000000, 0.000000, 0.000000, -49.000000, -90.000000, -24.450001, 0.165217, -61.500000, 0.000000, -6.000000
38168915, 0.000000, 0.000000, 0.000000, -50.000000, -90.000000, -24.000000, 0.115050, -60.000000, 0.000000, -6.000000
38369916, 0.000000, 0.000000, 0.000000, -52.000000, -90.000000, -23.100000, 0.112375, -57.000000, 0.000000, -6.000000
38580764, 0.000000, 0.000000, 0.000000, -54.000000, -90.000000, 1.000000, 0.128428, -54.000000, 0.000000, 6.000000
38783795, 0.000000, 0.000000, 0.000000, -54.000000, -90.000000, 1.000000, 0.135117, -54.000000, 0.000000, 6.000000
38986833, 0.000000, 0.000000, 0.000000, -54.000000, -90.000000, 1.000000, 0.000000, -54.000000, 0.000000, 6.000000
39189760, 0.000000, 0.000000, 0.000000, -54.000000, -90.000000, 1.000000, 0.120401, -54.000000, 0.000000, 6.000000
39392535, 0.000000, 0.000000, 0.000000, -55.000000, -90.000000, 1.000000, 0.377258, -52.500000, 0.000000, 6.000000
39604726, 0.000000, 0.000000, 0.000000, -56.000000, -90.000000, 1.000000, 0.144482, -51.000000, 0.000000, 6.000000
39805846, 0.000000, 0.000000, 0.000000, -57.000000, -90.000000, 1.000000, 0.148495, -49.500000, 0.000000, 0.000000
40008784, 0.000000, 0.000000, 0.000000, -57.000000, -90.000000, 1.000000, 0.141806, -49.500000, 0.000000, 0.000000
40210767, 0.000000, 0.000000, 0.000000, -57.000000, -90.000000, 1.000000, 0.148495, -49.500000, 0.000000, 0.000000
40411775, 0.000000, 0.000000, 0.000000, -57.000000, -90.000000, 1.000000, 0.145819, -49.500000, 0.000000, 0.000000
40614833, 0.000000, 0.000000, 0.000000, -57.000000, -90.000000, 1.000000, 0.145150, -49.500000, 0.000000, 0.000000
40816849, 0.000000, 0.000000, 0.000000, -57.000000, -90.000000, 1.000000, 0.139799, -49.500000, 0.000000, 0.000000
41017526, 0.000000, 0.000000, 0.000000, -57.000000, -90.000000, 1.000000, 0.123077, -49.500000, 0.000000, 0.000000
41229748, 0.000000, 0.000000, 0.000000, -57.000000, -90.000000, 1.000000, 0.116388, -49.500000, 0.000000, 0.000000
41430829, 0.000000, 0.000000, 0.000000, -57.000000, -90.000000, 1.000000, 0.043478, -49.500000, 0.000000, 0.000000
41633794, 0.000000, 0.000000, 0.000000, -57.000000, -90.000000, 1.000000, 0.008696, -49.500000, 0.000000, 0.000000
41835864, 0.000000, 0.000000, 0.000000, -57.000000, -90.000000, 1.000000, 0.000000, -49.500000, 0.000000, 0.000000
42036791, 0.000000, 0.000000, 0.000000, -57.000000, -90.000000, 1.000000, 0.245485, -49.500000, 0.000000, 0.000000
42238775, 0.000000, 0.000000, 0.000000, -57.000000, -90.000000, 1.000000, 0.416722, -49.500000, 0.000000, 0.000000
42439806, 0.000000, 0.000000, 0.000000, -57.000000, -90.000000, 1.000000, 0.439465, -49.500000, 0.000000, 0.000000
42642535, 0.000000, 0.000000, 0.000000, -57.000000, -90.000000, 1.000000, 0.454849, -49.500000, 0.000000, 0.000000
42844527, 0.000000, 0.000000, 0.000000, -57.000000, -90.000000, 1.000000, 0.459532, -49.500000, 0.000000, 0.000000
43055806, 0.000000, 0.000000, 0.000000, -57.000000, -90.000000, 1.000000, 0.484281, -49.500000, 0.000000, 0.000000
43258824, 0.000000, 0.000000, 0.000000, -57.000000, -90.000000, -344.850006, 0.476254, -49.500000, 0.000000, -330.000000
43469879, 0.000000, 0.000000, 0.000000, -56.000000, -90.000000, 1.000000, 0.434114, -51.000000, 0.000000, 6.000000
43671883, 0.000000, 0.000000, 0.000000, -56.000000, -90.000000, -15.300000, 0.432107, -51.000000, 0.000000, 0.000000
43872899, 0.000000, 0.000000, 0.000000, -56.000000, -90.000000, -21.299999, 0.436789, -51.000000, 0.000000, -6.000000
44094883, 0.000000, 0.000000, 0.000000, -57.000000, -90.000000, -20.850000, 0.438127, -49.500000, 0.000000, -6.000000
44295897, 0.000000, 0.000000, 0.000000, -61.000000, -90.000000, -25.049999, 0.438127, -43.500000, 0.000000, -12.000000
44507789, 0.000000, 0.000000, 0.000000, -58.000000, -90.000000, 1.000000, 0.438127, -48.000000, 0.000000, 6.000000
44708802, 0.000000, 0.000000, 0.000000, -57.000000, -90.000000, 1.000000, 0.436120, -49.500000, 0.000000, 6.000000
44911825, 0.000000, 0.000000, 0.000000, -56.000000, -90.000000, -15.300000, 0.438127, -51.000000, 0.000000, 0.000000
45122907, 0.000000, 0.000000, 0.000000, -56.000000, -90.000000, -21.299999, 0.436789, -51.000000, 0.000000, -6.000000
45324899, 0.000000, 0.000000, 0.000000, -56.000000, -35.000000, 356.382019, 0.819398, 31.500000, 0.882000, 324.000006
45535824, 0.000000, 0.000000, 0.000000, -57.000000, -90.000000, 1.000000, 0.780602, -49.500000, 0.000000, 0.000000
45747896, 0.000000, 0.000000, 0.000000, -56.000000, -90.000000, 1.000000, 0.473579, -51.000000, 0.000000, 6.000000
45950853, 0.000000, 0.000000, 0.000000, -55.000000, -90.000000, -15.750000, 0.468227, -52.500000, 0.000000, 0.000000
46153769, 0.000000, 0.000000, 0.000000, -55.000000, -90.000000, -15.750000, 0.472241, -52.500000, 0.000000, 0.000000
46366937, 0.000000, 0.000000, 0.000000, -57.000000, -90.000000, -20.850000, 0.095652, -49.500000, 0.000000, -6.000000
46569848, 0.000000, 0.000000, 0.000000, -57.000000, -90.000000, 1.000000, 0.489632, -49.500000, 0.000000, 0.000000
46803804, 28.808393, 0.000000, 0.000000, -53.000000, -35.000000, 29.820000, 0.737793, 27.000000, 8.820000, -6.000000
47071957, 367.158661, 0.000000, 0.000000, -39.000000, -35.000000, 0.270000, 0.670903, 6.000000, 18.270000, -24.000000
47335918, 844.440918, 0.000000, 0.000000, -25.000000, -35.000000, 328.740021, 0.767893, -15.000000, 9.240000, 324.000006
47600946, 1144.028687, 0.000000, 0.000000, -23.000000, -35.000000, 1.000000, 0.759197, -18.000000, 0.462000, -6.000000
47875959, 1115.286865, 0.000000, 0.000000, -21.000000, -35.000000, 317.700012, 0.832776, -21.000000, 0.000000, 324.000006
48138853, 1109.100586, 0.000000, 0.000000, -15.000000, -35.000000, -21.000000, 0.747157, -30.000000, 0.000000, -12.000000
48404804, 1028.901367, 0.000000, 0.000000, -17.000000, -35.000000, 3.900000, 0.748495, -27.000000, 0.000000, 12.000000
48679835, 866.317261, 0.000000, 0.000000, -11.000000, -35.000000, 1.200000, 1.389966, -36.000000, 0.000000, 12.000000
48945892, 855.286804, 0.000000, 0.000000, -10.000000, -35.000000, 1.000000, 0.708361, -37.500000, 0.000000, 6.000000
49188857, 947.571411, 0.000000, 0.000000, -8.000000, -90.000000, -36.900002, 0.710368, -123.000000, 0.000000, 0.000000
49402846, 1173.532227, 0.000000, 0.000000, -10.000000, -90.000000, -24.000000, 0.342475, -120.000000, 0.000000, 12.000000
49605969, 1544.267090, 0.000000, 0.000000, -23.000000, -90.000000, -24.150000, 0.353846, -100.500000, 0.000000, 6.000000
49816907, 1822.331543, 0.000000, 0.000000, -25.000000, -90.000000, -23.250000, 0.196656, -97.500000, 0.000000, 6.000000
50028728, 1817.783081, 0.000000, 0.000000, -33.000000, -90.000000, 1.000000, 0.095652, -85.500000, 0.000000, 12.000000
50241944, 1784.899536, 0.000000, 0.000000, -34.000000, -90.000000, -19.200001, 0.101672, -84.000000, 0.000000, 6.000000
50452791, 1834.744385, 0.000000, 0.000000, -38.000000, -90.000000, -17.400000, 0.101672, -78.000000, 0.000000, 6.000000
50663816, 2018.965210, 0.000000, 0.000000, -41.000000, -29.677872, 26.837265, 0.054181, 16.983192, 5.529992, 4.324081
50874877, 2183.508545, 0.000000, 0.000000, -32.000000, -22.316723, 24.248123, 0.054850, 14.524916, 14.788214, -5.065006
51085861, 2183.506104, 0.000000, 0.000000, -19.000000, -22.316832, 1.000000, 0.050167, -4.975247, 17.598804, -24.285632
51296899, 1948.764648, 0.000000, 0.000000, -13.000000, -32.818424, -21.407026, 0.041472, -29.727636, 6.805077, -19.293813
51507782, 1775.844116, 0.000000, 0.000000, -17.000000, -90.000000, 1.000000, 0.010033, -109.500000, 0.000000, 18.000001
51718865, 1870.715576, 0.000000, 0.000000, -23.000000, -90.000000, -36.150002, 0.000000, -100.500000, 0.000000, -6.000000
51930828, 2104.358398, 0.000000, 0.000000, -23.000000, -25.857651, 6.183937, 0.000000, -4.286476, 0.000000, 7.469879
52141866, 2121.506104, 0.000000, 0.000000, -12.000000, -25.090515, -16.769749, 0.000000, -19.635773, 0.000000, -10.879017
52352796, 1955.593750, 0.000000, 0.000000, -15.000000, -32.512913, -27.461033, 0.000000, -26.269369, 0.000000, -19.580222
52553555, 2019.478638, 0.000000, 0.000000, -15.000000, -29.654903, 1.000000, 0.000000, -21.982355, 0.000000, 5.835274
52766869, 2127.193604, 0.000000, 0.000000, -15.000000, -24.836075, 3.241537, 0.000000, -14.754112, 0.000000, 7.667770
52977793, 2017.051758, 0.000000, 0.000000, -15.000000, -29.763474, 1.000000, 0.000000, -22.145210, 0.000000, -4.326118
53188772, 2060.002930, 0.000000, 0.000000, -15.000000, -27.841974, 2.684921, 0.000000, -19.262961, 0.000000, 8.463810
53389800, 2201.000000, 0.000000, 0.000000, -15.000000, -21.534210, 7.171135, 0.000000, -9.801315, 0.000000, 10.111530
53600873, 2207.879150, 0.000000, 0.000000, -15.000000, -21.226460, 1.000000, 0.000000, -9.339689, 0.000000, -1.496956
53811878, 2292.074707, 0.000000, 0.000000, -15.000000, -17.459814, 8.144842, 0.000000, -3.689721, 0.000000, 9.251759
54024935, 2483.404297, 0.000000, 0.000000, -15.000000, -8.900333, 25.711073, 0.000000, 9.149500, 1.788590, 14.772983
54225942, 2533.226074, 0.000000, 0.000000, -11.000000, -6.671465, 3.466927, 0.000000, 6.492803, 7.371151, -10.397026
54436888, 2341.145996, 0.000000, 0.000000, -6.000000, -15.264521, -22.299349, 0.000000, -13.896781, 5.277464, -23.407779
54649897, 2070.709961, 0.000000, 0.000000, -9.000000, -27.362976, -22.668909, 0.000000, -27.544464, 0.000000, -14.405571
54860846, 1754.308472, 0.000000, 0.000000, -15.000000, -90.000000, -21.750000, 0.000000, -112.500000, 0.000000, 12.000000
55071871, 1649.204346, 0.000000, 0.000000, -25.000000, -90.000000, -29.250000, 0.000000, -97.500000, 0.000000, 0.000000
55282891, 1929.734253, 0.000000, 0.000000, -26.000000, -33.669785, 346.529907, 0.000000, -11.504677, 0.000000, 349.981298
55493912, 2330.519531, 0.000000, 0.000000, -20.000000, -15.739916, 12.367236, 0.000000, 6.390126, 1.861505, 4.115604
55694530, 2528.245850, 0.000000, 0.000000, -4.000000, -6.894264, 1.000000, 0.000000, -4.341396, 2.849772, -4.036617
55905888, 2560.161621, 0.000000, 0.000000, -3.000000, -5.466454, 1.000000, 0.000000, -3.699680, 1.657756, -6.001900
56116928, 2364.310059, 0.000000, 0.000000, -3.000000, -14.228233, -18.475914, 0.000000, -16.842350, 0.000000, -13.423210
56329859, 2046.360596, 74.626862, 0.000000, -3.000000, -28.452290, -34.250973, 0.000000, -38.178434, 0.000000, -22.797443
56541547, 1736.586304, 0.000000, 0.000000, -7.000000, -90.000000, -25.350000, 0.000000, -124.500000, 0.000000, 12.000000
56744874, 1651.479004, 0.000000, 0.000000, -21.000000, -90.000000, 4.950001, 0.000000, -103.500000, 0.000000, 36.000001
56955981, 1922.521240, 0.000000, 0.000000, -25.000000, -33.992470, 325.998566, 0.000000, -13.488705, 0.000000, 330.045176
57166937, 2261.539795, 0.000000, 0.000000, -22.000000, -18.825851, 12.957559, 0.000000, 4.761223, 0.714119, 7.482216
57377802, 2324.340088, 0.000000, 0.000000, -15.000000, -16.016365, -16.780531, 0.110368, -1.524548, 3.138690, -19.461856
57588888, 2104.809570, 0.000000, 0.000000, -9.000000, -25.837467, -27.569906, 0.000000, -25.256201, 0.000000, -19.993047
57799902, 1823.778809, 0.000000, 0.000000, -11.000000, -90.000000, -29.549999, 0.157860, -118.500000, 0.000000, 6.000000
58010791, 1615.332520, 0.000000, 0.000000, -21.000000, -90.000000, 1.000000, 0.183946, -103.500000, 0.000000, 18.000001
58221860, 1477.922852, 0.000000, 0.000000, -26.000000, -90.000000, -34.799999, 0.156522, -96.000000, 0.000000, -6.000000
58433818, 1379.733154, 0.000000, 0.000000, -31.000000, -90.000000, -20.549999, 0.145819, -88.500000, 0.000000, 6.000000
58644877, 1331.272949, 0.000000, 0.000000, -38.000000, -90.000000, 1.000000, 0.116388, -78.000000, 0.000000, 12.000000
58857822, 1428.793457, 0.000000, 0.000000, -37.000000, -90.000000, -23.850000, 0.044816, -79.500000, 0.000000, 0.000000
59068953, 1773.493164, 0.000000, 0.000000, -38.000000, -90.000000, -17.400000, 0.040134, -78.000000, 0.000000, 6.000000
59280847, 2155.534424, 0.000000, 0.000000, -42.000000, -23.568197, 55.563801, 0.065552, 27.647704, 7.736134, 20.179963
59491945, 2323.074463, 0.000000, 0.000000, -34.000000, -16.072985, 38.734623, 0.449498, 26.890523, 24.962384, -13.118282
59737924, 2202.015381, 0.000000, 0.000000, -15.000000, -35.000000, 1.000000, 0.769231, -30.000000, 22.273979, -24.000000
60002793, 1923.574585, 0.000000, 0.000000, -11.000000, -35.000000, -17.998022, 0.813378, -36.000000, 4.801979, -12.000000
60278898, 1647.200928, 0.000000, 0.000000, -7.000000, -35.000000, 1.000000, 0.812709, -42.000000, 0.000000, 0.000000
60543916, 1443.169800, 0.000000, 0.000000, -7.000000, -35.000000, 1.000000, 0.787960, -42.000000, 0.000000, 0.000000
60807793, 1283.210938, 0.000000, 0.000000, -7.000000, -35.000000, 1.000000, 0.759866, -42.000000, 0.000000, 0.000000
61080965, 1200.568970, 0.000000, 0.000000, -7.000000, -35.000000, 1.000000, 0.717057, -42.000000, 0.000000, 0.000000
61345879, 1139.347290, 0.000000, 0.000000, -7.000000, -35.000000, 1.000000, 0.694314, -42.000000, 0.000000, 0.000000
61607913, 961.993042, 0.000000, 0.000000, -7.000000, -35.000000, 1.000000, 0.692977, -42.000000, 0.000000, 0.000000
61883126, 672.132446, 0.000000, 0.000000, -7.000000, -35.000000, 1.000000, 0.693645, -42.000000, 0.000000, 0.000000
62117953, 358.156860, 0.000000, 0.000000, -7.000000, -90.000000, -367.350006, 0.694314, -124.500000, 0.000000, -330.000000
62330909, 152.851837, 0.000000, 0.000000, -12.000000, -90.000000, -23.100000, 0.678261, -117.000000, 0.000000, 12.000000
62541856, 53.501152, 0.000000, 0.000000, -24.000000, -90.000000, 1.000000, 0.672241, -99.000000, 0.000000, 18.000001
62744926, 18.181818, 0.000000, 0.000000, -25.000000, -90.000000, -17.250000, 0.634114, -97.500000, 0.000000, 12.000000
62955793, 0.000000, 0.000000, 0.000000, -32.000000, -90.000000, 1.000000, 0.656187, -87.000000, 0.000000, 12.000000
63158824, 0.000000, 0.000000, 0.000000, -34.000000, -90.000000, -31.200001, 0.666221, -84.000000, 0.000000, -6.000000
63361830, 0.000000, 0.000000, 0.000000, -39.000000, -90.000000, -16.950001, 0.658194, -76.500000, 0.000000, 6.000000
63564828, 0.000000, 0.000000, 0.000000, -43.000000, -90.000000, -21.150000, 0.656187, -70.500000, 0.000000, 0.000000
63775835, 0.000000, 0.000000, 0.000000, -44.000000, -90.000000, 1.000000, 0.637458, -69.000000, 0.000000, 6.000000
63977822, 0.000000, 0.000000, 0.000000, -43.000000, -90.000000, -27.150000, 0.619398, -70.500000, 0.000000, -6.000000
64188835, 0.000000, 0.000000, 0.000000, -43.000000, -90.000000, -27.150000, 0.614716, -70.500000, 0.000000, -6.000000
64392555, 0.000000, 0.000000, 0.000000, -45.000000, -90.000000, 1.000000, 0.603344, -67.500000, 0.000000, 6.000000
64604748, 0.000000, 0.000000, 0.000000, -44.000000, -90.000000, -26.700001, 0.600669, -69.000000, 0.000000, -6.000000
64807843, 0.000000, 0.000000, 0.000000, -45.000000, -90.000000, -26.250000, 0.597993, -67.500000, 0.000000, -6.000000
65008854, 0.000000, 0.000000, 0.000000, -46.000000, -90.000000, -25.799999, 0.602007, -66.000000, 0.000000, -6.000000
65219868, 0.000000, 0.000000, 0.000000, -47.000000, -90.000000, 1.000000, 0.606020, -64.500000, 0.000000, 6.000000
65422866, 0.000000, 0.000000, 0.000000, -47.000000, -90.000000, 1.000000, 0.591304, -64.500000, 0.000000, 6.000000
65625904, 0.000000, 0.000000, 0.000000, -48.000000, -90.000000, 1.000000, 0.580602, -63.000000, 0.000000, 6.000000
65828735, 0.000000, 0.000000, 0.000000, -48.000000, -90.000000, 1.000000, 0.577258, -63.000000, 0.000000, 6.000000
66041560, 0.000000, 0.000000, 0.000000, -48.000000, -90.000000, 1.000000, 0.587960, -63.000000, 0.000000, 6.000000
66243888, 0.000000, 0.000000, 0.000000, -48.000000, -90.000000, -18.900000, 0.577926, -63.000000, 0.000000, 0.000000
66444887, 0.000000, 0.000000, 0.000000, -50.000000, -90.000000, -18.000000, 0.581940, -60.000000, 0.000000, 0.000000
66656819, 0.000000, 0.000000, 0.000000, -52.000000, -90.000000, 1.000000, 0.572575, -57.000000, 0.000000, 12.000000
66869910, 0.000000, 0.000000, 0.000000, -51.000000, -90.000000, -23.549999, 0.579933, -58.500000, 0.000000, -6.000000
67070546, 0.000000, 0.000000, 0.000000, -51.000000, -90.000000, -23.549999, 0.580602, -58.500000, 0.000000, -6.000000
67283817, 0.000000, 0.000000, 0.000000, -52.000000, -90.000000, -23.100000, 0.580602, -57.000000, 0.000000, -6.000000
67494932, 0.000000, 0.000000, 0.000000, -54.000000, -90.000000, -16.200001, 0.581271, -54.000000, 0.000000, 0.000000
67697843, 0.000000, 0.000000, 0.000000, -55.000000, -90.000000, 1.000000, 0.577926, -52.500000, 0.000000, 6.000000
67900882, 0.000000, 0.000000, 0.000000, -55.000000, -90.000000, 1.000000, 0.578595, -52.500000, 0.000000, 6.000000
68103712, 0.000000, 0.000000, 0.000000, -55.000000, -90.000000, 1.000000, 0.581940, -52.500000, 0.000000, 6.000000
68316918, 0.000000, 0.000000, 0.000000, -55.000000, -90.000000, -15.750000, 0.575920, -52.500000, 0.000000, 0.000000
68527819, 0.000000, 0.000000, 0.000000, -55.000000, -90.000000, -27.750000, 0.577926, -52.500000, 0.000000, -12.000000
68730808, 0.000000, 0.000000, 0.000000, -57.000000, -90.000000, -20.850000, 0.578595, -49.500000, 0.000000, -6.000000
68933857, 0.000000, 0.000000, 0.000000, -57.000000, -90.000000, -20.850000, 0.575251, -49.500000, 0.000000, -6.000000
69136778, 0.000000, 0.000000, 0.000000, -57.000000, -90.000000, 1.000000, 0.576589, -49.500000, 0.000000, 0.000000
69339782, 0.000000, 0.000000, 0.000000, -58.000000, -90.000000, 1.000000, 0.579264, -48.000000, 0.000000, 6.000000
69542535, 0.000000, 0.000000, 0.000000, -58.000000, -90.000000, 1.000000, 0.577258, -48.000000, 0.000000, 12.000000
69754770, 0.000000, 0.000000, 0.000000, -57.000000, -90.000000, 1.000000, 0.519732, -49.500000, 0.000000, 6.000000
69966503, 0.000000, 0.000000, 0.000000, -56.000000, -90.000000, -15.300000, 0.449498, -51.000000, 0.000000, 0.000000
70169879, 0.000000, 0.000000, 0.000000, -56.000000, -90.000000, -21.299999, 0.457525, -51.000000, 0.000000, -6.000000
70372915, 0.000000, 0.000000, 0.000000, -57.000000, -90.000000, -20.850000, 0.454849, -49.500000, 0.000000, -6.000000
70575834, 0.000000, 0.000000, 0.000000, -58.000000, -90.000000, 1.000000, 0.470234, -48.000000, 0.000000, 0.000000
70778775, 0.000000, 0.000000, 0.000000, -58.000000, -90.000000, 1.000000, 0.492308, -48.000000, 0.000000, 0.000000
70991825, 0.000000, 0.000000, 0.000000, -58.000000, -90.000000, 1.000000, 0.501003, -48.000000, 0.000000, 0.000000
71192951, 0.000000, 0.000000, 0.000000, -55.000000, -90.000000, -21.750000, 0.500334, -52.500000, 0.000000, -6.000000
71404790, 0.000000, 0.000000, 0.000000, -55.000000, -90.000000, -21.750000, 0.507023, -52.500000, 0.000000, -6.000000
71605925, 0.000000, 0.000000, 0.000000, -55.000000, -90.000000, -21.750000, 0.524415, -52.500000, 0.000000, -6.000000
71806834, 0.000000, 0.000000, 0.000000, -56.000000, -90.000000, -21.299999, 0.526421, -51.000000, 0.000000, -6.000000
72018902, 0.000000, 0.000000, 0.000000, -56.000000, -90.000000, -21.299999, 0.525753, -51.000000, 0.000000, -6.000000
72219887, 0.000000, 0.000000, 0.000000, -55.000000, -90.000000, -15.750000, 0.530435, -52.500000, 0.000000, 0.000000
72430737, 0.000000, 0.000000, 0.000000, -57.000000, -90.000000, 1.000000, 0.527759, -49.500000, 0.000000, 12.000000
72632820, 0.000000, 0.000000, 0.000000, -55.000000, -90.000000, -15.750000, 0.527759, -52.500000, 0.000000, 0.000000
72833797, 0.000000, 0.000000, 0.000000, -55.000000, -90.000000, -15.750000, 0.530435, -52.500000, 0.000000, 0.000000
73045923, 0.000000, 0.000000, 0.000000, -56.000000, -90.000000, -21.299999, 0.525084, -51.000000, 0.000000, -6.000000
73257813, 0.000000, 0.000000, 0.000000, -58.000000, -90.000000, 1.000000, 0.527090, -48.000000, 0.000000, 12.000000
73458837, 0.000000, 0.000000, 0.000000, -57.000000, -90.000000, 1.000000, 0.523746, -49.500000, 0.000000, 6.000000
73661767, 0.000000, 0.000000, 0.000000, -57.000000, -90.000000, 1.000000, 0.517057, -49.500000, 0.000000, 6.000000
73864780, 0.000000, 0.000000, 0.000000, -56.000000, -90.000000, -15.300000, 0.535786, -51.000000, 0.000000, 0.000000
74075882, 0.000000, 0.000000, 0.000000, -56.000000, -90.000000, -21.299999, 0.513712, -51.000000, 0.000000, -6.000000
74277777, 0.000000, 0.000000, 0.000000, -58.000000, -90.000000, 1.000000, 0.513712, -48.000000, 0.000000, 0.000000
74478706, 0.000000, 0.000000, 0.000000, -58.000000, -90.000000, 1.000000, 0.521070, -48.000000, 0.000000, 0.000000
74680947, 0.000000, 0.000000, 0.000000, -58.000000, -90.000000, 1.000000, 0.519732, -48.000000, 0.000000, 0.000000
74891876, 0.000000, 0.000000, 0.000000, -58.000000, -90.000000, 1.000000, 0.517726, -48.000000, 0.000000, 0.000000
75093897, 0.000000, 0.000000, 0.000000, -58.000000, -90.000000, 1.000000, 0.520401, -48.000000, 0.000000, 0.000000
75294815, 0.000000, 0.000000, 0.000000, -58.000000, -90.000000, 1.000000, 0.519732, -48.000000, 0.000000, 0.000000
75496897, 0.000000, 0.000000, 0.000000, -58.000000, -90.000000, 1.000000, 0.520401, -48.000000, 0.000000, 0.000000
75697852, 0.000000, 0.000000, 0.000000, -58.000000, -90.000000, 1.000000, 0.517726, -48.000000, 0.000000, 0.000000
75900888, 0.000000, 0.000000, 0.000000, -58.000000, -90.000000, 1.000000, 0.516388, -48.000000, 0.000000, 0.000000
76113886, 0.000000, 0.000000, 0.000000, -58.000000, -35.000000, 366.432007, 0.502341, 34.500000, 1.932000, 330.000000
76314841, 0.000000, 0.000000, 0.000000, -57.000000, -90.000000, -20.850000, 0.469565, -49.500000, 0.000000, -6.000000
76516914, 0.000000, 0.000000, 0.000000, -58.000000, -90.000000, 1.000000, 0.461538, -48.000000, 0.000000, 6.000000
76727782, 0.000000, 0.000000, 0.000000, -57.000000, -90.000000, 1.000000, 0.459532, -49.500000, 0.000000, 6.000000
76930818, 0.000000, 0.000000, 0.000000, -57.000000, -90.000000, 1.000000, 0.465552, -49.500000, 0.000000, 6.000000
77133791, 0.000000, 0.000000, 0.000000, -57.000000, -90.000000, 1.000000, 1.086957, -49.500000, 0.000000, 6.000000
77344881, 0.000000, 0.000000, 0.000000, -58.000000, -90.000000, 1.000000, 0.458194, -48.000000, 0.000000, 6.000000
77545527, 0.000000, 0.000000, 0.000000, -56.000000, -90.000000, 1.000000, 0.459532, -51.000000, 0.000000, 6.000000
77757806, 0.000000, 0.000000, 0.000000, -56.000000, -90.000000, -15.300000, 0.466221, -51.000000, 0.000000, 0.000000
77958818, 0.000000, 0.000000, 0.000000, -58.000000, -90.000000, 1.000000, 0.459532, -48.000000, 0.000000, 0.000000
78161767, 0.000000, 0.000000, 0.000000, -58.000000, -90.000000, 1.000000, 0.459532, -48.000000, 0.000000, 0.000000
78363762, 0.000000, 0.000000, 0.000000, -58.000000, -90.000000, 1.000000, 0.459532, -48.000000, 0.000000, 0.000000
78564770, 0.000000, 0.000000, 0.000000, -58.000000, -90.000000, 1.000000, 0.463545, -48.000000, 0.000000, 0.000000
78767754, 0.000000, 0.000000, 0.000000, -58.000000, -90.000000, 1.000000, 0.464214, -48.000000, 0.000000, 0.000000
78969526, 0.000000, 0.000000, 0.000000, -58.000000, -90.000000, 1.000000, 0.468227, -48.000000, 0.000000, 0.000000
79180782, 0.000000, 0.000000, 0.000000, -58.000000, -90.000000, 1.000000, 0.468896, -48.000000, 0.000000, 0.000000
79382777, 0.000000, 0.000000, 0.000000, -58.000000, -90.000000, 1.000000, 0.470234, -48.000000, 0.000000, 0.000000
79583812, 0.000000, 0.000000, 0.000000, -58.000000, -90.000000, 1.000000, 0.468227, -48.000000, 0.000000, 0.000000
79785784, 0.000000, 0.000000, 0.000000, -58.000000, -90.000000, 1.000000, 0.468227, -48.000000, 0.000000, 0.000000
79986837, 0.000000, 0.000000, 0.000000, -58.000000, -90.000000, 1.000000, 0.467559, -48.000000, 0.000000, 0.000000
80189774, 0.000000, 0.000000, 0.000000, -58.000000, -90.000000, 1.000000, 0.468896, -48.000000, 0.000000, 0.000000
80391875, 0.000000, 0.000000, 0.000000, -58.000000, -90.000000, 1.000000, 0.469565, -48.000000, 0.000000, 0.000000
80592527, 0.000000, 0.000000, 0.000000, -58.000000, -90.000000, 1.000000, 0.468227, -48.000000, 0.000000, 0.000000
80804776, 0.000000, 0.000000, 0.000000, -58.000000, -90.000000, 1.000000, 0.468227, -48.000000, 0.000000, 0.000000
81005796, 0.000000, 0.000000, 0.000000, -58.000000, -90.000000, 1.000000, 0.470903, -48.000000, 0.000000, 0.000000
81208848, 0.000000, 0.000000, 0.000000, -58.000000, -90.000000, 1.000000, 0.471572, -48.000000, 0.000000, 0.000000
81410832, 0.000000, 0.000000, 0.000000, -58.000000, -90.000000, 1.000000, 0.470234, -48.000000, 0.000000, 0.000000
81611775, 0.000000, 0.000000, 0.000000, -58.000000, -90.000000, 1.000000, 0.471572, -48.000000, 0.000000, 0.000000
81813778, 0.000000, 0.000000, 0.000000, -58.000000, -90.000000, 1.000000, 0.466890, -48.000000, 0.000000, 0.000000
82014778, 0.000000, 0.000000, 0.000000, -58.000000, -90.000000, 1.000000, 0.463545, -48.000000, 0.000000, 0.000000
82217535, 0.000000, 0.000000, 0.000000, -58.000000, -90.000000, 1.000000, 0.551171, -48.000000, 0.000000, 0.000000
82419527, 0.000000, 0.000000, 0.000000, -58.000000, -90.000000, 1.000000, 0.549833, -48.000000, 0.000000, 0.000000
82630790, 0.000000, 0.000000, 0.000000, -58.000000, -90.000000, 1.000000, 0.550502, -48.000000, 0.000000, 0.000000
82832778, 0.000000, 0.000000, 0.000000, -58.000000, -90.000000, 1.000000, 0.552508, -48.000000, 0.000000, 0.000000
83033820, 0.000000, 0.000000, 0.000000, -58.000000, -90.000000, 1.000000, 0.545819, -48.000000, 0.000000, 0.000000
83236769, 0.000000, 0.000000, 0.000000, -58.000000, -90.000000, 1.000000, 0.545819, -48.000000, 0.000000, 0.000000
83438827, 0.000000, 0.000000, 0.000000, -58.000000, -90.000000, 1.000000, 0.546488, -48.000000, 0.000000, 0.000000
83639772, 0.000000, 0.000000, 0.000000, -58.000000, -90.000000, 1.000000, 0.545151, -48.000000, 0.000000, 0.000000
83841885, 0.000000, 0.000000, 0.000000, -58.000000, -90.000000, 1.000000, 0.553846, -48.000000, 0.000000, 0.000000
84042526, 0.000000, 0.000000, 0.000000, -58.000000, -90.000000, 1.000000, 0.608027, -48.000000, 0.000000, 0.000000
84254784, 0.000000, 0.000000, 0.000000, -58.000000, -90.000000, 1.000000, 0.644816, -48.000000, 0.000000, 0.000000
84455818, 0.000000, 0.000000, 0.000000, -58.000000, -90.000000, 1.000000, 0.641472, -48.000000, 0.000000, 0.000000
84658802, 0.000000, 0.000000, 0.000000, -58.000000, -90.000000, 1.000000, 0.642809, -48.000000, 0.000000, 0.000000
84860797, 0.000000, 0.000000, 0.000000, -58.000000, -90.000000, 1.000000, 0.644816, -48.000000, 0.000000, 0.000000
85061815, 0.000000, 0.000000, 0.000000, -58.000000, -90.000000, 1.000000, 0.642809, -48.000000, 0.000000, 0.000000
85263811, 0.000000, 0.000000, 0.000000, -58.000000, -90.000000, 1.000000, 0.637458, -48.000000, 0.000000, 0.000000
85464830, 0.000000, 0.000000, 0.000000, -58.000000, -90.000000, 1.000000, 0.533779, -48.000000, 0.000000, 0.000000
85667535, 0.000000, 0.000000, 0.000000, -58.000000, -90.000000, 1.000000, 0.418060, -48.000000, 0.000000, 0.000000
85869526, 0.000000, 0.000000, 0.000000, -58.000000, -90.000000, 1.000000, 0.420736, -48.000000, 0.000000, 0.000000
86080759, 0.000000, 0.000000, 0.000000, -58.000000, -90.000000, 1.000000, 0.448161, -48.000000, 0.000000, 0.000000
86282834, 0.000000, 0.000000, 0.000000, -58.000000, -90.000000, 1.000000, 0.438127, -48.000000, 0.000000, 0.000000
86483789, 0.000000, 0.000000, 0.000000, -58.000000, -90.000000, 1.000000, 0.444816, -48.000000, 0.000000, 0.000000
86686825, 0.000000, 0.000000, 0.000000, -58.000000, -90.000000, 1.000000, 0.314381, -48.000000, 0.000000, 0.000000
86888820, 0.000000, 0.000000, 0.000000, -58.000000, -90.000000, 1.000000, 0.000000, -48.000000, 0.000000, 0.000000
87089840, 0.000000, 0.000000, 0.000000, -58.000000, -90.000000, 1.000000, 0.000000, -48.000000, 0.000000, 0.000000
87291854, 0.000000, 0.000000, 0.000000, -58.000000, -90.000000, 1.000000, 0.000000, -48.000000, 0.000000, 0.000000
87492527, 0.000000, 0.000000, 0.000000, -58.000000, -90.000000, 1.000000, 0.000000, -48.000000, 0.000000, 0.000000
87704750, 0.000000, 0.000000, 0.000000, -58.000000, -90.000000, 1.000000, 0.000000, -48.000000, 0.000000, 0.000000
87905835, 0.000000, 0.000000, 0.000000, -58.000000, -90.000000, 1.000000, 0.000000, -48.000000, 0.000000, 0.000000
88108784, 0.000000, 0.000000, 0.000000, -58.000000, -90.000000, 1.000000, 0.000000, -48.000000, 0.000000, 0.000000
88310866, 0.000000, 0.000000, 0.000000, -58.000000, -90.000000, 1.000000, 0.000000, -48.000000, 0.000000, 0.000000
88511805, 0.000000, 0.000000, 0.000000, -58.000000, -90.000000, 1.000000, 0.000000, -48.000000, 0.000000, 0.000000
88713800, 0.000000, 0.000000, 0.000000, -58.000000, -90.000000, 1.000000, 0.000000, -48.000000, 0.000000, 0.000000
88914820, 0.000000, 0.000000, 0.000000, -58.000000, -90.000000, 1.000000, 0.000000, -48.000000, 0.000000, 0.000000
89117535, 0.000000, 0.000000, 0.000000, -58.000000, -90.000000, 1.000000, 0.000000, -48.000000, 0.000000, 0.000000
89319527, 0.000000, 0.000000, 0.000000, -58.000000, -90.000000, 1.000000, 0.000000, -48.000000, 0.000000, 0.000000
89530800, 0.000000, 0.000000, 0.000000, -58.000000, -90.000000, 1.000000, 0.000000, -48.000000, 0.000000, 0.000000
89732812, 0.000000, 0.000000, 0.000000, -58.000000, -90.000000, 1.000000, 0.000000, -48.000000, 0.000000, 0.000000
89933838, 0.000000, 0.000000, 0.000000, -58.000000, -90.000000, 1.000000, 0.000000, -48.000000, 0.000000, 0.000000
90136803, 0.000000, 0.000000, 0.000000, -58.000000, -90.000000, 1.000000, 0.000000, -48.000000, 0.000000, 0.000000
90338782, 0.000000, 0.000000, 0.000000, -58.000000, -90.000000, 1.000000, 0.000000, -48.000000, 0.000000, 0.000000
90539802, 0.000000, 0.000000, 0.000000, -58.000000, -90.000000, 1.000000, 0.000000, -48.000000, 0.000000, 0.000000
90741903, 0.000000, 0.000000, 0.000000, -58.000000, -90.000000, 1.000000, 0.000000, -48.000000, 0.000000, 0.000000
90952720, 0.000000, 0.000000, 0.000000, -58.000000, -90.000000, 1.000000, 0.000000, -48.000000, 0.000000, 0.000000
91154723, 0.000000, 0.000000, 0.000000, -58.000000, -90.000000, 1.000000, 0.000000, -48.000000, 0.000000, 0.000000
91355808, 0.000000, 0.000000, 0.000000, -58.000000, -90.000000, 1.000000, 0.000000, -48.000000, 0.000000, 0.000000
91558844, 0.000000, 0.000000, 0.000000, -58.000000, -90.000000, 1.000000, 0.000000, -48.000000, 0.000000, 0.000000
91760839, 0.000000, 0.000000, 0.000000, -58.000000, -90.000000, 1.000000, 0.000000, -48.000000, 0.000000, 0.000000
91961778, 0.000000, 0.000000, 0.000000, -58.000000, -90.000000, 1.000000, 0.000000, -48.000000, 0.000000, 0.000000
92164814, 0.000000, 0.000000, 0.000000, -58.000000, -90.000000, 1.000000, 0.000000, -48.000000, 0.000000, 0.000000
92366891, 0.000000, 0.000000, 0.000000, -58.000000, -90.000000, 1.000000, 0.000000, -48.000000, 0.000000, 0.000000
92567527, 0.000000, 0.000000, 0.000000, -58.000000, -90.000000, 1.000000, 0.000000, -48.000000, 0.000000, 0.000000
92769529, 0.000000, 0.000000, 0.000000, -58.000000, -90.000000, 1.000000, 0.000000, -48.000000, 0.000000, 0.000000
92980782, 0.000000, 0.000000, 0.000000, -58.000000, -90.000000, 1.000000, 0.000000, -48.000000, 0.000000, 0.000000
93182786, 0.000000, 0.000000, 0.000000, -58.000000, -90.000000, 1.000000, 0.000000, -48.000000, 0.000000, 0.000000
93383811, 0.000000, 0.000000, 0.000000, -58.000000, -90.000000, 1.000000, 0.000000, -48.000000, 0.000000, 0.000000
93586847, 0.000000, 0.000000, 0.000000, -58.000000, -90.000000, 1.000000, 0.000000, -48.000000, 0.000000, 0.000000
93788843, 0.000000, 0.000000, 0.000000, -58.000000, -90.000000, 1.000000, 0.000000, -48.000000, 0.000000, 0.000000
93989862, 0.000000, 0.000000, 0.000000, -58.000000, -90.000000, 1.000000, 0.000000, -48.000000, 0.000000, 0.000000
94192740, 0.000000, 0.000000, 0.000000, -58.000000, -90.000000, 1.000000, 0.000000, -48.000000, 0.000000, 0.000000
94394768, 0.000000, 0.000000, 0.000000, -58.000000, -90.000000, 1.000000, 0.000000, -48.000000, 0.000000, 0.000000
94605756, 0.000000, 0.000000, 0.000000, -58.000000, -90.000000, 1.000000, 0.000000, -48.000000, 0.000000, 0.000000
94807751, 0.000000, 0.000000, 0.000000, -58.000000, -90.000000, 1.000000, 0.000000, -48.000000, 0.000000, 0.000000
95008810, 0.000000, 0.000000, 0.000000, -58.000000, -90.000000, 1.000000, 0.000000, -48.000000, 0.000000, 0.000000
95210789, 0.000000, 0.000000, 0.000000, -58.000000, -90.000000, 1.000000, 0.000000, -48.000000, 0.000000, 0.000000
95411831, 0.000000, 0.000000, 0.000000, -58.000000, -90.000000, 1.000000, 0.000000, -48.000000, 0.000000, 0.000000
95614780, 0.000000, 0.000000, 0.000000, -58.000000, -90.000000, 1.000000, 0.000000, -48.000000, 0.000000, 0.000000
95816857, 0.000000, 0.000000, 0.000000, -58.000000, -90.000000, 1.000000, 0.000000, -48.000000, 0.000000, 0.000000
96017529, 0.000000, 0.000000, 0.000000, -58.000000, -90.000000, 1.000000, 0.000000, -48.000000, 0.000000, 0.000000
96229758, 0.000000, 0.000000, 0.000000, -58.000000, -90.000000, 1.000000, 0.000000, -48.000000, 0.000000, 0.000000
96430833, 0.000000, 0.000000, 0.000000, -58.000000, -90.000000, 1.000000, 0.000000, -48.000000, 0.000000, 0.000000
96633783, 0.000000, 0.000000, 0.000000, -58.000000, -90.000000, 1.000000, 0.000000, -48.000000, 0.000000, 0.000000
96835865, 0.000000, 0.000000, 0.000000, -58.000000, -90.000000, 1.000000, 0.000000, -48.000000, 0.000000, 0.000000
97036804, 0.000000, 0.000000, 0.000000, -58.000000, -90.000000, 1.000000, 0.000000, -48.000000, 0.000000, 0.000000
97238799, 0.000000, 0.000000, 0.000000, -58.000000, -90.000000, 1.000000, 0.000000, -48.000000, 0.000000, 0.000000
97439819, 0.000000, 0.000000, 0.000000, -58.000000, -90.000000, 1.000000, 0.000000, -48.000000, 0.000000, 0.000000
97642779, 0.000000, 0.000000, 0.000000, -58.000000, -90.000000, 1.000000, 0.000000, -48.000000, 0.000000, 0.000000
97844527, 0.000000, 0.000000, 0.000000, -58.000000, -90.000000, 1.000000, 0.000000, -48.000000, 0.000000, 0.000000
98055799, 0.000000, 0.000000, 0.000000, -58.000000, -90.000000, 1.000000, 0.000000, -48.000000, 0.000000, 0.000000
98257811, 0.000000, 0.000000, 0.000000, -58.000000, -90.000000, 1.000000, 0.000000, -48.000000, 0.000000, 0.000000
98458853, 0.000000, 0.000000, 0.000000, -58.000000, -90.000000, 1.000000, 0.000000, -48.000000, 0.000000, 0.000000
98660832, 0.000000, 0.000000, 0.000000, -58.000000, -90.000000, 1.000000, 0.000000, -48.000000, 0.000000, 0.000000
98861852, 0.000000, 0.000000, 0.000000, -58.000000, -90.000000, 1.000000, 0.000000, -48.000000, 0.000000, 0.000000
99064823, 0.000000, 0.000000, 0.000000, -58.000000, -90.000000, 1.000000, 0.000000, -48.000000, 0.000000, 0.000000
99266902, 0.000000, 0.000000, 0.000000, -58.000000, -90.000000, 1.000000, 0.000000, -48.000000, 0.000000, 0.000000
99467527, 0.000000, 0.000000, 0.000000, -58.000000, -90.000000, 1.000000, 0.000000, -48.000000, 0.000000, 0.000000
99679714, 0.000000, 0.000000, 0.000000, -58.000000, -90.000000, 1.000000, 0.000000, -48.000000, 0.000000, 0.000000
99880792, 0.000000, 0.000000, 0.000000, -58.000000, -90.000000, 1.000000, 0.000000, -48.000000, 0.000000, 0.000000
100083835, 0.000000, 0.000000, 0.000000, -58.000000, -90.000000, 1.000000, 0.000000, -48.000000, 0.000000, 0.000000
100285830, 0.000000, 0.000000, 0.000000, -58.000000, -90.000000, 1.000000, 0.000000, -48.000000, 0.000000, 0.000000
100486856, 0.000000, 0.000000, 0.000000, -58.000000, -90.000000, 1.000000, 0.000000, -48.000000, 0.000000, 0.000000
100688851, 0.000000, 0.000000, 0.000000, -58.000000, -90.000000, 1.000000, 0.000000, -48.000000, 0.000000, 0.000000
100889784, 0.000000, 0.000000, 0.000000, -58.000000, -90.000000, 1.000000, 0.000000, -48.000000, 0.000000, 0.000000
101092535, 0.000000, 0.000000, 0.000000, -58.000000, -90.000000, 1.000000, 0.000000, -48.000000, 0.000000, 0.000000
101294526, 0.000000, 0.000000, 0.000000, -58.000000, -90.000000, 1.000000, 0.000000, -48.000000, 0.000000, 0.000000
101505765, 0.000000, 0.000000, 0.000000, -58.000000, -90.000000, 1.000000, 0.000000, -48.000000, 0.000000, 0.000000
101707867, 0.000000, 0.000000, 0.000000, -58.000000, -90.000000, 1.000000, 0.000000, -48.000000, 0.000000, 0.000000
101908822, 0.000000, 0.000000, 0.000000, -58.000000, -90.000000, 1.000000, 0.000000, -48.000000, 0.000000, 0.000000
102111857, 0.000000, 0.000000, 0.000000, -58.000000, -90.000000, 1.000000, 0.000000, -48.000000, 0.000000, 0.000000
102313837, 0.000000, 0.000000, 0.000000, -58.000000, -90.000000, 1.000000, 0.000000, -48.000000, 0.000000, 0.000000
102514857, 0.000000, 0.000000, 0.000000, -58.000000, -90.000000, 1.000000, 0.000000, -48.000000, 0.000000, 0.000000
102716871, 0.000000, 0.000000, 0.000000, -58.000000, -90.000000, 1.000000, 0.000000, -48.000000, 0.000000, 0.000000
102917528, 0.000000, 0.000000, 0.000000, -58.000000, -90.000000, 1.000000, 0.000000, -48.000000, 0.000000, 0.000000
103129767, 0.000000, 0.000000, 0.000000, -58.000000, -90.000000, 1.000000, 0.000000, -48.000000, 0.000000, 0.000000
103330852, 0.000000, 0.000000, 0.000000, -58.000000, -90.000000, 1.000000, 0.000000, -48.000000, 0.000000, 0.000000
103533801, 0.000000, 0.000000, 0.000000, -58.000000, -90.000000, 1.000000, 0.000000, -48.000000, 0.000000, 0.000000
103735796, 0.000000, 0.000000, 0.000000, -58.000000, -90.000000, 1.000000, 0.000000, -48.000000, 0.000000, 0.000000
103936822, 0.000000, 0.000000, 0.000000, -58.000000, -90.000000, 1.000000, 0.000000, -48.000000, 0.000000, 0.000000
104138817, 0.000000, 0.000000, 0.000000, -58.000000, -90.000000, 1.000000, 0.000000, -48.000000, 0.000000, 0.000000
104339837, 0.000000, 0.000000, 0.000000, -58.000000, -90.000000, 1.000000, 0.000000, -48.000000, 0.000000, 0.000000
104542535, 0.000000, 0.000000, 0.000000, -58.000000, -90.000000, 1.000000, 0.000000, -48.000000, 0.000000, 0.000000
104744527, 0.000000, 0.000000, 0.000000, -58.000000, -90.000000, 1.000000, 0.000000, -48.000000, 0.000000, 0.000000
104955730, 0.000000, 0.000000, 0.000000, -58.000000, -90.000000, 1.000000, 0.000000, -48.000000, 0.000000, 0.000000
105157829, 0.000000, 0.000000, 0.000000, -58.000000, -90.000000, 1.000000, 0.000000, -48.000000, 0.000000, 0.000000
105358784, 0.000000, 0.000000, 0.000000, -58.000000, -90.000000, 1.000000, 0.000000, -48.000000, 0.000000, 0.000000
105561820, 0.000000, 0.000000, 0.000000, -58.000000, -90.000000, 1.000000, 0.000000, -48.000000, 0.000000, 0.000000
105763799, 0.000000, 0.000000, 0.000000, -58.000000, -90.000000, 1.000000, 0.000000, -48.000000, 0.000000, 0.000000
105964819, 0.000000, 0.000000, 0.000000, -58.000000, -90.000000, 1.000000, 0.000000, -48.000000, 0.000000, 0.000000
106166920, 0.000000, 0.000000, 0.000000, -58.000000, -90.000000, 1.000000, 0.000000, -48.000000, 0.000000, 0.000000
106377737, 0.000000, 0.000000, 0.000000, -58.000000, -90.000000, 1.000000, 0.000000, -48.000000, 0.000000, 0.000000
106579725, 0.000000, 0.000000, 0.000000, -58.000000, -90.000000, 1.000000, 0.000000, -48.000000, 0.000000, 0.000000
106780815, 0.000000, 0.000000, 0.000000, -58.000000, -90.000000, 1.000000, 0.000000, -48.000000, 0.000000, 0.000000
106983846, 0.000000, 0.000000, 0.000000, -58.000000, -90.000000, 1.000000, 0.000000, -48.000000, 0.000000, 0.000000
107185841, 0.000000, 0.000000, 0.000000, -58.000000, -90.000000, 1.000000, 0.000000, -48.000000, 0.000000, 0.000000
107386780, 0.000000, 0.000000, 0.000000, -58.000000, -90.000000, 1.000000, 0.000000, -48.000000, 0.000000, 0.000000
107589816, 0.000000, 0.000000, 0.000000, -58.000000, -90.000000, 1.000000, 0.000000, -48.000000, 0.000000, 0.000000
107791894, 0.000000, 0.000000, 0.000000, -58.000000, -90.000000, 1.000000, 0.000000, -48.000000, 0.000000, 0.000000
107992527, 0.000000, 0.000000, 0.000000, -58.000000, -90.000000, 1.000000, 0.000000, -48.000000, 0.000000, 0.000000
108194527, 0.000000, 0.000000, 0.000000, -58.000000, -90.000000, 1.000000, 0.000000, -48.000000, 0.000000, 0.000000
108405781, 0.000000, 0.000000, 0.000000, -58.000000, -90.000000, 1.000000, 0.000000, -48.000000, 0.000000, 0.000000
108607788, 0.000000, 0.000000, 0.000000, -58.000000, -90.000000, 1.000000, 0.000000, -48.000000, 0.000000, 0.000000
108808814, 0.000000, 0.000000, 0.000000, -58.000000, -90.000000, 1.000000, 0.000000, -48.000000, 0.000000, 0.000000
109011850, 0.000000, 0.000000, 0.000000, -58.000000, -90.000000, 1.000000, 0.000000, -48.000000, 0.000000, 0.000000
109213845, 0.000000, 0.000000, 0.000000, -58.000000, -90.000000, 1.000000, 0.000000, -48.000000, 0.000000, 0.000000
109414864, 0.000000, 0.000000, 0.000000, -58.000000, -90.000000, 1.000000, 0.000000, -48.000000, 0.000000, 0.000000
109617742, 0.000000, 0.000000, 0.000000, -58.000000, -90.000000, 1.000000, 0.000000, -48.000000, 0.000000, 0.000000
109819770, 0.000000, 0.000000, 0.000000, -58.000000, -90.000000, 1.000000, 0.000000, -48.000000, 0.000000, 0.000000
110030758, 0.000000, 0.000000, 0.000000, -58.000000, -90.000000, 1.000000, 0.000000, -48.000000, 0.000000, 0.000000
110232754, 0.000000, 0.000000, 0.000000, -58.000000, -90.000000, 1.000000, 0.000000, -48.000000, 0.000000, 0.000000
110433812, 0.000000, 0.000000, 0.000000, -58.000000, -90.000000, 1.000000, 0.000000, -48.000000, 0.000000, 0.000000
110635791, 0.000000, 0.000000, 0.000000, -58.000000, -90.000000, 1.000000, 0.000000, -48.000000, 0.000000, 0.000000
110836833, 0.000000, 0.000000, 0.000000, -58.000000, -90.000000, 1.000000, 0.000000, -48.000000, 0.000000, 0.000000
111039782, 0.000000, 0.000000, 0.000000, -58.000000, -90.000000, 1.000000, 0.000000, -48.000000, 0.000000, 0.000000
111241859, 0.000000, 0.000000, 0.000000, -58.000000, -90.000000, 1.000000, 0.000000, -48.000000, 0.000000, 0.000000
111442527, 0.000000, 0.000000, 0.000000, -58.000000, -90.000000, 1.000000, 0.000000, -48.000000, 0.000000, 0.000000
111654760, 0.000000, 0.000000, 0.000000, -58.000000, -90.000000, 1.000000, 0.000000, -48.000000, 0.000000, 0.000000
111855833, 0.000000, 0.000000, 0.000000, -58.000000, -90.000000, 1.000000, 0.000000, -48.000000, 0.000000, 0.000000
112058783, 0.000000, 0.000000, 0.000000, -58.000000, -90.000000, 1.000000, 0.000000, -48.000000, 0.000000, 0.000000
112260865, 0.000000, 0.000000, 0.000000, -58.000000, -90.000000, 1.000000, 0.000000, -48.000000, 0.000000, 0.000000
112461804, 0.000000, 0.000000, 0.000000, -58.000000, -90.000000, 1.000000, 0.000000, -48.000000, 0.000000, 0.000000
112663799, 0.000000, 0.000000, 0.000000, -58.000000, -90.000000, 1.000000, 0.000000, -48.000000, 0.000000, 0.000000
112864819, 0.000000, 0.000000, 0.000000, -58.000000, -90.000000, 1.000000, 0.000000, -48.000000, 0.000000, 0.000000
113067779, 0.000000, 0.000000, 0.000000, -58.000000, -90.000000, 1.000000, 0.000000, -48.000000, 0.000000, 0.000000
113269529, 0.000000, 0.000000, 0.000000, -58.000000, -90.000000, 1.000000, 0.000000, -48.000000, 0.000000, 0.000000
113480799, 0.000000, 0.000000, 0.000000, -58.000000, -90.000000, 1.000000, 0.000000, -48.000000, 0.000000, 0.000000
113682811, 0.000000, 0.000000, 0.000000, -58.000000, -90.000000, 1.000000, 0.000000, -48.000000, 0.000000, 0.000000
113883853, 0.000000, 0.000000, 0.000000, -58.000000, -90.000000, 1.000000, 0.000000, -48.000000, 0.000000, 0.000000
114085832, 0.000000, 0.000000, 0.000000, -58.000000, -90.000000, 1.000000, 0.000000, -48.000000, 0.000000, 0.000000
114286852, 0.000000, 0.000000, 0.000000, -58.000000, -90.000000, 1.000000, 0.000000, -48.000000, 0.000000, 0.000000
114489823, 0.000000, 0.000000, 0.000000, -58.000000, -90.000000, 1.000000, 0.000000, -48.000000, 0.000000, 0.000000
114691902, 0.000000, 0.000000, 0.000000, -58.000000, -90.000000, 1.000000, 0.000000, -48.000000, 0.000000, 0.000000
114892529, 0.000000, 0.000000, 0.000000, -58.000000, -90.000000, 1.000000, 0.000000, -48.000000, 0.000000, 0.000000
115104714, 0.000000, 0.000000, 0.000000, -58.000000, -90.000000, 1.000000, 0.000000, -48.000000, 0.000000, 0.000000
115305792, 0.000000, 0.000000, 0.000000, -58.000000, -90.000000, 1.000000, 0.000000, -48.000000, 0.000000, 0.000000
115508835, 0.000000, 0.000000, 0.000000, -58.000000, -90.000000, 1.000000, 0.000000, -48.000000, 0.000000, 0.000000
115710830, 0.000000, 0.000000, 0.000000, -58.000000, -90.000000, 1.000000, 0.000000, -48.000000, 0.000000, 0.000000
115911856, 0.000000, 0.000000, 0.000000, -58.000000, -90.000000, 1.000000, 0.000000, -48.000000, 0.000000, 0.000000
116113851, 0.000000, 0.000000, 0.000000, -58.000000, -90.000000, 1.000000, 0.000000, -48.000000, 0.000000, 0.000000
116314784, 0.000000, 0.000000, 0.000000, -58.000000, -90.000000, 1.000000, 0.000000, -48.000000, 0.000000, 0.000000
116517537, 0.000000, 0.000000, 0.000000, -58.000000, -90.000000, 1.000000, 0.000000, -48.000000, 0.000000, 0.000000
116719527, 0.000000, 0.000000, 0.000000, -58.000000, -90.000000, 1.000000, 0.000000, -48.000000, 0.000000, 0.000000
116930765, 0.000000, 0.000000, 0.000000, -58.000000, -90.000000, 1.000000, 0.000000, -48.000000, 0.000000, 0.000000
117132867, 0.000000, 0.000000, 0.000000, -58.000000, -90.000000, 1.000000, 0.000000, -48.000000, 0.000000, 0.000000
117333822, 0.000000, 0.000000, 0.000000, -58.000000, -90.000000, 1.000000, 0.000000, -48.000000, 0.000000, 0.000000
117536857, 0.000000, 0.000000, 0.000000, -58.000000, -90.000000, 1.000000, 0.000000, -48.000000, 0.000000, 0.000000
117738837, 0.000000, 0.000000, 0.000000, -58.000000, -90.000000, 1.000000, 0.000000, -48.000000, 0.000000, 0.000000
117939857, 0.000000, 0.000000, 0.000000, -58.000000, -90.000000, 1.000000, 0.000000, -48.000000, 0.000000, 0.000000
118141871, 0.000000, 0.000000, 0.000000, -58.000000, -90.000000, 1.000000, 0.000000, -48.000000, 0.000000, 0.000000
118342527, 0.000000, 0.000000, 0.000000, -58.000000, -90.000000, 1.000000, 0.000000, -48.000000, 0.000000, 0.000000
118554767, 0.000000, 0.000000, 0.000000, -58.000000, -90.000000, 1.000000, 0.000000, -48.000000, 0.000000, 0.000000
118755852, 0.000000, 0.000000, 0.000000, -58.000000, -90.000000, 1.000000, 0.000000, -48.000000, 0.000000, 0.000000
118958801, 0.000000, 0.000000, 0.000000, -58.000000, -90.000000, 1.000000, 0.000000, -48.000000, 0.000000, 0.000000
119160796, 0.000000, 0.000000, 0.000000, -58.000000, -90.000000, 1.000000, 0.000000, -48.000000, 0.000000, 0.000000
119361822, 0.000000, 0.000000, 0.000000, -58.000000, -90.000000, 1.000000, 0.000000, -48.000000, 0.000000, 0.000000
119563817, 0.000000, 0.000000, 0.000000, -58.000000, -90.000000, 1.000000, 0.000000, -48.000000, 0.000000, 0.000000
119764837, 0.000000, 0.000000, 0.000000, -58.000000, -90.000000, 1.000000, 0.000000, -48.000000, 0.000000, 0.000000
119967535, 0.000000, 0.000000, 0.000000, -58.000000, -90.000000, 1.000000, 0.000000, -48.000000, 0.000000, 0.000000
120169527, 0.000000, 0.000000, 0.000000, -58.000000, -90.000000, 1.000000, 0.000000, -48.000000, 0.000000, 0.000000
120380730, 0.000000, 0.000000, 0.000000, -58.000000, -90.000000, 1.000000, 0.000000, -48.000000, 0.000000, 0.000000
120582829, 0.000000, 0.000000, 0.000000, -58.000000, -90.000000, 1.000000, 0.000000, -48.000000, 0.000000, 0.000000
120783871, 0.000000, 0.000000, 0.000000, -58.000000, -90.000000, 1.000000, 0.000000, -48.000000, 0.000000, 0.000000
120986820, 0.000000, 0.000000, 0.000000, -58.000000, -90.000000, 1.000000, 0.000000, -48.000000, 0.000000, 0.000000
121188799, 0.000000, 0.000000, 0.000000, -58.000000, -90.000000, 1.000000, 0.000000, -48.000000, 0.000000, 0.000000
121389819, 0.000000, 0.000000, 0.000000, -58.000000, -90.000000, 1.000000, 0.000000, -48.000000, 0.000000, 0.000000
121591920, 0.000000, 0.000000, 0.000000, -58.000000, -90.000000, 1.000000, 0.000000, -48.000000, 0.000000, 0.000000
121802737, 0.000000, 0.000000, 0.000000, -58.000000, -90.000000, 1.000000, 0.000000, -48.000000, 0.000000, 0.000000
122004723, 0.000000, 0.000000, 0.000000, -58.000000, -90.000000, 1.000000, 0.000000, -48.000000, 0.000000, 0.000000
122205808, 0.000000, 0.000000, 0.000000, -58.000000, -90.000000, 1.000000, 0.000000, -48.000000, 0.000000, 0.000000
122408844, 0.000000, 0.000000, 0.000000, -58.000000, -90.000000, 1.000000, 0.000000, -48.000000, 0.000000, 0.000000
122610839, 0.000000, 0.000000, 0.000000, -58.000000, -90.000000, 1.000000, 0.000000, -48.000000, 0.000000, 0.000000
122811778, 0.000000, 0.000000, 0.000000, -58.000000, -90.000000, 1.000000, 0.000000, -48.000000, 0.000000, 0.000000
123014814, 0.000000, 0.000000, 0.000000, -58.000000, -90.000000, 1.000000, 0.000000, -48.000000, 0.000000, 0.000000
123216892, 0.000000, 0.000000, 0.000000, -58.000000, -90.000000, 1.000000, 0.000000, -48.000000, 0.000000, 0.000000
123417527, 0.000000, 0.000000, 0.000000, -58.000000, -90.000000, 1.000000, 0.000000, -48.000000, 0.000000, 0.000000
123619526, 0.000000, 0.000000, 0.000000, -58.000000, -90.000000, 1.000000, 0.000000, -48.000000, 0.000000, 0.000000
123830781, 0.000000, 0.000000, 0.000000, -58.000000, -90.000000, 1.000000, 0.000000, -48.000000, 0.000000, 0.000000
124032786, 0.000000, 0.000000, 0.000000, -58.000000, -90.000000, 1.000000, 0.000000, -48.000000, 0.000000, 0.000000
124233812, 0.000000, 0.000000, 0.000000, -58.000000, -90.000000, 1.000000, 0.000000, -48.000000, 0.000000, 0.000000
124436847, 0.000000, 0.000000, 0.000000, -58.000000, -90.000000, 1.000000, 0.000000, -48.000000, 0.000000, 0.000000
124638843, 0.000000, 0.000000, 0.000000, -58.000000, -90.000000, 1.000000, 0.000000, -48.000000, 0.000000, 0.000000
124839862, 0.000000, 0.000000, 0.000000, -58.000000, -90.000000, 1.000000, 0.000000, -48.000000, 0.000000, 0.000000
125042740, 0.000000, 0.000000, 0.000000, -58.000000, -90.000000, 1.000000, 0.000000, -48.000000, 0.000000, 0.000000
125244768, 0.000000, 0.000000, 0.000000, -58.000000, -90.000000, 1.000000, 0.000000, -48.000000, 0.000000, 0.000000
125455756, 0.000000, 0.000000, 0.000000, -58.000000, -90.000000, 1.000000, 0.000000, -48.000000, 0.000000, 0.000000
125657751, 0.000000, 0.000000, 0.000000, -58.000000, -90.000000, 1.000000, 0.000000, -48.000000, 0.000000, 0.000000
125858810, 0.000000, 0.000000, 0.000000, -58.000000, -90.000000, 1.000000, 0.000000, -48.000000, 0.000000, 0.000000
126060789, 0.000000, 0.000000, 0.000000, -58.000000, -90.000000, 1.000000, 0.000000, -48.000000, 0.000000, 0.000000
126261831, 0.000000, 0.000000, 0.000000, -58.000000, -90.000000, 1.000000, 0.000000, -48.000000, 0.000000, 0.000000
126464780, 0.000000, 0.000000, 0.000000, -58.000000, -90.000000, 1.000000, 0.000000, -48.000000, 0.000000, 0.000000
126666857, 0.000000, 0.000000, 0.000000, -58.000000, -90.000000, 1.000000, 0.000000, -48.000000, 0.000000, 0.000000
126867526, 0.000000, 0.000000, 0.000000, -58.000000, -90.000000, 1.000000, 0.000000, -48.000000, 0.000000, 0.000000
127079758, 0.000000, 0.000000, 0.000000, -58.000000, -90.000000, 1.000000, 0.000000, -48.000000, 0.000000, 0.000000
127280833, 0.000000, 0.000000, 0.000000, -58.000000, -90.000000, 1.000000, 0.000000, -48.000000, 0.000000, 0.000000
127483783, 0.000000, 0.000000, 0.000000, -58.000000, -90.000000, 1.000000, 0.000000, -48.000000, 0.000000, 0.000000
127685865, 0.000000, 0.000000, 0.000000, -58.000000, -90.000000, 1.000000, 0.000000, -48.000000, 0.000000, 0.000000
127886804, 0.000000, 0.000000, 0.000000, -58.000000, -90.000000, 1.000000, 0.000000, -48.000000, 0.000000, 0.000000
128088799, 0.000000, 0.000000, 0.000000, -58.000000, -90.000000, 1.000000, 0.000000, -48.000000, 0.000000, 0.000000
128289819, 0.000000, 0.000000, 0.000000, -58.000000, -90.000000, 1.000000, 0.000000, -48.000000, 0.000000, 0.000000
128492779, 0.000000, 0.000000, 0.000000, -58.000000, -90.000000, 1.000000, 0.000000, -48.000000, 0.000000, 0.000000
128694527, 0.000000, 0.000000, 0.000000, -58.000000, -90.000000, 1.000000, 0.000000, -48.000000, 0.000000, 0.000000
128905799, 0.000000, 0.000000, 0.000000, -58.000000, -90.000000, 1.000000, 0.000000, -48.000000, 0.000000, 0.000000
129107811, 0.000000, 0.000000, 0.000000, -58.000000, -90.000000, 1.000000, 0.000000, -48.000000, 0.000000, 0.000000
129308853, 0.000000, 0.000000, 0.000000, -58.000000, -90.000000, 1.000000, 0.000000, -48.000000, 0.000000, 0.000000
129510832, 0.000000, 0.000000, 0.000000, -58.000000, -90.000000, 1.000000, 0.000000, -48.000000, 0.000000, 0.000000
129711852, 0.000000, 0.000000, 0.000000, -58.000000, -90.000000, 1.000000, 0.000000, -48.000000, 0.000000, 0.000000
129914823, 0.000000, 0.000000, 0.000000, -58.000000, -90.000000, 1.000000, 0.000000, -48.000000, 0.000000, 0.000000
130116902, 0.000000, 0.000000, 0.000000, -58.000000, -90.000000, 1.000000, 0.000000, -48.000000, 0.000000, 0.000000
130317527, 0.000000, 0.000000, 0.000000, -58.000000, -90.000000, 1.000000, 0.000000, -48.000000, 0.000000, 0.000000
130529714, 0.000000, 0.000000, 0.000000, -58.000000, -90.000000, 1.000000, 0.000000, -48.000000, 0.000000, 0.000000
130730792, 0.000000, 0.000000, 0.000000, -58.000000, -90.000000, 1.000000, 0.000000, -48.000000, 0.000000, 0.000000
130933835, 0.000000, 0.000000, 0.000000, -58.000000, -90.000000, 1.000000, 0.000000, -48.000000, 0.000000, 0.000000
131135830, 0.000000, 0.000000, 0.000000, -58.000000, -90.000000, 1.000000, 0.000000, -48.000000, 0.000000, 0.000000
131336856, 0.000000, 0.000000, 0.000000, -58.000000, -90.000000, 1.000000, 0.000000, -48.000000, 0.000000, 0.000000
131538851, 0.000000, 0.000000, 0.000000, -58.000000, -90.000000, 1.000000, 0.000000, -48.000000, 0.000000, 0.000000
131739784, 0.000000, 0.000000, 0.000000, -58.000000, -90.000000, 1.000000, 0.000000, -48.000000, 0.000000, 0.000000
131942535, 0.000000, 0.000000, 0.000000, -58.000000, -90.000000, 1.000000, 0.000000, -48.000000, 0.000000, 0.000000
132144529, 0.000000, 0.000000, 0.000000, -58.000000, -90.000000, 1.000000, 0.000000, -48.000000, 0.000000, 0.000000
132355765, 0.000000, 0.000000, 0.000000, -58.000000, -90.000000, 1.000000, 0.000000, -48.000000, 0.000000, 0.000000
132557867, 0.000000, 0.000000, 0.000000, -58.000000, -90.000000, 1.000000, 0.000000, -48.000000, 0.000000, 0.000000
132758822, 0.000000, 0.000000, 0.000000, -58.000000, -90.000000, 1.000000, 0.000000, -48.000000, 0.000000, 0.000000
132961857, 0.000000, 0.000000, 0.000000, -58.000000, -90.000000, 1.000000, 0.000000, -48.000000, 0.000000, 0.000000
133163837, 0.000000, 0.000000, 0.000000, -58.000000, -90.000000, 1.000000, 0.000000, -48.000000, 0.000000, 0.000000
133364857, 0.000000, 0.000000, 0.000000, -58.000000, -90.000000, 1.000000, 0.000000, -48.000000, 0.000000, 0.000000
133566871, 0.000000, 0.000000, 0.000000, -58.000000, -90.000000, 1.000000, 0.000000, -48.000000, 0.000000, 0.000000
133767530, 0.000000, 0.000000, 0.000000, -58.000000, -90.000000, 1.000000, 0.000000, -48.000000, 0.000000, 0.000000
133979767, 0.000000, 0.000000, 0.000000, -58.000000, -90.000000, 1.000000, 0.000000, -48.000000, 0.000000, 0.000000
134180852, 0.000000, 0.000000, 0.000000, -58.000000, -90.000000, 1.000000, 0.000000, -48.000000, 0.000000, 0.000000
134383801, 0.000000, 0.000000, 0.000000, -58.000000, -90.000000, 1.000000, 0.000000, -48.000000, 0.000000, 0.000000
134585796, 0.000000, 0.000000, 0.000000, -58.000000, -90.000000, 1.000000, 0.000000, -48.000000, 0.000000, 0.000000
134786822, 0.000000, 0.000000, 0.000000, -58.000000, -90.000000, 1.000000, 0.000000, -48.000000, 0.000000, 0.000000
134988817, 0.000000, 0.000000, 0.000000, -58.000000, -90.000000, 1.000000, 0.000000, -48.000000, 0.000000, 0.000000
135189837, 0.000000, 0.000000, 0.000000, -58.000000, -90.000000, 1.000000, 0.000000, -48.000000, 0.000000, 0.000000
135392537, 0.000000, 0.000000, 0.000000, -58.000000, -90.000000, 1.000000, 0.000000, -48.000000, 0.000000, 0.000000
135594527, 0.000000, 0.000000, 0.000000, -58.000000, -90.000000, 1.000000, 0.000000, -48.000000, 0.000000, 0.000000
135805730, 0.000000, 0.000000, 0.000000, -58.000000, -90.000000, 1.000000, 0.000000, -48.000000, 0.000000, 0.000000
136007829, 0.000000, 0.000000, 0.000000, -58.000000, -90.000000, 1.000000, 0.000000, -48.000000, 0.000000, 0.000000
136208784, 0.000000, 0.000000, 0.000000, -58.000000, -90.000000, 1.000000, 0.000000, -48.000000, 0.000000, 0.000000
136411820, 0.000000, 0.000000, 0.000000, -58.000000, -90.000000, 1.000000, 0.000000, -48.000000, 0.000000, 0.000000
136613799, 0.000000, 0.000000, 0.000000, -58.000000, -90.000000, 1.000000, 0.000000, -48.000000, 0.000000, 0.000000
136814819, 0.000000, 0.000000, 0.000000, -58.000000, -90.000000, 1.000000, 0.000000, -48.000000, 0.000000, 0.000000
137016920, 0.000000, 0.000000, 0.000000, -58.000000, -90.000000, 1.000000, 0.000000, -48.000000, 0.000000, 0.000000
137227737, 0.000000, 0.000000, 0.000000, -58.000000, -90.000000, 1.000000, 0.000000, -48.000000, 0.000000, 0.000000
137429724, 0.000000, 0.000000, 0.000000, -58.000000, -90.000000, 1.000000, 0.000000, -48.000000, 0.000000, 0.000000
137630808, 0.000000, 0.000000, 0.000000, -58.000000, -90.000000, 1.000000, 0.000000, -48.000000, 0.000000, 0.000000
137833844, 0.000000, 0.000000, 0.000000, -58.000000, -90.000000, 1.000000, 0.000000, -48.000000, 0.000000, 0.000000
138035840, 0.000000, 0.000000, 0.000000, -58.000000, -90.000000, 1.000000, 0.000000, -48.000000, 0.000000, 0.000000
138236779, 0.000000, 0.000000, 0.000000, -58.000000, -90.000000, 1.000000, 0.000000, -48.000000, 0.000000, 0.000000
138439815, 0.000000, 0.000000, 0.000000, -58.000000, -90.000000, 1.000000, 0.000000, -48.000000, 0.000000, 0.000000
138641892, 0.000000, 0.000000, 0.000000, -58.000000, -90.000000, 1.000000, 0.000000, -48.000000, 0.000000, 0.000000
138842527, 0.000000, 0.000000, 0.000000, -58.000000, -90.000000, 1.000000, 0.000000, -48.000000, 0.000000, 0.000000
139044527, 0.000000, 0.000000, 0.000000, -58.000000, -90.000000, 1.000000, 0.000000, -48.000000, 0.000000, 0.000000
139255781, 0.000000, 0.000000, 0.000000, -58.000000, -90.000000, 1.000000, 0.000000, -48.000000, 0.000000, 0.000000
139457786, 0.000000, 0.000000, 0.000000, -58.000000, -90.000000, 1.000000, 0.000000, -48.000000, 0.000000, 0.000000
139658812, 0.000000, 0.000000, 0.000000, -58.000000, -90.000000, 1.000000, 0.000000, -48.000000, 0.000000, 0.000000
139861848, 0.000000, 0.000000, 0.000000, -58.000000, -90.000000, 1.000000, 0.000000, -48.000000, 0.000000, 0.000000
140063843, 0.000000, 0.000000, 0.000000, -58.000000, -90.000000, 1.000000, 0.000000, -48.000000, 0.000000, 0.000000
140264863, 0.000000, 0.000000, 0.000000, -58.000000, -90.000000, 1.000000, 0.000000, -48.000000, 0.000000, 0.000000
140467740, 0.000000, 0.000000, 0.000000, -58.000000, -90.000000, 1.000000, 0.000000, -48.000000, 0.000000, 0.000000
140669768, 0.000000, 0.000000, 0.000000, -58.000000, -90.000000, 1.000000, 0.000000, -48.000000, 0.000000, 0.000000
140880756, 0.000000, 0.000000, 0.000000, -58.000000, -90.000000, 1.000000, 0.000000, -48.000000, 0.000000, 0.000000
141082752, 0.000000, 0.000000, 0.000000, -58.000000, -90.000000, 1.000000, 0.000000, -48.000000, 0.000000, 0.000000
141283810, 0.000000, 0.000000, 0.000000, -58.000000, -90.000000, 1.000000, 0.000000, -48.000000, 0.000000, 0.000000
141485790, 0.000000, 0.000000, 0.000000, -58.000000, -90.000000, 1.000000, 0.000000, -48.000000, 0.000000, 0.000000
141686831, 0.000000, 0.000000, 0.000000, -58.000000, -90.000000, 1.000000, 0.000000, -48.000000, 0.000000, 0.000000
141889780, 0.000000, 0.000000, 0.000000, -58.000000, -90.000000, 1.000000, 0.000000, -48.000000, 0.000000, 0.000000
142091858, 0.000000, 0.000000, 0.000000, -58.000000, -90.000000, 1.000000, 0.000000, -48.000000, 0.000000, 0.000000
142292527, 0.000000, 0.000000, 0.000000, -58.000000, -90.000000, 1.000000, 0.000000, -48.000000, 0.000000, 0.000000
142504758, 0.000000, 0.000000, 0.000000, -58.000000, -90.000000, 1.000000, 0.000000, -48.000000, 0.000000, 0.000000
142705833, 0.000000, 0.000000, 0.000000, -58.000000, -90.000000, 1.000000, 0.000000, -48.000000, 0.000000, 0.000000
142908783, 0.000000, 0.000000, 0.000000, -58.000000, -90.000000, 1.000000, 0.000000, -48.000000, 0.000000, 0.000000
143110865, 0.000000, 0.000000, 0.000000, -58.000000, -90.000000, 1.000000, 0.000000, -48.000000, 0.000000, 0.000000
143311804, 0.000000, 0.000000, 0.000000, -58.000000, -90.000000, 1.000000, 0.000000, -48.000000, 0.000000, 0.000000
143513799, 0.000000, 0.000000, 0.000000, -58.000000, -90.000000, 1.000000, 0.000000, -48.000000, 0.000000, 0.000000
143714819, 0.000000, 0.000000, 0.000000, -58.000000, -90.000000, 1.000000, 0.000000, -48.000000, 0.000000, 0.000000
143917779, 0.000000, 0.000000, 0.000000, -58.000000, -90.000000, 1.000000, 0.000000, -48.000000, 0.000000, 0.000000
144119527, 0.000000, 0.000000, 0.000000, -58.000000, -90.000000, 1.000000, 0.000000, -48.000000, 0.000000, 0.000000
144330799, 0.000000, 0.000000, 0.000000, -58.000000, -90.000000, 1.000000, 0.000000, -48.000000, 0.000000, 0.000000
144532811, 0.000000, 0.000000, 0.000000, -58.000000, -90.000000, 1.000000, 0.000000, -48.000000, 0.000000, 0.000000
144733853, 0.000000, 0.000000, 0.000000, -58.000000, -90.000000, 1.000000, 0.000000, -48.000000, 0.000000, 0.000000
144935832, 0.000000, 0.000000, 0.000000, -58.000000, -90.000000, 1.000000, 0.000000, -48.000000, 0.000000, 0.000000
145136852, 0.000000, 0.000000, 0.000000, -58.000000, -90.000000, 1.000000, 0.000000, -48.000000, 0.000000, 0.000000
145339823, 0.000000, 0.000000, 0.000000, -58.000000, -90.000000, 1.000000, 0.000000, -48.000000, 0.000000, 0.000000
145541902, 0.000000, 0.000000, 0.000000, -58.000000, -90.000000, 1.000000, 0.000000, -48.000000, 0.000000, 0.000000
145742527, 0.000000, 0.000000, 0.000000, -58.000000, -90.000000, 1.000000, 0.000000, -48.000000, 0.000000, 0.000000
145954714, 0.000000, 0.000000, 0.000000, -58.000000, -90.000000, 1.000000, 0.000000, -48.000000, 0.000000, 0.000000
146155792, 0.000000, 0.000000, 0.000000, -58.000000, -90.000000, 1.000000, 0.000000, -48.000000, 0.000000, 0.000000
146358835, 0.000000, 0.000000, 0.000000, -58.000000, -90.000000, 1.000000, 0.000000, -48.000000, 0.000000, 0.000000
146560830, 0.000000, 0.000000, 0.000000, -58.000000, -90.000000, 1.000000, 0.000000, -48.000000, 0.000000, 0.000000
146761856, 0.000000, 0.000000, 0.000000, -58.000000, -90.000000, 1.000000, 0.000000, -48.000000, 0.000000, 0.000000
146963851, 0.000000, 0.000000, 0.000000, -58.000000, -90.000000, 1.000000, 0.000000, -48.000000, 0.000000, 0.000000
147164784, 0.000000, 0.000000, 0.000000, -58.000000, -90.000000, 1.000000, 0.000000, -48.000000, 0.000000, 0.000000
147367535, 0.000000, 0.000000, 0.000000, -58.000000, -90.000000, 1.000000, 0.000000, -48.000000, 0.000000, 0.000000
147569527, 0.000000, 0.000000, 0.000000, -58.000000, -90.000000, 1.000000, 0.000000, -48.000000, 0.000000, 0.000000
147780765, 0.000000, 0.000000, 0.000000, -58.000000, -90.000000, 1.000000, 0.000000, -48.000000, 0.000000, 0.000000
147982867, 0.000000, 0.000000, 0.000000, -58.000000, -90.000000, 1.000000, 0.000000, -48.000000, 0.000000, 0.000000
148183822, 0.000000, 0.000000, 0.000000, -58.000000, -90.000000, 1.000000, 0.000000, -48.000000, 0.000000, 0.000000
148386857, 0.000000, 0.000000, 0.000000, -58.000000, -90.000000, 1.000000, 0.000000, -48.000000, 0.000000, 0.000000
148588837, 0.000000, 0.000000, 0.000000, -58.000000, -90.000000, 1.000000, 0.000000, -48.000000, 0.000000, 0.000000
148789857, 0.000000, 0.000000, 0.000000, -58.000000, -90.000000, 1.000000, 0.000000, -48.000000, 0.000000, 0.000000
148991871, 0.000000, 0.000000, 0.000000, -58.000000, -90.000000, 1.000000, 0.000000, -48.000000, 0.000000, 0.000000
149192527, 0.000000, 0.000000, 0.000000, -58.000000, -90.000000, 1.000000, 0.000000, -48.000000, 0.000000, 0.000000
149404767, 0.000000, 0.000000, 0.000000, -58.000000, -90.000000, 1.000000, 0.000000, -48.000000, 0.000000, 0.000000
149605852, 0.000000, 0.000000, 0.000000, -58.000000, -90.000000, 1.000000, 0.000000, -48.000000, 0.000000, 0.000000
149808801, 0.000000, 0.000000, 0.000000, -58.000000, -90.000000, 1.000000, 0.000000, -48.000000, 0.000000, 0.000000
150010796, 0.000000, 0.000000, 0.000000, -58.000000, -90.000000, 1.000000, 0.000000, -48.000000, 0.000000, 0.000000
150211822, 0.000000, 0.000000, 0.000000, -58.000000, -90.000000, 1.000000, 0.000000, -48.000000, 0.000000, 0.000000
150413817, 0.000000, 0.000000, 0.000000, -58.000000, -90.000000, 1.000000, 0.000000, -48.000000, 0.000000, 0.000000
150614837, 0.000000, 0.000000, 0.000000, -58.000000, -90.000000, 1.000000, 0.000000, -48.000000, 0.000000, 0.000000
150817535, 0.000000, 0.000000, 0.000000, -58.000000, -90.000000, 1.000000, 0.000000, -48.000000, 0.000000, 0.000000
151019529, 0.000000, 0.000000, 0.000000, -58.000000, -90.000000, 1.000000, 0.000000, -48.000000, 0.000000, 0.000000
151230730, 0.000000, 0.000000, 0.000000, -58.000000, -90.000000, 1.000000, 0.000000, -48.000000, 0.000000, 0.000000
151432829, 0.000000, 0.000000, 0.000000, -58.000000, -90.000000, 1.000000, 0.000000, -48.000000, 0.000000, 0.000000
151633784, 0.000000, 0.000000, 0.000000, -58.000000, -90.000000, 1.000000, 0.000000, -48.000000, 0.000000, 0.000000
151836820, 0.000000, 0.000000, 0.000000, -58.000000, -90.000000, 1.000000, 0.000000, -48.000000, 0.000000, 0.000000
152038799, 0.000000, 0.000000, 0.000000, -58.000000, -90.000000, 1.000000, 0.000000, -48.000000, 0.000000, 0.000000
152239819, 0.000000, 0.000000, 0.000000, -58.000000, -90.000000, 1.000000, 0.000000, -48.000000, 0.000000, 0.000000
152441920, 0.000000, 0.000000, 0.000000, -58.000000, -90.000000, 1.000000, 0.000000, -48.000000, 0.000000, 0.000000
152652737, 0.000000, 0.000000, 0.000000, -58.000000, -90.000000, 1.000000, 0.000000, -48.000000, 0.000000, 0.000000
152854723, 0.000000, 0.000000, 0.000000, -58.000000, -90.000000, 1.000000, 0.000000, -48.000000, 0.000000, 0.000000
153055818, 0.000000, 0.000000, 0.000000, -58.000000, -90.000000, 1.000000, 0.428763, -48.000000, 0.000000, 0.000000
153258828, 0.000000, 0.000000, 0.000000, -58.000000, -90.000000, 1.000000, 0.430769, -48.000000, 0.000000, 0.000000
153460823, 0.000000, 0.000000, 0.000000, -58.000000, -90.000000, 1.000000, 0.430769, -48.000000, 0.000000, 0.000000
153661755, 0.000000, 0.000000, 0.000000, -58.000000, -90.000000, 1.000000, 0.412040, -48.000000, 0.000000, 0.000000
153864790, 0.000000, 0.000000, 0.000000, -58.000000, -90.000000, 1.000000, 0.378595, -48.000000, 0.000000, 0.000000
154066892, 0.000000, 0.000000, 0.000000, -58.000000, -90.000000, 1.000000, 0.260870, -48.000000, 0.000000, 0.000000
154267529, 0.000000, 0.000000, 0.000000, -58.000000, -90.000000, 1.000000, 0.270903, -48.000000, 0.000000, 0.000000
154469527, 0.000000, 0.000000, 0.000000, -58.000000, -90.000000, 1.000000, 0.280936, -48.000000, 0.000000, 0.000000
154680793, 0.000000, 0.000000, 0.000000, -58.000000, -90.000000, 1.000000, 0.385953, -48.000000, 0.000000, 0.000000
154882782, 0.000000, 0.000000, 0.000000, -58.000000, -90.000000, 1.000000, 0.415385, -48.000000, 0.000000, 0.000000
155083788, 0.000000, 0.000000, 0.000000, -58.000000, -90.000000, 1.000000, 0.418729, -48.000000, 0.000000, 0.000000
155286836, 0.000000, 0.000000, 0.000000, -58.000000, -90.000000, 1.000000, 0.426756, -48.000000, 0.000000, 0.000000
155488819, 0.000000, 0.000000, 0.000000, -58.000000, -90.000000, 1.000000, 0.403344, -48.000000, 0.000000, 0.000000
155689839, 0.000000, 0.000000, 0.000000, -58.000000, -90.000000, 1.000000, 0.327090, -48.000000, 0.000000, 0.000000
155892740, 0.000000, 0.000000, 0.000000, -58.000000, -90.000000, 1.000000, 0.326421, -48.000000, 0.000000, 0.000000
156094768, 0.000000, 0.000000, 0.000000, -58.000000, -90.000000, 1.000000, 0.320401, -48.000000, 0.000000, 0.000000
156305764, 0.000000, 0.000000, 0.000000, -58.000000, -90.000000, 1.000000, 0.335117, -48.000000, 0.000000, 0.000000
156507759, 0.000000, 0.000000, 0.000000, -58.000000, -90.000000, 1.000000, 0.404682, -48.000000, 0.000000, 0.000000
156708794, 0.000000, 0.000000, 0.000000, -58.000000, -90.000000, 1.000000, 0.442809, -48.000000, 0.000000, 0.000000
156910765, 0.000000, 0.000000, 0.000000, -58.000000, -90.000000, 1.000000, 0.438127, -48.000000, 0.000000, 0.000000
157111819, 0.000000, 0.000000, 0.000000, -58.000000, -90.000000, 1.000000, 0.438796, -48.000000, 0.000000, 0.000000
157314756, 0.000000, 0.000000, 0.000000, -58.000000, -90.000000, 1.000000, 0.436120, -48.000000, 0.000000, 0.000000
157516857, 0.000000, 0.000000, 0.000000, -58.000000, -90.000000, 1.000000, 0.458194, -48.000000, 0.000000, 0.000000
157717527, 0.000000, 0.000000, 0.000000, -58.000000, -90.000000, 1.000000, 0.459532, -48.000000, 0.000000, 0.000000
157929758, 0.000000, 0.000000, 0.000000, -58.000000, -90.000000, 1.000000, 0.448161, -48.000000, 0.000000, 0.000000
158130817, 0.000000, 0.000000, 0.000000, -58.000000, -90.000000, 1.000000, 0.445485, -48.000000, 0.000000, 0.000000
158333827, 0.000000, 0.000000, 0.000000, -58.000000, -90.000000, 1.000000, 0.446823, -48.000000, 0.000000, 0.000000
158535823, 0.000000, 0.000000, 0.000000, -58.000000, -90.000000, 1.000000, 0.445485, -48.000000, 0.000000, 0.000000
158736828, 0.000000, 0.000000, 0.000000, -58.000000, -90.000000, 1.000000, 0.436789, -48.000000, 0.000000, 0.000000
158938824, 0.000000, 0.000000, 0.000000, -58.000000, -90.000000, 1.000000, 0.424080, -48.000000, 0.000000, 0.000000
159139757, 0.000000, 0.000000, 0.000000, -58.000000, -90.000000, 1.000000, 0.424749, -48.000000, 0.000000, 0.000000
159342535, 0.000000, 0.000000, 0.000000, -58.000000, -90.000000, 1.000000, 0.422074, -48.000000, 0.000000, 0.000000
159544527, 0.000000, 0.000000, 0.000000, -58.000000, -90.000000, 1.000000, 0.427425, -48.000000, 0.000000, 0.000000
159755769, 0.000000, 0.000000, 0.000000, -58.000000, -90.000000, 1.000000, 0.476254, -48.000000, 0.000000, 0.000000
159957844, 0.000000, 0.000000, 0.000000, -58.000000, -90.000000, 1.000000, 0.474916, -48.000000, 0.000000, 0.000000
160158819, 0.000000, 0.000000, 0.000000, -58.000000, -90.000000, 1.000000, 0.284950, -48.000000, 0.000000, 0.000000
160361862, 0.000000, 0.000000, 0.000000, -58.000000, -90.000000, 1.000000, 0.098997, -48.000000, 0.000000, 0.000000
160563806, 0.000000, 0.000000, 0.000000, -58.000000, -90.000000, 1.000000, 0.161204, -48.000000, 0.000000, 0.000000
160764781, 0.000000, 0.000000, 0.000000, -58.000000, -90.000000, 1.000000, 0.266890, -48.000000, 0.000000, 0.000000
160966864, 0.000000, 0.000000, 0.000000, -58.000000, -90.000000, 1.000000, 0.438127, -48.000000, 0.000000, 0.000000
161167526, 0.000000, 0.000000, 0.000000, -58.000000, -90.000000, 1.000000, 0.456187, -48.000000, 0.000000, 0.000000
161379763, 0.000000, 0.000000, 0.000000, -58.000000, -90.000000, 1.000000, 0.452174, -48.000000, 0.000000, 0.000000
161580844, 0.000000, 0.000000, 0.000000, -58.000000, -90.000000, 1.000000, 0.452843, -48.000000, 0.000000, 0.000000
161783781, 0.000000, 0.000000, 0.000000, -58.000000, -90.000000, 1.000000, 0.444816, -48.000000, 0.000000, 0.000000
161985776, 0.000000, 0.000000, 0.000000, -58.000000, -90.000000, 1.000000, 0.437458, -48.000000, 0.000000, 0.000000
162186794, 0.000000, 0.000000, 0.000000, -58.000000, -90.000000, 1.000000, 0.423411, -48.000000, 0.000000, 0.000000
162388789, 0.000000, 0.000000, 0.000000, -58.000000, -90.000000, 1.000000, 0.423411, -48.000000, 0.000000, 0.000000
162589821, 0.000000, 0.000000, 0.000000, -58.000000, -90.000000, 1.000000, 0.414716, -48.000000, 0.000000, 0.000000
162792535, 0.000000, 0.000000, 0.000000, -58.000000, -90.000000, 1.000000, 0.418060, -48.000000, 0.000000, 0.000000
162994527, 0.000000, 0.000000, 0.000000, -58.000000, -90.000000, 1.000000, 0.413378, -48.000000, 0.000000, 0.000000
163205733, 0.000000, 0.000000, 0.000000, -58.000000, -90.000000, 1.000000, 0.402007, -48.000000, 0.000000, 0.000000
163407813, 0.000000, 0.000000, 0.000000, -58.000000, -90.000000, 1.000000, 0.412040, -48.000000, 0.000000, 0.000000
163608866, 0.000000, 0.000000, 0.000000, -58.000000, -90.000000, 1.000000, 0.408696, -48.000000, 0.000000, 0.000000
163811815, 0.000000, 0.000000, 0.000000, -58.000000, -90.000000, 1.000000, 0.414047, -48.000000, 0.000000, 0.000000
164013787, 0.000000, 0.000000, 0.000000, -58.000000, -90.000000, 1.000000, 0.401338, -48.000000, 0.000000, 0.000000
164214795, 0.000000, 0.000000, 0.000000, -58.000000, -90.000000, 1.000000, 0.396655, -48.000000, 0.000000, 0.000000
164416920, 0.000000, 0.000000, 0.000000, -58.000000, -90.000000, 1.000000, 0.377258, -48.000000, 0.000000, 0.000000
164617528, 0.000000, 0.000000, 0.000000, -58.000000, -90.000000, 1.000000, 0.353846, -48.000000, 0.000000, 0.000000
164829729, 0.000000, 0.000000, 0.000000, -58.000000, -90.000000, 1.000000, 0.363211, -48.000000, 0.000000, 0.000000
165030818, 0.000000, 0.000000, 0.000000, -58.000000, -90.000000, 1.000000, 0.349164, -48.000000, 0.000000, 0.000000
165233845, 0.000000, 0.000000, 0.000000, -58.000000, -90.000000, 1.000000, 0.329766, -48.000000, 0.000000, 0.000000
165435841, 0.000000, 0.000000, 0.000000, -58.000000, -90.000000, 1.000000, 0.299666, -48.000000, 0.000000, 0.000000
165636772, 0.000000, 0.000000, 0.000000, -58.000000, -90.000000, 1.000000, 0.279599, -48.000000, 0.000000, 0.000000
165838755, 0.000000, 0.000000, 0.000000, -58.000000, -90.000000, 1.000000, 0.294983, -48.000000, 0.000000, 0.000000
166039787, 0.000000, 0.000000, 0.000000, -58.000000, -90.000000, 1.000000, 0.298328, -48.000000, 0.000000, 0.000000
166242535, 0.000000, 0.000000, 0.000000, -58.000000, -90.000000, 1.000000, 0.298997, -48.000000, 0.000000, 0.000000
166444527, 0.000000, 0.000000, 0.000000, -58.000000, -90.000000, 1.000000, 0.301003, -48.000000, 0.000000, 0.000000
166655787, 0.000000, 0.000000, 0.000000, -58.000000, -90.000000, 1.000000, 0.301003, -48.000000, 0.000000, 0.000000
166857787, 0.000000, 0.000000, 0.000000, -58.000000, -90.000000, 1.000000, 0.299666, -48.000000, 0.000000, 0.000000
167058793, 0.000000, 0.000000, 0.000000, -58.000000, -90.000000, 1.000000, 0.295652, -48.000000, 0.000000, 0.000000
167261872, 0.000000, 0.000000, 0.000000, -58.000000, -90.000000, 1.000000, 0.296990, -48.000000, 0.000000, 0.000000
167463824, 0.000000, 0.000000, 0.000000, -58.000000, -90.000000, 1.000000, 0.301003, -48.000000, 0.000000, 0.000000
167664769, 0.000000, 0.000000, 0.000000, -58.000000, -90.000000, 1.000000, 0.299666, -48.000000, 0.000000, 0.000000
167866882, 0.000000, 0.000000, 0.000000, -58.000000, -90.000000, 1.000000, 0.301003, -48.000000, 0.000000, 0.000000
168077699, 0.000000, 0.000000, 0.000000, -58.000000, -90.000000, 1.000000, 0.298328, -48.000000, 0.000000, 0.000000
168279723, 0.000000, 0.000000, 0.000000, -58.000000, -90.000000, 1.000000, 0.298997, -48.000000, 0.000000, 0.000000
168480794, 0.000000, 0.000000, 0.000000, -58.000000, -90.000000, 1.000000, 0.295652, -48.000000, 0.000000, 0.000000
168683840, 0.000000, 0.000000, 0.000000, -58.000000, -90.000000, 1.000000, 0.258863, -48.000000, 0.000000, 0.000000
168885835, 0.000000, 0.000000, 0.000000, -58.000000, -90.000000, 1.000000, 0.259532, -48.000000, 0.000000, 0.000000
169086754, 0.000000, 0.000000, 0.000000, -58.000000, -90.000000, 1.000000, 0.249498, -48.000000, 0.000000, 0.000000
169289802, 0.000000, 0.000000, 0.000000, -58.000000, -90.000000, 1.000000, 0.238796, -48.000000, 0.000000, 0.000000
169491891, 0.000000, 0.000000, 0.000000, -58.000000, -90.000000, 1.000000, 0.234783, -48.000000, 0.000000, 0.000000
169692527, 0.000000, 0.000000, 0.000000, -58.000000, -90.000000, 1.000000, 0.212709, -48.000000, 0.000000, 0.000000
169894529, 0.000000, 0.000000, 0.000000, -58.000000, -90.000000, 1.000000, 0.163211, -48.000000, 0.000000, 0.000000
170105817, 0.000000, 0.000000, 0.000000, -58.000000, -90.000000, 1.000000, 0.155853, -48.000000, 0.000000, 0.000000
170307770, 0.000000, 0.000000, 0.000000, -58.000000, -90.000000, 1.000000, 0.160535, -48.000000, 0.000000, 0.000000
170508787, 0.000000, 0.000000, 0.000000, -58.000000, -90.000000, 1.000000, 0.159866, -48.000000, 0.000000, 0.000000
170711835, 0.000000, 0.000000, 0.000000, -58.000000, -90.000000, 1.000000, 0.161873, -48.000000, 0.000000, 0.000000
170913819, 0.000000, 0.000000, 0.000000, -58.000000, -90.000000, 1.000000, 0.159866, -48.000000, 0.000000, 0.000000
171114838, 0.000000, 0.000000, 0.000000, -58.000000, -90.000000, 1.000000, 0.160535, -48.000000, 0.000000, 0.000000
171317740, 0.000000, 0.000000, 0.000000, -58.000000, -90.000000, 1.000000, 0.161204, -48.000000, 0.000000, 0.000000
171519768, 0.000000, 0.000000, 0.000000, -58.000000, -90.000000, 1.000000, 0.159866, -48.000000, 0.000000, 0.000000
171730764, 0.000000, 0.000000, 0.000000, -58.000000, -90.000000, 1.000000, 0.166555, -48.000000, 0.000000, 0.000000
171932759, 0.000000, 0.000000, 0.000000, -58.000000, -90.000000, 1.000000, 0.163211, -48.000000, 0.000000, 0.000000
172133794, 0.000000, 0.000000, 0.000000, -58.000000, -90.000000, 1.000000, 0.161204, -48.000000, 0.000000, 0.000000
172335777, 0.000000, 0.000000, 0.000000, -58.000000, -90.000000, 1.000000, 0.161873, -48.000000, 0.000000, 0.000000
172536807, 0.000000, 0.000000, 0.000000, -58.000000, -90.000000, 1.000000, 0.165886, -48.000000, 0.000000, 0.000000
172739756, 0.000000, 0.000000, 0.000000, -58.000000, -90.000000, 1.000000, 0.159866, -48.000000, 0.000000, 0.000000
172941857, 0.000000, 0.000000, 0.000000, -58.000000, -90.000000, 1.000000, 0.159866, -48.000000, 0.000000, 0.000000
173142529, 0.000000, 0.000000, 0.000000, -58.000000, -90.000000, 1.000000, 0.159197, -48.000000, 0.000000, 0.000000
173354758, 0.000000, 0.000000, 0.000000, -58.000000, -90.000000, 1.000000, 0.117057, -48.000000, 0.000000, 0.000000
173555815, 0.000000, 0.000000, 0.000000, -58.000000, -90.000000, 1.000000, 0.000000, -48.000000, 0.000000, 0.000000
173758846, 0.000000, 0.000000, 0.000000, -58.000000, -90.000000, 1.000000, 0.000000, -48.000000, 0.000000, 0.000000
173960842, 0.000000, 0.000000, 0.000000, -58.000000, -90.000000, 1.000000, 0.000000, -48.000000, 0.000000, 0.000000
174161781, 0.000000, 0.000000, 0.000000, -58.000000, -90.000000, 1.000000, 0.000000, -48.000000, 0.000000, 0.000000
174363776, 0.000000, 0.000000, 0.000000, -58.000000, -90.000000, 1.000000, 0.000000, -48.000000, 0.000000, 0.000000
174564795, 0.000000, 0.000000, 0.000000, -58.000000, -90.000000, 1.000000, 0.000000, -48.000000, 0.000000, 0.000000
174767537, 0.000000, 0.000000, 0.000000, -58.000000, -90.000000, 1.000000, 0.000000, -48.000000, 0.000000, 0.000000
174969527, 0.000000, 0.000000, 0.000000, -58.000000, -90.000000, 1.000000, 0.000000, -48.000000, 0.000000, 0.000000
175180776, 0.000000, 0.000000, 0.000000, -58.000000, -90.000000, 1.000000, 0.000000, -48.000000, 0.000000, 0.000000
175382788, 0.000000, 0.000000, 0.000000, -58.000000, -90.000000, 1.000000, 0.000000, -48.000000, 0.000000, 0.000000
175583829, 0.000000, 0.000000, 0.000000, -58.000000, -90.000000, 1.000000, 0.000000, -48.000000, 0.000000, 0.000000
175786865, 0.000000, 0.000000, 0.000000, -58.000000, -90.000000, 1.000000, 0.000000, -48.000000, 0.000000, 0.000000
175988845, 0.000000, 0.000000, 0.000000, -58.000000, -90.000000, 1.000000, 0.000000, -48.000000, 0.000000, 0.000000
176189778, 0.000000, 0.000000, 0.000000, -58.000000, -90.000000, 1.000000, 0.000000, -48.000000, 0.000000, 0.000000
176391879, 0.000000, 0.000000, 0.000000, -58.000000, -90.000000, 1.000000, 0.000000, -48.000000, 0.000000, 0.000000
176592527, 0.000000, 0.000000, 0.000000, -58.000000, -90.000000, 1.000000, 0.000000, -48.000000, 0.000000, 0.000000
176804778, 0.000000, 0.000000, 0.000000, -58.000000, -90.000000, 1.000000, 0.000000, -48.000000, 0.000000, 0.000000
177005863, 0.000000, 0.000000, 0.000000, -58.000000, -90.000000, 1.000000, 0.000000, -48.000000, 0.000000, 0.000000
177208812, 0.000000, 0.000000, 0.000000, -58.000000, -90.000000, 1.000000, 0.000000, -48.000000, 0.000000, 0.000000
177410807, 0.000000, 0.000000, 0.000000, -58.000000, -90.000000, 1.000000, 0.000000, -48.000000, 0.000000, 0.000000
177611833, 0.000000, 0.000000, 0.000000, -58.000000, -90.000000, 1.000000, 0.000000, -48.000000, 0.000000, 0.000000
177813828, 0.000000, 0.000000, 0.000000, -58.000000, -90.000000, 1.000000, 0.000000, -48.000000, 0.000000, 0.000000
178014848, 0.000000, 0.000000, 0.000000, -58.000000, -90.000000, 1.000000, 0.000000, -48.000000, 0.000000, 0.000000
178217535, 0.000000, 0.000000, 0.000000, -58.000000, -90.000000, 1.000000, 0.000000, -48.000000, 0.000000, 0.000000
178419526, 0.000000, 0.000000, 0.000000, -58.000000, -90.000000, 1.000000, 0.000000, -48.000000, 0.000000, 0.000000
178630742, 0.000000, 0.000000, 0.000000, -58.000000, -90.000000, 1.000000, 0.000000, -48.000000, 0.000000, 0.000000
178832844, 0.000000, 0.000000, 0.000000, -58.000000, -90.000000, 1.000000, 0.000000, -48.000000, 0.000000, 0.000000
179033798, 0.000000, 0.000000, 0.000000, -58.000000, -90.000000, 1.000000, 0.000000, -48.000000, 0.000000, 0.000000
179236834, 0.000000, 0.000000, 0.000000, -58.000000, -90.000000, 1.000000, 0.000000, -48.000000, 0.000000, 0.000000
179438814, 0.000000, 0.000000, 0.000000, -58.000000, -90.000000, 1.000000, 0.000000, -48.000000, 0.000000, 0.000000
179639834, 0.000000, 0.000000, 0.000000, -58.000000, -90.000000, 1.000000, 0.000000, -48.000000, 0.000000, 0.000000
179841935, 0.000000, 0.000000, 0.000000, -58.000000, -90.000000, 1.000000, 0.014047, -48.000000, 0.000000, 0.000000
180042528, 0.000000, 0.000000, 0.000000, -58.000000, -90.000000, 1.000000, 0.092308, -48.000000, 0.000000, 0.000000
180254744, 0.000000, 0.000000, 0.000000, -58.000000, -90.000000, 1.000000, 0.107692, -48.000000, 0.000000, 0.000000
180455805, 0.000000, 0.000000, 0.000000, -58.000000, -90.000000, 1.000000, 0.108361, -48.000000, 0.000000, 0.000000
180658860, 0.000000, 0.000000, 0.000000, -58.000000, -90.000000, 1.000000, 0.111706, -48.000000, 0.000000, 0.000000
180860844, 0.000000, 0.000000, 0.000000, -58.000000, -90.000000, 1.000000, 0.109699, -48.000000, 0.000000, 0.000000
181061787, 0.000000, 0.000000, 0.000000, -58.000000, -90.000000, 1.000000, 0.110368, -48.000000, 0.000000, 0.000000
181263770, 0.000000, 0.000000, 0.000000, -58.000000, -90.000000, 1.000000, 0.113043, -48.000000, 0.000000, 0.000000
181464790, 0.000000, 0.000000, 0.000000, -58.000000, -90.000000, 1.000000, 0.109699, -48.000000, 0.000000, 0.000000
181667535, 0.000000, 0.000000, 0.000000, -58.000000, -90.000000, 1.000000, 0.124415, -48.000000, 0.000000, 0.000000
181869527, 0.000000, 0.000000, 0.000000, -58.000000, -90.000000, 1.000000, 0.108361, -48.000000, 0.000000, 0.000000
182080802, 0.000000, 0.000000, 0.000000, -58.000000, -90.000000, 1.000000, 0.107023, -48.000000, 0.000000, 0.000000
182282790, 0.000000, 0.000000, 0.000000, -58.000000, -90.000000, 1.000000, 0.109699, -48.000000, 0.000000, 0.000000
182483808, 0.000000, 0.000000, 0.000000, -58.000000, -90.000000, 1.000000, 0.109030, -48.000000, 0.000000, 0.000000
182686793, 0.000000, 0.000000, 0.000000, -58.000000, -90.000000, 1.000000, 0.103679, -48.000000, 0.000000, 0.000000
182888764, 0.000000, 0.000000, 0.000000, -58.000000, -90.000000, 1.000000, 0.112375, -48.000000, 0.000000, 0.000000
183089784, 0.000000, 0.000000, 0.000000, -58.000000, -90.000000, 1.000000, 0.111706, -48.000000, 0.000000, 0.000000
183291897, 0.000000, 0.000000, 0.000000, -58.000000, -90.000000, 1.000000, 0.109699, -48.000000, 0.000000, 0.000000
183502714, 0.000000, 0.000000, 0.000000, -58.000000, -90.000000, 1.000000, 0.112375, -48.000000, 0.000000, 0.000000
183704726, 0.000000, 0.000000, 0.000000, -58.000000, -90.000000, 1.000000, 0.113712, -48.000000, 0.000000, 0.000000
183905842, 0.000000, 0.000000, 0.000000, -58.000000, -90.000000, 1.000000, 0.098997, -48.000000, 0.000000, 0.000000
184108830, 0.000000, 0.000000, 0.000000, -58.000000, -90.000000, 1.000000, 0.115050, -48.000000, 0.000000, 0.000000
184310837, 0.000000, 0.000000, 0.000000, -58.000000, -90.000000, 1.000000, 0.110368, -48.000000, 0.000000, 0.000000
184511769, 0.000000, 0.000000, 0.000000, -58.000000, -90.000000, 1.000000, 0.103679, -48.000000, 0.000000, 0.000000
184714804, 0.000000, 0.000000, 0.000000, -58.000000, -90.000000, 1.000000, 0.117057, -48.000000, 0.000000, 0.000000
184916894, 0.000000, 0.000000, 0.000000, -58.000000, -90.000000, 1.000000, 0.109030, -48.000000, 0.000000, 0.000000
185117526, 0.000000, 0.000000, 0.000000, -58.000000, -90.000000, 1.000000, 0.111037, -48.000000, 0.000000, 0.000000
185319527, 0.000000, 0.000000, 0.000000, -58.000000, -90.000000, 1.000000, 0.113712, -48.000000, 0.000000, 0.000000
185530816, 0.000000, 0.000000, 0.000000, -58.000000, -90.000000, 1.000000, 0.111037, -48.000000, 0.000000, 0.000000
185732784, 0.000000, 0.000000, 0.000000, -58.000000, -90.000000, 1.000000, 0.116388, -48.000000, 0.000000, 0.000000
185933790, 0.000000, 0.000000, 0.000000, -58.000000, -90.000000, 1.000000, 0.113712, -48.000000, 0.000000, 0.000000
186136838, 0.000000, 0.000000, 0.000000, -58.000000, -90.000000, 1.000000, 0.111037, -48.000000, 0.000000, 0.000000
186338821, 0.000000, 0.000000, 0.000000, -58.000000, -90.000000, 1.000000, 0.113043, -48.000000, 0.000000, 0.000000
186539841, 0.000000, 0.000000, 0.000000, -58.000000, -90.000000, 1.000000, 0.113712, -48.000000, 0.000000, 0.000000
186742742, 0.000000, 0.000000, 0.000000, -58.000000, -90.000000, 1.000000, 0.113712, -48.000000, 0.000000, 0.000000
186944770, 0.000000, 0.000000, 0.000000, -58.000000, -90.000000, 1.000000, 0.117057, -48.000000, 0.000000, 0.000000
187155766, 0.000000, 0.000000, 0.000000, -58.000000, -90.000000, 1.000000, 0.107692, -48.000000, 0.000000, 0.000000
187357761, 0.000000, 0.000000, 0.000000, -58.000000, -90.000000, 1.000000, 0.115050, -48.000000, 0.000000, 0.000000
187558808, 0.000000, 0.000000, 0.000000, -58.000000, -90.000000, 1.000000, 0.118395, -48.000000, 0.000000, 0.000000
187760779, 0.000000, 0.000000, 0.000000, -58.000000, -90.000000, 1.000000, 0.116388, -48.000000, 0.000000, 0.000000
187961809, 0.000000, 0.000000, 0.000000, -58.000000, -90.000000, 1.000000, 0.113043, -48.000000, 0.000000, 0.000000
188164758, 0.000000, 0.000000, 0.000000, -58.000000, -90.000000, 1.000000, 0.113043, -48.000000, 0.000000, 0.000000
188366859, 0.000000, 0.000000, 0.000000, -58.000000, -90.000000, 1.000000, 0.117057, -48.000000, 0.000000, 0.000000
188567527, 0.000000, 0.000000, 0.000000, -58.000000, -90.000000, 1.000000, 0.115719, -48.000000, 0.000000, 0.000000
188779760, 0.000000, 0.000000, 0.000000, -58.000000, -90.000000, 1.000000, 0.113043, -48.000000, 0.000000, 0.000000
188980793, 0.000000, 0.000000, 0.000000, -58.000000, -90.000000, 1.000000, 0.113043, -48.000000, 0.000000, 0.000000
189183819, 0.000000, 0.000000, 0.000000, -58.000000, -90.000000, 1.000000, 0.114381, -48.000000, 0.000000, 0.000000
189385826, 0.000000, 0.000000, 0.000000, -58.000000, -90.000000, 1.000000, 0.117057, -48.000000, 0.000000, 0.000000
189586844, 0.000000, 0.000000, 0.000000, -58.000000, -90.000000, 1.000000, 0.117726, -48.000000, 0.000000, 0.000000
189788839, 0.000000, 0.000000, 0.000000, -58.000000, -90.000000, 1.000000, 0.117726, -48.000000, 0.000000, 0.000000
189989772, 0.000000, 0.000000, 0.000000, -58.000000, -90.000000, 1.000000, 0.117057, -48.000000, 0.000000, 0.000000
190192535, 0.000000, 0.000000, 0.000000, -58.000000, -90.000000, 1.000000, 0.117057, -48.000000, 0.000000, 0.000000
190394529, 0.000000, 0.000000, 0.000000, -58.000000, -90.000000, 1.000000, 0.115719, -48.000000, 0.000000, 0.000000
190605773, 0.000000, 0.000000, 0.000000, -58.000000, -90.000000, 1.000000, 0.119064, -48.000000, 0.000000, 0.000000
190807860, 0.000000, 0.000000, 0.000000, -58.000000, -90.000000, 1.000000, 0.123746, -48.000000, 0.000000, 0.000000
191008814, 0.000000, 0.000000, 0.000000, -58.000000, -90.000000, 1.000000, 0.168562, -48.000000, 0.000000, 0.000000
191211838, 0.000000, 0.000000, 0.000000, -58.000000, -90.000000, 1.000000, 0.192642, -48.000000, 0.000000, 0.000000
191413822, 0.000000, 0.000000, 0.000000, -58.000000, -90.000000, 1.000000, 0.214047, -48.000000, 0.000000, 0.000000
191614777, 0.000000, 0.000000, 0.000000, -58.000000, -90.000000, 1.000000, 0.202676, -48.000000, 0.000000, 0.000000
191816868, 0.000000, 0.000000, 0.000000, -58.000000, -90.000000, 1.000000, 0.170569, -48.000000, 0.000000, 0.000000
192017529, 0.000000, 0.000000, 0.000000, -58.000000, -90.000000, 1.000000, 0.160535, -48.000000, 0.000000, 0.000000
192229767, 0.000000, 0.000000, 0.000000, -58.000000, -90.000000, 1.000000, 0.160535, -48.000000, 0.000000, 0.000000
192430851, 0.000000, 0.000000, 0.000000, -58.000000, -90.000000, 1.000000, 0.164549, -48.000000, 0.000000, 0.000000
192633797, 0.000000, 0.000000, 0.000000, -58.000000, -90.000000, 1.000000, 0.162542, -48.000000, 0.000000, 0.000000
192835780, 0.000000, 0.000000, 0.000000, -58.000000, -90.000000, 1.000000, 0.159866, -48.000000, 0.000000, 0.000000
193036798, 0.000000, 0.000000, 0.000000, -58.000000, -90.000000, 1.000000, 0.171237, -48.000000, 0.000000, 0.000000
193238793, 0.000000, 0.000000, 0.000000, -58.000000, -90.000000, 1.000000, 0.160535, -48.000000, 0.000000, 0.000000
193439825, 0.000000, 0.000000, 0.000000, -58.000000, -90.000000, 1.000000, 0.163211, -48.000000, 0.000000, 0.000000
193642537, 0.000000, 0.000000, 0.000000, -58.000000, -90.000000, 1.000000, 0.214716, -48.000000, 0.000000, 0.000000
193844527, 0.000000, 0.000000, 0.000000, -58.000000, -90.000000, 1.000000, 0.233445, -48.000000, 0.000000, 0.000000
194055738, 0.000000, 0.000000, 0.000000, -58.000000, -90.000000, 1.000000, 0.224749, -48.000000, 0.000000, 0.000000
194257829, 0.000000, 0.000000, 0.000000, -58.000000, -90.000000, 1.000000, 0.214047, -48.000000, 0.000000, 0.000000
194458783, 0.000000, 0.000000, 0.000000, -58.000000, -90.000000, 1.000000, 0.209365, -48.000000, 0.000000, 0.000000
194661807, 0.000000, 0.000000, 0.000000, -58.000000, -90.000000, 1.000000, 0.217391, -48.000000, 0.000000, 0.000000
194863779, 0.000000, 0.000000, 0.000000, -58.000000, -90.000000, 1.000000, 0.216722, -48.000000, 0.000000, 0.000000
195064811, 0.000000, 0.000000, 0.000000, -58.000000, -90.000000, 1.000000, 0.222074, -48.000000, 0.000000, 0.000000
195266924, 0.000000, 0.000000, 0.000000, -58.000000, -90.000000, 1.000000, 0.218060, -48.000000, 0.000000, 0.000000
195467527, 0.000000, 0.000000, 0.000000, -58.000000, -90.000000, 1.000000, 0.216053, -48.000000, 0.000000, 0.000000
195679733, 0.000000, 0.000000, 0.000000, -58.000000, -90.000000, 1.000000, 0.206020, -48.000000, 0.000000, 0.000000
195880796, 0.000000, 0.000000, 0.000000, -58.000000, -90.000000, 1.000000, 0.218060, -48.000000, 0.000000, 0.000000
196083857, 0.000000, 0.000000, 0.000000, -58.000000, -90.000000, 1.000000, 0.284950, -48.000000, 0.000000, 0.000000
196285833, 0.000000, 0.000000, 0.000000, -58.000000, -90.000000, 1.000000, 0.313712, -48.000000, 0.000000, 0.000000
196486764, 0.000000, 0.000000, 0.000000, -58.000000, -90.000000, 1.000000, 0.274916, -48.000000, 0.000000, 0.000000
196688759, 0.000000, 0.000000, 0.000000, -58.000000, -90.000000, 1.000000, 0.263545, -48.000000, 0.000000, 0.000000
196889779, 0.000000, 0.000000, 0.000000, -58.000000, -90.000000, 1.000000, 0.256187, -48.000000, 0.000000, 0.000000
197092535, 0.000000, 0.000000, 0.000000, -58.000000, -90.000000, 1.000000, 0.253512, -48.000000, 0.000000, 0.000000
197294527, 0.000000, 0.000000, 0.000000, -58.000000, -90.000000, 1.000000, 0.267559, -48.000000, 0.000000, 0.000000
197505791, 0.000000, 0.000000, 0.000000, -58.000000, -90.000000, 1.000000, 0.253512, -48.000000, 0.000000, 0.000000
197707791, 0.000000, 0.000000, 0.000000, -58.000000, -90.000000, 1.000000, 0.252174, -48.000000, 0.000000, 0.000000
197908809, 0.000000, 0.000000, 0.000000, -58.000000, -90.000000, 1.000000, 0.258194, -48.000000, 0.000000, 0.000000
198111782, 0.000000, 0.000000, 0.000000, -58.000000, -90.000000, 1.000000, 0.264883, -48.000000, 0.000000, 0.000000
198313840, 0.000000, 0.000000, 0.000000, -58.000000, -90.000000, 1.000000, 0.259532, -48.000000, 0.000000, 0.000000
198514773, 0.000000, 0.000000, 0.000000, -58.000000, -90.000000, 1.000000, 0.260201, -48.000000, 0.000000, 0.000000
198716886, 0.000000, 0.000000, 0.000000, -58.000000, -90.000000, 1.000000, 0.258194, -48.000000, 0.000000, 0.000000
198927703, 0.000000, 0.000000, 0.000000, -58.000000, -90.000000, 1.000000, 0.264214, -48.000000, 0.000000, 0.000000
199129723, 0.000000, 0.000000, 0.000000, -58.000000, -90.000000, 1.000000, 0.264214, -48.000000, 0.000000, 0.000000
199330818, 0.000000, 0.000000, 0.000000, -58.000000, -90.000000, 1.000000, 0.258863, -48.000000, 0.000000, 0.000000
199533840, 0.000000, 0.000000, 0.000000, -58.000000, -90.000000, 1.000000, 0.258194, -48.000000, 0.000000, 0.000000
199735823, 0.000000, 0.000000, 0.000000, -58.000000, -90.000000, 1.000000, 0.256187, -48.000000, 0.000000, 0.000000
199936766, 0.000000, 0.000000, 0.000000, -58.000000, -90.000000, 1.000000, 0.258863, -48.000000, 0.000000, 0.000000
200139790, 0.000000, 0.000000, 0.000000, -58.000000, -90.000000, 1.000000, 0.257525, -48.000000, 0.000000, 0.000000
200341891, 0.000000, 0.000000, 0.000000, -58.000000, -90.000000, 1.000000, 0.251505, -48.000000, 0.000000, 0.000000
200542526, 0.000000, 0.000000, 0.000000, -58.000000, -90.000000, 1.000000, 0.256187, -48.000000, 0.000000, 0.000000
200744526, 0.000000, 0.000000, 0.000000, -58.000000, -90.000000, 1.000000, 0.253512, -48.000000, 0.000000, 0.000000
200955793, 0.000000, 0.000000, 0.000000, -58.000000, -90.000000, 1.000000, 0.256856, -48.000000, 0.000000, 0.000000
201157782, 0.000000, 0.000000, 0.000000, -58.000000, -90.000000, 1.000000, 0.253512, -48.000000, 0.000000, 0.000000
201358788, 0.000000, 0.000000, 0.000000, -58.000000, -90.000000, 1.000000, 0.257525, -48.000000, 0.000000, 0.000000
201561835, 0.000000, 0.000000, 0.000000, -58.000000, -90.000000, 1.000000, 0.258194, -48.000000, 0.000000, 0.000000
201763819, 0.000000, 0.000000, 0.000000, -58.000000, -90.000000, 1.000000, 0.255518, -48.000000, 0.000000, 0.000000
201964838, 0.000000, 0.000000, 0.000000, -58.000000, -90.000000, 1.000000, 0.256856, -48.000000, 0.000000, 0.000000
202167740, 0.000000, 0.000000, 0.000000, -58.000000, -90.000000, 1.000000, 0.254181, -48.000000, 0.000000, 0.000000
202369768, 0.000000, 0.000000, 0.000000, -58.000000, -90.000000, 1.000000, 0.254849, -48.000000, 0.000000, 0.000000
202580764, 0.000000, 0.000000, 0.000000, -58.000000, -90.000000, 1.000000, 0.260201, -48.000000, 0.000000, 0.000000
202782759, 0.000000, 0.000000, 0.000000, -58.000000, -90.000000, 1.000000, 0.249498, -48.000000, 0.000000, 0.000000
202983794, 0.000000, 0.000000, 0.000000, -58.000000, -90.000000, 1.000000, 0.249498, -48.000000, 0.000000, 0.000000
203185777, 0.000000, 0.000000, 0.000000, -58.000000, -90.000000, 1.000000, 0.238796, -48.000000, 0.000000, 0.000000
203386819, 0.000000, 0.000000, 0.000000, -58.000000, -90.000000, 1.000000, 0.252843, -48.000000, 0.000000, 0.000000
203589768, 0.000000, 0.000000, 0.000000, -58.000000, -90.000000, 1.000000, 0.252843, -48.000000, 0.000000, 0.000000
203791857, 0.000000, 0.000000, 0.000000, -58.000000, -90.000000, 1.000000, 0.252174, -48.000000, 0.000000, 0.000000
203992527, 0.000000, 0.000000, 0.000000, -58.000000, -90.000000, 1.000000, 0.254181, -48.000000, 0.000000, 0.000000
204204758, 0.000000, 0.000000, 0.000000, -58.000000, -90.000000, 1.000000, 0.250836, -48.000000, 0.000000, 0.000000
204405794, 0.000000, 0.000000, 0.000000, -58.000000, -90.000000, 1.000000, 0.262207, -48.000000, 0.000000, 0.000000
204608815, 0.000000, 0.000000, 0.000000, -58.000000, -90.000000, 1.000000, 0.431438, -48.000000, 0.000000, 0.000000
204810811, 0.000000, 0.000000, 0.000000, -58.000000, -90.000000, 1.000000, 0.431438, -48.000000, 0.000000, 0.000000
205011828, 0.000000, 0.000000, 0.000000, -58.000000, -90.000000, 1.000000, 0.347826, -48.000000, 0.000000, 0.000000
205213824, 0.000000, 0.000000, 0.000000, -58.000000, -90.000000, 1.000000, 0.288294, -48.000000, 0.000000, 0.000000
205414756, 0.000000, 0.000000, 0.000000, -58.000000, -90.000000, 1.000000, 0.283612, -48.000000, 0.000000, 0.000000
205617535, 0.000000, 0.000000, 0.000000, -58.000000, -90.000000, 1.000000, 0.288294, -48.000000, 0.000000, 0.000000
205819527, 0.000000, 0.000000, 0.000000, -58.000000, -90.000000, 1.000000, 0.284281, -48.000000, 0.000000, 0.000000
206030769, 0.000000, 0.000000, 0.000000, -58.000000, -90.000000, 1.000000, 0.288294, -48.000000, 0.000000, 0.000000
206232864, 0.000000, 0.000000, 0.000000, -58.000000, -90.000000, 1.000000, 0.284950, -48.000000, 0.000000, 0.000000
206433818, 0.000000, 0.000000, 0.000000, -58.000000, -90.000000, 1.000000, 0.266890, -48.000000, 0.000000, 0.000000
206636846, 0.000000, 0.000000, 0.000000, -58.000000, -90.000000, 1.000000, 0.270903, -48.000000, 0.000000, 0.000000
206838818, 0.000000, 0.000000, 0.000000, -58.000000, -90.000000, 1.000000, 0.267559, -48.000000, 0.000000, 0.000000
207039761, 0.000000, 0.000000, 0.000000, -58.000000, -90.000000, 1.000000, 0.264214, -48.000000, 0.000000, 0.000000
207241864, 0.000000, 0.000000, 0.000000, -58.000000, -90.000000, 1.000000, 0.266890, -48.000000, 0.000000, 0.000000
207442527, 0.000000, 0.000000, 0.000000, -58.000000, -90.000000, 1.000000, 0.260870, -48.000000, 0.000000, 0.000000
207654763, 0.000000, 0.000000, 0.000000, -58.000000, -90.000000, 1.000000, 0.252843, -48.000000, 0.000000, 0.000000
207855832, 0.000000, 0.000000, 0.000000, -58.000000, -90.000000, 1.000000, 0.232107, -48.000000, 0.000000, 0.000000
208058793, 0.000000, 0.000000, 0.000000, -58.000000, -90.000000, 1.000000, 0.232776, -48.000000, 0.000000, 0.000000
208260788, 0.000000, 0.000000, 0.000000, -58.000000, -90.000000, 1.000000, 0.226087, -48.000000, 0.000000, 0.000000
208461806, 0.000000, 0.000000, 0.000000, -58.000000, -90.000000, 1.000000, 0.228763, -48.000000, 0.000000, 0.000000
208663801, 0.000000, 0.000000, 0.000000, -58.000000, -90.000000, 1.000000, 0.227425, -48.000000, 0.000000, 0.000000
208864821, 0.000000, 0.000000, 0.000000, -58.000000, -90.000000, 1.000000, 0.233445, -48.000000, 0.000000, 0.000000
209067535, 0.000000, 0.000000, 0.000000, -58.000000, -90.000000, 1.000000, 0.245485, -48.000000, 0.000000, 0.000000
209269529, 0.000000, 0.000000, 0.000000, -58.000000, -90.000000, 1.000000, 0.282943, -48.000000, 0.000000, 0.000000
209480734, 0.000000, 0.000000, 0.000000, -58.000000, -90.000000, 1.000000, 0.301672, -48.000000, 0.000000, 0.000000
209682813, 0.000000, 0.000000, 0.000000, -58.000000, -90.000000, 1.000000, 0.270234, -48.000000, 0.000000, 0.000000
209883854, 0.000000, 0.000000, 0.000000, -58.000000, -90.000000, 1.000000, 0.255518, -48.000000, 0.000000, 0.000000
210086815, 0.000000, 0.000000, 0.000000, -58.000000, -90.000000, 1.000000, 0.253512, -48.000000, 0.000000, 0.000000
210288775, 0.000000, 0.000000, 0.000000, -58.000000, -90.000000, 1.000000, 0.249498, -48.000000, 0.000000, 0.000000
210489795, 0.000000, 0.000000, 0.000000, -58.000000, -90.000000, 1.000000, 0.256856, -48.000000, 0.000000, 0.000000
210691920, 0.000000, 0.000000, 0.000000, -58.000000, -90.000000, 1.000000, 0.256187, -48.000000, 0.000000, 0.000000
210892530, 0.000000, 0.000000, 0.000000, -58.000000, -90.000000, 1.000000, 0.254849, -48.000000, 0.000000, 0.000000
211104729, 0.000000, 0.000000, 0.000000, -58.000000, -90.000000, 1.000000, 0.255518, -48.000000, 0.000000, 0.000000
211305817, 0.000000, 0.000000, 0.000000, -58.000000, -90.000000, 1.000000, 0.252843, -48.000000, 0.000000, 0.000000
211508833, 0.000000, 0.000000, 0.000000, -58.000000, -90.000000, 1.000000, 0.255518, -48.000000, 0.000000, 0.000000
211710829, 0.000000, 0.000000, 0.000000, -58.000000, -90.000000, 1.000000, 0.254849, -48.000000, 0.000000, 0.000000
211911760, 0.000000, 0.000000, 0.000000, -58.000000, -90.000000, 1.000000, 0.255518, -48.000000, 0.000000, 0.000000
212113775, 0.000000, 0.000000, 0.000000, -58.000000, -90.000000, 1.000000, 0.260870, -48.000000, 0.000000, 0.000000
212314786, 0.000000, 0.000000, 0.000000, -58.000000, -90.000000, 1.000000, 0.252174, -48.000000, 0.000000, 0.000000
212517537, 0.000000, 0.000000, 0.000000, -58.000000, -90.000000, 1.000000, 0.252843, -48.000000, 0.000000, 0.000000
212719527, 0.000000, 0.000000, 0.000000, -58.000000, -90.000000, 1.000000, 0.254181, -48.000000, 0.000000, 0.000000
212930787, 0.000000, 0.000000, 0.000000, -58.000000, -90.000000, 1.000000, 0.257525, -48.000000, 0.000000, 0.000000
213132775, 0.000000, 0.000000, 0.000000, -58.000000, -90.000000, 1.000000, 0.256856, -48.000000, 0.000000, 0.000000
213333805, 0.000000, 0.000000, 0.000000, -58.000000, -90.000000, 1.000000, 0.252174, -48.000000, 0.000000, 0.000000
213536852, 0.000000, 0.000000, 0.000000, -58.000000, -90.000000, 1.000000, 0.254849, -48.000000, 0.000000, 0.000000
213738836, 0.000000, 0.000000, 0.000000, -58.000000, -90.000000, 1.000000, 0.254181, -48.000000, 0.000000, 0.000000
213939757, 0.000000, 0.000000, 0.000000, -58.000000, -90.000000, 1.000000, 0.250167, -48.000000, 0.000000, 0.000000
214141882, 0.000000, 0.000000, 0.000000, -58.000000, -90.000000, 1.000000, 0.247492, -48.000000, 0.000000, 0.000000
214352699, 0.000000, 0.000000, 0.000000, -58.000000, -90.000000, 1.000000, 0.234783, -48.000000, 0.000000, 0.000000
214554723, 0.000000, 0.000000, 0.000000, -58.000000, -90.000000, 1.000000, 0.231438, -48.000000, 0.000000, 0.000000
214755817, 0.000000, 0.000000, 0.000000, -58.000000, -90.000000, 1.000000, 0.228763, -48.000000, 0.000000, 0.000000
214958828, 0.000000, 0.000000, 0.000000, -58.000000, -90.000000, 1.000000, 0.231438, -48.000000, 0.000000, 0.000000
215160823, 0.000000, 0.000000, 0.000000, -58.000000, -90.000000, 1.000000, 0.216722, -48.000000, 0.000000, 0.000000
215361754, 0.000000, 0.000000, 0.000000, -58.000000, -90.000000, 1.000000, 0.222742, -48.000000, 0.000000, 0.000000
215564802, 0.000000, 0.000000, 0.000000, -58.000000, -90.000000, 1.000000, 0.226756, -48.000000, 0.000000, 0.000000
215766892, 0.000000, 0.000000, 0.000000, -58.000000, -90.000000, 1.000000, 0.229431, -48.000000, 0.000000, 0.000000
215967527, 0.000000, 0.000000, 0.000000, -58.000000, -90.000000, 1.000000, 0.224080, -48.000000, 0.000000, 0.000000
216169526, 0.000000, 0.000000, 0.000000, -58.000000, -90.000000, 1.000000, 0.227425, -48.000000, 0.000000, 0.000000
216380816, 0.000000, 0.000000, 0.000000, -58.000000, -90.000000, 1.000000, 0.227425, -48.000000, 0.000000, 0.000000
216582782, 0.000000, 0.000000, 0.000000, -58.000000, -90.000000, 1.000000, 0.228763, -48.000000, 0.000000, 0.000000
216783788, 0.000000, 0.000000, 0.000000, -58.000000, -90.000000, 1.000000, 0.230769, -48.000000, 0.000000, 0.000000
216986844, 0.000000, 0.000000, 0.000000, -58.000000, -90.000000, 1.000000, 0.181940, -48.000000, 0.000000, 0.000000
217188847, 0.000000, 0.000000, 0.000000, -58.000000, -90.000000, 1.000000, 0.022074, -48.000000, 0.000000, 0.000000
217389839, 0.000000, 0.000000, 0.000000, -58.000000, -90.000000, 1.000000, 0.313043, -48.000000, 0.000000, 0.000000
217592740, 0.000000, 0.000000, 0.000000, -58.000000, -90.000000, 1.000000, 0.385953, -48.000000, 0.000000, 0.000000
217794768, 0.000000, 0.000000, 0.000000, -58.000000, -90.000000, 1.000000, 0.395318, -48.000000, 0.000000, 0.000000
218005764, 0.000000, 0.000000, 0.000000, -58.000000, -90.000000, 1.000000, 0.356522, -48.000000, 0.000000, 0.000000
218207759, 0.000000, 0.000000, 0.000000, -58.000000, -90.000000, 1.000000, 0.298997, -48.000000, 0.000000, 0.000000
218408806, 0.000000, 0.000000, 0.000000, -58.000000, -90.000000, 1.000000, 0.266221, -48.000000, 0.000000, 0.000000
218610777, 0.000000, 0.000000, 0.000000, -58.000000, -90.000000, 1.000000, 0.245485, -48.000000, 0.000000, 0.000000
218811807, 0.000000, 0.000000, 0.000000, -58.000000, -90.000000, 1.000000, 0.230100, -48.000000, 0.000000, 0.000000
219014756, 0.000000, 0.000000, 0.000000, -58.000000, -90.000000, 1.000000, 0.225418, -48.000000, 0.000000, 0.000000
219216857, 0.000000, 0.000000, 0.000000, -58.000000, -90.000000, 1.000000, 0.236120, -48.000000, 0.000000, 0.000000
219417527, 0.000000, 0.000000, 0.000000, -58.000000, -90.000000, 1.000000, 0.362542, -48.000000, 0.000000, 0.000000
219629758, 0.000000, 0.000000, 0.000000, -58.000000, -90.000000, 1.000000, 0.396655, -48.000000, 0.000000, 0.000000
219830793, 0.000000, 0.000000, 0.000000, -58.000000, -90.000000, 1.000000, 0.399331, -48.000000, 0.000000, 0.000000
220033827, 0.000000, 0.000000, 0.000000, -58.000000, -90.000000, 1.000000, 0.374582, -48.000000, 0.000000, 0.000000
220235810, 0.000000, 0.000000, 0.000000, -58.000000, -90.000000, 1.000000, 0.333110, -48.000000, 0.000000, 0.000000
220436828, 0.000000, 0.000000, 0.000000, -58.000000, -90.000000, 1.000000, 0.322408, -48.000000, 0.000000, 0.000000
220638823, 0.000000, 0.000000, 0.000000, -58.000000, -90.000000, 1.000000, 0.322408, -48.000000, 0.000000, 0.000000
220839768, 0.000000, 0.000000, 0.000000, -58.000000, -90.000000, 1.000000, 0.343813, -48.000000, 0.000000, 0.000000
221042535, 0.000000, 0.000000, 0.000000, -58.000000, -90.000000, 1.000000, 0.351839, -48.000000, 0.000000, 0.000000
221244526, 0.000000, 0.000000, 0.000000, -58.000000, -90.000000, 1.000000, 0.347826, -48.000000, 0.000000, 0.000000
221455768, 0.000000, 0.000000, 0.000000, -58.000000, -90.000000, 1.000000, 0.351839, -48.000000, 0.000000, 0.000000
221657843, 0.000000, 0.000000, 0.000000, -58.000000, -90.000000, 1.000000, 0.373913, -48.000000, 0.000000, 0.000000
221858810, 0.000000, 0.000000, 0.000000, -58.000000, -90.000000, 1.000000, 0.402676, -48.000000, 0.000000, 0.000000
222061834, 0.000000, 0.000000, 0.000000, -58.000000, -90.000000, 1.000000, 0.384615, -48.000000, 0.000000, 0.000000
222263806, 0.000000, 0.000000, 0.000000, -58.000000, -90.000000, 1.000000, 0.396655, -48.000000, 0.000000, 0.000000
222464772, 0.000000, 0.000000, 0.000000, -58.000000, -90.000000, 1.000000, 0.458194, -48.000000, 0.000000, 0.000000
222666864, 0.000000, 0.000000, 0.000000, -58.000000, -90.000000, 1.000000, 0.487625, -48.000000, 0.000000, 0.000000
222867526, 0.000000, 0.000000, 0.000000, -58.000000, -90.000000, 1.000000, 0.488294, -48.000000, 0.000000, 0.000000
223079763, 0.000000, 0.000000, 0.000000, -58.000000, -90.000000, 1.000000, 0.482943, -48.000000, 0.000000, 0.000000
223280847, 0.000000, 0.000000, 0.000000, -58.000000, -90.000000, 1.000000, 0.484950, -48.000000, 0.000000, 0.000000
223483800, 0.000000, 0.000000, 0.000000, -58.000000, -90.000000, 1.000000, 0.478930, -48.000000, 0.000000, 0.000000
223685796, 0.000000, 0.000000, 0.000000, -58.000000, -90.000000, 1.000000, 0.478930, -48.000000, 0.000000, 0.000000
223886806, 0.000000, 0.000000, 0.000000, -58.000000, -90.000000, 1.000000, 0.478261, -48.000000, 0.000000, 0.000000
224088801, 0.000000, 0.000000, 0.000000, -58.000000, -90.000000, 1.000000, 0.477592, -48.000000, 0.000000, 0.000000
224289820, 0.000000, 0.000000, 0.000000, -58.000000, -90.000000, 1.000000, 0.472241, -48.000000, 0.000000, 0.000000
224492535, 0.000000, 0.000000, 0.000000, -58.000000, -90.000000, 1.000000, 0.480936, -48.000000, 0.000000, 0.000000
224694527, 0.000000, 0.000000, 0.000000, -58.000000, -90.000000, 1.000000, 0.472241, -48.000000, 0.000000, 0.000000
224905821, 0.000000, 0.000000, 0.000000, -58.000000, -90.000000, 1.000000, 0.470903, -48.000000, 0.000000, 0.000000
225107825, 21.816595, 0.000000, 0.000000, -58.000000, -90.000000, 1.000000, 0.467559, -48.000000, 0.000000, 0.000000
225308823, 43.633190, 0.000000, 0.000000, -58.000000, -90.000000, 1.000000, 0.460201, -48.000000, 0.000000, 0.000000
225519929, 43.633190, 0.000000, 0.000000, -58.000000, -90.000000, 1.000000, 0.462876, -48.000000, 0.000000, 0.000000
225721887, 21.816595, 0.000000, 0.000000, -58.000000, -90.000000, 1.000000, 0.468896, -48.000000, 0.000000, 0.000000
225922904, 28.962624, 0.000000, 0.000000, -58.000000, -90.000000, 1.000000, 0.461538, -48.000000, 0.000000, 0.000000
226123534, 100.780617, 0.000000, 0.000000, -58.000000, -90.000000, 1.000000, 0.458863, -48.000000, 0.000000, 0.000000
226335826, 225.583450, 0.000000, 0.000000, -58.000000, -90.000000, 1.000000, 0.459532, -48.000000, 0.000000, 0.000000
226546915, 232.855118, 0.000000, 0.000000, -58.000000, -90.000000, 1.000000, 0.458863, -48.000000, 0.000000, 0.000000
226747895, 190.506088, 0.000000, 0.000000, -58.000000, -90.000000, 1.000000, 0.459532, -48.000000, 0.000000, 0.000000
226958752, 90.011230, 0.000000, 0.000000, -58.000000, -90.000000, 1.000000, 0.454849, -48.000000, 0.000000, 0.000000
227160829, 10.909091, 0.000000, 0.000000, -58.000000, -90.000000, 1.000000, 0.451505, -48.000000, 0.000000, 0.000000
227361760, 0.000000, 0.000000, 0.000000, -58.000000, -90.000000, 1.000000, 0.450836, -48.000000, 0.000000, 0.000000
227564796, 18.183142, 0.000000, 0.000000, -58.000000, -90.000000, 1.000000, 0.448829, -48.000000, 0.000000, 0.000000
227767537, 117.785202, 0.000000, 0.000000, -58.000000, -90.000000, 1.000000, 0.457525, -48.000000, 0.000000, 0.000000
227980794, 277.041412, 0.000000, 0.000000, -58.000000, -90.000000, 1.000000, 0.520401, -48.000000, 0.000000, 0.000000
228183800, 365.988159, 0.000000, 0.000000, -58.000000, -90.000000, 1.000000, 0.539130, -48.000000, 0.000000, 0.000000
228394862, 324.861023, 0.000000, 0.000000, -58.000000, -90.000000, 1.000000, 0.542475, -48.000000, 0.000000, 0.000000
228597902, 215.352142, 0.000000, 0.000000, -58.000000, -90.000000, 1.000000, 0.535786, -48.000000, 0.000000, 0.000000
228800909, 104.227402, 0.000000, 0.000000, -58.000000, -90.000000, 1.000000, 0.528428, -48.000000, 0.000000, 0.000000
229011850, 32.281895, 0.000000, 0.000000, -58.000000, -90.000000, 1.000000, 0.527759, -48.000000, 0.000000, 0.000000
229213823, 25.389610, 0.000000, 0.000000, -58.000000, -90.000000, 1.000000, 0.520401, -48.000000, 0.000000, 0.000000
229414759, 133.182907, 0.000000, 0.000000, -58.000000, -90.000000, 1.000000, 0.521070, -48.000000, 0.000000, 0.000000
229625842, 295.151459, 0.000000, 0.000000, -58.000000, -90.000000, 1.000000, 0.514381, -48.000000, 0.000000, 0.000000
229828761, 376.914886, 0.000000, 0.000000, -58.000000, -90.000000, 1.000000, 0.514381, -48.000000, 0.000000, 0.000000
230041895, 282.396942, 0.000000, 0.000000, -58.000000, -90.000000, 1.000000, 0.503679, -48.000000, 0.000000, 0.000000
230244851, 195.689117, 0.000000, 0.000000, -58.000000, -90.000000, 1.000000, 0.503010, -48.000000, 0.000000, 0.000000
230455765, 78.278748, 0.000000, 0.000000, -58.000000, -90.000000, 1.000000, 0.499666, -48.000000, 0.000000, 0.000000
230657853, 25.071726, 0.000000, 0.000000, -58.000000, -90.000000, 1.000000, 0.492977, -48.000000, 0.000000, 0.000000
230858785, 0.000000, 0.000000, 0.000000, -58.000000, -90.000000, 1.000000, 0.498997, -48.000000, 0.000000, 0.000000
231061789, 128.598862, 0.000000, 0.000000, -58.000000, -90.000000, 1.000000, 0.496321, -48.000000, 0.000000, 0.000000
231272873, 311.213776, 0.000000, 0.000000, -58.000000, -90.000000, 1.000000, 0.492308, -48.000000, 0.000000, 0.000000
231475887, 361.475342, 0.000000, 0.000000, -58.000000, -90.000000, 1.000000, 0.481605, -48.000000, 0.000000, 0.000000
231678530, 268.605835, 0.000000, 0.000000, -58.000000, -90.000000, 1.000000, 0.487625, -48.000000, 0.000000, 0.000000
231891878, 160.194504, 0.000000, 0.000000, -58.000000, -90.000000, 1.000000, 0.483612, -48.000000, 0.000000, 0.000000
232092528, 67.123207, 0.000000, 0.000000, -58.000000, -90.000000, 1.000000, 0.471572, -48.000000, 0.000000, 0.000000
232304758, 0.000000, 0.000000, 0.000000, -58.000000, -90.000000, 1.000000, 0.470903, -48.000000, 0.000000, 0.000000
232505834, 17.857141, 0.000000, 0.000000, -58.000000, -90.000000, 1.000000, 0.460201, -48.000000, 0.000000, 0.000000
232708766, 117.637009, 0.000000, 0.000000, -58.000000, -90.000000, 1.000000, 0.452843, -48.000000, 0.000000, 0.000000
232919856, 260.826111, 0.000000, 0.000000, -58.000000, -90.000000, 1.000000, 0.446823, -48.000000, 0.000000, 0.000000
233122856, 339.582214, 0.000000, 0.000000, -58.000000, -90.000000, 1.000000, 0.450836, -48.000000, 0.000000, 0.000000
233325864, 261.059601, 0.000000, 0.000000, -58.000000, -90.000000, 1.000000, 0.449498, -48.000000, 0.000000, 0.000000
233536818, 132.317047, 0.000000, 0.000000, -58.000000, -90.000000, 1.000000, 0.447492, -48.000000, 0.000000, 0.000000
233739832, 42.609097, 0.000000, 0.000000, -58.000000, -90.000000, 1.000000, 0.446823, -48.000000, 0.000000, 0.000000
233941838, 0.000000, 0.000000, 0.000000, -58.000000, -90.000000, 1.000000, 0.448161, -48.000000, 0.000000, 0.000000
234142526, 0.000000, 0.000000, 0.000000, -58.000000, -90.000000, 1.000000, 0.442809, -48.000000, 0.000000, 0.000000
234354737, 0.000000, 0.000000, 0.000000, -58.000000, -90.000000, 1.000000, 0.440134, -48.000000, 0.000000, 0.000000
234555902, 64.619659, 0.000000, 0.000000, -58.000000, -90.000000, 1.000000, 0.433445, -48.000000, 0.000000, 0.000000
234756745, 186.955795, 0.000000, 0.000000, -58.000000, -90.000000, 1.000000, 0.430769, -48.000000, 0.000000, 0.000000
234969885, 286.064423, 0.000000, 0.000000, -58.000000, -90.000000, 1.000000, 0.426756, -48.000000, 0.000000, 0.000000
235172898, 242.317505, 0.000000, 0.000000, -58.000000, -90.000000, 1.000000, 0.424749, -48.000000, 0.000000, 0.000000
235383835, 131.604156, 0.000000, 0.000000, -58.000000, -90.000000, 1.000000, 0.422742, -48.000000, 0.000000, 0.000000
235586766, 42.870804, 0.000000, 0.000000, -58.000000, -90.000000, 1.000000, 0.425418, -48.000000, 0.000000, 0.000000
235789816, 10.909091, 0.000000, 0.000000, -58.000000, -90.000000, 1.000000, 0.420067, -48.000000, 0.000000, 0.000000
235991905, 0.000000, 0.000000, 0.000000, -58.000000, -90.000000, 1.000000, 0.418060, -48.000000, 0.000000, 0.000000
236192528, 0.000000, 0.000000, 0.000000, -58.000000, -90.000000, 1.000000, 0.424749, -48.000000, 0.000000, 0.000000
236404717, 61.355644, 0.000000, 0.000000, -58.000000, -90.000000, 1.000000, 0.414716, -48.000000, 0.000000, 0.000000
236605945, 169.677887, 0.000000, 0.000000, -58.000000, -90.000000, 1.000000, 0.410702, -48.000000, 0.000000, 0.000000
236816827, 301.977997, 0.000000, 0.000000, -58.000000, -90.000000, 1.000000, 0.407358, -48.000000, 0.000000, 0.000000
237019841, 283.650970, 0.000000, 0.000000, -58.000000, -90.000000, 1.000000, 0.404682, -48.000000, 0.000000, 0.000000
237230785, 171.915878, 0.000000, 0.000000, -58.000000, -90.000000, 1.000000, 0.402007, -48.000000, 0.000000, 0.000000
237433805, 96.592262, 0.000000, 0.000000, -58.000000, -90.000000, 1.000000, 0.402007, -48.000000, 0.000000, 0.000000
237636831, 17.857141, 0.000000, 0.000000, -58.000000, -90.000000, 1.000000, 0.396655, -48.000000, 0.000000, 0.000000
237839780, 0.000000, 0.000000, 0.000000, -58.000000, -90.000000, 1.000000, 0.404013, -48.000000, 0.000000, 0.000000
238041883, 0.000000, 0.000000, 0.000000, -58.000000, -90.000000, 1.000000, 0.401338, -48.000000, 0.000000, 0.000000
238242527, 0.000000, 0.000000, 0.000000, -58.000000, -90.000000, 1.000000, 0.402676, -48.000000, 0.000000, 0.000000
238454782, 0.000000, 0.000000, 0.000000, -58.000000, -90.000000, 1.000000, 0.402007, -48.000000, 0.000000, 0.000000
238655851, 0.000000, 0.000000, 0.000000, -58.000000, -90.000000, 1.000000, 0.404682, -48.000000, 0.000000, 0.000000
238858820, 0.000000, 0.000000, 0.000000, -58.000000, -90.000000, 1.000000, 0.400000, -48.000000, 0.000000, 0.000000
239060816, 0.000000, 0.000000, 0.000000, -58.000000, -90.000000, 1.000000, 0.400000, -48.000000, 0.000000, 0.000000
239261825, 0.000000, 0.000000, 0.000000, -58.000000, -90.000000, 1.000000, 0.401338, -48.000000, 0.000000, 0.000000
239463821, 0.000000, 0.000000, 0.000000, -58.000000, -90.000000, 1.000000, 0.401338, -48.000000, 0.000000, 0.000000
239664840, 0.000000, 0.000000, 0.000000, -58.000000, -90.000000, 1.000000, 0.395987, -48.000000, 0.000000, 0.000000
239867535, 0.000000, 0.000000, 0.000000, -58.000000, -90.000000, 1.000000, 0.402007, -48.000000, 0.000000, 0.000000
240069529, 0.000000, 0.000000, 0.000000, -58.000000, -90.000000, 1.000000, 0.401338, -48.000000, 0.000000, 0.000000
240280758, 0.000000, 0.000000, 0.000000, -58.000000, -90.000000, 1.000000, 0.401338, -48.000000, 0.000000, 0.000000
240482829, 0.000000, 0.000000, 0.000000, -58.000000, -90.000000, 1.000000, 0.404013, -48.000000, 0.000000, 0.000000
240683795, 0.000000, 0.000000, 0.000000, -58.000000, -90.000000, 1.000000, 0.401338, -48.000000, 0.000000, 0.000000
240886820, 0.000000, 0.000000, 0.000000, -58.000000, -90.000000, 1.000000, 0.398662, -48.000000, 0.000000, 0.000000
241088791, 0.000000, 0.000000, 0.000000, -58.000000, -90.000000, 1.000000, 0.398662, -48.000000, 0.000000, 0.000000
241289823, 0.000000, 0.000000, 0.000000, -58.000000, -90.000000, 1.000000, 0.394649, -48.000000, 0.000000, 0.000000
241491849, 0.000000, 0.000000, 0.000000, -58.000000, -90.000000, 1.000000, 0.399331, -48.000000, 0.000000, 0.000000
241692529, 0.000000, 0.000000, 0.000000, -58.000000, -90.000000, 1.000000, 0.396655, -48.000000, 0.000000, 0.000000
241904748, 0.000000, 0.000000, 0.000000, -58.000000, -90.000000, 1.000000, 0.396655, -48.000000, 0.000000, 0.000000
242105819, 0.000000, 0.000000, 0.000000, -58.000000, -90.000000, 1.000000, 0.395318, -48.000000, 0.000000, 0.000000
242308778, 0.000000, 0.000000, 0.000000, -58.000000, -90.000000, 1.000000, 0.395987, -48.000000, 0.000000, 0.000000
242510848, 0.000000, 0.000000, 0.000000, -58.000000, -90.000000, 1.000000, 0.393311, -48.000000, 0.000000, 0.000000
242711791, 0.000000, 0.000000, 0.000000, -58.000000, -90.000000, 1.000000, 0.394649, -48.000000, 0.000000, 0.000000
242913774, 0.000000, 0.000000, 0.000000, -58.000000, -90.000000, 1.000000, 0.384615, -48.000000, 0.000000, 0.000000
243114814, 0.000000, 0.000000, 0.000000, -58.000000, -90.000000, 1.000000, 0.387960, -48.000000, 0.000000, 0.000000
243317537, 0.000000, 0.000000, 0.000000, -58.000000, -90.000000, 1.000000, 0.387960, -48.000000, 0.000000, 0.000000
243519527, 0.000000, 0.000000, 0.000000, -58.000000, -90.000000, 1.000000, 0.387960, -48.000000, 0.000000, 0.000000
243730806, 0.000000, 0.000000, 0.000000, -58.000000, -90.000000, 1.000000, 0.363880, -48.000000, 0.000000, 0.000000
243932795, 0.000000, 0.000000, 0.000000, -58.000000, -90.000000, 1.000000, 0.321739, -48.000000, 0.000000, 0.000000
244133848, 0.000000, 0.000000, 0.000000, -58.000000, -90.000000, 1.000000, 0.305686, -48.000000, 0.000000, 0.000000
244336785, 0.000000, 0.000000, 0.000000, -58.000000, -90.000000, 1.000000, 0.308361, -48.000000, 0.000000, 0.000000
244538769, 0.000000, 0.000000, 0.000000, -58.000000, -90.000000, 1.000000, 0.306355, -48.000000, 0.000000, 0.000000
244739788, 0.000000, 0.000000, 0.000000, -58.000000, -90.000000, 1.000000, 0.305017, -48.000000, 0.000000, 0.000000
244941901, 0.000000, 0.000000, 0.000000, -58.000000, -90.000000, 1.000000, 0.305686, -48.000000, 0.000000, 0.000000
245152718, 0.000000, 0.000000, 0.000000, -58.000000, -90.000000, 1.000000, 0.301672, -48.000000, 0.000000, 0.000000
245354724, 0.000000, 0.000000, 0.000000, -58.000000, -90.000000, 1.000000, 0.305686, -48.000000, 0.000000, 0.000000
245555795, 0.000000, 0.000000, 0.000000, -58.000000, -90.000000, 1.000000, 0.295652, -48.000000, 0.000000, 0.000000
245758828, 0.000000, 0.000000, 0.000000, -58.000000, -90.000000, 1.000000, 0.301672, -48.000000, 0.000000, 0.000000
245960824, 0.000000, 0.000000, 0.000000, -58.000000, -90.000000, 1.000000, 0.295652, -48.000000, 0.000000, 0.000000
246161755, 0.000000, 0.000000, 0.000000, -58.000000, -90.000000, 1.000000, 0.302341, -48.000000, 0.000000, 0.000000
246364802, 0.000000, 0.000000, 0.000000, -58.000000, -90.000000, 1.000000, 0.305686, -48.000000, 0.000000, 0.000000
246566892, 0.000000, 0.000000, 0.000000, -58.000000, -90.000000, 1.000000, 0.301003, -48.000000, 0.000000, 0.000000
246767527, 0.000000, 0.000000, 0.000000, -58.000000, -90.000000, 1.000000, 0.303679, -48.000000, 0.000000, 0.000000
246969526, 0.000000, 0.000000, 0.000000, -58.000000, -90.000000, 1.000000, 0.302341, -48.000000, 0.000000, 0.000000
247180793, 0.000000, 0.000000, 0.000000, -58.000000, -90.000000, 1.000000, 0.308361, -48.000000, 0.000000, 0.000000
247382785, 0.000000, 0.000000, 0.000000, -58.000000, -90.000000, 1.000000, 0.306355, -48.000000, 0.000000, 0.000000
247583803, 0.000000, 0.000000, 0.000000, -58.000000, -90.000000, 1.000000, 0.303679, -48.000000, 0.000000, 0.000000
247786847, 0.000000, 0.000000, 0.000000, -58.000000, -90.000000, 1.000000, 0.296990, -48.000000, 0.000000, 0.000000
247988823, 0.000000, 0.000000, 0.000000, -58.000000, -90.000000, 1.000000, 0.301672, -48.000000, 0.000000, 0.000000
248189842, 0.000000, 0.000000, 0.000000, -58.000000, -90.000000, 1.000000, 0.302341, -48.000000, 0.000000, 0.000000
248392743, 0.000000, 0.000000, 0.000000, -58.000000, -90.000000, 1.000000, 0.306355, -48.000000, 0.000000, 0.000000
248594775, 0.000000, 0.000000, 0.000000, -58.000000, -90.000000, 1.000000, 0.309030, -48.000000, 0.000000, 0.000000
248805764, 0.000000, 0.000000, 0.000000, -58.000000, -90.000000, 1.000000, 0.298997, -48.000000, 0.000000, 0.000000
249007759, 0.000000, 0.000000, 0.000000, -58.000000, -90.000000, 1.000000, 0.301003, -48.000000, 0.000000, 0.000000
249208806, 0.000000, 0.000000, 0.000000, -58.000000, -90.000000, 1.000000, 0.309699, -48.000000, 0.000000, 0.000000
249410766, 0.000000, 0.000000, 0.000000, -58.000000, -90.000000, 1.000000, 0.347826, -48.000000, 0.000000, 0.000000
249611807, 0.000000, 0.000000, 0.000000, -58.000000, -90.000000, 1.000000, 0.353177, -48.000000, 0.000000, 0.000000
249814768, 0.000000, 0.000000, 0.000000, -58.000000, -90.000000, 1.000000, 0.343144, -48.000000, 0.000000, 0.000000
250016857, 0.000000, 0.000000, 0.000000, -58.000000, -90.000000, 1.000000, 0.334448, -48.000000, 0.000000, 0.000000
250217527, 0.000000, 0.000000, 0.000000, -58.000000, -90.000000, 1.000000, 0.342475, -48.000000, 0.000000, 0.000000
250429758, 0.000000, 0.000000, 0.000000, -58.000000, -90.000000, 1.000000, 0.331104, -48.000000, 0.000000, 0.000000
250630817, 0.000000, 0.000000, 0.000000, -58.000000, -90.000000, 1.000000, 0.330435, -48.000000, 0.000000, 0.000000
250833815, 0.000000, 0.000000, 0.000000, -58.000000, -90.000000, 1.000000, 0.320401, -48.000000, 0.000000, 0.000000
251035822, 0.000000, 0.000000, 0.000000, -58.000000, -90.000000, 1.000000, 0.330435, -48.000000, 0.000000, 0.000000
251236828, 0.000000, 0.000000, 0.000000, -58.000000, -90.000000, 1.000000, 0.327090, -48.000000, 0.000000, 0.000000
251438835, 0.000000, 0.000000, 0.000000, -58.000000, -90.000000, 1.000000, 0.331104, -48.000000, 0.000000, 0.000000
251639756, 0.000000, 0.000000, 0.000000, -58.000000, -90.000000, 1.000000, 0.325752, -48.000000, 0.000000, 0.000000
251842535, 0.000000, 0.000000, 0.000000, -58.000000, -90.000000, 1.000000, 0.331773, -48.000000, 0.000000, 0.000000
252044527, 0.000000, 0.000000, 0.000000, -58.000000, -90.000000, 1.000000, 0.331104, -48.000000, 0.000000, 0.000000
252255768, 0.000000, 0.000000, 0.000000, -58.000000, -90.000000, 1.000000, 0.328428, -48.000000, 0.000000, 0.000000
252457855, 0.000000, 0.000000, 0.000000, -58.000000, -90.000000, 1.000000, 0.329097, -48.000000, 0.000000, 0.000000
252658810, 0.000000, 0.000000, 0.000000, -58.000000, -90.000000, 1.000000, 0.331104, -48.000000, 0.000000, 0.000000
252861846, 0.000000, 0.000000, 0.000000, -58.000000, -90.000000, 1.000000, 0.331104, -48.000000, 0.000000, 0.000000
253063817, 0.000000, 0.000000, 0.000000, -58.000000, -90.000000, 1.000000, 0.330435, -48.000000, 0.000000, 0.000000
253264772, 0.000000, 0.000000, 0.000000, -58.000000, -90.000000, 1.000000, 0.330435, -48.000000, 0.000000, 0.000000
253466863, 0.000000, 0.000000, 0.000000, -58.000000, -90.000000, 1.000000, 0.327759, -48.000000, 0.000000, 0.000000
253667527, 0.000000, 0.000000, 0.000000, -58.000000, -90.000000, 1.000000, 0.331104, -48.000000, 0.000000, 0.000000
253879762, 0.000000, 0.000000, 0.000000, -58.000000, -90.000000, 1.000000, 0.327759, -48.000000, 0.000000, 0.000000
254080843, 0.000000, 0.000000, 0.000000, -58.000000, -90.000000, 1.000000, 0.329766, -48.000000, 0.000000, 0.000000
254283792, 0.000000, 0.000000, 0.000000, -58.000000, -90.000000, 1.000000, 0.331104, -48.000000, 0.000000, 0.000000
254485788, 0.000000, 0.000000, 0.000000, -58.000000, -90.000000, 1.000000, 0.329766, -48.000000, 0.000000, 0.000000
254686805, 0.000000, 0.000000, 0.000000, -58.000000, -90.000000, 1.000000, 0.330435, -48.000000, 0.000000, 0.000000
254888801, 0.000000, 0.000000, 0.000000, -58.000000, -90.000000, 1.000000, 0.331104, -48.000000, 0.000000, 0.000000
255089820, 0.000000, 0.000000, 0.000000, -58.000000, -90.000000, 1.000000, 0.330435, -48.000000, 0.000000, 0.000000
255292535, 0.000000, 0.000000, 0.000000, -58.000000, -90.000000, 1.000000, 0.331104, -48.000000, 0.000000, 0.000000
255494527, 0.000000, 0.000000, 0.000000, -58.000000, -90.000000, 1.000000, 0.331104, -48.000000, 0.000000, 0.000000
255705821, 0.000000, 0.000000, 0.000000, -58.000000, -90.000000, 1.000000, 0.328428, -48.000000, 0.000000, 0.000000
255907821, 0.000000, 0.000000, 0.000000, -58.000000, -90.000000, 1.000000, 0.330435, -48.000000, 0.000000, 0.000000
256108862, 0.000000, 0.000000, 0.000000, -58.000000, -90.000000, 1.000000, 0.330435, -48.000000, 0.000000, 0.000000
256311811, 0.000000, 0.000000, 0.000000, -58.000000, -90.000000, 1.000000, 0.331104, -48.000000, 0.000000, 0.000000
256513783, 0.000000, 0.000000, 0.000000, -58.000000, -90.000000, 1.000000, 0.329766, -48.000000, 0.000000, 0.000000
256714803, 0.000000, 0.000000, 0.000000, -58.000000, -90.000000, 1.000000, 0.331104, -48.000000, 0.000000, 0.000000
256916916, 0.000000, 0.000000, 0.000000, -58.000000, -90.000000, 1.000000, 0.329097, -48.000000, 0.000000, 0.000000
257117527, 0.000000, 0.000000, 0.000000, -58.000000, -90.000000, 1.000000, 0.330435, -48.000000, 0.000000, 0.000000
257329728, 0.000000, 0.000000, 0.000000, -58.000000, -90.000000, 1.000000, 0.331104, -48.000000, 0.000000, 0.000000
257530796, 0.000000, 0.000000, 0.000000, -58.000000, -90.000000, 1.000000, 0.328428, -48.000000, 0.000000, 0.000000
257733845, 0.000000, 0.000000, 0.000000, -58.000000, -90.000000, 1.000000, 0.329097, -48.000000, 0.000000, 0.000000
257935840, 0.000000, 0.000000, 0.000000, -58.000000, -90.000000, 1.000000, 0.331773, -48.000000, 0.000000, 0.000000
258136771, 0.000000, 0.000000, 0.000000, -58.000000, -90.000000, 1.000000, 0.329766, -48.000000, 0.000000, 0.000000
258338755, 0.000000, 0.000000, 0.000000, -58.000000, -90.000000, 1.000000, 0.327759, -48.000000, 0.000000, 0.000000
258539786, 0.000000, 0.000000, 0.000000, -58.000000, -90.000000, 1.000000, 0.331104, -48.000000, 0.000000, 0.000000
258742535, 0.000000, 0.000000, 0.000000, -58.000000, -90.000000, 1.000000, 0.329766, -48.000000, 0.000000, 0.000000
258944529, 0.000000, 0.000000, 0.000000, -58.000000, -90.000000, 1.000000, 0.331104, -48.000000, 0.000000, 0.000000
259155786, 0.000000, 0.000000, 0.000000, -58.000000, -90.000000, 1.000000, 0.331104, -48.000000, 0.000000, 0.000000
259357787, 0.000000, 0.000000, 0.000000, -58.000000, -90.000000, 1.000000, 0.329097, -48.000000, 0.000000, 0.000000
259558804, 0.000000, 0.000000, 0.000000, -58.000000, -90.000000, 1.000000, 0.331104, -48.000000, 0.000000, 0.000000
259761864, 0.000000, 0.000000, 0.000000, -58.000000, -90.000000, 1.000000, 0.331104, -48.000000, 0.000000, 0.000000
259963836, 0.000000, 0.000000, 0.000000, -58.000000, -90.000000, 1.000000, 0.329097, -48.000000, 0.000000, 0.000000
260164768, 0.000000, 0.000000, 0.000000, -58.000000, -90.000000, 1.000000, 0.331104, -48.000000, 0.000000, 0.000000
260366882, 0.000000, 0.000000, 0.000000, -58.000000, -90.000000, 1.000000, 0.331104, -48.000000, 0.000000, 0.000000
260577785, 0.000000, 0.000000, 0.000000, -58.000000, -90.000000, 1.000000, 0.331104, -48.000000, 0.000000, 0.000000
260779723, 0.000000, 0.000000, 0.000000, -58.000000, -90.000000, 1.000000, 0.325084, -48.000000, 0.000000, 0.000000
260980818, 0.000000, 0.000000, 0.000000, -58.000000, -90.000000, 1.000000, 0.330435, -48.000000, 0.000000, 0.000000
261183840, 0.000000, 0.000000, 0.000000, -58.000000, -90.000000, 1.000000, 0.331104, -48.000000, 0.000000, 0.000000
261385835, 0.000000, 0.000000, 0.000000, -58.000000, -90.000000, 1.000000, 0.329766, -48.000000, 0.000000, 0.000000
261586766, 0.000000, 0.000000, 0.000000, -58.000000, -90.000000, 1.000000, 0.329097, -48.000000, 0.000000, 0.000000
261789802, 0.000000, 0.000000, 0.000000, -58.000000, -90.000000, 1.000000, 0.331104, -48.000000, 0.000000, 0.000000
261991892, 0.000000, 0.000000, 0.000000, -58.000000, -90.000000, 1.000000, 0.330435, -48.000000, 0.000000, 0.000000
262192529, 0.000000, 0.000000, 0.000000, -58.000000, -90.000000, 1.000000, 0.331104, -48.000000, 0.000000, 0.000000
262394527, 0.000000, 0.000000, 0.000000, -58.000000, -90.000000, 1.000000, 0.328428, -48.000000, 0.000000, 0.000000
262605816, 0.000000, 0.000000, 0.000000, -58.000000, -90.000000, 1.000000, 0.329097, -48.000000, 0.000000, 0.000000
262807785, 0.000000, 0.000000, 0.000000, -58.000000, -90.000000, 1.000000, 0.329097, -48.000000, 0.000000, 0.000000
263008803, 0.000000, 0.000000, 0.000000, -58.000000, -90.000000, 1.000000, 0.329097, -48.000000, 0.000000, 0.000000
263211839, 0.000000, 0.000000, 0.000000, -58.000000, -90.000000, 1.000000, 0.329097, -48.000000, 0.000000, 0.000000
263413834, 0.000000, 0.000000, 0.000000, -58.000000, -90.000000, 1.000000, 0.344482, -48.000000, 0.000000, 0.000000
263614854, 0.000000, 0.000000, 0.000000, -58.000000, -90.000000, 1.000000, 0.331773, -48.000000, 0.000000, 0.000000
263817743, 0.000000, 0.000000, 0.000000, -58.000000, -90.000000, 1.000000, 0.331104, -48.000000, 0.000000, 0.000000
264019775, 0.000000, 0.000000, 0.000000, -58.000000, -90.000000, 1.000000, 0.331104, -48.000000, 0.000000, 0.000000
264230764, 0.000000, 0.000000, 0.000000, -58.000000, -90.000000, 1.000000, 0.330435, -48.000000, 0.000000, 0.000000
264432759, 0.000000, 0.000000, 0.000000, -58.000000, -90.000000, 1.000000, 0.330435, -48.000000, 0.000000, 0.000000
264633806, 0.000000, 0.000000, 0.000000, -58.000000, -90.000000, 1.000000, 0.330435, -48.000000, 0.000000, 0.000000
264835777, 0.000000, 0.000000, 0.000000, -58.000000, -90.000000, 1.000000, 0.330435, -48.000000, 0.000000, 0.000000
265036819, 0.000000, 0.000000, 0.000000, -58.000000, -90.000000, 1.000000, 0.331104, -48.000000, 0.000000, 0.000000
265239768, 0.000000, 0.000000, 0.000000, -58.000000, -90.000000, 1.000000, 0.330435, -48.000000, 0.000000, 0.000000
265441857, 0.000000, 0.000000, 0.000000, -58.000000, -90.000000, 1.000000, 0.331104, -48.000000, 0.000000, 0.000000
265642527, 0.000000, 0.000000, 0.000000, -58.000000, -90.000000, 1.000000, 0.329097, -48.000000, 0.000000, 0.000000
265854758, 0.000000, 0.000000, 0.000000, -58.000000, -90.000000, 1.000000, 0.330435, -48.000000, 0.000000, 0.000000
266055794, 0.000000, 0.000000, 0.000000, -58.000000, -90.000000, 1.000000, 0.327759, -48.000000, 0.000000, 0.000000
266258827, 0.000000, 0.000000, 0.000000, -58.000000, -90.000000, 1.000000, 0.329766, -48.000000, 0.000000, 0.000000
266460810, 0.000000, 0.000000, 0.000000, -58.000000, -90.000000, 1.000000, 0.328428, -48.000000, 0.000000, 0.000000
266661828, 0.000000, 0.000000, 0.000000, -58.000000, -90.000000, 1.000000, 0.326421, -48.000000, 0.000000, 0.000000
266863835, 0.000000, 0.000000, 0.000000, -58.000000, -90.000000, 1.000000, 0.331104, -48.000000, 0.000000, 0.000000
267064768, 0.000000, 0.000000, 0.000000, -58.000000, -90.000000, 1.000000, 0.330435, -48.000000, 0.000000, 0.000000
267267535, 0.000000, 0.000000, 0.000000, -58.000000, -90.000000, 1.000000, 0.331104, -48.000000, 0.000000, 0.000000
267469527, 0.000000, 0.000000, 0.000000, -58.000000, -90.000000, 1.000000, 0.330435, -48.000000, 0.000000, 0.000000
267680768, 0.000000, 0.000000, 0.000000, -58.000000, -90.000000, 1.000000, 0.329097, -48.000000, 0.000000, 0.000000
267882855, 0.000000, 0.000000, 0.000000, -58.000000, -90.000000, 1.000000, 0.331104, -48.000000, 0.000000, 0.000000
268083810, 0.000000, 0.000000, 0.000000, -58.000000, -90.000000, 1.000000, 0.331104, -48.000000, 0.000000, 0.000000
268286846, 0.000000, 0.000000, 0.000000, -58.000000, -90.000000, 1.000000, 0.331104, -48.000000, 0.000000, 0.000000
268488818, 0.000000, 0.000000, 0.000000, -58.000000, -90.000000, 1.000000, 0.329766, -48.000000, 0.000000, 0.000000
268689772, 0.000000, 0.000000, 0.000000, -58.000000, -90.000000, 1.000000, 0.323746, -48.000000, 0.000000, 0.000000
268891864, 0.000000, 0.000000, 0.000000, -58.000000, -90.000000, 1.000000, 0.329766, -48.000000, 0.000000, 0.000000
269092527, 0.000000, 0.000000, 0.000000, -58.000000, -90.000000, 1.000000, 0.328428, -48.000000, 0.000000, 0.000000
269304763, 0.000000, 0.000000, 0.000000, -58.000000, -90.000000, 1.000000, 0.332441, -48.000000, 0.000000, 0.000000
269505843, 0.000000, 0.000000, 0.000000, -58.000000, -90.000000, 1.000000, 0.330435, -48.000000, 0.000000, 0.000000
269708792, 0.000000, 0.000000, 0.000000, -58.000000, -90.000000, 1.000000, 0.331104, -48.000000, 0.000000, 0.000000
269910776, 0.000000, 0.000000, 0.000000, -58.000000, -90.000000, 1.000000, 0.327759, -48.000000, 0.000000, 0.000000
270111806, 0.000000, 0.000000, 0.000000, -58.000000, -90.000000, 1.000000, 0.329766, -48.000000, 0.000000, 0.000000
270313801, 0.000000, 0.000000, 0.000000, -58.000000, -90.000000, 1.000000, 0.331104, -48.000000, 0.000000, 0.000000
270514809, 0.000000, 0.000000, 0.000000, -58.000000, -90.000000, 1.000000, 0.315719, -48.000000, 0.000000, 0.000000
270717535, 0.000000, 0.000000, 0.000000, -58.000000, -90.000000, 1.000000, 0.330435, -48.000000, 0.000000, 0.000000
270919526, 0.000000, 0.000000, 0.000000, -58.000000, -90.000000, 1.000000, 0.327090, -48.000000, 0.000000, 0.000000
271130734, 0.000000, 0.000000, 0.000000, -58.000000, -90.000000, 1.000000, 0.329097, -48.000000, 0.000000, 0.000000
271332821, 0.000000, 0.000000, 0.000000, -58.000000, -90.000000, 1.000000, 0.316388, -48.000000, 0.000000, 0.000000
271533851, 0.000000, 0.000000, 0.000000, -58.000000, -90.000000, 1.000000, 0.313043, -48.000000, 0.000000, 0.000000
271736800, 0.000000, 0.000000, 0.000000, -58.000000, -90.000000, 1.000000, 0.313043, -48.000000, 0.000000, 0.000000
271938771, 0.000000, 0.000000, 0.000000, -58.000000, -90.000000, 1.000000, 0.313043, -48.000000, 0.000000, 0.000000
272139791, 0.000000, 0.000000, 0.000000, -58.000000, -90.000000, 1.000000, 0.313043, -48.000000, 0.000000, 0.000000
272341916, 0.000000, 0.000000, 0.000000, -58.000000, -90.000000, 1.000000, 0.303010, -48.000000, 0.000000, 0.000000
272542526, 0.000000, 0.000000, 0.000000, -58.000000, -90.000000, 1.000000, 0.303679, -48.000000, 0.000000, 0.000000
272754728, 0.000000, 0.000000, 0.000000, -58.000000, -90.000000, 1.000000, 0.299666, -48.000000, 0.000000, 0.000000
272955796, 0.000000, 0.000000, 0.000000, -58.000000, -90.000000, 1.000000, 0.295652, -48.000000, 0.000000, 0.000000
273158845, 0.000000, 0.000000, 0.000000, -58.000000, -90.000000, 1.000000, 0.305686, -48.000000, 0.000000, 0.000000
273360828, 0.000000, 0.000000, 0.000000, -58.000000, -90.000000, 1.000000, 0.359866, -48.000000, 0.000000, 0.000000
273561759, 0.000000, 0.000000, 0.000000, -58.000000, -90.000000, 1.000000, 0.405351, -48.000000, 0.000000, 0.000000
273763767, 0.000000, 0.000000, 0.000000, -58.000000, -90.000000, 1.000000, 0.413378, -48.000000, 0.000000, 0.000000
273964786, 0.000000, 0.000000, 0.000000, -58.000000, -90.000000, 1.000000, 0.408696, -48.000000, 0.000000, 0.000000
274167535, 0.000000, 0.000000, 0.000000, -58.000000, -90.000000, 1.000000, 0.408027, -48.000000, 0.000000, 0.000000
274369527, 0.000000, 0.000000, 0.000000, -58.000000, -90.000000, 1.000000, 0.406689, -48.000000, 0.000000, 0.000000
274580786, 0.000000, 0.000000, 0.000000, -58.000000, -90.000000, 1.000000, 0.412040, -48.000000, 0.000000, 0.000000
274782787, 0.000000, 0.000000, 0.000000, -58.000000, -90.000000, 1.000000, 0.409365, -48.000000, 0.000000, 0.000000
274983793, 0.000000, 0.000000, 0.000000, -58.000000, -90.000000, 1.000000, 0.405351, -48.000000, 0.000000, 0.000000
275186864, 0.000000, 0.000000, 0.000000, -58.000000, -90.000000, 1.000000, 0.413378, -48.000000, 0.000000, 0.000000
275388824, 0.000000, 0.000000, 0.000000, -58.000000, -90.000000, 1.000000, 0.482943, -48.000000, 0.000000, 0.000000
275589769, 0.000000, 0.000000, 0.000000, -58.000000, -90.000000, 1.000000, 0.484281, -48.000000, 0.000000, 0.000000
275791882, 0.000000, 0.000000, 0.000000, -58.000000, -90.000000, 1.000000, 0.484281, -48.000000, 0.000000, 0.000000
276002699, 0.000000, 0.000000, 0.000000, -58.000000, -90.000000, 1.000000, 0.474248, -48.000000, 0.000000, 0.000000
276204723, 0.000000, 0.000000, 0.000000, -58.000000, -90.000000, 1.000000, 0.471572, -48.000000, 0.000000, 0.000000
276405795, 0.000000, 0.000000, 0.000000, -58.000000, -90.000000, 1.000000, 0.475585, -48.000000, 0.000000, 0.000000
276608806, 142.509689, 0.000000, 0.000000, -58.000000, -90.000000, 1.000000, 0.469565, -48.000000, 0.000000, 0.000000
276819908, 375.617554, 0.000000, 0.000000, -58.000000, -90.000000, 1.000000, 0.470234, -48.000000, 0.000000, 0.000000
277022911, 515.685913, 0.000000, 0.000000, -58.000000, -90.000000, 1.000000, 0.472910, -48.000000, 0.000000, 0.000000
277225832, 397.578918, 0.000000, 0.000000, -58.000000, -90.000000, 1.000000, 0.470903, -48.000000, 0.000000, 0.000000
277436772, 253.889038, 0.000000, 0.000000, -58.000000, -90.000000, 1.000000, 0.464214, -48.000000, 0.000000, 0.000000
277639765, 128.408325, 0.000000, 0.000000, -58.000000, -90.000000, 1.000000, 0.457525, -48.000000, 0.000000, 0.000000
277842536, 49.946503, 0.000000, 0.000000, -58.000000, -90.000000, 1.000000, 0.455518, -48.000000, 0.000000, 0.000000
278055781, 0.000000, 0.000000, 0.000000, -58.000000, -90.000000, 1.000000, 0.458194, -48.000000, 0.000000, 0.000000
278257769, 0.000000, 0.000000, 0.000000, -58.000000, -90.000000, 1.000000, 0.451505, -48.000000, 0.000000, 0.000000
278458822, 0.000000, 0.000000, 0.000000, -58.000000, -90.000000, 1.000000, 0.445485, -48.000000, 0.000000, 0.000000
278661836, 82.100655, 0.000000, 0.000000, -58.000000, -90.000000, 1.000000, 0.432776, -48.000000, 0.000000, 0.000000
278864771, 330.603516, 0.000000, 0.000000, -58.000000, -90.000000, 1.000000, 0.434114, -48.000000, 0.000000, 0.000000
279075839, 516.585693, 0.000000, 0.000000, -58.000000, -90.000000, 1.000000, 0.426087, -48.000000, 0.000000, 0.000000
279278752, 488.855713, 0.000000, 0.000000, -58.000000, -90.000000, 1.000000, 0.425418, -48.000000, 0.000000, 0.000000
279491892, 315.578918, 0.000000, 181.808273, -58.000000, -90.000000, 1.000000, 0.423411, -48.000000, 0.000000, 0.000000
279694906, 196.429733, 0.000000, 0.000000, -58.000000, -90.000000, 1.000000, 0.426756, -48.000000, 0.000000, 0.000000
279905842, 82.241081, 0.000000, 0.000000, -58.000000, -90.000000, 1.000000, 0.417391, -48.000000, 0.000000, 0.000000
280108793, 24.874195, 0.000000, 0.000000, -58.000000, -90.000000, 1.000000, 0.425418, -48.000000, 0.000000, 0.000000
280311807, 0.000000, 0.000000, 0.000000, -58.000000, -90.000000, 1.000000, 0.425418, -48.000000, 0.000000, 0.000000
280513802, 0.000000, 0.000000, 0.000000, -58.000000, -90.000000, 1.000000, 0.424080, -48.000000, 0.000000, 0.000000
280714821, 0.000000, 0.000000, 0.000000, -58.000000, -90.000000, 1.000000, 0.419398, -48.000000, 0.000000, 0.000000
280916860, 0.000000, 0.000000, 0.000000, -58.000000, -90.000000, 1.000000, 0.417391, -48.000000, 0.000000, 0.000000
281127763, 0.000000, 0.000000, 0.000000, -58.000000, -90.000000, 1.000000, 0.414716, -48.000000, 0.000000, 0.000000
281329726, 0.000000, 0.000000, 0.000000, -58.000000, -90.000000, 1.000000, 0.416722, -48.000000, 0.000000, 0.000000
281530817, 0.000000, 0.000000, 0.000000, -58.000000, -90.000000, 1.000000, 0.408696, -48.000000, 0.000000, 0.000000
281733851, 0.000000, 0.000000, 0.000000, -58.000000, -90.000000, 1.000000, 0.381940, -48.000000, 0.000000, 0.000000
281935827, 0.000000, 0.000000, 0.000000, -58.000000, -90.000000, 1.000000, 0.383946, -48.000000, 0.000000, 0.000000
282136769, 0.000000, 0.000000, 0.000000, -58.000000, -90.000000, 1.000000, 0.381271, -48.000000, 0.000000, 0.000000
282339805, 0.000000, 0.000000, 0.000000, -58.000000, -90.000000, 1.000000, 0.317057, -48.000000, 0.000000, 0.000000
282541895, 0.000000, 0.000000, 0.000000, -58.000000, -90.000000, 1.000000, 0.277592, -48.000000, 0.000000, 0.000000
282742527, 0.000000, 0.000000, 0.000000, -58.000000, -90.000000, 1.000000, 0.277592, -48.000000, 0.000000, 0.000000
282944528, 0.000000, 0.000000, 0.000000, -58.000000, -90.000000, 1.000000, 0.266890, -48.000000, 0.000000, 0.000000
283155793, 0.000000, 0.000000, 0.000000, -58.000000, -90.000000, 1.000000, 0.280936, -48.000000, 0.000000, 0.000000
283357785, 0.000000, 0.000000, 0.000000, -58.000000, -90.000000, 1.000000, 0.279599, -48.000000, 0.000000, 0.000000
283558791, 0.000000, 0.000000, 0.000000, -58.000000, -90.000000, 1.000000, 0.276923, -48.000000, 0.000000, 0.000000
283761828, 99.789375, 0.000000, 0.000000, -58.000000, -90.000000, 1.000000, 0.288294, -48.000000, 0.000000, 0.000000
283964759, 352.666687, 0.000000, 0.000000, -58.000000, -90.000000, 1.000000, 0.295652, -48.000000, 0.000000, 0.000000
284175843, 553.809875, 0.000000, 0.000000, -58.000000, -90.000000, 1.000000, 0.298997, -48.000000, 0.000000, 0.000000
284378756, 457.198944, 0.000000, 0.000000, -58.000000, -90.000000, 1.000000, 0.288294, -48.000000, 0.000000, 0.000000
284591895, 310.613770, 0.000000, 0.000000, -58.000000, -90.000000, 1.000000, 0.298328, -48.000000, 0.000000, 0.000000
284794912, 187.503555, 0.000000, 0.000000, -58.000000, -90.000000, 1.000000, 0.301003, -48.000000, 0.000000, 0.000000
285005766, 139.807495, 0.000000, 0.000000, -58.000000, -90.000000, 1.000000, 0.302341, -48.000000, 0.000000, 0.000000
285208787, 295.433411, 0.000000, 0.000000, -58.000000, -90.000000, 1.000000, 0.310368, -48.000000, 0.000000, 0.000000
285419876, 472.063202, 0.000000, 0.000000, -58.000000, -90.000000, 1.000000, 0.311706, -48.000000, 0.000000, 0.000000
285622876, 455.289764, 0.000000, 0.000000, -58.000000, -90.000000, 1.000000, 0.366555, -48.000000, 0.000000, 0.000000
285825890, 307.781128, 0.000000, 0.000000, -58.000000, -90.000000, 1.000000, 0.367893, -48.000000, 0.000000, 0.000000
286036839, 178.271545, 0.000000, 0.000000, -58.000000, -90.000000, 1.000000, 0.355853, -48.000000, 0.000000, 0.000000
286239767, 78.362038, 0.000000, 0.000000, -58.000000, -90.000000, 1.000000, 0.345151, -48.000000, 0.000000, 0.000000
286442535, 7.273256, 0.000000, 0.000000, -58.000000, -90.000000, 1.000000, 0.342475, -48.000000, 0.000000, 0.000000
286644527, 0.000000, 0.000000, 0.000000, -58.000000, -90.000000, 1.000000, 0.342475, -48.000000, 0.000000, 0.000000
286855747, 0.000000, 0.000000, 0.000000, -58.000000, -90.000000, 1.000000, 0.333779, -48.000000, 0.000000, 0.000000
287057834, 0.000000, 0.000000, 0.000000, -58.000000, -90.000000, 1.000000, 0.337124, -48.000000, 0.000000, 0.000000
287258753, 0.000000, 0.000000, 0.000000, -58.000000, -90.000000, 1.000000, 0.335117, -48.000000, 0.000000, 0.000000
287461813, 0.000000, 0.000000, 0.000000, -58.000000, -90.000000, 1.000000, 0.332441, -48.000000, 0.000000, 0.000000
287663785, 0.000000, 0.000000, 0.000000, -58.000000, -90.000000, 1.000000, 0.332441, -48.000000, 0.000000, 0.000000
287864816, 0.000000, 0.000000, 0.000000, -58.000000, -90.000000, 1.000000, 0.337793, -48.000000, 0.000000, 0.000000
288066842, 0.000000, 0.000000, 0.000000, -58.000000, -90.000000, 1.000000, 0.332441, -48.000000, 0.000000, 0.000000
288277746, 0.000000, 0.000000, 0.000000, -58.000000, -90.000000, 1.000000, 0.330435, -48.000000, 0.000000, 0.000000
288479723, 0.000000, 0.000000, 0.000000, -58.000000, -90.000000, 1.000000, 0.330435, -48.000000, 0.000000, 0.000000
288680818, 0.000000, 0.000000, 0.000000, -58.000000, -90.000000, 1.000000, 0.331104, -48.000000, 0.000000, 0.000000
288883828, 0.000000, 0.000000, 0.000000, -58.000000, -90.000000, 1.000000, 0.332441, -48.000000, 0.000000, 0.000000
289085835, 0.000000, 0.000000, 0.000000, -58.000000, -90.000000, 1.000000, 0.331773, -48.000000, 0.000000, 0.000000
289286766, 0.000000, 0.000000, 0.000000, -58.000000, -90.000000, 1.000000, 0.329097, -48.000000, 0.000000, 0.000000
289489790, 0.000000, 0.000000, 0.000000, -58.000000, -90.000000, 1.000000, 0.334448, -48.000000, 0.000000, 0.000000
289691891, 0.000000, 0.000000, 0.000000, -58.000000, -90.000000, 1.000000, 0.331104, -48.000000, 0.000000, 0.000000
289892527, 0.000000, 0.000000, 0.000000, -58.000000, -90.000000, 1.000000, 0.329766, -48.000000, 0.000000, 0.000000
290094529, 0.000000, 0.000000, 0.000000, -58.000000, -90.000000, 1.000000, 0.332441, -48.000000, 0.000000, 0.000000
290305794, 0.000000, 0.000000, 0.000000, -58.000000, -90.000000, 1.000000, 0.332441, -48.000000, 0.000000, 0.000000
290507782, 0.000000, 0.000000, 0.000000, -58.000000, -90.000000, 1.000000, 0.331104, -48.000000, 0.000000, 0.000000
290708799, 0.000000, 0.000000, 0.000000, -58.000000, -90.000000, 1.000000, 0.331104, -48.000000, 0.000000, 0.000000
290911835, 0.000000, 0.000000, 0.000000, -58.000000, -90.000000, 1.000000, 0.331104, -48.000000, 0.000000, 0.000000
291113831, 0.000000, 0.000000, 0.000000, -58.000000, -90.000000, 1.000000, 0.331104, -48.000000, 0.000000, 0.000000
291314838, 0.000000, 0.000000, 0.000000, -58.000000, -90.000000, 1.000000, 0.334448, -48.000000, 0.000000, 0.000000
291517740, 0.000000, 0.000000, 0.000000, -58.000000, -90.000000, 1.000000, 0.331104, -48.000000, 0.000000, 0.000000
291719768, 0.000000, 0.000000, 0.000000, -58.000000, -90.000000, 1.000000, 0.335117, -48.000000, 0.000000, 0.000000
291930764, 0.000000, 0.000000, 0.000000, -58.000000, -90.000000, 1.000000, 0.331104, -48.000000, 0.000000, 0.000000
292132759, 0.000000, 0.000000, 0.000000, -58.000000, -90.000000, 1.000000, 0.333110, -48.000000, 0.000000, 0.000000
292333806, 0.000000, 0.000000, 0.000000, -58.000000, -90.000000, 1.000000, 0.331104, -48.000000, 0.000000, 0.000000
292535777, 0.000000, 0.000000, 0.000000, -58.000000, -90.000000, 1.000000, 0.335786, -48.000000, 0.000000, 0.000000
292736819, 0.000000, 0.000000, 0.000000, -58.000000, -90.000000, 1.000000, 0.324415, -48.000000, 0.000000, 0.000000
292939756, 0.000000, 0.000000, 0.000000, -58.000000, -90.000000, 1.000000, 0.313043, -48.000000, 0.000000, 0.000000
293141857, 0.000000, 0.000000, 0.000000, -58.000000, -90.000000, 1.000000, 0.315719, -48.000000, 0.000000, 0.000000
293342529, 0.000000, 0.000000, 0.000000, -58.000000, -90.000000, 1.000000, 0.328428, -48.000000, 0.000000, 0.000000
293554758, 0.000000, 0.000000, 0.000000, -58.000000, -90.000000, 1.000000, 0.363211, -48.000000, 0.000000, 0.000000
293755817, 0.000000, 0.000000, 0.000000, -58.000000, -90.000000, 1.000000, 0.388629, -48.000000, 0.000000, 0.000000
293958815, 0.000000, 0.000000, 0.000000, -58.000000, -90.000000, 1.000000, 0.377926, -48.000000, 0.000000, 0.000000
294160810, 0.000000, 0.000000, 0.000000, -58.000000, -90.000000, 1.000000, 0.378595, -48.000000, 0.000000, 0.000000
294361828, 0.000000, 0.000000, 0.000000, -58.000000, -90.000000, 1.000000, 0.385953, -48.000000, 0.000000, 0.000000
294563835, 0.000000, 0.000000, 0.000000, -58.000000, -90.000000, 1.000000, 0.388629, -48.000000, 0.000000, 0.000000
294764768, 0.000000, 0.000000, 0.000000, -58.000000, -90.000000, 1.000000, 0.382609, -48.000000, 0.000000, 0.000000
294967537, 0.000000, 0.000000, 0.000000, -58.000000, -90.000000, 1.000000, 0.385284, -48.000000, 0.000000, 0.000000
295169527, 0.000000, 0.000000, 0.000000, -58.000000, -90.000000, 1.000000, 0.380602, -48.000000, 0.000000, 0.000000
295380769, 0.000000, 0.000000, 0.000000, -58.000000, -90.000000, 1.000000, 0.381271, -48.000000, 0.000000, 0.000000
295582859, 0.000000, 0.000000, 0.000000, -58.000000, -90.000000, 1.000000, 0.382609, -48.000000, 0.000000, 0.000000
295783802, 0.000000, 0.000000, 0.000000, -58.000000, -90.000000, 1.000000, 0.385953, -48.000000, 0.000000, 0.000000
295986838, 25.328541, 0.000000, 0.000000, -58.000000, -90.000000, 1.000000, 0.384615, -48.000000, 0.000000, 0.000000
296189831, 210.825729, 0.000000, 0.000000, -58.000000, -90.000000, 1.000000, 0.380602, -48.000000, 0.000000, 0.000000
296402773, 446.087463, 0.000000, 0.000000, -58.000000, -90.000000, 1.000000, 0.381940, -48.000000, 0.000000, 0.000000
296605914, 513.244507, 0.000000, 0.000000, -58.000000, -90.000000, 1.000000, 0.381940, -48.000000, 0.000000, 0.000000
296816918, 396.549286, 0.000000, 0.000000, -58.000000, -90.000000, 1.000000, 0.386622, -48.000000, 0.000000, 0.000000
297019831, 243.410858, 0.000000, 0.000000, -58.000000, -90.000000, 1.000000, 0.416722, -48.000000, 0.000000, 0.000000
297222844, 128.290253, 0.000000, 0.000000, -58.000000, -90.000000, 1.000000, 0.417391, -48.000000, 0.000000, 0.000000
297433786, 60.361671, 0.000000, 0.000000, -58.000000, -90.000000, 1.000000, 0.416722, -48.000000, 0.000000, 0.000000
297635777, 10.526316, 0.000000, 0.000000, -58.000000, -90.000000, 1.000000, 0.416722, -48.000000, 0.000000, 0.000000
297836806, 0.000000, 0.000000, 0.000000, -58.000000, -90.000000, 1.000000, 0.414047, -48.000000, 0.000000, 0.000000
298039830, 0.000000, 0.000000, 0.000000, -58.000000, -90.000000, 1.000000, 0.416722, -48.000000, 0.000000, 0.000000
298241845, 0.000000, 0.000000, 0.000000, -58.000000, -90.000000, 1.000000, 0.416722, -48.000000, 0.000000, 0.000000
298442529, 0.000000, 0.000000, 0.000000, -58.000000, -90.000000, 1.000000, 0.413378, -48.000000, 0.000000, 0.000000
298644527, 0.000000, 0.000000, 0.000000, -58.000000, -90.000000, 1.000000, 0.409365, -48.000000, 0.000000, 0.000000
298855817, 0.000000, 0.000000, 0.000000, -58.000000, -90.000000, 1.000000, 0.409365, -48.000000, 0.000000, 0.000000
299057810, 0.000000, 0.000000, 0.000000, -58.000000, -90.000000, 1.000000, 0.404013, -48.000000, 0.000000, 0.000000
299258847, 0.000000, 0.000000, 0.000000, -58.000000, -90.000000, 1.000000, 0.400000, -48.000000, 0.000000, 0.000000
299461777, 0.000000, 0.000000, 0.000000, -58.000000, -90.000000, 1.000000, 0.393311, -48.000000, 0.000000, 0.000000
299663784, 0.000000, 0.000000, 0.000000, -58.000000, -90.000000, 1.000000, 0.370569, -48.000000, 0.000000, 0.000000
299864792, 0.000000, 0.000000, 0.000000, -58.000000, -90.000000, 1.000000, 0.347826, -48.000000, 0.000000, 0.000000
300067776, 0.000000, 0.000000, 0.000000, -58.000000, -90.000000, 1.000000, 0.324415, -48.000000, 0.000000, 0.000000
300269723, 0.000000, 0.000000, 0.000000, -58.000000, -90.000000, 1.000000, 0.326421, -48.000000, 0.000000, 0.000000
300480804, 0.000000, 0.000000, 0.000000, -58.000000, -90.000000, 1.000000, 0.326421, -48.000000, 0.000000, 0.000000
300682799, 0.000000, 0.000000, 0.000000, -58.000000, -90.000000, 1.000000, 0.311037, -48.000000, 0.000000, 0.000000
300883846, 0.000000, 0.000000, 0.000000, -58.000000, -90.000000, 1.000000, 0.291639, -48.000000, 0.000000, 0.000000
301085805, 0.000000, 0.000000, 0.000000, -58.000000, -90.000000, 1.000000, 0.288294, -48.000000, 0.000000, 0.000000
301286760, 0.000000, 0.000000, 0.000000, -58.000000, -90.000000, 1.000000, 0.288963, -48.000000, 0.000000, 0.000000
301489816, 0.000000, 0.000000, 0.000000, -58.000000, -90.000000, 1.000000, 0.290970, -48.000000, 0.000000, 0.000000
301691897, 0.000000, 0.000000, 0.000000, -58.000000, -90.000000, 1.000000, 0.292308, -48.000000, 0.000000, 0.000000
301892527, 0.000000, 0.000000, 0.000000, -58.000000, -90.000000, 1.000000, 0.288963, -48.000000, 0.000000, 0.000000
302104711, 0.000000, 0.000000, 0.000000, -58.000000, -90.000000, 1.000000, 0.290301, -48.000000, 0.000000, 0.000000
302305828, 0.000000, 0.000000, 0.000000, -58.000000, -90.000000, 1.000000, 0.298328, -48.000000, 0.000000, 0.000000
302508771, 0.000000, 0.000000, 0.000000, -58.000000, -90.000000, 1.000000, 0.294314, -48.000000, 0.000000, 0.000000
302710865, 0.000000, 0.000000, 0.000000, -58.000000, -90.000000, 1.000000, 0.292308, -48.000000, 0.000000, 0.000000
302911784, 0.000000, 0.000000, 0.000000, -58.000000, -90.000000, 1.000000, 0.290301, -48.000000, 0.000000, 0.000000
303113791, 0.000000, 0.000000, 0.000000, -58.000000, -90.000000, 1.000000, 0.291639, -48.000000, 0.000000, 0.000000
303314811, 0.000000, 0.000000, 0.000000, -58.000000, -90.000000, 1.000000, 0.271572, -48.000000, 0.000000, 0.000000
303517783, 0.000000, 0.000000, 0.000000, -58.000000, -90.000000, 1.000000, 0.272910, -48.000000, 0.000000, 0.000000
303719527, 0.000000, 0.000000, 0.000000, -58.000000, -90.000000, 1.000000, 0.268227, -48.000000, 0.000000, 0.000000
303930811, 0.000000, 0.000000, 0.000000, -58.000000, -90.000000, 1.000000, 0.266890, -48.000000, 0.000000, 0.000000
304132811, 0.000000, 0.000000, 0.000000, -58.000000, -90.000000, 1.000000, 0.278261, -48.000000, 0.000000, 0.000000
304333853, 0.000000, 0.000000, 0.000000, -58.000000, -90.000000, 1.000000, 0.305017, -48.000000, 0.000000, 0.000000
304535825, 0.000000, 0.000000, 0.000000, -58.000000, -90.000000, 1.000000, 0.305686, -48.000000, 0.000000, 0.000000
304736832, 0.000000, 0.000000, 0.000000, -58.000000, -90.000000, 1.000000, 0.308361, -48.000000, 0.000000, 0.000000
304939815, 0.000000, 0.000000, 0.000000, -58.000000, -90.000000, 1.000000, 0.305017, -48.000000, 0.000000, 0.000000
305141906, 0.000000, 0.000000, 0.000000, -58.000000, -90.000000, 1.000000, 0.306355, -48.000000, 0.000000, 0.000000
305342527, 0.000000, 0.000000, 0.000000, -58.000000, -90.000000, 1.000000, 0.307023, -48.000000, 0.000000, 0.000000
305554719, 0.000000, 0.000000, 0.000000, -58.000000, -90.000000, 1.000000, 0.305686, -48.000000, 0.000000, 0.000000
305755794, 0.000000, 0.000000, 0.000000, -58.000000, -90.000000, 1.000000, 0.302341, -48.000000, 0.000000, 0.000000
305958823, 0.000000, 0.000000, 0.000000, -58.000000, -90.000000, 1.000000, 0.302341, -48.000000, 0.000000, 0.000000
306160831, 0.000000, 0.000000, 0.000000, -58.000000, -90.000000, 1.000000, 0.311706, -48.000000, 0.000000, 0.000000
306361848, 0.000000, 0.000000, 0.000000, -58.000000, -90.000000, 1.000000, 0.311706, -48.000000, 0.000000, 0.000000
306563844, 0.000000, 0.000000, 0.000000, -58.000000, -90.000000, 1.000000, 0.311706, -48.000000, 0.000000, 0.000000
306764765, 0.000000, 0.000000, 0.000000, -58.000000, -90.000000, 1.000000, 0.320401, -48.000000, 0.000000, 0.000000
306967535, 0.000000, 0.000000, 0.000000, -58.000000, -90.000000, 1.000000, 0.321739, -48.000000, 0.000000, 0.000000
307169527, 0.000000, 0.000000, 0.000000, -58.000000, -90.000000, 1.000000, 0.329766, -48.000000, 0.000000, 0.000000
307380777, 0.000000, 0.000000, 0.000000, -58.000000, -90.000000, 1.000000, 0.323077, -48.000000, 0.000000, 0.000000
307582871, 0.000000, 0.000000, 0.000000, -58.000000, -90.000000, 1.000000, 0.000000, -48.000000, 0.000000, 0.000000
307783826, 0.000000, 0.000000, 0.000000, -58.000000, -90.000000, 1.000000, 0.000000, -48.000000, 0.000000, 0.000000
307986862, 0.000000, 0.000000, 0.000000, -58.000000, -90.000000, 1.000000, 0.000000, -48.000000, 0.000000, 0.000000
308188842, 0.000000, 0.000000, 0.000000, -58.000000, -90.000000, 1.000000, 0.000000, -48.000000, 0.000000, 0.000000
308389861, 0.000000, 0.000000, 0.000000, -58.000000, -90.000000, 1.000000, 0.000000, -48.000000, 0.000000, 0.000000
308591875, 0.000000, 0.000000, 0.000000, -58.000000, -90.000000, 1.000000, 0.000000, -48.000000, 0.000000, 0.000000
308792528, 0.000000, 0.000000, 0.000000, -58.000000, -90.000000, 1.000000, 0.000000, -48.000000, 0.000000, 0.000000
309004771, 0.000000, 0.000000, 0.000000, -58.000000, -90.000000, 1.000000, 0.000000, -48.000000, 0.000000, 0.000000
309205868, 0.000000, 0.000000, 0.000000, -58.000000, -90.000000, 1.000000, 0.077592, -48.000000, 0.000000, 0.000000
309408789, 0.000000, 0.000000, 0.000000, -58.000000, -90.000000, 1.000000, 0.199331, -48.000000, 0.000000, 0.000000
309610784, 0.000000, 0.000000, 0.000000, -58.000000, -90.000000, 1.000000, 0.223411, -48.000000, 0.000000, 0.000000
309811814, 0.000000, 0.000000, 0.000000, -58.000000, -90.000000, 1.000000, 0.245485, -48.000000, 0.000000, 0.000000
310013809, 0.000000, 0.000000, 0.000000, -58.000000, -90.000000, 1.000000, 0.240803, -48.000000, 0.000000, 0.000000
310214829, 0.000000, 0.000000, 0.000000, -58.000000, -90.000000, 1.000000, 0.232776, -48.000000, 0.000000, 0.000000
310417535, 0.000000, 0.000000, 0.000000, -58.000000, -90.000000, 1.000000, 0.230100, -48.000000, 0.000000, 0.000000
310619527, 0.000000, 0.000000, 0.000000, -58.000000, -90.000000, 1.000000, 0.239465, -48.000000, 0.000000, 0.000000
310830746, 0.000000, 0.000000, 0.000000, -58.000000, -90.000000, 1.000000, 0.309030, -48.000000, 0.000000, 0.000000
311032830, 0.000000, 0.000000, 0.000000, -58.000000, -90.000000, 1.000000, 0.309699, -48.000000, 0.000000, 0.000000
311233749, 0.000000, 0.000000, 0.000000, -58.000000, -90.000000, 1.000000, 0.276254, -48.000000, 0.000000, 0.000000
311436808, 0.000000, 0.000000, 0.000000, -58.000000, -90.000000, 1.000000, 0.276254, -48.000000, 0.000000, 0.000000
311638792, 0.000000, 0.000000, 0.000000, -58.000000, -90.000000, 1.000000, 0.286957, -48.000000, 0.000000, 0.000000
311839800, 0.000000, 0.000000, 0.000000, -58.000000, -90.000000, 1.000000, 0.283612, -48.000000, 0.000000, 0.000000
312041838, 0.000000, 0.000000, 0.000000, -58.000000, -90.000000, 1.000000, 0.274247, -48.000000, 0.000000, 0.000000
312252741, 0.000000, 0.000000, 0.000000, -58.000000, -90.000000, 1.000000, 0.281605, -48.000000, 0.000000, 0.000000
312454723, 0.000000, 0.000000, 0.000000, -58.000000, -90.000000, 1.000000, 0.312375, -48.000000, 0.000000, 0.000000
312655818, 0.000000, 0.000000, 0.000000, -58.000000, -90.000000, 1.000000, 0.267559, -48.000000, 0.000000, 0.000000
312858847, 0.000000, 0.000000, 0.000000, -58.000000, -90.000000, 1.000000, 0.266890, -48.000000, 0.000000, 0.000000
313060843, 0.000000, 0.000000, 0.000000, -58.000000, -90.000000, 1.000000, 0.266890, -48.000000, 0.000000, 0.000000
313261774, 0.000000, 0.000000, 0.000000, -58.000000, -90.000000, 1.000000, 0.266890, -48.000000, 0.000000, 0.000000
313464802, 0.000000, 0.000000, 0.000000, -58.000000, -90.000000, 1.000000, 0.266221, -48.000000, 0.000000, 0.000000
313666891, 0.000000, 0.000000, 0.000000, -58.000000, -90.000000, 1.000000, 0.264883, -48.000000, 0.000000, 0.000000
313867527, 0.000000, 0.000000, 0.000000, -58.000000, -90.000000, 1.000000, 0.264214, -48.000000, 0.000000, 0.000000
314069529, 0.000000, 0.000000, 0.000000, -58.000000, -90.000000, 1.000000, 0.263545, -48.000000, 0.000000, 0.000000
314280793, 0.000000, 0.000000, 0.000000, -58.000000, -90.000000, 1.000000, 0.268227, -48.000000, 0.000000, 0.000000
314482789, 0.000000, 0.000000, 0.000000, -58.000000, -90.000000, 1.000000, 0.266890, -48.000000, 0.000000, 0.000000
314683807, 0.000000, 0.000000, 0.000000, -58.000000, -90.000000, 1.000000, 0.266890, -48.000000, 0.000000, 0.000000
314886835, 0.000000, 0.000000, 0.000000, -58.000000, -90.000000, 1.000000, 0.266221, -48.000000, 0.000000, 0.000000
315088830, 0.000000, 0.000000, 0.000000, -58.000000, -90.000000, 1.000000, 0.272241, -48.000000, 0.000000, 0.000000
315289858, 0.000000, 0.000000, 0.000000, -58.000000, -90.000000, 1.000000, 0.266890, -48.000000, 0.000000, 0.000000
315492740, 0.000000, 0.000000, 0.000000, -58.000000, -90.000000, 1.000000, 0.266890, -48.000000, 0.000000, 0.000000
315694767, 0.000000, 0.000000, 0.000000, -58.000000, -90.000000, 1.000000, 0.266890, -48.000000, 0.000000, 0.000000
315905764, 0.000000, 0.000000, 0.000000, -58.000000, -90.000000, 1.000000, 0.286288, -48.000000, 0.000000, 0.000000
316107759, 0.000000, 0.000000, 0.000000, -58.000000, -90.000000, 1.000000, 0.294314, -48.000000, 0.000000, 0.000000
316308793, 0.000000, 0.000000, 0.000000, -58.000000, -90.000000, 1.000000, 0.301003, -48.000000, 0.000000, 0.000000
316510777, 0.000000, 0.000000, 0.000000, -58.000000, -90.000000, 1.000000, 0.286957, -48.000000, 0.000000, 0.000000
316711806, 0.000000, 0.000000, 0.000000, -58.000000, -90.000000, 1.000000, 0.296321, -48.000000, 0.000000, 0.000000
316914767, 0.000000, 0.000000, 0.000000, -58.000000, -90.000000, 1.000000, 0.297659, -48.000000, 0.000000, 0.000000
317116857, 0.000000, 0.000000, 0.000000, -58.000000, -90.000000, 1.000000, 0.301003, -48.000000, 0.000000, 0.000000
317317529, 0.000000, 0.000000, 0.000000, -58.000000, -90.000000, 1.000000, 0.298997, -48.000000, 0.000000, 0.000000
317529758, 0.000000, 0.000000, 0.000000, -58.000000, -90.000000, 1.000000, 0.300334, -48.000000, 0.000000, 0.000000
317730817, 0.000000, 0.000000, 0.000000, -58.000000, -90.000000, 1.000000, 0.299666, -48.000000, 0.000000, 0.000000
317933827, 0.000000, 0.000000, 0.000000, -58.000000, -90.000000, 1.000000, 0.286957, -48.000000, 0.000000, 0.000000
318135822, 0.000000, 0.000000, 0.000000, -58.000000, -90.000000, 1.000000, 0.299666, -48.000000, 0.000000, 0.000000
318336840, 0.000000, 0.000000, 0.000000, -58.000000, -90.000000, 1.000000, 0.298997, -48.000000, 0.000000, 0.000000
318538835, 0.000000, 0.000000, 0.000000, -58.000000, -90.000000, 1.000000, 0.299666, -48.000000, 0.000000, 0.000000
318739756, 0.000000, 0.000000, 0.000000, -58.000000, -90.000000, 1.000000, 0.302341, -48.000000, 0.000000, 0.000000
318942537, 0.000000, 0.000000, 0.000000, -58.000000, -90.000000, 1.000000, 0.299666, -48.000000, 0.000000, 0.000000
319144527, 0.000000, 0.000000, 0.000000, -58.000000, -90.000000, 1.000000, 0.291639, -48.000000, 0.000000, 0.000000
319355768, 0.000000, 0.000000, 0.000000, -58.000000, -90.000000, 1.000000, 0.298997, -48.000000, 0.000000, 0.000000
319557855, 0.000000, 0.000000, 0.000000, -58.000000, -90.000000, 1.000000, 0.303679, -48.000000, 0.000000, 0.000000
319758798, 0.000000, 0.000000, 0.000000, -58.000000, -90.000000, 1.000000, 0.301003, -48.000000, 0.000000, 0.000000
319961846, 0.000000, 0.000000, 0.000000, -58.000000, -90.000000, 1.000000, 0.297659, -48.000000, 0.000000, 0.000000
320163818, 0.000000, 0.000000, 0.000000, -58.000000, -90.000000, 1.000000, 0.298328, -48.000000, 0.000000, 0.000000
320364772, 0.000000, 0.000000, 0.000000, -58.000000, -90.000000, 1.000000, 0.299666, -48.000000, 0.000000, 0.000000
320566864, 0.000000, 0.000000, 0.000000, -58.000000, -90.000000, 1.000000, 0.298997, -48.000000, 0.000000, 0.000000
320767527, 0.000000, 0.000000, 0.000000, -58.000000, -90.000000, 1.000000, 0.294314, -48.000000, 0.000000, 0.000000
320979763, 0.000000, 0.000000, 0.000000, -58.000000, -90.000000, 1.000000, 0.298328, -48.000000, 0.000000, 0.000000
321180843, 0.000000, 0.000000, 0.000000, -58.000000, -90.000000, 1.000000, 0.292308, -48.000000, 0.000000, 0.000000
321383793, 0.000000, 0.000000, 0.000000, -58.000000, -90.000000, 1.000000, 0.297659, -48.000000, 0.000000, 0.000000
321585788, 0.000000, 0.000000, 0.000000, -58.000000, -90.000000, 1.000000, 0.298997, -48.000000, 0.000000, 0.000000
321786794, 0.000000, 0.000000, 0.000000, -58.000000, -90.000000, 1.000000, 0.288294, -48.000000, 0.000000, 0.000000
321988809, 0.000000, 0.000000, 0.000000, -58.000000, -90.000000, 1.000000, 0.296990, -48.000000, 0.000000, 0.000000
322189820, 0.000000, 0.000000, 0.000000, -58.000000, -90.000000, 1.000000, 0.286288, -48.000000, 0.000000, 0.000000
322392535, 0.000000, 0.000000, 0.000000, -58.000000, -90.000000, 1.000000, 0.297659, -48.000000, 0.000000, 0.000000
322594527, 0.000000, 0.000000, 0.000000, -58.000000, -90.000000, 1.000000, 0.294314, -48.000000, 0.000000, 0.000000
322805734, 0.000000, 0.000000, 0.000000, -58.000000, -90.000000, 1.000000, 0.294314, -48.000000, 0.000000, 0.000000
323007824, 0.000000, 0.000000, 0.000000, -58.000000, -90.000000, 1.000000, 0.292977, -48.000000, 0.000000, 0.000000
323208866, 0.000000, 0.000000, 0.000000, -58.000000, -90.000000, 1.000000, 0.291639, -48.000000, 0.000000, 0.000000
323411815, 0.000000, 0.000000, 0.000000, -58.000000, -90.000000, 1.000000, 0.292308, -48.000000, 0.000000, 0.000000
323613787, 0.000000, 0.000000, 0.000000, -58.000000, -90.000000, 1.000000, 0.286288, -48.000000, 0.000000, 0.000000
323814794, 0.000000, 0.000000, 0.000000, -58.000000, -90.000000, 1.000000, 0.288294, -48.000000, 0.000000, 0.000000
324016919, 0.000000, 0.000000, 0.000000, -58.000000, -90.000000, 1.000000, 0.306355, -48.000000, 0.000000, 0.000000
324217527, 0.000000, 0.000000, 0.000000, -58.000000, -90.000000, 1.000000, 0.294314, -48.000000, 0.000000, 0.000000
324429728, 0.000000, 0.000000, 0.000000, -58.000000, -90.000000, 1.000000, 0.294314, -48.000000, 0.000000, 0.000000
324630817, 0.000000, 0.000000, 0.000000, -58.000000, -90.000000, 1.000000, 0.292977, -48.000000, 0.000000, 0.000000
324833845, 24.817818, 0.000000, 0.000000, -58.000000, -90.000000, 1.000000, 0.292308, -48.000000, 0.000000, 0.000000
325036773, 221.505768, 0.000000, 0.000000, -58.000000, -90.000000, 1.000000, 0.292308, -48.000000, 0.000000, 0.000000
325239780, 577.777344, 0.000000, 0.000000, -58.000000, -90.000000, 1.000000, 0.288963, -48.000000, 0.000000, 0.000000
325450863, 996.799377, 0.000000, 0.000000, -58.000000, -90.000000, 1.000000, 0.298328, -48.000000, 0.000000, 0.000000
325653530, 1183.785034, 0.000000, 0.000000, -58.000000, -90.000000, 1.000000, 0.313043, -48.000000, 0.000000, 0.000000
325866894, 1193.380981, 0.000000, 0.000000, -58.000000, -90.000000, 1.000000, 0.356522, -48.000000, 0.000000, 0.000000
326077765, 1185.980957, 0.000000, 0.000000, -58.000000, -90.000000, 1.000000, 0.381271, -48.000000, 0.000000, 0.000000
326288779, 1179.222534, 0.000000, 0.000000, -58.000000, -90.000000, 1.000000, 0.009365, -48.000000, 0.000000, 0.000000
326489790, 1184.954102, 0.000000, 0.000000, -58.000000, -90.000000, 1.000000, 0.000000, -48.000000, 0.000000, 0.000000
326700852, 1191.979614, 0.000000, 0.000000, -58.000000, -90.000000, 1.000000, 0.000000, -48.000000, 0.000000, 0.000000
326913758, 1207.249512, 0.000000, 0.000000, -58.000000, -90.000000, 1.000000, 0.000000, -48.000000, 0.000000, 0.000000
327114784, 1288.681030, 0.000000, 0.000000, -58.000000, -90.000000, 1.000000, 0.000000, -48.000000, 0.000000, 0.000000
327325907, 1437.546387, 0.000000, 0.000000, -58.000000, -90.000000, 1.000000, 0.000000, -48.000000, 0.000000, 0.000000
327536861, 1693.287476, 0.000000, 0.000000, -58.000000, -90.000000, 1.000000, 0.000000, -48.000000, 0.000000, 0.000000
327739830, 1849.669800, 0.000000, 0.000000, -58.000000, -90.000000, 1.000000, 0.000000, -48.000000, 0.000000, 0.000000
327950925, 1886.865356, 0.000000, 0.000000, -57.000000, -90.000000, -350.750702, 0.000000, -49.500000, 1.279337, -337.180052
328161822, 1894.872559, 0.000000, 0.000000, -58.000000, -90.000000, 1.000000, 0.000000, -48.000000, 0.000000, 0.000000
328372887, 2105.792725, 0.000000, 0.000000, -51.000000, -25.793484, 61.573368, 0.000000, 37.809774, 20.431418, 3.332176
328583898, 2330.661133, 0.000000, 0.000000, -27.000000, -15.733582, 24.330835, 0.000000, 16.899628, 37.194463, -29.763256
328794850, 2404.012207, 0.000000, 0.000000, -3.000000, -12.452085, 16.504875, 0.000000, -14.178128, 35.385751, -14.627438
329005837, 2442.461914, 0.000000, 0.000000, 8.000000, -10.731968, 3.141108, 0.000000, -28.097952, 23.119116, -11.548622
329208825, 2424.911621, 0.000000, 0.000000, 14.000000, -11.517111, -15.851893, 0.000000, -38.275666, 4.239715, -8.608909
329419929, 2195.375732, 0.000000, 0.000000, 13.000000, -21.785822, -38.380074, 0.000000, -52.178730, 0.000000, -22.726455
329630954, 1776.290527, 0.000000, 178.590561, 8.000000, -90.000000, -32.099998, 0.000000, -147.000000, 0.000000, 12.000000
329842916, 1341.685669, 74.998505, 0.000000, -7.000000, -90.000000, 1.000000, 0.000000, -124.500000, 0.000000, 36.000001
330055857, 1296.686401, 0.000000, 181.818176, -14.000000, -90.000000, -34.200001, 0.000000, -114.000000, 0.000000, 0.000000
330266914, 1453.173462, 0.000000, 0.000000, -18.000000, -90.000000, -26.400000, 0.000000, -108.000000, 0.000000, 6.000000
330478781, 1764.593384, 0.000000, 0.000000, -26.000000, -90.000000, -16.799999, 0.000000, -96.000000, 0.000000, 12.000000
330691925, 2047.982178, 0.000000, 0.000000, -31.000000, -28.379745, 16.554663, 0.000000, 3.930382, 0.364122, 12.260158
330902769, 2307.853760, 0.000000, 0.000000, -23.000000, -16.753910, 6.567340, 0.000000, 9.369135, 5.090932, -7.892727
331113872, 2359.298340, 0.000000, 0.000000, -6.000000, -14.452442, -21.567669, 0.000000, -12.678663, 4.320476, -22.084545
331314907, 2365.062988, 0.000000, 0.000000, -5.000000, -14.194550, -15.244554, 0.000000, -13.791824, 0.000000, -11.107006
331525839, 2401.110352, 0.000000, 0.000000, 0.000000, -12.581905, 1.000000, 0.000000, -18.872858, 0.000000, -1.204662
331728783, 2464.162598, 0.000000, 0.000000, 1.000000, -9.761147, 1.000000, 0.000000, -16.141720, 0.000000, 2.895561
331930934, 2558.742920, 0.000000, 0.000000, 1.000000, -5.529922, 1.632751, 0.000000, -9.794884, 0.000000, 4.571216
332131716, 2529.841064, 0.000000, 0.000000, 1.000000, -6.822899, 1.000000, 0.000000, -11.734348, 0.000000, -7.490879
332343901, 2329.813965, 0.000000, 0.000000, 1.000000, -15.771481, -25.774572, 0.000000, -25.157221, 0.000000, -18.227406
332554767, 1987.025269, 0.000000, 0.000000, 1.000000, -31.106764, -40.472343, 0.000000, -48.160149, 0.000000, -26.024299
332756346, 1774.390747, 0.000000, 0.000000, -4.000000, -90.000000, -26.700001, 0.000000, -129.000000, 0.000000, 12.000000
332969846, 1868.743896, 0.000000, 0.000000, -19.000000, -90.000000, 4.050002, 0.000000, -106.500000, 0.000000, 36.000001
333180871, 2131.605957, 0.000000, 0.000000, -18.000000, -24.638681, 4.338769, 0.000000, -9.958022, 0.000000, 7.326176
333391893, 2315.806152, 0.000000, 0.000000, -2.000000, -16.398146, -28.207262, 0.000000, -21.597219, 0.000000, -21.728096
333594915, 2371.512207, 0.000000, 0.000000, -1.000000, -13.906033, 1.000000, 0.000000, -19.359049, 0.000000, 3.887787
333805855, 2513.801514, 0.000000, 0.000000, -1.000000, -7.540459, 8.648309, 0.000000, -9.810688, 0.000000, 11.591515
334008818, 2724.193848, 0.000000, 0.000000, -1.000000, 1.871830, 17.072618, 0.000000, 4.307745, 0.483829, 12.281044
334211805, 2834.280273, 0.000000, 0.000000, 0.000000, 6.796749, 9.096889, 0.000000, 10.195124, 5.694428, -6.792663
334414857, 2616.122803, 0.000000, 0.000000, 6.000000, -2.891563, -31.980701, 0.000000, -13.337345, 5.355774, -33.335273
334627825, 2214.847900, 0.000000, 0.000000, 2.000000, -20.914700, -29.104610, 0.000000, -34.372049, 0.000000, -18.792996
334831020, 1864.935791, 0.000000, 0.000000, -3.000000, -90.000000, -369.255249, 0.000000, -130.500000, 0.000000, -330.105257
335041938, 1857.925171, 0.000000, 0.000000, -16.000000, -90.000000, -15.299999, 0.000000, -111.000000, 0.000000, 18.000001
335252797, 2281.346680, 0.000000, 0.000000, -27.000000, -17.939753, 41.327328, 0.000000, 13.590371, 2.176442, 25.560517
335463831, 2690.882812, 0.000000, 0.000000, -10.000000, 0.381599, 16.807474, 0.000000, 15.572399, 11.436510, -10.201435
335664817, 2720.299805, 0.000000, 0.000000, 3.000000, 1.697624, 1.000000, 0.000000, -1.953564, 15.681831, -23.309097
335877827, 2449.102051, 0.000000, 0.000000, 8.000000, -10.434908, -17.892183, 0.000000, -27.652362, 6.202380, -15.798855
336080873, 2028.390503, 0.000000, 0.000000, 6.000000, -29.256214, -33.584435, 0.000000, -52.884321, 0.000000, -17.719139
336291854, 1633.902466, 0.000000, 0.000000, -2.000000, -90.000000, -27.600000, 0.000000, -132.000000, 0.000000, 12.000000
336502787, 1448.768433, 0.000000, 0.000000, -17.000000, -90.000000, -32.849998, 0.000000, -109.500000, 0.000000, 0.000000
336713805, 1404.486694, 0.000000, 0.000000, -17.000000, -90.000000, -26.850000, 0.000000, -109.500000, 0.000000, 6.000000
336924937, 1376.236450, 0.000000, 0.000000, -23.000000, -90.000000, -18.150000, 0.010702, -100.500000, 0.000000, 12.000000
337135843, 1324.605591, 0.000000, 0.000000, -33.000000, -90.000000, 1.000000, 0.010033, -85.500000, 0.000000, 12.000000
337346894, 1303.893311, 0.000000, 0.000000, -33.000000, -90.000000, -19.650000, 0.000000, -85.500000, 0.000000, 6.000000
337557905, 1278.315186, 0.000000, 0.000000, -39.000000, -90.000000, -22.950001, 0.000000, -76.500000, 0.000000, 0.000000
337768922, 1275.194946, 0.000000, 0.000000, -41.000000, -90.000000, -16.049999, 0.000000, -73.500000, 0.000000, 6.000000
337979763, 1246.038818, 0.000000, 0.000000, -46.000000, -90.000000, 1.000000, 0.000000, -66.000000, 0.000000, 12.000000
338191520, 1312.602539, 0.000000, 0.000000, -45.000000, -90.000000, 1.000000, 0.000000, -67.500000, 0.000000, 6.000000
338402761, 1673.916138, 0.000000, 0.000000, -45.000000, -90.000000, 1.000000, 0.000000, -67.500000, 0.000000, 6.000000
338613761, 2249.275879, 0.000000, 0.000000, -43.000000, -19.374500, 73.485306, 0.000000, 35.438250, 9.191251, 28.855809
338814865, 2595.100830, 0.000000, 0.000000, -28.000000, -3.903383, 54.945293, 0.000000, 36.144925, 31.326350, -12.525982
339025910, 2484.569336, 0.000000, 0.000000, -7.000000, -8.848213, 1.000000, 0.000000, -2.772320, 40.637374, -42.491992
339236882, 2283.604492, 0.000000, 0.000000, 6.000000, -17.838745, 18.938677, 0.000000, -35.758118, 25.356782, 4.309330
339439818, 2401.035645, 0.000000, 0.000000, 10.000000, -12.585247, 5.254093, 0.000000, -33.877871, 4.838066, 10.579388
339642581, 2580.886475, 0.000000, 181.831406, 10.000000, -4.539289, 2.839210, 0.000000, -21.808934, 0.000000, 9.381890
339855875, 2494.230469, 0.000000, 0.000000, 10.000000, -8.416006, -19.491632, 0.000000, -27.624009, 0.000000, -11.204429
340068929, 2294.814941, 0.000000, 178.574615, 10.000000, -17.337227, -19.455351, 0.000000, -41.005840, 0.000000, -7.153599
340269948, 2307.620850, 0.000000, 0.000000, 9.000000, -16.764330, 1.000000, 0.000000, -38.646495, 0.000000, 3.852985
340480901, 2357.846436, 0.000000, 0.000000, 15.000000, -14.517397, -27.084379, 0.000000, -44.276095, 0.000000, -13.801551
340691888, 2363.436523, 0.000000, 0.000000, 13.000000, -14.267313, 1.000000, 0.000000, -40.900970, 0.000000, 2.390213
340894900, 2370.665527, 73.888718, 175.435516, 12.000000, -13.943911, 1.000000, 0.000000, -38.915866, 0.000000, 5.510536
341105841, 2413.697266, 0.000000, 178.568237, 12.000000, -12.018808, 1.000000, 0.000000, -36.028213, 0.000000, 2.875889
341316880, 2473.808350, 0.000000, 181.834717, 12.000000, -9.329626, 1.000000, 0.000000, -31.994439, 0.000000, 3.536076
341519895, 2465.179199, 0.000000, 175.441666, 12.000000, -9.715668, 1.000000, 0.000000, -32.573502, 0.000000, -2.152348
341722849, 2457.240234, 0.000000, 0.000000, 12.000000, -10.070831, 1.000000, 0.000000, -33.106247, 0.000000, -2.170441
341933883, 2427.146240, 0.000000, 178.574615, 12.000000, -11.417143, 1.000000, 0.000000, -35.125714, 0.000000, 0.385197
342144901, 2288.299072, 74.626862, 0.000000, 12.000000, -17.628725, -30.694242, 0.000000, -44.443088, 0.000000, -17.361317
342355954, 2006.166992, 0.000000, 0.000000, 10.000000, -30.250423, -34.895451, 0.000000, -60.375635, 0.000000, -16.782761
342566938, 1806.431763, 0.000000, 0.000000, 0.000000, -90.000000, -22.500000, 0.000000, -135.000000, 0.000000, 18.000001
342777742, 1935.523438, 0.000000, 0.000000, -13.000000, -33.410793, 324.350403, 0.000000, -30.616190, 0.000000, 333.535252
342988803, 2226.560791, 0.000000, 0.000000, -3.000000, -20.390701, 1.000000, 0.000000, -26.086052, 0.000000, -0.428833
343189858, 2442.942139, 0.000000, 0.000000, 7.000000, -10.710484, 3.933465, 0.000000, -26.565725, 0.000000, 11.903183
343392720, 2594.208496, 0.000000, 0.000000, 7.000000, -3.943304, 3.518850, 0.000000, -16.414956, 0.000000, 8.443336
343594907, 2745.592529, 0.000000, 0.000000, 7.000000, 2.829140, 8.563353, 0.000000, -6.256290, 0.000000, 10.440239
343795861, 2794.390625, 0.000000, 0.000000, 7.000000, 5.012211, 1.000000, 0.000000, -2.981684, 0.000000, -0.005424
343997950, 2798.320068, 0.000000, 0.000000, 7.000000, 5.188004, 0.153184, 0.000000, -2.717995, 0.000000, 0.968582
344200892, 2819.001465, 0.000000, 0.000000, 7.000000, 6.113224, 1.001181, 0.000000, -1.330164, 0.000000, 1.400230
344402799, 2852.470947, 0.000000, 0.000000, 7.000000, 7.610542, 2.441770, 0.000000, 0.915813, 0.175073, 1.350884
344603736, 2874.476562, 0.000000, 0.000000, 7.000000, 8.595005, 5.992709, 0.000000, 2.392508, 1.133817, 2.466385
344805833, 2859.753174, 0.000000, 0.000000, 7.000000, 7.936329, 3.466839, 0.000000, 1.404493, 2.176878, -0.114532
345008836, 2859.406250, 0.000000, 0.000000, 7.000000, 7.920807, 3.541033, 0.000000, 1.381210, 3.042277, -0.882454
345210830, 2870.604980, 0.000000, 0.000000, 7.000000, 8.421803, 8.780117, 0.000000, 2.132704, 4.008222, 2.639191
345411783, 2884.535400, 0.000000, 0.000000, 7.000000, 9.045006, 7.355899, 0.000000, 3.067509, 5.751014, -1.462624
345613778, 2902.265381, 0.000000, 0.000000, 7.000000, 9.838188, 13.395708, 0.000000, 4.257282, 7.787337, 1.351089
345814843, 2901.542236, 0.000000, 0.000000, 7.000000, 9.805840, 17.441799, 0.000000, 4.208759, 10.077698, 3.155342
346016931, 2918.177246, 0.000000, 0.000000, 8.000000, 10.550034, 12.007873, 0.000000, 3.825050, 12.413863, -4.231041
346217720, 2926.754395, 0.000000, 0.000000, 13.000000, 10.933750, 7.751975, 0.000000, -3.099375, 11.936556, -3.254768
346430815, 2938.755371, 0.000000, 0.000000, 12.000000, 11.476054, 8.908930, 0.000000, -0.785919, 11.226071, -2.081366
346633853, 2697.610840, 0.000000, 0.000000, 16.000000, 4.565153, -26.291246, 0.000000, -17.152270, 7.097690, -28.243255
346836909, 2215.473145, 0.000000, 0.000000, 13.000000, -16.951401, -51.148716, 0.000000, -44.927101, 0.000000, -37.670585
347047547, 1775.712769, 0.000000, 0.000000, 8.000000, -90.000000, -38.099998, 0.000000, -147.000000, 0.000000, 6.000000
347258806, 1812.243286, 0.000000, 0.000000, -2.000000, -90.000000, -21.599998, 0.000000, -132.000000, 0.000000, 18.000001
347469870, 2286.945068, 0.000000, 0.000000, -20.000000, -17.689299, 43.224716, 0.000000, 3.466052, 0.153535, 39.605130
347680884, 2817.340820, 0.000000, 0.000000, -4.000000, 6.038933, 14.809138, 0.000000, 15.058399, 7.308258, -7.557518
347883838, 2923.248535, 0.000000, 0.000000, 14.000000, 10.776909, 1.000000, 0.000000, -4.834637, 9.805699, -19.633117
348086856, 2939.190918, 0.000000, 175.441666, 21.000000, 11.490120, 1.000000, 0.000000, -14.264820, 4.103772, -7.296999
348297932, 2957.688232, 0.000000, 0.000000, 19.000000, 12.317631, 0.094580, 0.000000, -10.023554, 0.000000, 3.101646
348499891, 2999.145020, 0.000000, 0.000000, 17.000000, 14.172279, 5.578279, 0.000000, -4.241581, 0.000000, 6.850754
348700571, 3036.821777, 0.000000, 0.000000, 17.000000, 15.920110, 1.391578, 0.000000, -1.619835, 0.000000, 1.877529
348911823, 3055.789795, 74.624268, 178.568237, 16.000000, 17.984482, 6.798303, 0.000000, 2.976723, 0.681322, 3.140259
349122887, 3056.893799, 0.000000, 181.834717, 15.000000, 20.226971, 15.007799, 0.000000, 7.840456, 3.753742, 3.413601
349325922, 3065.557861, 0.000000, 0.000000, 15.000000, 22.361353, 23.675217, 0.021405, 11.042029, 9.074613, 3.558575
349536839, 3066.256592, 0.000000, 181.818176, 20.000000, 24.919115, 13.804648, 0.045485, 7.378673, 14.543670, -8.117695
349749908, 3045.597168, 0.000000, 178.571426, 28.000000, 26.892544, 6.181845, 0.007358, -1.661184, 16.107625, -9.427426
349950893, 2992.639648, 0.000000, 181.801651, 31.000000, 27.763784, 18.275814, 0.002676, -4.854323, 13.762874, 5.969238
350161803, 2981.186035, 74.997375, 181.821487, 29.000000, 27.051052, 4.250834, 0.010033, -2.923422, 12.260917, -7.133057
350372866, 2932.728516, 0.000000, 357.142853, 34.000000, 25.477222, 1.000000, 0.252843, -12.784166, 8.133992, -9.472595
350583757, 2839.682617, 75.000000, 363.629730, 32.000000, 21.316061, 1.000000, 0.000000, -16.025908, 0.000000, -2.501324
350796884, 2661.594727, 74.625008, 517.286011, 29.000000, 11.537992, -20.956354, 0.006689, -26.193014, 0.000000, -13.098450
351008834, 2414.017822, 74.627235, 526.334290, 25.000000, -7.101398, -42.018383, 0.012709, -48.152098, 0.000000, -27.572755
351229729, 2207.402100, 71.439117, 545.444580, 17.000000, -21.247801, -16.856585, 0.049498, -57.371704, 0.000000, 0.354927
351441607, 2122.072266, 75.000000, 363.603302, 10.000000, -25.065189, -15.782036, 0.053512, -52.597784, 0.000000, -0.002701
351654725, 2146.433350, 73.891624, 363.596680, 9.000000, -23.975349, 1.000000, 0.052843, -49.463024, 0.000000, 3.483444
351866564, 2188.530273, 74.997002, 359.376129, 9.000000, -22.092066, 1.000000, 0.080936, -46.638099, 0.000000, 6.728817
352069868, 2186.823975, 73.894539, 357.142853, 9.000000, -22.168402, 1.000000, 0.074916, -46.752603, 0.000000, 3.397659
352280957, 2193.528320, 75.000000, 363.642975, 9.000000, -21.868469, 1.000000, 0.063545, -46.302704, 0.000000, 1.644539
352492709, 2183.271973, 75.000000, 363.662811, 9.000000, -22.327307, 1.000000, 0.065552, -46.990960, 0.000000, 3.368694
352705975, 2168.668457, 74.002815, 181.831406, 9.000000, -22.980621, -15.622572, 0.080268, -47.970932, 0.000000, -1.231293
352916862, 2186.375244, 0.000000, 357.149231, 9.000000, -22.188477, 1.000000, 0.120401, -46.782715, 0.000000, 4.571937
353127776, 2177.202148, 71.103188, 357.117371, 9.000000, -22.598850, -15.405090, 0.157860, -47.398275, 0.000000, -1.185608
353338798, 2198.045898, 75.000000, 363.603302, 9.000000, -21.666367, 1.000000, 0.185284, -45.999550, 0.000000, 0.416656
353550840, 2184.991943, 74.997375, 178.584183, 9.000000, -22.250360, 1.000000, 0.155184, -46.875541, 0.000000, 0.870724
353763871, 2188.384033, 0.000000, 178.571426, 9.000000, -22.098610, 1.000000, 0.070903, -46.647915, 0.000000, 2.942276
353974937, 2238.533691, 73.891624, 181.831406, 9.000000, -19.855072, 1.000000, 0.000000, -43.282608, 0.000000, 5.300789
354175896, 2331.306152, 0.000000, 181.831406, 9.000000, -15.704725, 1.000000, 0.000000, -37.057088, 0.000000, 10.038723
354386827, 2430.544189, 75.000000, 178.574615, 9.000000, -11.265127, 1.000000, 0.007358, -30.397691, 0.000000, 6.619446
354597885, 2467.750244, 0.000000, 181.814865, 9.000000, -9.600647, 1.000000, 0.057525, -27.900970, 0.000000, 1.202660
354810820, 2489.271484, 71.081627, 359.305084, 9.000000, -8.637854, 1.000000, 0.088294, -26.456780, 0.000000, 3.074593
355011827, 2529.553955, 73.891624, 181.818176, 9.000000, -6.835745, 1.000000, 0.103679, -23.753617, 0.000000, 3.605267
355222878, 2561.475098, 0.000000, 181.814865, 9.000000, -5.407694, 1.000000, 0.111706, -21.611541, 0.000000, 3.362263
355425884, 2595.023682, 71.103188, 363.662811, 9.000000, -3.906836, 1.000000, 0.134448, -19.360253, 0.000000, 2.348682
355636811, 2598.485352, 0.000000, 357.181122, 9.000000, -3.751972, 1.000000, 0.145819, -19.127958, 0.000000, 1.940014
355849917, 2607.896484, 74.997002, 178.584183, 9.000000, -3.330946, 1.000000, 0.149833, -18.496419, 0.000000, 1.703716
356050857, 2616.175537, 74.260368, 178.574615, 9.000000, -2.960567, 1.000000, 0.148495, -17.940851, 0.000000, 4.619774
356261835, 2616.221191, 0.000000, 178.558685, 9.000000, -2.958527, 1.000000, 0.171237, -17.937790, 0.000000, -4.885185
356464718, 2627.289795, 71.078255, 179.742966, 9.000000, -2.463352, 1.000000, 0.191304, -17.195028, 0.000000, 2.311272
356675902, 2633.183350, 0.000000, 178.571426, 9.000000, -2.199692, 1.000000, 0.196656, -16.799538, 0.000000, 4.353584
356878550, 2659.648193, 74.624268, 178.571426, 9.000000, -1.015739, 0.106923, 0.189298, -15.023609, 0.000000, 4.614006
357091872, 2670.033447, 0.000000, 178.571426, 9.000000, -0.551136, 1.000000, 0.181940, -14.326704, 0.000000, 2.828247
357302768, 2679.219727, 71.100830, 181.831406, 9.000000, -0.140167, 1.000000, 0.170569, -13.710251, 0.000000, 1.042831
357505896, 2692.477295, 0.000000, 181.831406, 9.000000, 0.452930, 0.682429, 0.183278, -12.820604, 0.000000, 4.528610
357716912, 2682.464111, 71.081627, 363.629730, 9.000000, 0.004974, 1.000000, 0.180602, -13.492538, 0.000000, -4.614807
357919912, 2685.895996, 0.000000, 354.836426, 9.000000, 0.158504, 1.000000, 0.171237, -13.262243, 0.000000, 0.049278
358122916, 2714.881836, 73.888718, 177.455994, 9.000000, 1.455238, 0.734183, 0.168562, -11.317142, 0.000000, 4.129326
358333782, 2721.465576, 0.000000, 181.818176, 9.000000, 1.749775, 1.000000, 0.174582, -10.875338, 0.000000, -1.452072
358535854, 2749.802490, 74.257423, 357.142853, 9.000000, 3.017479, 1.208287, 0.168562, -8.973782, 0.000000, 3.900421
358746937, 2762.513184, 74.997002, 181.818176, 9.000000, 3.586113, 1.000000, 0.171906, -8.120831, 0.000000, 1.305199
358947917, 2775.159180, 0.000000, 181.834717, 9.000000, 4.151859, 1.000000, 0.173244, -7.272211, 0.000000, -1.448845
359150825, 2773.293701, 73.891624, 357.168365, 9.000000, 4.068401, 1.000000, 0.171237, -7.397398, 0.000000, -1.221611
359361804, 2772.890869, 75.000000, 181.818176, 9.000000, 4.050381, 1.000000, 0.177926, -7.424429, 0.000000, -0.596169
359564822, 2773.906982, 0.000000, 363.609924, 9.000000, 4.095840, 1.000000, 0.174582, -7.356239, 0.000000, -0.005287
359767548, 2792.156982, 74.123856, 181.804962, 9.000000, 4.912285, 1.000000, 0.175920, -6.131573, 0.000000, -0.432312
359980817, 2785.373535, 73.532295, 363.609924, 9.000000, 4.608814, 1.000000, 0.167893, -6.586779, 0.000000, -1.939064
360183839, 2794.586670, 0.000000, 357.142853, 9.000000, 5.020981, 1.690048, 0.176589, -5.968529, 0.000000, 3.480606
360394923, 2792.165527, 75.000000, 363.636353, 9.000000, 4.912670, 1.000000, 0.174582, -6.130995, 0.000000, -0.958214
360596870, 2793.941162, 74.269188, 357.142853, 9.000000, 4.992104, 1.000000, 0.172575, -6.011845, 0.000000, -0.053856
360797535, 2807.154053, 0.000000, 363.629730, 9.000000, 5.583206, 3.347422, 0.165886, -5.125191, 0.000000, 4.884979
361008871, 2825.637207, 74.629463, 357.155609, 9.000000, 6.410088, 1.552580, 0.000000, -3.884869, 0.000000, 2.718040
361211842, 2847.187500, 74.626862, 526.325012, 9.000000, 7.374176, 3.402031, 0.000000, -2.438736, 0.000000, 4.133652
361422948, 2845.015381, 74.257423, 363.636353, 9.000000, 7.277004, 0.844678, 0.000000, -2.584494, 0.000000, 1.620026
361625932, 2864.504395, 74.626862, 538.957642, 9.000000, 8.148880, 0.886558, 0.010033, -1.276680, 0.000000, 1.269562
361828540, 2861.550293, 73.888718, 359.305084, 9.000000, 8.016724, 1.000000, 0.021405, -1.474915, 0.000000, -1.829590
362041894, 2850.409180, 0.000000, 545.414856, 9.000000, 7.518307, 1.000000, 0.023411, -2.222540, 0.000000, -0.804153
362242857, 2863.534668, 74.626862, 363.629730, 9.000000, 8.105499, 3.199091, 0.042809, -1.341751, 0.000000, 3.601616
362454675, 2867.945068, 148.492065, 545.444580, 9.000000, 8.302803, 1.000000, 0.056856, -1.045795, 0.000000, -0.634506
362656359, 2869.654297, 75.000000, 545.494202, 9.000000, 8.379272, 0.510544, 0.061538, -0.931091, 0.000000, 0.789871
362868875, 2861.985840, 74.254112, 535.733398, 9.000000, 8.036209, 1.000000, 0.061538, -1.445686, 0.000000, -0.297913
363069536, 2864.748535, 74.629837, 545.454529, 9.000000, 8.159801, 1.017357, 0.070903, -1.260298, 0.000000, 1.395447
363280880, 2880.175537, 71.100830, 535.685608, 9.000000, 8.849960, 1.000000, 0.091639, -0.225060, 0.000000, 0.036644
363491942, 2881.215088, 74.623894, 545.404968, 9.000000, 8.896465, 1.345652, 0.095652, -0.155302, 0.000000, 1.392242
363694844, 2883.289307, 74.629837, 526.315796, 9.000000, 8.989262, 2.665647, 0.098997, -0.016108, 0.000000, 2.670479
363897896, 2876.717529, 73.891624, 526.306580, 9.000000, 8.695259, 0.163732, 0.111037, -0.457111, 0.000000, 0.300865
364108808, 2879.415527, 74.626862, 545.444580, 9.000000, 8.815960, 2.845061, 0.129097, -0.276060, 0.000000, 2.927879
364311812, 2881.374756, 148.514847, 535.752563, 9.000000, 8.903606, 0.771511, 0.224080, -0.144590, 0.000000, 0.814888
364522882, 2886.470215, 74.623894, 714.311218, 9.000000, 9.131561, 0.248288, 0.286957, 0.197342, 0.050030, 0.000916
364725880, 2866.330322, 74.383728, 526.325012, 9.000000, 8.230568, 1.000000, 0.291639, -1.154148, 0.000000, -4.585556
364936835, 2880.102783, 74.490852, 535.685608, 9.000000, 8.846703, 1.000000, 0.179264, -0.229946, 0.000000, -0.851990
365139834, 2866.238770, 75.000000, 539.102966, 9.000000, 8.226471, 1.000000, 0.128428, -1.160294, 0.000000, -0.286789
365352774, 2856.666260, 73.891624, 539.073853, 9.000000, 7.798229, 1.000000, 0.169900, -1.802656, 0.000000, -0.898109
365555880, 2872.755615, 73.526527, 526.306580, 9.000000, 8.518013, 1.918276, 0.181940, -0.722980, 0.000000, 2.135170
365766915, 2874.662598, 149.259674, 545.444580, 9.000000, 8.603325, 0.823861, 0.173913, -0.595013, 0.000000, 1.002365
365969865, 2863.766602, 74.269188, 535.714294, 9.000000, 8.115875, 1.000000, 0.206020, -1.326187, 0.000000, -1.482742
366180838, 2878.824951, 74.626862, 545.494202, 9.000000, 8.789536, 1.000000, 0.223411, -0.315697, 0.000000, -0.975082
366383850, 2872.210938, 75.000000, 526.325012, 9.000000, 8.493649, 1.000000, 0.208027, -0.759527, 0.000000, 0.011810
366594862, 2881.967773, 73.889076, 545.454529, 9.000000, 8.969864, 1.000000, 0.199331, -0.045204, 0.056036, -0.895889
366797849, 2877.254395, 74.629463, 532.320740, 9.000000, 8.719276, 1.000000, 0.202676, -0.421085, 0.000000, -1.690544
367000523, 2863.998047, 74.626862, 539.219238, 9.000000, 8.126228, 1.937529, 0.207358, -1.310658, 0.000000, 2.330727
367211793, 2859.399658, 74.626862, 535.723877, 9.000000, 7.920509, 1.000000, 0.222074, -1.619236, 0.000000, -1.463814
367414811, 2859.186523, 74.254852, 357.149231, 9.000000, 7.910976, 0.341215, 0.234114, -1.633535, 0.000000, 0.831276
367625868, 2861.543701, 74.629463, 535.762146, 9.000000, 8.016426, 1.000000, 0.231438, -1.475361, 0.000000, -0.748718
367828718, 2864.654785, 74.377090, 545.494202, 9.000000, 8.155609, 1.000000, 0.235452, -1.266586, 0.000000, -1.572304
368041870, 2863.330078, 73.761909, 363.662811, 9.000000, 8.096344, 1.000000, 0.259532, -1.355484, 0.000000, -1.363426
368244861, 2869.333740, 73.891991, 350.883331, 9.000000, 8.364929, 1.000000, 0.259532, -0.952606, 0.000000, -2.734222
368455729, 2876.191895, 74.997002, 545.444580, 9.000000, 8.671745, 1.000000, 0.266221, -0.492382, 0.000000, 0.021263
368658816, 2882.738770, 73.894173, 354.893097, 9.000000, 8.964630, 1.000000, 0.270234, -0.053055, 0.052878, -1.766808
368861847, 2873.463135, 74.269188, 359.408417, 9.000000, 8.549667, 1.000000, 0.268896, -0.675499, 0.000000, -0.907951
369072890, 2881.831787, 74.626862, 535.723877, 9.000000, 8.924053, 1.000000, 0.251505, -0.113920, 0.058028, -1.741470
369275872, 2883.661621, 0.000000, 350.883331, 9.000000, 9.005913, 2.455887, 0.248161, 0.008869, 0.000248, 2.446770
369478547, 2877.302246, 73.888718, 357.149231, 9.000000, 8.721413, 1.000000, 0.250167, -0.417881, 0.121949, -0.284637
369691938, 2881.481445, 73.532295, 357.142853, 9.000000, 8.908379, 0.765991, 0.257525, -0.137432, 0.000000, 0.807220
369892503, 2874.040283, 75.000000, 363.662811, 9.000000, 8.575485, 1.479119, 0.262207, -0.636772, 0.000000, 1.670151
370105802, 2874.894043, 73.891624, 363.662811, 9.000000, 8.613682, 1.000000, 0.263545, -0.579477, 0.000000, 0.016708
370308833, 2885.537109, 74.381149, 526.325012, 9.000000, 9.089821, 3.110489, 0.272910, 0.134731, 0.003772, 2.971985
370519910, 2893.731445, 0.000000, 363.636353, 9.000000, 9.456406, 2.677997, 0.268896, 0.684608, 0.127612, 1.865776
370721858, 2898.594971, 74.629097, 363.636353, 9.000000, 9.673985, 2.504467, 0.263545, 1.010977, 0.344068, 1.149422
370932786, 2891.938721, 74.627609, 363.629730, 9.000000, 9.376205, 1.458117, 0.213378, 0.564308, 0.616083, 0.277725
371133821, 2894.875000, 74.999626, 357.142853, 9.000000, 9.507565, 2.981663, 0.214047, 0.761347, 0.856135, 1.364182
371344902, 2875.841309, 0.000000, 363.629730, 9.000000, 8.656055, 1.000000, 0.224080, -0.515917, 0.945994, -3.401207
371546837, 2888.018066, 74.623894, 535.762146, 9.000000, 9.200809, 1.287943, 0.226087, 0.301214, 0.980160, 0.006569
371747530, 2892.153076, 74.629837, 363.636353, 9.000000, 9.385792, 2.817163, 0.228763, 0.578688, 1.120707, 1.117767
371958807, 2882.231445, 71.100830, 357.149231, 9.000000, 8.941933, 1.000000, 0.233445, -0.087101, 1.536064, -2.324570
372169868, 2890.645020, 74.624268, 363.609924, 9.000000, 9.318329, 2.245021, 0.237458, 0.477493, 1.768718, -0.001190
372372886, 2879.323242, 0.000000, 350.883331, 9.000000, 8.811829, 2.480340, 0.238796, -0.282257, 1.779540, 0.785477
372575890, 2883.707520, 73.891624, 350.883331, 9.000000, 9.007969, 3.922742, 0.240803, 0.011953, 1.732955, 2.177833
372778536, 2893.404297, 74.626862, 357.142853, 9.000000, 9.441772, 7.164622, 0.241472, 0.662659, 1.788325, 4.713638
372991875, 2899.955566, 73.518234, 535.704712, 9.000000, 9.734856, 7.858009, 0.240803, 1.102283, 2.113728, 4.641998
373192531, 2896.086670, 74.254486, 545.494202, 9.000000, 9.561771, 5.106383, 0.251505, 0.842657, 2.593370, 1.670357
373405861, 2896.389160, 0.000000, 545.494202, 9.000000, 9.575306, 9.305500, 0.254181, 0.862959, 2.821867, 5.620674
373608883, 2890.116943, 73.891991, 350.883331, 9.000000, 9.294704, 6.396640, 0.259532, 0.442057, 2.982552, 2.972031
373819877, 2894.348145, 74.626122, 363.636353, 9.000000, 9.483997, 7.517253, 0.258194, 0.725996, 3.008320, 3.782936
374022843, 2884.695312, 74.269562, 532.443542, 9.000000, 9.052158, 6.848746, 0.258863, 0.078238, 2.891259, 3.879249
374225897, 2885.880371, 0.000000, 359.324493, 9.000000, 9.105171, 6.290764, 0.256187, 0.157757, 2.876911, 3.256096
374428518, 2896.205322, 73.894173, 179.700974, 9.000000, 9.567081, 7.325497, 0.247492, 0.850622, 3.022879, 3.451996
374641859, 2893.553467, 73.529411, 363.603302, 9.000000, 9.448444, 7.238666, 0.262207, 0.672667, 3.602689, 2.963310
374852765, 2890.911621, 74.626862, 363.629730, 9.000000, 9.330254, 4.305423, 0.259532, 0.495380, 4.112304, -0.302261
375055894, 2882.224121, 0.000000, 357.142853, 9.000000, 8.941605, 4.707020, 0.259532, -0.087593, 4.240035, 0.493263
375258814, 2887.420654, 74.005371, 178.571426, 9.000000, 9.174084, 4.721150, 0.266221, 0.261126, 4.455631, 0.004395
375469909, 2877.371338, 0.000000, 363.636353, 9.000000, 8.724506, 3.040293, 0.272910, -0.413240, 4.456234, -1.291969
375671866, 2883.112549, 74.626495, 357.155609, 9.000000, 8.981354, 3.112402, 0.271572, -0.027969, 4.399396, -1.278603
375872885, 2887.313721, 0.000000, 178.574615, 9.000000, 9.169296, 5.729436, 0.265552, 0.253944, 4.364614, 1.110878
376083830, 2878.343994, 74.626862, 178.574615, 9.000000, 8.768021, 1.636880, 0.264883, -0.347969, 4.433288, -2.692017
376286847, 2889.241211, 0.000000, 175.438599, 9.000000, 9.255527, 4.738032, 0.227425, 0.383291, 4.607518, -0.252777
376499852, 2919.755371, 0.000000, 178.571426, 9.000000, 10.620632, 11.239127, 0.225418, 2.430948, 5.326588, 3.481590
376700846, 2921.116943, 74.626862, 181.831406, 9.000000, 10.681545, 10.724653, 0.227425, 2.522318, 6.687481, 1.514854
376911882, 2939.730957, 0.000000, 178.587372, 9.000000, 11.514282, 14.090792, 0.147826, 3.771423, 8.537523, 1.781845
377124880, 2928.132812, 0.000000, 178.587372, 10.000000, 10.995415, 4.250721, 0.149164, 1.493122, 10.376320, -7.618721
377325849, 2927.531006, 74.629837, 178.571426, 14.000000, 10.968491, 2.838838, 0.171906, -4.547264, 9.522139, -5.319122
377536851, 2924.964355, 0.000000, 363.603302, 14.000000, 10.853668, 5.834827, 0.196656, -4.719498, 6.978925, 0.271751
377747912, 2919.728516, 75.000000, 357.149231, 13.000000, 10.619434, 1.660666, 0.197993, -3.570848, 5.028956, -2.297035
377958829, 2922.655029, 0.000000, 363.629730, 13.000000, 10.750359, 2.606230, 0.195318, -3.374462, 3.062889, 0.555679
378169801, 2925.319092, 74.997375, 181.814865, 12.000000, 10.869541, 1.526952, 0.185284, -1.695688, 2.037879, -0.002220
378382801, 2938.835205, 74.629463, 181.814865, 12.000000, 11.514561, 0.666799, 0.193980, -0.728159, 1.543740, -0.658493
378583828, 2930.961670, 0.000000, 363.636353, 12.000000, 11.121971, 1.000000, 0.204682, -1.317043, 1.026412, -1.478004
378794864, 2935.837891, 75.000000, 357.142853, 12.000000, 11.340115, 0.108301, 0.224080, -0.989828, 0.538162, -0.132912
379005955, 2928.946045, 75.000000, 357.123718, 12.000000, 11.031796, 1.000000, 0.220067, -1.452307, 0.000000, -0.611870
379216888, 2936.683105, 74.997375, 363.609924, 12.000000, 11.377926, 2.043057, 0.215385, -0.933111, 0.000000, 2.322990
379427740, 2940.658691, 0.000000, 535.714294, 12.000000, 11.555786, 1.000000, 0.222074, -0.666321, 0.000000, -0.838943
379638787, 2940.662598, 74.626862, 545.504150, 12.000000, 11.555958, 1.318904, 0.224080, -0.666063, 0.000000, 1.518723
379849904, 2950.465088, 74.997375, 545.494202, 12.000000, 11.994492, 3.067719, 0.227425, -0.008263, 0.000000, 3.070198
380060823, 2956.357910, 71.103188, 545.464478, 12.000000, 12.258118, 0.470304, 0.219398, 0.387177, 0.081022, 0.002106
380271898, 2938.953125, 75.000000, 545.454529, 12.000000, 11.479481, 1.000000, 0.228094, -0.780779, 0.000000, -0.590429
380482781, 2931.362305, 149.994003, 545.454529, 12.000000, 11.139893, 1.000000, 0.228094, -1.290161, 0.000000, -0.522675
380693907, 2926.420654, 71.092743, 727.259460, 12.000000, 10.918819, 1.000000, 0.247492, -1.621771, 0.000000, -1.578804
380904791, 2937.330322, 75.000000, 545.454529, 12.000000, 11.406883, 0.688748, 0.231438, -0.889675, 0.000000, 0.955650
381116507, 2945.187256, 74.997002, 545.484314, 11.000000, 11.758377, 2.008377, 0.243478, 1.137566, 0.465038, 0.405773
381319859, 2943.444092, 74.375618, 526.325012, 11.000000, 11.680393, 3.231002, 0.244816, 1.020590, 1.026498, 1.183914
381530945, 2933.051514, 74.499367, 535.733398, 11.000000, 11.374944, 1.810749, 0.249498, 0.562416, 1.714010, -0.465677
381741892, 2944.139404, 142.196259, 535.685608, 11.000000, 11.711502, 5.636047, 0.248829, 1.067253, 1.937248, 2.631546
381952775, 2940.119629, 71.092407, 714.247437, 11.000000, 11.531670, 2.750418, 0.258194, 0.797504, 2.566397, -0.613483
382163852, 2940.655029, 75.000000, 545.454529, 11.000000, 11.555622, 2.687949, 0.256187, 0.833433, 3.192290, -1.337774
382374902, 2944.300537, 71.080620, 714.349487, 11.000000, 11.718708, 5.982555, 0.256856, 1.078062, 3.874067, 1.030426
382585802, 2934.495361, 142.194244, 714.349487, 11.000000, 11.280056, 5.177970, 0.274247, 0.420084, 4.075681, 0.682205
382796934, 2949.477783, 71.082970, 714.298462, 11.000000, 11.950321, 8.832636, 0.269565, 1.425482, 4.745189, 2.661964
383007775, 2936.685059, 71.099487, 545.454529, 11.000000, 11.378014, 5.043767, 0.270903, 0.567020, 5.311044, -0.834297
383218915, 2936.679932, 71.080620, 545.414856, 11.000000, 11.377789, 8.233245, 0.268896, 0.566683, 5.628690, 2.037872
383429750, 2935.652588, 71.099487, 545.444580, 11.000000, 11.331825, 6.832497, 0.266221, 0.497738, 5.779171, 0.555588
383641913, 2945.257812, 142.098618, 545.454529, 11.000000, 11.761532, 7.848049, 0.268896, 1.142298, 6.470501, 0.235250
383852765, 2949.939941, 70.795120, 545.504150, 11.000000, 11.971001, 11.154982, 0.268227, 1.456501, 6.942492, 2.755989
384063871, 2936.043213, 71.090050, 545.494202, 11.000000, 11.349300, 6.501469, 0.271572, 0.523951, 7.386726, -1.409208
384274893, 2944.272217, 71.080620, 545.454529, 11.000000, 11.717442, 9.215117, 0.267559, 1.076162, 7.999290, 0.139664
384485801, 2946.873779, 71.099487, 545.414856, 11.000000, 12.024885, 9.123333, 0.278261, 1.537328, 8.812137, -1.226131
384696926, 2935.982422, 71.078255, 545.454529, 11.000000, 11.346584, 8.368825, 0.272910, 0.519876, 9.208415, -1.359467
384907861, 2947.600830, 71.101845, 545.454529, 11.000000, 11.866352, 13.690097, 0.271572, 1.299528, 9.806573, 2.583996
385119911, 2949.548096, 74.998878, 545.444580, 11.000000, 11.953465, 12.987177, 0.271572, 1.430197, 10.377804, 1.179176
385330973, 2935.323730, 75.000000, 363.662811, 11.000000, 11.317112, 10.339454, 0.278930, 0.475668, 10.938592, -1.074806
385541855, 2949.537109, 74.999626, 535.714294, 13.000000, 11.952976, 8.603405, 0.256856, -1.570536, 11.115688, -2.041122
385752725, 2934.464600, 74.997375, 535.685608, 16.000000, 11.278679, 6.403231, 0.284281, -7.081982, 7.850403, 0.677422
385963837, 2920.895996, 71.103188, 535.685608, 16.000000, 10.671661, 1.562268, 0.277592, -7.992508, 3.683210, 0.276810
386174860, 2918.835205, 75.000000, 545.454529, 16.000000, 10.579468, 1.000000, 0.286288, -8.130798, 0.000000, 2.039108
386385797, 2917.797119, 74.997375, 545.444580, 15.000000, 10.533031, 4.268780, 0.284281, -6.700453, 0.000000, 6.278915
386596915, 2916.758057, 71.081963, 545.494202, 15.000000, 10.486546, 1.000000, 0.280936, -6.770182, 0.000000, 0.559982
386807859, 2915.256836, 150.000000, 545.454529, 15.000000, 10.419384, 1.000000, 0.290970, -6.870924, 0.000000, 0.160286
387018881, 2889.030029, 74.997002, 545.464478, 15.000000, 9.246082, 1.000000, 0.280936, -8.630877, 0.000000, -1.530556
387219552, 2819.542725, 71.103188, 545.395020, 15.000000, 6.137440, 1.000000, 0.275585, -13.293840, 0.000000, -4.986088
387430928, 2747.518066, 75.000000, 727.259460, 15.000000, 2.915283, 1.000000, 0.286957, -18.127075, 0.000000, -8.368538
387641964, 2660.936279, 149.994751, 535.704712, 14.000000, -0.958115, 1.000000, 0.272910, -22.437172, 0.000000, -7.427444
387852789, 2544.991211, 71.092407, 727.352112, 14.000000, -6.145130, -19.560995, 0.267559, -30.217695, 0.000000, -10.495686
388074898, 2373.021973, 75.000000, 714.336731, 13.000000, -13.838491, -29.295654, 0.290301, -40.257737, 0.000000, -17.218333
388285775, 2240.555664, 74.624268, 545.464478, 7.000000, -19.764616, 1.000000, 0.288294, -40.146924, 0.000000, 6.388515
388496874, 2149.366943, 71.081627, 545.464478, 7.000000, -23.844110, 1.000000, 0.274247, -46.266166, 0.000000, 2.009468
388707825, 2154.547119, 142.878922, 535.714294, 8.000000, -23.612366, -20.911821, 0.244816, -47.418549, 0.000000, -6.686256
388919871, 2160.889160, 75.000000, 350.883331, 7.000000, -23.328644, 1.000000, 0.095652, -45.492966, 0.000000, -0.600025
389130944, 2141.960449, 74.626862, 535.714294, 7.000000, -24.175453, 1.000000, 0.035452, -46.763180, 0.000000, 0.207607
389341941, 2113.784180, 75.000000, 535.762146, 7.000000, -25.435970, -19.858444, 0.010702, -48.653955, 0.000000, -5.262257
389553528, 2060.008545, 74.997375, 535.752563, 7.000000, -27.841722, -16.826754, 0.008027, -52.262581, 0.000000, -1.147980
389767542, 1981.183228, 74.259995, 535.762146, 3.000000, -31.368118, 1.000000, 0.026756, -51.552177, 0.000000, 1.084053
389980969, 1963.534546, 73.999893, 361.382660, 2.000000, -32.157665, 1.000000, 0.018729, -51.236498, 0.000000, 6.244995
390192709, 1971.369995, 74.506393, 363.596680, 1.000000, -31.807133, 1.000000, 0.028763, -49.210699, 0.000000, 8.345993
390405898, 1985.497192, 74.626862, 545.404968, 1.000000, -31.175125, 1.000000, 0.046154, -48.262688, 0.000000, 1.645020
390616842, 2007.083862, 75.000000, 363.603302, 1.000000, -30.209406, 1.000000, 0.052843, -46.814109, 0.000000, 3.442921
390827767, 1995.842773, 75.000000, 363.636353, 1.000000, -30.712297, 1.000000, 0.069565, -47.568446, 0.000000, -0.365444
391038745, 2049.552246, 74.997375, 363.662811, 1.000000, -28.309505, 1.000000, 0.108361, -43.964258, 0.000000, 5.248192
391249885, 2104.483398, 71.081963, 181.831406, 1.000000, -25.852058, 1.000000, 0.156522, -40.278088, 0.000000, 5.423263
391460757, 2158.693848, 75.000000, 181.814865, 1.000000, -23.426853, 1.000000, 0.182609, -36.640280, 0.000000, 4.253861
391671885, 2161.555420, 74.997002, 181.821487, 1.000000, -23.298836, 1.000000, 0.201338, -36.448254, 0.000000, 0.209175
391882799, 2160.784912, 0.000000, 181.818176, 1.000000, -23.333307, 1.000000, 0.214716, -36.499961, 0.000000, 0.418362
392093868, 2233.570312, 75.000000, 181.818176, 1.000000, -20.077118, 1.000000, 0.219398, -31.615677, 0.000000, 5.922890
392294922, 2341.520508, 0.000000, 181.818176, 1.000000, -15.247766, 0.564718, 0.217391, -24.371650, 0.000000, 7.876213
392505953, 2467.523926, 71.092743, 357.174744, 1.000000, -9.610771, 2.912974, 0.202676, -15.916157, 0.000000, 7.687821
392716934, 2662.750000, 0.000000, 178.577805, 1.000000, -0.876972, 11.410726, 0.028763, -2.815458, 0.000000, 12.255363
392927714, 2828.557617, 74.624268, 181.801651, 1.000000, 6.540737, 19.243235, 0.000000, 8.311106, 1.966301, 8.965828
393130879, 2895.456543, 0.000000, 178.558685, 4.000000, 9.533581, 11.423025, 0.000000, 8.300371, 7.485393, -4.362739
393341911, 2923.513428, 74.483086, 181.804962, 10.000000, 10.788757, 6.173214, 0.013378, 1.183136, 10.015225, -5.025146
393544898, 2966.215332, 0.000000, 178.571426, 15.000000, 13.151923, 2.747792, 0.006689, -2.772115, 9.571627, -5.992201
393755993, 3009.495361, 0.000000, 178.568237, 14.000000, 14.654504, 14.356223, 0.083612, 0.981756, 8.830745, 4.543722
393966904, 3038.141357, 74.996620, 178.587372, 14.000000, 15.924373, 14.787786, 0.130435, 2.886559, 9.904095, 1.997131
394178763, 3063.034180, 71.103523, 175.453979, 16.000000, 17.834057, 12.056705, 0.139130, 2.751085, 11.856028, -2.550407
394391898, 3063.963135, 0.000000, 354.962372, 21.000000, 20.435825, 10.126938, 0.145819, -0.846262, 12.379824, -1.999008
394602741, 3049.418701, 74.623894, 363.609924, 26.000000, 22.811867, 6.669878, 0.137793, -4.782200, 10.742664, -2.638126
394813816, 3028.716553, 71.081963, 545.414856, 24.000000, 24.489248, 12.798144, 0.140468, 0.733872, 9.873575, 2.190697
395024873, 3026.959473, 75.000000, 363.642975, 26.000000, 25.534304, 5.962741, 0.179264, -0.698545, 10.515005, -4.342701
395235796, 3001.831787, 74.997375, 545.444580, 27.000000, 26.539503, 15.660843, 0.169231, -0.690745, 9.246732, 6.621334
395446937, 2961.831055, 71.103188, 714.349487, 27.000000, 25.787575, 0.428651, 0.161204, -1.818638, 9.145186, -8.170944
395657796, 2864.612305, 75.000000, 727.272705, 32.000000, 22.393112, 1.000000, 0.160535, -14.410332, 4.852239, -13.595879
395869896, 2753.894775, 149.994751, 709.760986, 28.000000, 14.990861, 1.000000, 0.176589, -19.513709, 0.000000, -8.129911
396080950, 2610.282471, 74.629463, 714.247437, 26.000000, 2.509367, -26.704470, 0.202676, -35.235950, 0.000000, -16.133686
396302768, 2419.519287, 71.438095, 539.015747, 22.000000, -11.758347, -23.848116, 0.244147, -50.637520, 0.000000, -8.656860
396516544, 2208.293701, 74.257423, 539.093262, 13.000000, -21.207912, -18.440458, 0.256856, -51.311869, 0.000000, -3.046898
396729732, 2085.261475, 147.783249, 535.714294, 5.000000, -26.711987, 1.000000, 0.283612, -47.567980, 0.000000, 8.704033
396941514, 2074.458496, 74.997375, 545.454529, 5.000000, -27.195278, 1.000000, 0.286288, -48.292917, 0.000000, 3.664558
397152720, 2134.817383, 74.629463, 545.494202, 5.000000, -24.495012, 1.000000, 0.284281, -44.242518, 0.000000, 3.370457
397363728, 2166.730713, 75.000000, 363.662811, 5.000000, -23.067310, 1.000000, 0.306355, -42.100965, 0.000000, 3.905147
397574890, 2204.030762, 75.000000, 363.629730, 5.000000, -21.398624, 1.000000, 0.309699, -39.597937, 0.000000, 1.448273
397775528, 2239.889893, 0.000000, 363.609924, 5.000000, -19.794399, 1.000000, 0.310368, -37.191599, 0.000000, 1.043152
397986776, 2320.953613, 74.997002, 363.642975, 5.000000, -16.167864, 1.000000, 0.307023, -31.751796, 0.000000, 6.524220
398197891, 2448.643066, 71.081963, 357.142853, 5.000000, -10.455442, 1.578418, 0.311706, -23.183164, 0.000000, 8.533368
398408836, 2594.009277, 75.000000, 181.818176, 5.000000, -3.952217, 4.190454, 0.298997, -13.428326, 0.000000, 8.218952
398619914, 2672.860840, 0.000000, 363.636353, 5.000000, -0.424648, 1.516596, 0.294314, -8.136972, 0.000000, 3.957687
398822929, 2718.602783, 74.629463, 175.444748, 5.000000, 1.621704, 0.549362, 0.301672, -5.067444, 0.000000, 2.069595
399025888, 2761.914062, 0.000000, 175.441666, 5.000000, 3.559315, 4.986763, 0.298997, -2.161028, 0.000000, 5.635071
399228769, 2792.938721, 0.000000, 181.804962, 5.000000, 4.947258, 3.399034, 0.260201, -0.079113, 0.000000, 3.422768
399441850, 2814.410889, 74.257423, 181.804962, 5.000000, 5.907852, 4.346691, 0.000000, 1.361778, 0.271312, 2.713600
399644852, 2843.682129, 0.000000, 181.804962, 5.000000, 7.217361, 8.798265, 0.000000, 3.326042, 1.482699, 3.989525
399847893, 2852.436035, 0.000000, 178.571426, 5.000000, 7.608982, 7.277831, 0.000000, 3.913473, 3.701066, -0.336708
400058868, 2863.929443, 74.626862, 363.636353, 5.000000, 8.123158, 11.704898, 0.000000, 4.684736, 6.166341, 0.853821
400261875, 2861.142822, 0.000000, 350.871033, 5.000000, 7.998493, 12.121552, 0.000000, 4.497740, 8.761721, -1.137909
400474947, 2867.537842, 74.626862, 363.662811, 8.000000, 8.284588, 3.844471, 0.000000, 0.426882, 10.781198, -7.363609
400675904, 2857.370117, 0.000000, 357.174744, 11.000000, 7.829716, 10.486437, 0.000000, -4.755426, 9.318667, 2.594398
400888817, 2857.368164, 71.103188, 357.168365, 11.000000, 7.829632, 4.416777, 0.000000, -4.755552, 6.646132, -0.802689
401089823, 2849.190430, 73.891624, 363.609924, 11.000000, 7.463783, 2.790608, 0.000000, -5.304325, 3.661500, 0.720406
401300890, 2846.245117, 0.000000, 357.117371, 11.000000, 7.332020, 1.000000, 0.000000, -5.501970, 0.900508, -1.538155
401503541, 2854.575928, 71.081627, 539.539246, 11.000000, 7.704712, 1.000000, 0.000000, -4.942932, 0.000000, 0.587769
401716860, 2844.977783, 73.529411, 363.603302, 11.000000, 7.275322, 1.000000, 0.000000, -5.587017, 0.000000, 0.592598
401927730, 2851.219971, 74.623894, 363.629730, 11.000000, 7.554577, 1.000000, 0.000000, -5.168135, 0.000000, 0.274361
402128518, 2846.305908, 74.629837, 545.484314, 11.000000, 7.334736, 1.000000, 0.000000, -5.497896, 0.000000, -1.980286
402341842, 2862.642090, 74.627235, 545.494202, 11.000000, 8.065567, 1.000000, 0.000000, -4.401649, 0.000000, -0.247375
402552799, 2863.153809, 74.626495, 545.494202, 11.000000, 8.088459, 1.000000, 0.000000, -4.367311, 0.000000, 0.423843
402753518, 2854.781250, 74.999626, 545.404968, 11.000000, 7.713898, 1.000000, 0.000000, -4.929153, 0.000000, -0.238472
402966892, 2865.104736, 74.266617, 535.676025, 11.000000, 8.175739, 1.000000, 0.000000, -4.236391, 0.000000, -0.002151
403177719, 2849.455566, 74.629837, 545.404968, 11.000000, 7.475647, 1.000000, 0.000000, -5.286530, 0.000000, -2.808174
403388792, 2832.532471, 71.090050, 545.464478, 11.000000, 6.718555, 1.000000, 0.000000, -6.422167, 0.000000, -1.095017
403589815, 2813.503418, 71.080620, 727.325623, 11.000000, 5.867256, 1.000000, 0.000000, -7.699116, 0.000000, -1.392311
403800837, 2793.886230, 149.253723, 727.325623, 11.000000, 4.989647, 1.000000, 0.000000, -9.015530, 0.000000, -1.547996
404011763, 2792.579346, 71.099487, 727.272705, 11.000000, 4.931179, 1.000000, 0.000000, -9.103231, 0.000000, -0.047012
404222887, 2756.674316, 142.161240, 545.444580, 11.000000, 3.324905, 1.000000, 0.000000, -11.512642, 0.000000, -1.474068
404425523, 2729.695557, 149.253723, 539.539246, 11.000000, 2.117962, 1.000000, 0.000000, -13.323057, 0.000000, -1.650101
404636753, 2708.839355, 75.000000, 727.285950, 11.000000, 1.184917, 1.000000, 0.000000, -14.722624, 0.000000, -0.194893
404847903, 2679.073730, 149.247787, 714.272949, 10.000000, -0.146702, 1.000000, 0.000000, -15.220053, 0.000000, 1.935425
405058890, 2519.527832, 71.420067, 727.272705, 10.000000, -7.284281, -19.815132, 0.000000, -25.926421, 0.000000, -12.037205
405279756, 2338.984863, 142.202332, 727.338867, 10.000000, -15.361202, -25.023949, 0.000000, -38.041803, 0.000000, -13.611408
405491901, 2233.338379, 149.253723, 531.905457, 8.000000, -20.087494, -20.457644, 0.000000, -42.131241, 0.000000, -7.818272
405703751, 2219.537842, 71.414627, 727.193359, 7.000000, -20.704885, 1.000000, 0.000000, -41.557328, 0.000000, 2.753162
405916860, 2215.542480, 147.066040, 714.234741, 7.000000, -20.883625, 1.000000, 0.000000, -41.825438, 0.000000, 4.956345
406128746, 2220.550049, 71.439117, 719.385620, 7.000000, -20.659603, 1.000000, 0.000000, -41.489405, 0.000000, 2.516121
406341886, 2203.149170, 147.053055, 727.206604, 7.000000, -21.438065, 1.000000, 0.000000, -42.657097, 0.000000, 2.005875
406552736, 2211.730713, 71.420067, 545.454529, 7.000000, -21.054152, 1.000000, 0.000000, -42.081227, 0.000000, 0.415684
406764787, 2216.202148, 142.202332, 727.325623, 7.000000, -20.854115, 1.000000, 0.000000, -41.781172, 0.000000, 2.048355
406975912, 2199.251465, 74.626862, 545.494202, 7.000000, -21.612434, 1.000000, 0.000000, -42.918652, 0.000000, -2.019310
407186806, 2217.425781, 150.000000, 545.454529, 7.000000, -20.799374, 1.000000, 0.000000, -41.699060, 0.000000, 1.954559
407407763, 2221.047607, 75.000000, 545.454529, 7.000000, -20.637344, 1.000000, 0.000000, -41.456017, 0.000000, 0.606365
407618905, 2202.864746, 74.997375, 727.206604, 7.000000, -21.450787, 1.000000, 0.000000, -42.676180, 0.000000, 0.821136
407829743, 2194.956543, 142.163925, 545.454529, 7.000000, -21.804577, 1.000000, 0.000000, -43.206865, 0.000000, -0.721596
408041470, 2183.961426, 74.999626, 727.272705, 7.000000, -22.296463, 1.000000, 0.000000, -43.944695, 0.000000, 1.432411
408252760, 2182.055908, 74.624268, 545.494202, 7.000000, -22.381710, -15.873549, 0.000000, -44.072565, 0.000000, -2.651779
408463847, 2177.368164, 142.206375, 727.312378, 7.000000, -22.591425, 1.000000, 0.000000, -44.387137, 0.000000, -0.055115
408674855, 2163.112305, 75.000000, 545.464478, 7.000000, -23.229187, 1.000000, 0.000000, -45.343781, 0.000000, -0.435150
408885805, 2162.331787, 71.417686, 545.404968, 7.000000, -23.264105, 1.000000, 0.000000, -45.396157, 0.000000, 1.043072
409096887, 2162.340332, 150.000000, 545.444580, 7.000000, -23.263721, 1.000000, 0.000000, -45.395582, 0.000000, 0.834961
409307858, 2165.327881, 75.000000, 727.272705, 7.000000, -23.130070, 1.000000, 0.000000, -45.195105, 0.000000, -0.385860
409518858, 2158.055176, 74.997375, 545.454529, 7.000000, -23.455425, 1.000000, 0.000000, -45.683138, 0.000000, -0.629230
409729817, 2165.001953, 71.103188, 545.494202, 7.000000, -23.144650, 1.000000, 0.000000, -45.216974, 0.000000, 5.178108
409941914, 2153.702393, 149.997757, 531.905457, 7.000000, -23.650156, 1.000000, 0.000000, -45.975234, 0.000000, -1.035736
410153790, 2154.594238, 74.625381, 526.278870, 7.000000, -23.610258, 1.000000, 0.000000, -45.915387, 0.000000, 1.825207
410366894, 2164.394775, 74.860008, 545.404968, 7.000000, -23.171812, 1.000000, 0.000000, -45.257718, 0.000000, 0.139000
410577761, 2168.598633, 74.997375, 727.206604, 7.000000, -22.983746, 1.000000, 0.000000, -44.975618, 0.000000, 4.251160
410788847, 2154.621826, 71.103188, 727.272705, 7.000000, -23.609024, 1.000000, 0.000000, -45.913536, 0.000000, 3.408142
410999881, 2157.605957, 150.000000, 545.494202, 7.000000, -23.475523, 1.000000, 0.000000, -45.713284, 0.000000, 0.419987
411211825, 2110.981201, 74.997002, 714.349487, 7.000000, -25.561367, -17.909763, 0.000000, -48.842051, 0.000000, -3.257149
411432771, 2020.593872, 71.092743, 727.272705, 5.000000, -29.605011, -17.307819, 0.000000, -51.907516, 0.000000, -1.735565
411643941, 1930.134888, 75.000000, 545.454529, 0.000000, -33.651859, -24.901211, 0.000000, -50.477789, 0.000000, -9.757874
411854828, 1895.049805, 149.995499, 545.404968, 0.000000, -90.000000, -40.500000, 0.000000, -135.000000, 0.000000, 0.000000
412067762, 1908.736206, 71.080956, 719.385620, -13.000000, -34.609169, 2.795344, 0.000000, -32.413754, 0.000000, 12.519470
412291591, 1980.625610, 73.903641, 539.422791, -7.000000, -31.393064, -16.947571, 0.000000, -36.589597, 0.000000, -5.970692
412495626, 2052.531494, 74.254852, 714.285706, -8.000000, -28.176224, 1.000000, 0.000000, -30.264336, 0.000000, 4.963188
412708829, 2083.966797, 73.894173, 701.754395, -8.000000, -26.769905, 1.000000, 0.000000, -28.154858, 0.000000, 2.473205
412919522, 2085.625732, 149.253723, 545.454529, -8.000000, -26.695690, 1.000000, 0.000000, -28.043535, 0.000000, -1.478737
413141512, 2082.231445, 75.000000, 545.494202, -8.000000, -26.847542, 1.000000, 0.000000, -28.271313, 0.000000, 2.351234
413344529, 2079.116943, 74.257423, 545.504150, -8.000000, -26.986874, 1.000000, 0.000000, -28.480310, 0.000000, 1.501350
413566534, 2083.383301, 74.623894, 727.285950, -8.000000, -26.796009, 1.000000, 0.000000, -28.194014, 0.000000, -3.645767
413769339, 2081.549072, 74.260368, 541.496704, -8.000000, -26.878067, 1.000000, 0.000000, -28.317101, 0.000000, 2.720913
413991532, 2087.672852, 75.000000, 545.395020, -8.000000, -26.604109, 1.000000, 0.000000, -27.906163, 0.000000, 3.415157
414204752, 2090.333496, 148.044342, 545.395020, -8.000000, -26.485081, 1.000000, 0.000000, -27.727621, 0.000000, 1.424870
414416525, 2102.593994, 74.832001, 539.539246, -8.000000, -25.936584, 1.000000, 0.000000, -26.904877, 0.000000, 3.218170
414619525, 2121.746826, 74.626862, 535.714294, -8.000000, -25.079746, 1.000000, 0.000000, -25.619619, 0.000000, 0.556572
414841551, 2121.241455, 75.000000, 545.444580, -8.000000, -25.102356, 1.000000, 0.000000, -25.653534, 0.000000, 2.619209
415044837, 2114.593262, 73.889076, 545.454529, -8.000000, -25.399775, 1.000000, 0.000000, -26.099662, 0.000000, 1.077358
415266547, 2115.621338, 142.163254, 727.325623, -8.000000, -25.353783, 1.000000, 0.000000, -26.030674, 0.000000, 1.389542
415479744, 2113.697754, 73.891624, 545.494202, -8.000000, -25.439838, 1.000000, 0.000000, -26.159758, 0.000000, 0.855583
415691491, 2117.877441, 74.997375, 545.464478, -8.000000, -25.252851, 1.000000, 0.000000, -25.879277, 0.000000, 1.234566
415894533, 2102.638184, 73.893806, 541.506470, -8.000000, -25.934608, 1.000000, 0.000000, -26.901913, 0.000000, -3.828609
416116576, 2102.317871, 71.101166, 545.404968, -8.000000, -25.948936, 1.000000, 0.000000, -26.923405, 0.000000, -0.875633
416319867, 2103.422119, 73.888718, 535.676025, -8.000000, -25.899536, 1.000000, 0.000000, -26.849304, 0.000000, 1.007446
416541567, 2112.851318, 71.081963, 539.529541, -8.000000, -25.477705, 1.000000, 0.000000, -26.216558, 0.000000, -3.210903
416744859, 2120.834961, 73.903275, 714.285706, -8.000000, -25.120541, 1.000000, 0.000000, -25.680811, 0.000000, 0.556572
416966547, 2117.604004, 149.994751, 545.444580, -8.000000, -25.265083, 1.000000, 0.000000, -25.897625, 0.000000, -0.140373
417169556, 2132.450928, 74.259995, 545.454529, -8.000000, -24.600880, 1.000000, 0.000000, -24.901320, 0.000000, 2.993854
417391543, 2118.934814, 74.626862, 545.494202, -8.000000, -25.205547, 1.000000, 0.000000, -25.808321, 0.000000, 0.413452
417594439, 2132.006592, 74.257423, 535.714294, -8.000000, -24.620758, 1.000000, 0.000000, -24.931137, 0.000000, 0.645630
417816538, 2143.779297, 74.626862, 545.464478, -8.000000, -24.094084, 1.000000, 0.000000, -24.141126, 0.000000, 3.186653
418019857, 2149.020508, 74.254486, 541.496704, -8.000000, -23.859610, 1.000000, 0.000000, -23.789414, 0.000000, 2.710430
418241557, 2142.157715, 74.629837, 545.395020, -8.000000, -24.166628, 1.000000, 0.000000, -24.249942, 0.000000, -2.930477
418444854, 2143.263428, 74.257423, 535.676025, -8.000000, -24.117163, 1.000000, 0.000000, -24.175744, 0.000000, 1.007435
418666555, 2149.215576, 74.626862, 539.539246, -8.000000, -23.850882, 1.000000, 0.000000, -23.776322, 0.000000, 0.693523
418879744, 2149.927002, 148.777786, 535.714294, -8.000000, -23.819056, 1.000000, 0.000000, -23.728583, 0.000000, -1.395641
419091536, 2153.801758, 74.837975, 727.259460, -8.000000, -23.645710, 1.000000, 0.000000, -23.468565, 0.000000, 0.835739
419294525, 2150.465576, 74.626862, 545.454529, -8.000000, -23.794960, 1.000000, 0.000000, -23.692440, 0.000000, 2.994782
419516543, 2154.546387, 74.997375, 545.494202, -8.000000, -23.612398, 1.000000, 0.000000, -23.418597, 0.000000, 1.026180
419719852, 2150.187012, 73.894173, 714.285706, -8.000000, -23.807423, 1.000000, 0.000000, -23.711134, 0.000000, 0.645561
419941538, 2154.687500, 75.000000, 545.464478, -8.000000, -23.606087, 1.000000, 0.000000, -23.409130, 0.000000, 1.234623
420144882, 2149.020508, 147.783249, 541.496704, -8.000000, -23.859610, 1.000000, 0.000000, -23.789414, 0.000000, 2.710430
420366539, 2153.065918, 75.000000, 545.404968, -8.000000, -23.678631, 1.000000, 0.000000, -23.517946, 0.000000, -0.002495
420569556, 2149.684570, 73.888718, 545.395020, -8.000000, -23.829903, 1.000000, 0.000000, -23.744854, 0.000000, 1.424858
420791551, 2154.993652, 71.081963, 539.539246, -8.000000, -23.592388, 1.000000, 0.000000, -23.388582, 0.000000, 0.693535
420994464, 2149.778564, 73.903275, 535.714294, -8.000000, -23.825695, 1.000000, 0.000000, -23.738543, 0.000000, 1.334244
421216459, 2152.269043, 74.997375, 545.444580, -8.000000, -23.714279, 1.000000, 0.000000, -23.571419, 0.000000, 0.666927
421419860, 2148.871338, 74.259995, 545.454529, -8.000000, -23.866282, 1.000000, 0.000000, -23.799422, 0.000000, -1.601280
421641547, 2154.176514, 74.626862, 545.494202, -8.000000, -23.628944, 1.000000, 0.000000, -23.443417, 0.000000, -0.528316
421844529, 2167.920166, 148.514847, 545.504150, -8.000000, -23.014097, 1.000000, 0.000000, -22.521146, 0.000000, -0.976421
422066529, 2172.420410, 74.626862, 545.464478, -8.000000, -22.812771, 1.000000, 0.000000, -22.219156, 0.000000, 1.234634
422269533, 2167.346924, 74.254486, 541.506470, -8.000000, -23.039743, 1.000000, 0.000000, -22.559615, 0.000000, -0.928597
422491459, 2170.610352, 74.629837, 727.206604, -8.000000, -22.893749, 1.000000, 0.000000, -22.340624, 0.000000, 2.052338
422694439, 2171.836182, 74.257423, 535.676025, -8.000000, -22.838907, 1.000000, 0.000000, -22.258361, 0.000000, 1.074726
422916542, 2174.278076, 74.626862, 539.529541, -8.000000, -22.729664, 1.000000, 0.000000, -22.094496, 0.000000, 0.693340
423129743, 2160.445068, 148.777054, 714.285706, -8.000000, -23.348511, 1.000000, 0.000000, -23.022766, 0.000000, 0.556503
423341516, 2175.199463, 74.832375, 727.272705, -8.000000, -22.688446, 1.000000, 0.000000, -22.032669, 0.000000, 0.836655
423544525, 2171.862793, 74.626862, 545.454529, -8.000000, -22.837717, 1.000000, 0.000000, -22.256576, 0.000000, 2.993854
423766543, 2153.924072, 74.997375, 545.494202, -8.000000, -23.640240, 1.000000, 0.000000, -23.460360, 0.000000, 0.058514
423969459, 2166.501465, 147.788345, 714.285706, -8.000000, -23.077566, 1.000000, 0.000000, -22.616349, 0.000000, 0.645756
424191513, 2160.092041, 75.000000, 545.464478, -8.000000, -23.364304, 1.000000, 0.000000, -23.046455, 0.000000, 0.361084
424404730, 2169.436768, 73.891624, 541.506470, -8.000000, -22.946251, 1.000000, 0.000000, -22.419376, 0.000000, -0.928539
424616485, 2174.120361, 75.000000, 545.404968, -8.000000, -22.736721, 1.000000, 0.000000, -22.105082, 0.000000, 4.877838
424819533, 2166.635742, 73.889076, 545.395020, -8.000000, -23.071558, 1.000000, 0.000000, -22.607337, 0.000000, 0.482975
425041567, 2171.943359, 71.081627, 719.372742, -8.000000, -22.834114, 1.000000, 0.000000, -22.251171, 0.000000, 0.693329
425244852, 2167.960693, 73.903275, 535.714294, -8.000000, -23.012285, 1.000000, 0.000000, -22.518428, 0.000000, -1.395710
425466566, 2171.094971, 149.994751, 545.454529, -8.000000, -22.872066, 1.000000, 0.000000, -22.308100, 0.000000, 1.643887
425679754, 2167.696045, 74.259995, 545.454529, -8.000000, -23.024124, 1.000000, 0.000000, -22.536186, 0.000000, -1.602264
425891485, 2165.085693, 74.626862, 545.484314, -8.000000, -23.140903, 1.000000, 0.000000, -22.711355, 0.000000, -1.539230
426094506, 2146.100098, 74.257423, 545.504150, -8.000000, -23.990259, 1.000000, 0.000000, -23.985389, 0.000000, -0.976044
426316480, 2150.600098, 74.626862, 545.464478, -8.000000, -23.788944, 1.000000, 0.000000, -23.683416, 0.000000, 1.234566
426519829, 2152.907715, 74.254486, 721.995605, -8.000000, -23.685707, 1.000000, 0.000000, -23.528561, 0.000000, -4.806084
426741562, 2155.586426, 74.629837, 545.395020, -8.000000, -23.565870, 1.000000, 0.000000, -23.348805, 0.000000, -0.875645
426954751, 2144.212158, 148.514847, 545.395020, -8.000000, -24.074718, 1.000000, 0.000000, -24.112078, 0.000000, -2.342457
427166552, 2150.127441, 74.626862, 539.539246, -8.000000, -23.810089, 1.000000, 0.000000, -23.715134, 0.000000, -1.190277
427379687, 2167.961670, 74.388893, 535.714294, -8.000000, -23.012241, 1.000000, 0.000000, -22.518362, 0.000000, -1.395641
427591512, 2170.954590, 74.851418, 545.464478, -8.000000, -22.878347, 1.000000, 0.000000, -22.317521, 0.000000, 1.644539
427794526, 2150.495361, 149.253723, 545.454529, -8.000000, -23.793629, 1.000000, 0.000000, -23.690443, 0.000000, -1.601349
428016567, 2154.520996, 74.997375, 545.494202, -8.000000, -23.613533, 1.000000, 0.000000, -23.420300, 0.000000, 1.048267
428229786, 2167.918701, 73.894173, 545.494202, -8.000000, -23.014164, 1.000000, 0.000000, -22.521246, 0.000000, 0.855984
428441559, 2172.420410, 75.000000, 545.464478, -8.000000, -22.812771, 1.000000, 0.000000, -22.219156, 0.000000, 1.234634
428654781, 2167.346924, 73.891624, 541.506470, -8.000000, -23.039743, 1.000000, 0.000000, -22.559615, 0.000000, -0.928597
428866513, 2188.155518, 75.000000, 727.206604, -8.000000, -22.108833, 1.000000, 0.000000, -21.163250, 0.000000, 2.052406
429079732, 2205.546631, 147.778152, 545.395020, -8.000000, -21.330809, 1.000000, 0.000000, -19.996213, 0.000000, 0.533501
429291613, 2207.979492, 71.081627, 539.548950, -8.000000, -21.221970, 1.000000, 0.000000, -19.832954, 0.000000, 2.713371
429504728, 2204.001221, 73.903275, 535.714294, -8.000000, -21.399944, 1.000000, 0.000000, -20.099916, 0.000000, -1.395641
429716515, 2206.988770, 74.997375, 727.272705, -8.000000, -21.266293, 1.000000, 0.000000, -19.899439, 0.000000, 1.643944
429929723, 2203.264648, 74.259995, 545.454529, -8.000000, -21.432896, 1.000000, 0.000000, -20.149343, 0.000000, 0.316074
430141546, 2211.202881, 74.626862, 545.494202, -8.000000, -21.077766, 1.000000, 0.000000, -19.616650, 0.000000, 0.133026
430344506, 2207.596436, 74.257423, 727.338867, -8.000000, -21.239107, 1.000000, 0.000000, -19.858661, 0.000000, 0.000126
430566519, 2212.421631, 149.253723, 545.464478, -8.000000, -21.023243, 1.000000, 0.000000, -19.534864, 0.000000, 1.235744
430779734, 2210.661133, 74.254486, 541.516235, -8.000000, -21.102001, 1.000000, 0.000000, -19.653002, 0.000000, 0.036896
430991508, 2210.286621, 74.629837, 545.404968, -8.000000, -21.118755, 1.000000, 0.000000, -19.678133, 0.000000, 2.052361
431204729, 2202.802002, 74.257423, 545.395020, -8.000000, -21.453594, 1.000000, 0.000000, -20.180391, 0.000000, 0.482975
431416572, 2196.759766, 74.626862, 539.529541, -8.000000, -21.723906, 1.000000, 0.000000, -20.585858, 0.000000, -2.234928
431619522, 2203.361816, 74.389259, 535.714294, -8.000000, -21.428551, 1.000000, 0.000000, -20.142826, 0.000000, 3.397591
431841567, 2210.706543, 74.479759, 545.454529, -8.000000, -21.099970, 1.000000, 0.000000, -19.649955, 0.000000, -1.147282
432054759, 2218.216797, 74.626862, 545.454529, -8.000000, -20.763985, 1.000000, 0.000000, -19.145977, 0.000000, 1.325924
432266544, 2230.539551, 74.997375, 545.504150, -8.000000, -20.212704, 1.000000, 0.000000, -18.319056, 0.000000, 0.413246
432479754, 2226.100586, 73.894173, 545.494202, -8.000000, -20.411289, 1.000000, 0.000000, -18.616934, 0.000000, -0.975975
432691498, 2237.235840, 75.000000, 545.464478, -8.000000, -19.913134, 1.000000, 0.000000, -17.869700, 0.000000, 4.163017
432894533, 2232.058350, 73.891624, 541.506470, -8.000000, -20.144758, 1.000000, 0.000000, -18.217137, 0.000000, 1.970821
433116497, 2227.996826, 150.000000, 545.404968, -8.000000, -20.326458, 1.000000, 0.000000, -18.489687, 0.000000, -2.656815
433329772, 2233.571289, 73.888718, 545.395020, -8.000000, -20.077074, 1.000000, 0.000000, -18.115611, 0.000000, -0.390438
433541557, 2228.893555, 71.081963, 539.529541, -8.000000, -20.286341, 1.000000, 0.000000, -18.429511, 0.000000, -1.190403
433754767, 2226.143555, 73.903275, 535.714294, -8.000000, -20.409367, 1.000000, 0.000000, -18.614050, 0.000000, -4.125595
433966475, 2243.212158, 74.997375, 545.444580, -8.000000, -19.645771, 1.000000, 0.000000, -17.468657, 0.000000, 1.643097
434179698, 2243.322510, 148.519989, 545.454529, -8.000000, -19.640835, 1.000000, 0.000000, -17.461252, 0.000000, -1.602333
434391559, 2243.594727, 74.626862, 545.494202, -8.000000, -19.628658, 1.000000, 0.000000, -17.442987, 0.000000, 2.976471
434604781, 2232.682617, 74.257423, 545.504150, -8.000000, -20.116829, 1.000000, 0.000000, -18.175243, 0.000000, -2.907600
434816554, 2248.782227, 74.626862, 545.464478, -8.000000, -19.396585, 1.000000, 0.000000, -17.094878, 0.000000, -1.590946
435029776, 2257.385986, 74.254486, 541.496704, -8.000000, -19.011681, 1.000000, 0.000000, -16.517521, 0.000000, 1.970810
435241504, 2249.685547, 149.259674, 727.206604, -8.000000, -19.356173, 1.000000, 0.000000, -17.034259, 0.000000, 2.052418
435454714, 2234.208008, 74.257423, 545.404968, -8.000000, -20.048590, 1.000000, 0.000000, -18.072885, 0.000000, -1.332344
435658901, 2245.020996, 74.022171, 535.714294, -8.000000, -19.564850, 1.000000, 0.000000, -17.347275, 0.000000, 1.639561
435879706, 2246.714600, 74.482719, 545.454529, -8.000000, -19.489084, 1.000000, 0.000000, -17.233626, 0.000000, 1.800636
436091566, 2235.920898, 71.439117, 545.454529, -8.000000, -19.971958, 1.000000, 0.000000, -17.957937, 0.000000, -0.465534
436304750, 2236.449707, 74.626862, 545.454529, -8.000000, -19.948303, 1.000000, 0.000000, -17.922455, 0.000000, 2.511589
436516563, 2228.335693, 74.997375, 545.494202, -8.000000, -20.311298, 1.000000, 0.000000, -18.466948, 0.000000, -2.791626
436729785, 2228.443604, 73.894173, 545.504150, -8.000000, -20.306469, 1.000000, 0.000000, -18.459703, 0.000000, -3.883369
436941558, 2234.703369, 75.000000, 545.464478, -8.000000, -20.026428, 1.000000, 0.000000, -18.039642, 0.000000, 4.010651
437154780, 2232.058350, 73.891624, 541.506470, -8.000000, -20.144758, 1.000000, 0.000000, -18.217137, 0.000000, 1.970821
437366565, 2228.633545, 75.000000, 363.603302, -8.000000, -20.297974, 1.000000, 0.000000, -18.446960, 0.000000, -2.656826
437569533, 2228.166992, 73.889076, 545.395020, -8.000000, -20.318844, 1.000000, 0.000000, -18.478266, 0.000000, -2.342445
437791583, 2233.125244, 71.081627, 539.529541, -8.000000, -20.097027, 1.000000, 0.000000, -18.145540, 0.000000, -2.234642
437994530, 2232.780518, 73.903275, 535.714294, -8.000000, -20.112450, 1.000000, 0.000000, -18.168674, 0.000000, -3.347855
438216488, 2239.550781, 74.997375, 545.454529, -8.000000, -19.809570, 1.000000, 0.000000, -17.714355, 0.000000, -2.123383
438429744, 201237209676121112576.000000, 74.259995, 545.444580, -8.000000, 300.000000, 2420.005371, 0.000000, 462.000000, 38.808000, 1919.197311
438660860, 335395343596139839488.000000, 71.428574, 363.662811, 0.000000, 300.000000, 546.000000, 0.000000, 450.000000, 126.000000, -30.000000
438891895, 335395343596139839488.000000, 71.759346, 545.474365, 30.000000, 300.000000, 477.000000, 0.000000, 405.000000, 126.000000, -53.999999
439114870, 2154.817139, 68.179337, 545.514099, 77.000000, 285.083160, 321.946350, 0.000000, 312.124741, 126.000000, -116.178403
439335819, 2005.472168, 74.260368, 545.494202, 135.000000, 248.346161, 147.656754, 0.000000, 170.019241, 126.000000, -148.362494
439557839, 1719.525024, 71.439461, 714.285706, 189.000000, -90.000000, -137.550003, 0.000000, -418.500000, 0.000000, -12.000000
439779807, 1437.692139, 149.995499, 722.021667, 167.000000, -90.000000, -67.650002, 0.000000, -385.500000, 0.000000, 48.000001
439992537, 1322.013550, 142.294067, 727.206604, 131.000000, -90.000000, -45.450001, 0.000000, -331.500000, 0.000000, 53.999999
440216523, 1371.633423, 74.257423, 727.206604, 104.000000, -90.000000, -63.299999, 0.000000, -291.000000, 0.000000, 24.000000
440428724, 1427.532227, 150.000000, 539.548950, 85.000000, -90.000000, -48.750000, 0.000000, -262.500000, 0.000000, 30.000000
440652738, 1457.580566, 73.891624, 719.372742, 63.000000, -90.000000, -38.849998, 0.000000, -229.500000, 0.000000, 30.000000
440863882, 1504.519897, 149.247787, 545.444580, 46.000000, -90.000000, -37.200001, 0.000000, -204.000000, 0.000000, 24.000000
441085900, 1516.060425, 71.420410, 535.723877, 31.000000, -90.000000, -30.449999, 0.000000, -181.500000, 0.000000, 24.000000
441297889, 1531.890259, 74.257423, 535.762146, 17.000000, -90.000000, -30.150000, 0.000000, -160.500000, 0.000000, 18.000001
441518948, 1538.195435, 71.436737, 545.444580, 3.000000, -90.000000, -17.850000, 0.000000, -139.500000, 0.000000, 24.000000
441729749, 1585.767700, 142.163254, 363.636353, -8.000000, -90.000000, -24.900000, 0.000000, -123.000000, 0.000000, 12.000000
441952711, 1649.704834, 75.000000, 363.662811, -18.000000, -90.000000, -20.400000, 0.000000, -108.000000, 0.000000, 12.000000
442166553, 1769.223267, 74.254852, 545.494202, -25.000000, -90.000000, -23.250000, 0.000000, -97.500000, 0.000000, 6.000000
442378787, 1836.881104, 0.000000, 357.174744, -32.000000, -90.000000, 1.000000, 0.000000, -87.000000, 0.000000, 12.000000
442592584, 1909.215820, 74.257423, 357.174744, -36.000000, -34.587715, 328.698547, 0.000000, 2.118427, 0.106420, 326.473703
442816505, 2002.005981, 73.891258, 361.004303, -29.000000, -30.436575, 1.000000, 0.000000, -2.154862, 0.423024, -8.432281
443029764, 2087.517090, 73.902908, 361.004303, -16.000000, -26.611076, -16.023623, 0.000000, -15.916615, 0.000000, -11.248638
443241562, 2113.408447, 0.000000, 181.801651, -16.000000, -25.452780, 1.000000, 0.000000, -14.179170, 0.000000, 2.608326
443452685, 2139.151611, 74.629463, 181.801651, -16.000000, -24.301113, 1.000000, 0.000000, -12.451670, 0.000000, 1.424927
443664852, 2160.946777, 0.000000, 350.877197, -16.000000, -23.326065, 1.000000, 0.000000, -10.989098, 0.000000, 0.756111
443875517, 2162.487793, 71.081963, 363.662811, -16.000000, -23.257126, 1.000000, 0.000000, -10.885689, 0.000000, 0.823677
444096936, 2180.171143, 0.000000, 181.831406, -16.000000, -22.466028, 2.600904, 0.000000, -9.699042, 0.000000, 5.510616
444307840, 2215.543945, 75.000000, 181.821487, -16.000000, -20.883560, 2.545768, 0.000000, -7.325340, 0.000000, 4.743370
444518875, 2270.176025, 0.000000, 0.000000, -16.000000, -18.439493, 8.225341, 0.000000, -3.659240, 0.000000, 9.323113
444730915, 2323.656982, 0.000000, 0.000000, -16.000000, -16.046925, 0.732901, 0.000000, -0.070387, 0.000000, 0.754017
444941936, 2395.677246, 74.998123, 181.804962, -16.000000, -12.824965, 11.208106, 0.000000, 4.762553, 1.357796, 5.087757
445153758, 2436.253418, 0.000000, 0.000000, -16.000000, -11.009716, 15.907567, 0.000000, 7.485426, 5.007762, 3.414379
445366911, 2515.582764, 0.000000, 0.000000, -15.000000, -7.460772, 18.597881, 0.000000, 11.308843, 10.867159, -3.578121
445577742, 2568.560059, 0.000000, 0.000000, -8.000000, -5.090734, 11.424189, 0.000000, 4.363898, 15.676787, -8.616497
445778791, 2602.214600, 0.000000, 0.000000, -2.000000, -3.585136, 11.755028, 0.000000, -2.377705, 16.033540, -3.565201
445991535, 2628.393799, 0.000000, 181.818176, 1.000000, -2.413963, 15.485403, 0.000000, -5.120945, 12.851997, 4.169689
446194919, 2640.967773, 0.000000, 0.000000, 1.000000, -1.851440, 8.943376, 0.000000, -4.277161, 10.339614, -0.113091
446397896, 2666.702393, 0.000000, 0.000000, 1.000000, -0.700157, 10.596001, 0.000000, -2.550236, 8.573909, 2.787163
446599859, 2635.734619, 0.000000, 0.000000, 1.000000, -2.085556, 1.000000, 0.000000, -4.628334, 6.859138, -6.601479
446800867, 2524.552979, 0.000000, 0.000000, 1.000000, -7.059471, 1.000000, 0.000000, -12.089207, 2.617637, -10.323189
447013798, 2421.191650, 74.257423, 0.000000, 1.000000, -11.683533, 1.000000, 0.000000, -19.025299, 0.000000, -3.822315
447214853, 2474.929199, 0.000000, 181.831406, 1.000000, -9.279484, 4.403621, 0.000000, -15.419226, 0.000000, 9.029388
447417915, 2620.516357, 0.000000, 181.831406, 1.000000, -2.766373, 5.399165, 0.000000, -5.649559, 0.000000, 7.094032
447629736, 2661.421631, 0.000000, 0.000000, 1.000000, -0.936401, 1.000000, 0.000000, -2.904602, 0.000000, -1.329597
447830859, 2657.513672, 0.000000, 178.577805, 1.000000, -1.111229, 1.000000, 0.000000, -3.166843, 0.000000, -0.528900
448033816, 2647.469727, 0.000000, 0.000000, 1.000000, -1.560566, 1.000000, 0.000000, -3.840849, 0.000000, -3.509285
448236815, 2652.103760, 0.000000, 179.849655, 1.000000, -1.353252, 1.000000, 0.000000, -3.529879, 0.000000, -3.051453
448439869, 2640.841309, 0.000000, 0.000000, 1.000000, -1.857098, 1.000000, 0.000000, -4.285646, 0.000000, 0.914246
448652853, 2663.430420, 74.626862, 0.000000, 1.000000, -0.846535, 1.000000, 0.000000, -2.769802, 0.000000, -0.352638
448855839, 2669.275879, 0.000000, 0.000000, 1.000000, -0.585026, 1.593547, 0.000000, -2.377539, 0.000000, 2.306808
449058899, 2669.756348, 0.000000, 0.000000, 1.000000, -0.563534, 0.037438, 0.000000, -2.345301, 0.000000, 0.741028
449261907, 2675.414062, 0.000000, 175.435516, 1.000000, -0.310425, 1.000000, 0.000000, -1.965637, 0.000000, -0.781013
449464861, 2675.414307, 0.000000, 0.000000, 1.000000, -0.310410, 1.733009, 0.000000, -1.965614, 0.000000, 2.322693
449667588, 2690.428223, 74.626862, 0.000000, 1.000000, 0.361263, 2.386778, 0.000000, -0.958105, 0.000000, 2.674210
449880871, 2683.515869, 0.000000, 0.000000, 1.000000, 0.052029, 1.000000, 0.000000, -1.421957, 0.000000, -0.741486
450082780, 2706.076172, 0.000000, 181.818176, 1.000000, 1.061302, 0.603830, 0.000000, 0.091953, 0.012800, 0.499077
450283849, 2703.921143, 0.000000, 178.577805, 1.000000, 0.964893, 2.439112, 0.000000, -0.052660, 0.001045, 2.453865
450485833, 2706.270264, 0.000000, 0.000000, 1.000000, 1.069984, 1.000000, 0.000000, 0.104977, 0.108432, -2.157715
450686864, 2694.052246, 74.623894, 0.000000, 1.000000, 0.523388, 1.000000, 0.000000, -0.714918, 0.012605, -2.599182
450897936, 2693.678711, 0.000000, 181.814865, 1.000000, 0.506680, 1.000000, 0.000000, -0.739981, 0.000000, -2.119766
451099908, 2683.029785, 0.000000, 178.587372, 1.000000, 0.030281, 1.000000, 0.000000, -1.454578, 0.000000, 0.000275
451300951, 2686.819336, 0.000000, 181.834717, 1.000000, 0.199810, 1.000000, 0.000000, -1.200285, 0.000000, -1.825928
451503574, 2698.685547, 71.103188, 357.168365, 1.000000, 0.730671, 1.000000, 0.000000, -0.403994, 0.000000, -0.686508
451716920, 2692.808350, 0.000000, 177.304962, 1.000000, 0.467743, 1.000000, 0.000000, -0.798386, 0.004293, -4.341316
451919960, 2688.294922, 73.888718, 177.311249, 1.000000, 0.265827, 0.333792, 0.000000, -1.101259, 0.000000, 0.664169
452130763, 2682.093994, 74.629837, 181.801651, 1.000000, -0.011581, 1.000000, 0.000000, -1.517372, 0.000000, -1.300941
452333842, 2694.596191, 0.000000, 350.877197, 1.000000, 0.547726, 4.252234, 0.000000, -0.678411, 0.000000, 4.455757
452536843, 2690.529297, 74.026184, 350.871033, 1.000000, 0.365784, 1.000000, 0.000000, -0.951324, 0.000000, -1.020355
452747872, 2660.519287, 74.478653, 363.636353, 1.000000, -0.976768, 1.000000, 0.000000, -2.965153, 0.000000, -0.482437
452950881, 2668.821777, 74.996620, 363.662811, 1.000000, -0.605343, 1.596192, 0.000000, -2.408014, 0.000000, 2.318596
453161850, 2656.274658, 0.000000, 357.181122, 1.000000, -1.166660, 0.460504, 0.000000, -3.249990, 0.000000, 1.435501
453374907, 2639.657715, 71.100830, 535.752563, 1.000000, -1.910049, 1.000000, 0.000000, -4.365074, 0.000000, -0.247124
453575859, 2626.121826, 73.888718, 357.149231, 1.000000, -2.515602, 1.000000, 0.000000, -5.273403, 0.000000, -4.164391
453786829, 2636.752197, 71.081963, 357.123718, 1.000000, -2.040031, 1.485410, 0.000000, -4.560047, 0.000000, 2.853424
453999902, 2602.436768, 75.000000, 359.699310, 1.000000, -3.575197, 1.000000, 0.000000, -6.862796, 0.000000, -4.410404
454200880, 2581.502197, 73.889076, 363.642975, 1.000000, -4.511744, 1.000000, 0.000000, -8.267615, 0.000000, 0.065666
454411829, 2577.441895, 71.103188, 357.149231, 1.000000, -4.693388, 1.000000, 0.000000, -8.540082, 0.000000, -1.221909
454622862, 2583.480713, 75.000000, 181.831406, 1.000000, -4.423231, 1.000000, 0.000000, -8.134847, 0.000000, -0.724857
454825855, 2570.143066, 74.997002, 178.584183, 1.000000, -5.019917, 1.000000, 0.000000, -9.029875, 0.000000, 0.369793
455036799, 2570.427246, 73.894539, 357.155609, 1.000000, -5.007202, 1.000000, 0.000000, -9.010803, 0.000000, 2.651116
455247854, 2570.933105, 0.000000, 363.629730, 1.000000, -4.984571, 1.000000, 0.000000, -8.976857, 0.000000, 0.851658
455450831, 2569.127197, 71.099487, 359.660461, 1.000000, -5.065361, 1.000000, 0.000000, -9.098042, 0.000000, -1.670414
455661810, 2574.607910, 73.891624, 357.149231, 1.000000, -4.820173, 0.253984, 0.000000, -8.730260, 0.000000, 2.873062
455874882, 2576.891113, 74.625381, 357.142853, 1.000000, -4.718029, 1.000000, 0.000000, -8.577044, 0.000000, 1.904697
456075881, 2565.085938, 0.000000, 181.834717, 1.000000, -5.246155, 1.000000, 0.000000, -9.369232, 0.000000, -0.363636
456286816, 2575.710938, 75.000000, 363.662811, 1.000000, -4.770826, 1.000000, 0.000000, -8.656240, 0.000000, 0.526875
456489794, 2578.557373, 74.266617, 357.168365, 1.000000, -4.643486, 1.000000, 0.000000, -8.465229, 0.000000, 0.103340
456700925, 2586.259277, 74.629463, 357.149231, 1.000000, -4.298927, 1.000000, 0.000000, -7.948391, 0.000000, -0.243004
456911810, 2577.240234, 0.000000, 357.123718, 1.000000, -4.702410, 1.000000, 0.000000, -8.553615, 0.000000, -2.421948
457114810, 2577.145020, 74.626862, 359.692810, 1.000000, -4.706669, 1.000000, 0.000000, -8.560003, 0.000000, 2.275955
457325862, 2575.679443, 74.257423, 178.574615, 1.000000, -4.772234, 1.000000, 0.000000, -8.658351, 0.000000, -1.433384
457538781, 2577.145508, 74.623894, 357.142853, 1.000000, -4.706650, 1.000000, 0.000000, -8.559975, 0.000000, -0.249092
457739820, 2583.267578, 0.000000, 363.662811, 1.000000, -4.432768, 1.000000, 0.000000, -8.149152, 0.000000, -0.725395
457950854, 2577.758301, 74.626862, 363.669434, 1.000000, -4.679234, 1.000000, 0.000000, -8.518850, 0.000000, 0.031528
458153540, 2579.977295, 74.626862, 357.174744, 1.000000, -4.579964, 1.000000, 0.000000, -8.369946, 0.000000, -1.169895
458366901, 2579.862793, 0.000000, 177.301819, 1.000000, -4.585087, 1.000000, 0.000000, -8.377630, 0.000000, -2.156811
458577720, 2597.938965, 74.624268, 181.801651, 1.000000, -3.776415, 1.000000, 0.000000, -7.164622, 0.000000, -0.657875
458780852, 2599.217041, 74.395905, 178.558685, 1.000000, -3.719236, 1.000000, 0.000000, -7.078855, 0.000000, -0.038715
458991902, 2600.888672, 74.478279, 363.603302, 1.000000, -3.644453, 0.767551, 0.000000, -6.966680, 0.000000, 2.857555
459202800, 2610.301025, 0.000000, 363.636353, 1.000000, -3.223375, 2.540487, 0.000000, -6.335063, 0.000000, 4.441006
459405851, 2601.980225, 74.629463, 357.136475, 1.000000, -3.595621, 1.000000, 0.000000, -6.893432, 0.000000, -1.446625
459616947, 2607.845703, 74.257423, 363.662811, 1.000000, -3.333220, 1.000000, 0.000000, -6.499829, 0.000000, 0.618496
459819902, 2608.269775, 0.000000, 178.571426, 1.000000, -3.314247, 0.030269, 0.000000, -6.471371, 0.000000, 1.971680
460030805, 2602.874268, 74.626862, 363.629730, 1.000000, -3.555626, 1.000000, 0.000000, -6.833439, 0.000000, -0.940327
460241932, 2612.959473, 74.623894, 363.603302, 1.000000, -3.104445, 1.000000, 0.000000, -6.156667, 0.000000, 1.075127
460444920, 2628.326172, 74.629837, 357.123718, 1.000000, -2.416985, 2.034493, 0.000000, -5.125477, 0.000000, 3.572136
460655891, 2639.043457, 0.000000, 357.142853, 1.000000, -1.937531, 1.551974, 0.000000, -4.406296, 0.000000, 2.873863
460858802, 2615.170410, 74.257423, 357.142853, 1.000000, -3.005535, 1.000000, 0.000000, -6.008303, 0.000000, -0.576691
461069941, 2613.673828, 74.626862, 357.142853, 1.000000, -3.072487, 1.000000, 0.000000, -6.108730, 0.000000, 1.501156
461280802, 2636.512695, 74.997375, 363.662811, 1.000000, -2.050747, 0.928021, 0.000000, -4.576120, 0.000000, 2.300857
461483791, 2638.406982, 0.000000, 350.883331, 1.000000, -1.966003, 1.000000, 0.000000, -4.449005, 0.000000, 0.925781
461694824, 2616.538086, 74.482719, 363.629730, 1.000000, -2.944347, 1.000000, 0.000000, -5.916521, 0.000000, -1.186317
461905771, 2628.149658, 74.999626, 363.603302, 1.000000, -2.424881, 1.000000, 0.000000, -5.137321, 0.000000, -2.796112
462108789, 2623.034912, 71.100830, 357.136475, 1.000000, -2.653702, 1.000000, 0.000000, -5.480553, 0.000000, -1.935768
462319852, 2632.163330, 0.000000, 363.629730, 1.000000, -2.245323, 1.000000, 0.000000, -4.867985, 0.000000, -2.860611
462522894, 2648.139160, 75.000000, 350.871033, 1.000000, -1.530617, 0.861467, 0.000000, -3.795925, 0.000000, 2.000244
462733790, 2633.743164, 73.891624, 357.142853, 1.000000, -2.174648, 1.000000, 0.000000, -4.761972, 0.000000, -4.161781
462944846, 2635.573242, 71.080620, 363.629730, 1.000000, -2.092777, 1.000000, 0.000000, -4.639166, 0.000000, -2.814239
463147858, 2638.099121, 71.097122, 357.136475, 1.000000, -1.979774, 1.000000, 0.000000, -4.469662, 0.000000, -1.218246
463358784, 2627.541504, 73.894173, 357.155609, 1.000000, -2.452091, 1.000000, 0.000000, -5.178137, 0.000000, -2.146912
463569914, 2625.987793, 71.080620, 363.603302, 1.000000, -2.521599, 1.000000, 0.000000, -5.282398, 0.000000, 0.292465
463772810, 2620.010742, 71.099487, 535.723877, 1.000000, -2.788994, 1.000000, 0.000000, -5.683491, 0.000000, 0.762657
463983856, 2630.835205, 73.891624, 357.149231, 1.000000, -2.304741, 1.000000, 0.000000, -4.957111, 0.000000, -0.000847
464194885, 2635.432861, 71.080620, 363.636353, 1.000000, -2.099056, 1.000000, 0.000000, -4.648584, 0.000000, -1.627762
464405746, 2636.823975, 71.099487, 545.484314, 1.000000, -2.036823, 1.000000, 0.000000, -4.555235, 0.000000, -0.460625
464608829, 2648.800293, 71.080956, 526.325012, 1.000000, -1.501041, 3.063023, 0.000000, -3.751562, 0.000000, 4.188492
464819879, 2638.041016, 73.891258, 545.444580, 1.000000, -1.982376, 1.000000, 0.000000, -4.473564, 0.000000, -1.186340
465030780, 2639.070557, 71.099487, 545.404968, 1.000000, -1.936317, 1.000000, 0.000000, -4.404476, 0.000000, -0.844780
465233844, 2637.514893, 71.080620, 535.723877, 1.000000, -2.005913, 1.000000, 0.000000, -4.508869, 0.000000, -0.088211
465444896, 2640.217529, 73.889076, 535.714294, 1.000000, -1.885006, 1.000000, 0.000000, -4.327509, 0.000000, 1.200485
465655841, 2639.070312, 71.101845, 545.454529, 1.000000, -1.936329, 2.159212, 0.000000, -4.404493, 0.000000, 3.480560
465868898, 2627.020996, 74.625381, 545.454529, 1.000000, -2.475376, 1.000000, 0.000000, -5.213064, 0.000000, -3.657371
466069853, 2645.351807, 74.626862, 545.454529, 1.000000, -1.655315, 2.971787, 0.000000, -3.982973, 0.000000, 4.166679
466280861, 2646.279053, 71.100830, 535.733398, 1.000000, -1.613831, 1.000000, 0.000000, -3.920746, 0.000000, 0.783325
466491859, 2633.991211, 75.000000, 545.404968, 1.000000, -2.163551, 1.000000, 0.000000, -4.745327, 0.000000, -0.422173
466694833, 2625.331787, 73.891624, 535.676025, 1.000000, -2.550945, 1.000000, 0.000000, -5.326418, 0.000000, -1.308403
466905872, 2639.953369, 150.000000, 535.704712, 1.000000, -1.896824, 1.000000, 0.000000, -4.345236, 0.000000, -1.935768
467116841, 2647.475098, 74.997375, 535.714294, 1.000000, -1.560326, 1.000000, 0.000000, -3.840488, 0.000000, -0.576691
467327700, 2651.378418, 71.081963, 545.494202, 1.000000, -1.385704, 1.000000, 0.000000, -3.578556, 0.000000, -1.880470
467530897, 2625.707764, 73.891258, 535.771667, 1.000000, -2.534126, 1.000000, 0.000000, -5.301189, 0.000000, -5.140755
467741923, 2625.690430, 149.994751, 535.733398, 1.000000, -2.534901, 1.000000, 0.000000, -5.302351, 0.000000, 0.003159
467952747, 2639.274658, 71.103188, 545.404968, 1.000000, -1.927185, 1.000000, 0.000000, -4.390778, 0.000000, -1.895782
468163781, 2644.731934, 75.000000, 545.404968, 1.000000, -1.683044, 0.289471, 0.000000, -4.024567, 0.000000, 1.496841
468364838, 2644.909180, 74.997002, 545.454529, 1.000000, -1.675114, 1.000000, 0.000000, -4.012671, 0.000000, 0.000000
468575901, 2637.814697, 142.163254, 545.504150, 1.000000, -1.992500, 1.000000, 0.000000, -4.488750, 0.000000, -0.713654
468786791, 2638.415527, 75.000000, 535.762146, 1.000000, -1.965622, 1.000000, 0.000000, -4.448433, 0.000000, -1.385170
468997824, 2637.327881, 74.624641, 727.259460, 1.000000, -2.014278, 1.000000, 0.000000, -4.521418, 0.000000, -0.418167
469200502, 2652.121582, 149.258926, 714.272949, 1.000000, -1.352455, 1.383335, 0.000000, -3.528683, 0.000000, 2.441940
469411854, 2630.127441, 74.626862, 545.395020, 1.000000, -2.336403, 1.000000, 0.000000, -5.004604, 0.000000, -4.624100
469622882, 2627.582764, 74.999626, 714.298462, 1.000000, -2.450245, 1.000000, 0.000000, -5.175367, 0.000000, -0.213249
469833835, 2641.594971, 74.627235, 727.272705, 1.000000, -1.823383, 1.000000, 0.000000, -4.235075, 0.000000, -0.387360
470036792, 2634.193359, 149.248535, 714.285706, 1.000000, -2.154507, 1.000000, 0.000000, -4.731760, 0.000000, -0.525032
470247835, 2634.128662, 74.629837, 545.504150, 1.000000, -2.157402, 1.000000, 0.000000, -4.736103, 0.000000, 0.267700
470458801, 2652.654053, 74.999626, 535.733398, 1.000000, -1.328636, 1.619800, 0.000000, -3.492954, 0.000000, 2.667686
470669855, 2634.003662, 74.999626, 727.259460, 1.000000, -2.162994, 1.000000, 0.000000, -4.744492, 0.000000, -0.418167
470872541, 2631.687256, 148.539124, 541.496704, 1.000000, -2.266621, 1.000000, 0.000000, -4.899931, 0.000000, -0.687950
471083900, 2648.478516, 74.623894, 727.285950, 1.000000, -1.515434, 3.032789, 0.000000, -3.773151, 0.000000, 4.164734
471294925, 2642.543213, 71.092743, 535.704712, 1.000000, -1.780964, 1.000000, 0.000000, -4.171446, 0.000000, -3.070541
471505781, 2584.068848, 75.000000, 727.259460, 1.000000, -4.396921, 1.000000, 0.000000, -8.095382, 0.000000, -4.256996
471708867, 2532.912109, 74.997002, 535.704712, 1.000000, -6.685511, 1.000000, 0.000000, -11.528266, 0.000000, -1.216152
471919902, 2489.573486, 147.765778, 535.714294, 1.000000, -8.624344, 1.000000, 0.000000, -14.436516, 0.000000, -1.933731
472130857, 2490.990723, 71.100830, 535.723877, 1.000000, -8.560942, 1.000000, 0.000000, -14.341413, 0.000000, -0.260227
472341899, 2450.310303, 74.997375, 545.404968, 1.000000, -10.380856, 1.000000, 0.000000, -17.071283, 0.000000, -4.359295
472544532, 2387.468994, 71.092407, 545.395020, 1.000000, -13.192177, 1.000000, 0.000000, -21.288265, 0.000000, -5.562069
472756124, 2369.452393, 73.879982, 545.454529, 1.000000, -13.998182, 1.000000, 0.000000, -22.497273, 0.000000, -0.733051
472966915, 2378.551025, 74.998878, 545.454529, 1.000000, -13.591139, 1.000000, 0.000000, -21.886708, 0.000000, -0.810505
473178737, 2365.241455, 75.000000, 545.494202, 1.000000, -14.186567, 1.000000, 0.000000, -22.779851, 0.000000, -1.983742
473391927, 2348.574463, 74.254852, 727.325623, 1.000000, -14.932196, 1.000000, 0.000000, -23.898293, 0.000000, -3.388813
473602782, 2344.779785, 71.081963, 545.494202, 1.000000, -15.101957, 1.000000, 0.000000, -24.152936, 0.000000, -1.432617
473813839, 2337.807617, 75.000000, 535.676025, 1.000000, -15.413870, 1.000000, 0.000000, -24.620805, 0.000000, 0.586052
474024912, 2324.343018, 74.997002, 545.404968, 1.000000, -16.016233, 1.000000, 0.000000, -25.524350, 0.000000, 0.451321
474235788, 2306.825195, 142.206375, 545.454529, 1.000000, -16.799927, 1.000000, 0.000000, -26.699890, 0.000000, -1.464191
474446894, 2259.094727, 75.000000, 727.272705, 1.000000, -18.935236, 1.000000, 0.000000, -29.902854, 0.000000, -4.882438
474657833, 2243.376465, 74.997375, 545.454529, 1.000000, -19.638420, 1.000000, 0.000000, -30.957630, 0.000000, -3.695434
474868859, 2233.763184, 71.092407, 545.454529, 1.000000, -20.068489, 1.000000, 0.000000, -31.602734, 0.000000, -0.868961
475079706, 2236.883545, 75.000000, 727.272705, 1.000000, -19.928894, 1.000000, 0.000000, -31.393341, 0.000000, -2.769596
475291517, 2232.725586, 74.997375, 545.404968, 1.000000, -20.114906, 1.000000, 0.000000, -31.672359, 0.000000, -0.822029
475494897, 2252.022217, 74.029114, 535.676025, 1.000000, -19.251637, 1.000000, 0.000000, -30.377455, 0.000000, 2.874264
475705943, 2252.866211, 149.699860, 545.454529, 1.000000, -19.213879, 1.000000, 0.000000, -30.320818, 0.000000, 4.006668
475916924, 2240.982422, 75.000000, 545.454529, 1.000000, -19.745523, 1.000000, 0.000000, -31.118285, 0.000000, -0.349812
476127763, 2243.535645, 74.999626, 535.762146, 1.000000, -19.631300, 1.000000, 0.000000, -30.946950, 0.000000, -1.671535
476338859, 2229.178955, 74.997375, 535.762146, 1.000000, -20.273573, 1.000000, 0.000000, -31.910359, 0.000000, -3.379509
476549893, 2245.320068, 71.103188, 545.444580, 1.000000, -19.551472, 1.000000, 0.000000, -30.827208, 0.000000, -0.391571
476760847, 2238.044922, 75.000000, 535.676025, 1.000000, -19.876938, 1.000000, 0.000000, -31.315407, 0.000000, 2.246521
476971846, 2245.843018, 74.997375, 535.714294, 1.000000, -19.528076, 1.000000, 0.000000, -30.792114, 0.000000, 1.673309
477182803, 2244.672607, 71.092407, 545.464478, 1.000000, -19.580437, 1.000000, 0.000000, -30.870655, 0.000000, 3.344582
477393901, 2240.579590, 75.000000, 545.454529, 1.000000, -19.763544, 1.000000, 0.000000, -31.145316, 0.000000, 1.950382
477604780, 2232.855225, 74.997375, 545.504150, 1.000000, -20.109108, 1.000000, 0.000000, -31.663662, 0.000000, -0.747597
477816495, 2248.701172, 71.081291, 545.454529, 1.000000, -19.400211, 1.000000, 0.000000, -30.600317, 0.000000, 4.011360
478019895, 2256.597656, 73.903641, 541.496704, 1.000000, -19.046947, 1.000000, 0.000000, -30.070421, 0.000000, 3.497131
478230912, 2265.417480, 74.623894, 535.676025, 1.000000, -18.652376, 1.000000, 0.000000, -29.478564, 0.000000, -1.239223
478441890, 2263.953857, 71.092743, 535.676025, 1.000000, -18.717854, 1.000000, 0.000000, -29.576780, 0.000000, -1.906403
478652728, 2273.770264, 75.000000, 535.723877, 1.000000, -18.278698, 1.000000, 0.000000, -28.918047, 0.000000, 2.685070
478863864, 2277.930420, 74.997375, 535.762146, 1.000000, -18.092587, 1.000000, 0.000000, -28.638880, 0.000000, -1.201012
479074886, 2302.536865, 71.082970, 363.662811, 1.000000, -16.991772, 1.000000, 0.000000, -26.987658, 0.000000, 1.431290
479285797, 2298.892090, 71.099487, 545.454529, 1.000000, -17.154827, 1.000000, 0.000000, -27.232241, 0.000000, -0.677799
479496908, 2320.707520, 142.161240, 545.454529, 1.000000, -16.178873, 1.000000, 0.000000, -25.768310, 0.000000, -0.679504
479707843, 2313.764160, 71.099487, 535.714294, 1.000000, -16.489498, 1.000000, 0.000000, -26.234247, 0.000000, 2.248489
479918888, 2324.673096, 71.078255, 545.454529, 1.000000, -16.001467, 1.000000, 0.000000, -25.502200, 0.000000, 0.451389
480129744, 2320.714111, 71.101845, 545.454529, 1.000000, -16.178579, 1.000000, 0.000000, -25.767869, 0.000000, 4.286213
480341555, 2312.603760, 71.068489, 545.494202, 1.000000, -16.541410, 1.000000, 0.000000, -26.312116, 0.000000, -1.950439
480544555, 2317.747559, 74.624268, 545.494202, 1.000000, -16.311293, 1.000000, 0.000000, -25.966939, 0.000000, 3.226296
480756002, 2327.690918, 74.629463, 545.454529, 1.000000, -15.866459, 1.000000, 0.000000, -25.299688, 0.000000, 1.135929
480966889, 2318.474121, 75.000000, 535.676025, 1.000000, -16.278790, 1.000000, 0.000000, -25.918184, 0.000000, -2.832172
481177712, 2323.387939, 75.000000, 535.676025, 1.000000, -16.058960, 1.000000, 0.000000, -25.588440, 0.000000, 1.771088
481388817, 2305.844727, 75.000000, 535.704712, 1.000000, -16.843788, 1.000000, 0.000000, -26.765682, 0.000000, -2.727917
481599839, 2316.760254, 74.997002, 357.174744, 1.000000, -16.355463, 1.000000, 0.000000, -26.033195, 0.000000, -0.678074
481810796, 2316.756348, 71.082298, 545.494202, 1.000000, -16.355637, 1.000000, 0.000000, -26.033455, 0.000000, 0.455006
482021893, 2313.437988, 75.000000, 545.454529, 1.000000, -16.504089, 1.000000, 0.000000, -26.256134, 0.000000, -1.497208
482232839, 2324.347412, 74.997002, 545.454529, 1.000000, -16.016037, 1.000000, 0.000000, -25.524055, 0.000000, -0.677742
482443862, 2319.869873, 71.103188, 545.404968, 1.000000, -16.216349, 1.000000, 0.000000, -25.824523, 0.000000, -0.750355
482654718, 2319.381592, 75.000000, 545.454529, 1.000000, -16.238194, 1.000000, 0.000000, -25.857290, 0.000000, -4.428886
482866536, 2323.457764, 74.997375, 363.636353, 1.000000, -16.055838, 1.000000, 0.000000, -25.583756, 0.000000, 0.154129
483069912, 2317.986084, 74.259995, 363.636353, 1.000000, -16.300623, 1.000000, 0.000000, -25.950934, 0.000000, -2.934414
483280937, 2314.042969, 74.626862, 535.762146, 1.000000, -16.477026, 1.000000, 0.000000, -26.215539, 0.000000, -0.053741
483491913, 2330.567139, 75.000000, 535.723877, 1.000000, -15.737785, 1.000000, 0.000000, -25.106678, 0.000000, 1.775677
483702738, 2325.182861, 75.000000, 535.676025, 1.000000, -15.978662, 1.000000, 0.000000, -25.467994, 0.000000, 0.427654
483913813, 2326.028809, 74.997375, 357.117371, 1.000000, -15.940817, 1.000000, 0.000000, -25.411225, 0.000000, 0.224831
484124922, 2342.536621, 71.081963, 545.454529, 1.000000, -15.202309, 1.000000, 0.000000, -24.303463, 0.000000, 4.200566
484335856, 2338.056641, 75.000000, 545.454529, 1.000000, -15.402731, 1.000000, 0.000000, -24.604096, 0.000000, -0.749439
484546867, 2322.667236, 74.996620, 545.494202, 1.000000, -16.091202, 1.000000, 0.000000, -25.636803, 0.000000, 0.455063
484757818, 2346.166504, 71.103523, 545.454529, 1.000000, -15.039919, 1.000000, 0.000000, -24.059878, 0.000000, 0.908936
484968844, 2402.797119, 75.000000, 545.464478, 1.000000, -12.506445, 1.000000, 0.000000, -20.259667, 0.000000, 1.135551
485179695, 2430.326172, 74.997375, 545.404968, 1.000000, -11.274881, 1.000000, 0.000000, -18.412322, 0.000000, -2.930283
485383825, 2438.194336, 74.259995, 357.136475, 1.000000, -10.922884, 1.000000, 0.000000, -17.884326, 0.000000, -0.001900
485594844, 2449.261963, 74.257423, 535.704712, 1.000000, -10.427755, 1.000000, 0.000000, -17.141633, 0.000000, -0.734036
485805922, 2443.218018, 75.000000, 535.704712, 1.000000, -10.698141, 1.000000, 0.000000, -17.547212, 0.000000, 1.996124
486016884, 2425.528564, 71.080620, 545.494202, 1.000000, -11.489511, 1.000000, 0.000000, -18.734267, 0.000000, -3.606045
486227743, 2439.739258, 71.099487, 545.504150, 1.000000, -10.853771, 1.000000, 0.000000, -17.780657, 0.000000, -0.747734
486438878, 2445.765381, 71.090050, 545.414856, 1.000000, -10.584179, 1.000000, 0.000000, -17.376268, 0.000000, -2.476719
486649872, 2434.538086, 71.078255, 545.414856, 1.000000, -11.086454, 1.000000, 0.000000, -18.129682, 0.000000, -1.465897
486860835, 2431.824219, 71.101845, 363.642975, 1.000000, -11.207865, 1.000000, 0.000000, -18.311797, 0.000000, -2.196258
487071941, 2434.547363, 142.161240, 363.636353, 1.000000, -11.086039, 1.000000, 0.000000, -18.129058, 0.000000, -0.001831
487282793, 2440.906494, 71.099487, 545.444580, 1.000000, -10.801552, 1.000000, 0.000000, -17.702328, 0.000000, 0.243977
487493918, 2428.565674, 71.080620, 545.454529, 1.000000, -11.353642, 1.000000, 0.000000, -18.530462, 0.000000, -3.657497
487704754, 2431.301758, 71.097122, 363.642975, 1.000000, -11.231237, 1.000000, 0.000000, -18.346856, 0.000000, -3.657314
487916584, 2448.175293, 71.066132, 363.603302, 1.000000, -10.476370, 1.000000, 0.000000, -17.214555, 0.000000, 4.057434
488119883, 2438.190674, 70.780754, 357.123718, 1.000000, -10.923048, 1.000000, 0.000000, -17.884572, 0.000000, -0.001900
488330853, 2449.101807, 0.000000, 535.704712, 1.000000, -10.434919, 1.000000, 0.000000, -17.152379, 0.000000, -0.001900
488541869, 2448.833984, 71.078255, 363.629730, 1.000000, -10.446899, 1.000000, 0.000000, -17.170349, 0.000000, 3.526440
488752739, 2440.070312, 71.101845, 363.669434, 1.000000, -10.838961, 1.000000, 0.000000, -17.758441, 0.000000, -1.462235
488963852, 2449.740723, 71.090050, 363.662811, 1.000000, -10.406336, 1.000000, 0.000000, -17.109504, 0.000000, -2.926277
489174890, 2444.928223, 71.080620, 363.636353, 1.000000, -10.621632, 1.000000, 0.000000, -17.432447, 0.000000, -2.701321
489385705, 2429.630371, 71.099487, 545.404968, 1.000000, -11.306009, 1.000000, 0.000000, -18.459014, 0.000000, -3.663002
489596961, 2450.159668, 71.078255, 363.629730, 1.000000, -10.387594, 1.000000, 0.000000, -17.081391, 0.000000, 4.078548
489797870, 2442.888184, 0.000000, 363.636353, 1.000000, -10.712896, 1.000000, 0.000000, -17.569345, 0.000000, -0.533501
490008862, 2449.419189, 74.626862, 535.704712, 1.000000, -10.420719, 1.000000, 0.000000, -17.131079, 0.000000, 0.976250
490219880, 2439.900879, 71.080620, 357.149231, 1.000000, -10.846540, 1.000000, 0.000000, -17.769811, 0.000000, -2.124310
490430877, 2455.191895, 71.097122, 357.149231, 1.000000, -10.162468, 1.000000, 0.000000, -16.743702, 0.000000, 1.440342
490641959, 2445.178711, 71.082970, 535.676025, 1.000000, -10.610426, 1.000000, 0.000000, -17.415639, 0.000000, 2.124561
490852696, 2436.096680, 71.099487, 363.609924, 1.000000, -11.016727, 1.000000, 0.000000, -18.025091, 0.000000, -2.686043
491063832, 2439.422607, 71.090050, 363.642975, 1.000000, -10.867935, 1.000000, 0.000000, -17.801903, 0.000000, -0.750343
491274858, 2445.790039, 71.080620, 363.662811, 1.000000, -10.583078, 1.000000, 0.000000, -17.374618, 0.000000, 2.407265
491485789, 2434.873047, 71.096786, 545.504150, 1.000000, -11.071468, 1.000000, 0.000000, -18.107203, 0.000000, -1.462349
491696913, 2435.190674, 71.083313, 545.464478, 1.000000, -11.057259, 1.000000, 0.000000, -18.085888, 0.000000, -1.705341
491907728, 2444.866943, 71.099487, 363.636353, 1.000000, -10.624372, 1.000000, 0.000000, -17.436559, 0.000000, 1.953529
492118984, 2444.831543, 71.080620, 363.596680, 1.000000, -10.625957, 1.000000, 0.000000, -17.438936, 0.000000, 0.190636
492329745, 2452.129883, 71.099487, 545.444580, 1.000000, -10.299454, 1.000000, 0.000000, -16.949181, 0.000000, 1.217251
492531123, 2443.163818, 71.065796, 545.454529, 1.000000, -10.700565, 1.000000, 0.000000, -17.550848, 0.000000, -1.014038
492741868, 2450.451660, 74.643204, 545.494202, 1.000000, -10.374531, 1.000000, 0.000000, -17.061796, 0.000000, 0.448174
492952752, 2460.477783, 71.099487, 357.174744, 1.000000, -9.925993, 1.000000, 0.000000, -16.388989, 0.000000, 3.832146
493163895, 2446.841553, 71.090050, 535.676025, 1.000000, -10.536036, 1.000000, 0.000000, -17.304053, 0.000000, -0.262917
493374894, 2440.574463, 71.078255, 535.685608, 1.000000, -10.816406, 1.000000, 0.000000, -17.724609, 0.000000, -1.421791
493585852, 2450.653564, 71.101845, 545.444580, 1.000000, -10.365498, 1.000000, 0.000000, -17.048246, 0.000000, -0.453163
493796850, 2446.496338, 71.080620, 363.629730, 1.000000, -10.551479, 1.000000, 0.000000, -17.327219, 0.000000, 1.950314
494007813, 2423.833008, 71.099487, 545.444580, 1.000000, -11.565367, 1.000000, 0.000000, -18.848050, 0.000000, -3.660587
494218937, 2425.320312, 71.080620, 545.454529, 1.000000, -11.498829, 1.000000, 0.000000, -18.748243, 0.000000, -0.781803
494429773, 2413.441406, 71.097122, 363.636353, 1.000000, -12.030252, 1.000000, 0.000000, -19.545379, 0.000000, 0.176022
494641510, 2412.465088, 71.055359, 363.603302, 1.000000, -12.073931, 1.000000, 0.000000, -19.610896, 0.000000, 4.058167
494844937, 2395.334961, 70.791451, 535.676025, 1.000000, -12.840277, 1.000000, 0.000000, -20.760415, 0.000000, -0.001900
495055923, 2389.033691, 73.891624, 363.636353, 1.000000, -13.122177, 1.000000, 0.000000, -21.183266, 0.000000, -0.786724
495266870, 2373.863037, 71.078255, 357.142853, 1.000000, -13.800863, 1.000000, 0.000000, -22.201295, 0.000000, -1.056770
495477738, 2378.087891, 71.101845, 545.494202, 1.000000, -13.611858, 1.000000, 0.000000, -21.917788, 0.000000, 0.455063
495688845, 2360.392578, 71.090050, 545.494202, 1.000000, -14.403490, 1.000000, 0.000000, -23.105235, 0.000000, -0.677925
495899891, 2360.377197, 71.080620, 545.444580, 1.000000, -14.404177, 1.000000, 0.000000, -23.106265, 0.000000, 2.195870
496110830, 2359.537354, 71.099487, 545.404968, 1.000000, -14.441750, 1.000000, 0.000000, -23.162624, 0.000000, 0.451321
496321868, 2377.407959, 71.078255, 545.454529, 1.000000, -13.642277, 1.000000, 0.000000, -21.963415, 0.000000, 0.453152
496532786, 2377.729248, 71.101845, 545.454529, 1.000000, -13.627903, 1.000000, 0.000000, -21.941854, 0.000000, 3.081459
496743911, 2359.025391, 71.080620, 363.636353, 1.000000, -14.464655, 1.000000, 0.000000, -23.196982, 0.000000, -0.001842
496954786, 2380.092529, 71.099487, 545.504150, 1.000000, -13.522177, 1.000000, 0.000000, -21.783265, 0.000000, 1.134956
497166502, 2362.064453, 71.053009, 545.464478, 1.000000, -14.328697, 1.000000, 0.000000, -22.993046, 0.000000, 1.135609
497369872, 2350.719727, 141.578217, 360.997803, 1.000000, -14.836224, 1.000000, 0.000000, -23.754335, 0.000000, -2.491161
497580936, 2366.528809, 73.894173, 535.676025, 1.000000, -14.128975, 1.000000, 0.000000, -22.693462, 0.000000, 1.771202
497791914, 2361.485107, 71.080620, 357.117371, 1.000000, -14.354614, 1.000000, 0.000000, -23.031921, 0.000000, -1.769508
498002769, 2349.809326, 71.099487, 535.723877, 1.000000, -14.876951, 1.000000, 0.000000, -23.815427, 0.000000, -3.171318
498213795, 2357.673096, 71.087692, 535.762146, 1.000000, -14.525150, 1.000000, 0.000000, -23.287725, 0.000000, 3.609993
498424903, 2360.396729, 71.082970, 545.494202, 1.000000, -14.403303, 1.000000, 0.000000, -23.104955, 0.000000, 0.455200
498635861, 2360.386963, 71.099487, 545.454529, 1.000000, -14.403742, 1.000000, 0.000000, -23.105613, 0.000000, -0.677879
498846883, 2323.826904, 71.080620, 545.464478, 1.000000, -16.039324, 1.000000, 0.000000, -25.558986, 0.000000, 0.226604
499057822, 2304.811035, 71.099487, 363.636353, 1.000000, -16.890034, 1.000000, 0.000000, -26.835051, 0.000000, -4.427055
499268848, 2294.674805, 71.078255, 545.454529, 1.000000, -17.343494, 1.000000, 0.000000, -27.515242, 0.000000, -1.815376
499479753, 2293.565674, 142.203690, 363.636353, 1.000000, -17.393114, 1.000000, 0.000000, -27.589671, 0.000000, -1.797890
499691526, 2289.679932, 71.059067, 363.662811, 1.000000, -17.566952, 1.000000, 0.000000, -27.850428, 0.000000, -1.792580
499894568, 2274.244141, 74.624268, 363.662811, 1.000000, -18.257500, 1.000000, 0.000000, -28.886250, 0.000000, -0.746819
500106003, 2220.474121, 74.629463, 545.454529, 1.000000, -20.662998, 1.000000, 0.000000, -32.494497, 0.000000, -3.744575
500317740, 2179.825195, 71.214592, 545.395020, 1.000000, -22.481506, 1.000000, 0.000000, -35.222260, 0.000000, -0.465820
500530842, 2168.016846, 73.743408, 363.603302, 1.000000, -23.009773, 1.000000, 0.000000, -36.014660, 0.000000, 0.820198
500741917, 2164.887451, 71.103188, 363.609924, 1.000000, -23.149773, 1.000000, 0.000000, -36.224659, 0.000000, 2.535118
500952766, 2136.764648, 75.000000, 535.714294, 1.000000, -24.407898, 1.000000, 0.000000, -38.111847, 0.000000, -1.279060
501163788, 2118.710449, 74.997375, 363.662811, 1.000000, -25.215584, 1.000000, 0.000000, -39.323376, 0.000000, 0.419998
501374886, 2100.524170, 142.163925, 545.494202, 1.000000, -26.029182, 1.000000, 0.000000, -40.543774, 0.000000, 1.396168
501585801, 2099.536865, 75.000000, 535.742981, 1.000000, -26.073351, 1.000000, 0.000000, -40.610026, 0.000000, 1.535362
501797877, 2089.804688, 74.623894, 363.636353, 1.000000, -26.508738, 1.000000, 0.000000, -41.263106, 0.000000, 2.469463
502008802, 2075.263184, 71.441841, 535.714294, 1.000000, -27.159279, 1.000000, 0.000000, -42.238918, 0.000000, 1.289806
502219887, 2072.672119, 75.000000, 535.714294, 1.000000, -27.275194, 1.000000, 0.000000, -42.412791, 0.000000, -2.093102
502430855, 2080.786621, 74.997375, 357.142853, 1.000000, -26.912178, 1.000000, 0.000000, -41.868267, 0.000000, 2.142586
502641868, 2090.593262, 71.092407, 545.494202, 1.000000, -26.473459, 1.000000, 0.000000, -41.210189, 0.000000, 1.379196
502852746, 2101.491943, 0.000000, 363.662811, 1.000000, -25.985888, 1.000000, 0.000000, -40.478831, 0.000000, 2.302357
503063859, 2089.792236, 74.624268, 363.603302, 1.000000, -26.509295, 1.000000, 0.000000, -41.263942, 0.000000, 0.417309
503274853, 2089.797607, 71.081627, 363.603302, 1.000000, -26.509054, 1.000000, 0.000000, -41.263581, 0.000000, 2.333805
503485816, 2076.043945, 75.000000, 363.636353, 1.000000, -27.124350, 1.000000, 0.000000, -42.186524, 0.000000, -2.300709
503696842, 2078.573486, 74.997375, 363.636353, 1.000000, -27.011187, 1.000000, 0.000000, -42.016780, 0.000000, -1.953861
503907861, 2077.792725, 71.103188, 363.636353, 1.000000, -27.046116, 1.000000, 0.000000, -42.069174, 0.000000, 3.137627
504118867, 2079.218506, 75.000000, 363.636353, 1.000000, -26.982330, 1.000000, 0.000000, -41.973495, 0.000000, -1.914860
504329735, 2092.731201, 74.997375, 363.642975, 1.000000, -26.377815, 1.000000, 0.000000, -41.066723, 0.000000, 1.030884
504541490, 2092.074463, 0.000000, 363.603302, 1.000000, -26.407196, 1.000000, 0.000000, -41.110794, 0.000000, -1.884727
504744886, 2089.556641, 74.257423, 357.117371, 1.000000, -26.519835, 1.000000, 0.000000, -41.279752, 0.000000, -0.001637
504955934, 2129.947998, 74.624268, 363.636353, 1.000000, -24.712852, 1.000000, 0.000000, -38.569279, 0.000000, 2.961617
505166942, 2179.502441, 71.103188, 178.571426, 1.000000, -22.495945, 1.000000, 0.000000, -35.243917, 0.000000, 4.601097
505377722, 2233.595459, 75.000000, 363.662811, 1.000000, -20.075993, 1.000000, 0.000000, -31.613989, 0.000000, 2.337284
505588833, 2273.443115, 0.000000, 181.831406, 1.000000, -18.293335, 1.000000, 0.000000, -28.940002, 0.000000, 2.250252
505799879, 2298.039307, 71.081627, 181.821487, 1.000000, -17.192980, 1.000000, 0.000000, -27.289470, 0.000000, 4.130573
506010789, 2322.653076, 74.999626, 363.603302, 1.000000, -16.091835, 1.000000, 0.000000, -25.637753, 0.000000, 0.451401
506221902, 2359.548096, 74.999252, 363.636353, 1.000000, -14.441269, 1.000000, 0.000000, -23.161903, 0.000000, 1.132931
506422906, 2377.237061, 0.000000, 363.636353, 1.000000, -13.649921, 1.000000, 0.000000, -21.974882, 0.000000, 1.130230
506633820, 2387.597656, 74.626862, 178.568237, 1.000000, -13.186420, 1.000000, 0.000000, -21.279631, 0.000000, -1.969768
506844885, 2395.937744, 71.080620, 357.149231, 1.000000, -12.813313, 1.000000, 0.000000, -20.719969, 0.000000, -2.124184
507055934, 2418.761475, 71.097122, 357.149231, 1.000000, -11.792250, 1.000000, 0.000000, -19.188375, 0.000000, -1.418255
507266928, 2412.452637, 71.082970, 357.117371, 1.000000, -12.074488, 1.000000, 0.000000, -19.611732, 0.000000, -0.733967
507477708, 2435.770264, 0.000000, 181.804962, 1.000000, -11.031330, 1.000000, 0.000000, -18.046995, 0.000000, 2.194416
507688812, 2434.871582, 71.090050, 363.642975, 1.000000, -11.071533, 1.000000, 0.000000, -18.107300, 0.000000, 3.171261
507899924, 2416.856201, 71.080620, 181.831406, 1.000000, -11.877485, 1.000000, 0.000000, -19.316228, 0.000000, -1.462292
508110751, 2417.700195, 71.096786, 181.831406, 1.000000, -11.839729, 1.000000, 0.000000, -19.259594, 0.000000, -2.698837
508321921, 2423.634766, 71.083313, 363.642975, 1.000000, -11.574236, 1.000000, 0.000000, -18.861354, 0.000000, -2.480289
508532795, 2423.789795, 71.099487, 363.636353, 1.000000, -11.567299, 1.000000, 0.000000, -18.850948, 0.000000, -0.731277
508733837, 2405.770996, 0.000000, 363.636353, 1.000000, -12.373402, 1.000000, 0.000000, -20.060102, 0.000000, -3.660313
508944919, 2429.410889, 74.624268, 357.136475, 1.000000, -11.315828, 1.000000, 0.000000, -18.473742, 0.000000, 1.436611
509155933, 2426.854980, 71.101845, 178.568237, 1.000000, -11.430172, 1.000000, 0.000000, -18.645258, 0.000000, 0.207870
509366907, 2432.153320, 71.080620, 363.669434, 1.000000, -11.193142, 1.000000, 0.000000, -18.289713, 0.000000, -2.682392
509577743, 2443.050049, 71.099487, 363.662811, 1.000000, -10.705656, 1.000000, 0.000000, -17.558484, 0.000000, -3.606056
509788792, 2456.996826, 71.090050, 363.603302, 1.000000, -10.081720, 1.000000, 0.000000, -16.622581, 0.000000, 3.414047
509999915, 2449.731445, 71.078255, 363.609924, 1.000000, -10.406752, 1.000000, 0.000000, -17.110127, 0.000000, -3.418053
510200897, 2453.054199, 0.000000, 363.642975, 1.000000, -10.258102, 1.000000, 0.000000, -16.887154, 0.000000, -1.708111
510411844, 2455.620850, 74.626862, 357.136475, 1.000000, -10.143276, 1.000000, 0.000000, -16.714914, 0.000000, 0.731152
510622857, 2460.171875, 71.080620, 181.834717, 1.000000, -9.939680, 1.000000, 0.000000, -16.409520, 0.000000, -3.658688
510833787, 2461.399170, 71.096786, 363.629730, 1.000000, -9.884773, 1.000000, 0.000000, -16.327160, 0.000000, 0.237682
511046893, 2457.014648, 74.625008, 357.136475, 1.000000, -10.080923, 1.000000, 0.000000, -16.621385, 0.000000, -1.706142
511247890, 2453.354736, 0.000000, 178.571426, 1.000000, -10.244658, 1.000000, 0.000000, -16.866986, 0.000000, -4.152008
511458800, 2452.038574, 71.103188, 357.136475, 1.000000, -10.303537, 1.000000, 0.000000, -16.955306, 0.000000, 0.704475
511669822, 2457.269775, 75.000000, 363.629730, 1.000000, -10.069511, 1.000000, 0.000000, -16.604267, 0.000000, 1.192623
511880793, 2463.957520, 74.997002, 363.629730, 1.000000, -9.770321, 1.000000, 0.000000, -16.155481, 0.000000, 1.950245
512083804, 2461.798340, 0.000000, 363.636353, 1.000000, -9.866917, 1.000000, 0.000000, -16.300375, 0.000000, 2.199143
512294904, 2460.835205, 74.626862, 178.571426, 1.000000, -9.910004, 1.000000, 0.000000, -16.365005, 0.000000, 2.877926
512505837, 2469.331055, 75.000000, 363.629730, 1.000000, -9.529926, 1.000000, 0.000000, -15.794889, 0.000000, 4.323830
512716891, 2468.170166, 75.000000, 363.609924, 1.000000, -9.581861, 1.000000, 0.000000, -15.872792, 0.000000, -1.500183
512919839, 2464.068115, 74.254486, 357.123718, 1.000000, -9.765373, 1.000000, 0.000000, -16.148060, 0.000000, 3.659340
513130948, 2456.801514, 0.000000, 357.136475, 1.000000, -10.090458, 1.000000, 0.000000, -16.635687, 0.000000, 2.927330
513341885, 2470.001953, 74.999626, 363.636353, 1.000000, -9.499914, 1.000000, 0.000000, -15.749871, 0.000000, -2.854408
513552770, 2474.553955, 75.000000, 363.669434, 1.000000, -9.296270, 1.000000, 0.000000, -15.444406, 0.000000, -0.974327
513755864, 2468.812988, 74.393326, 363.662811, 1.000000, -9.553102, 1.000000, 0.000000, -15.829654, 0.000000, -1.916817
513966920, 2471.530273, 74.475693, 363.636353, 1.000000, -9.431540, 1.000000, 0.000000, -15.647309, 0.000000, -3.657360
514177718, 2483.788818, 0.000000, 363.609924, 1.000000, -8.883131, 1.000000, 0.000000, -14.824697, 0.000000, -1.785690
514380837, 2464.227295, 74.626862, 363.609924, 1.000000, -9.758253, 1.000000, 0.000000, -16.137380, 0.000000, -0.220333
514591833, 2467.862793, 74.254486, 363.603302, 1.000000, -9.595613, 1.000000, 0.000000, -15.893420, 0.000000, -2.686249
514794845, 2461.859131, 74.629837, 357.142853, 1.000000, -9.864197, 1.000000, 0.000000, -16.296295, 0.000000, -3.524471
515005873, 2471.304932, 74.626862, 535.704712, 1.000000, -9.441622, 1.000000, 0.000000, -15.662433, 0.000000, 0.489063
515216913, 2473.556396, 0.000000, 363.669434, 1.000000, -9.340899, 1.000000, 0.000000, -15.511348, 0.000000, 2.803940
515419909, 2484.267822, 74.257423, 350.883331, 1.000000, -8.861702, 1.000000, 0.000000, -14.792553, 0.000000, 1.045578
515630839, 2476.983154, 74.624268, 363.629730, 1.000000, -9.187597, 1.000000, 0.000000, -15.281396, 0.000000, 3.174065
515841831, 2477.423340, 74.629463, 363.603302, 1.000000, -9.167904, 1.000000, 0.000000, -15.251856, 0.000000, 0.872955
516044892, 2488.615723, 74.626862, 357.123718, 1.000000, -8.667192, 1.000000, 0.000000, -14.500789, 0.000000, 3.659328
516255875, 2474.399414, 0.000000, 535.714294, 1.000000, -9.303185, 1.000000, 0.000000, -15.454777, 0.000000, -4.795154
516458792, 2479.576660, 75.000000, 357.136475, 1.000000, -9.071571, 1.000000, 0.000000, -15.107357, 0.000000, 0.317894
516669927, 2474.301025, 73.877068, 535.704712, 1.000000, -9.307587, 1.000000, 0.000000, -15.461380, 0.000000, 0.490047
516880782, 2492.927734, 71.103523, 545.504150, 1.000000, -8.474285, 1.000000, 0.000000, -14.211428, 0.000000, 1.187714
517083792, 2483.173828, 75.000000, 535.704712, 1.000000, -8.910646, 1.000000, 0.000000, -14.865970, 0.000000, 2.668934
517294890, 2488.126709, 73.889076, 357.149231, 1.000000, -8.689068, 1.000000, 0.000000, -14.533602, 0.000000, 0.486969
517505861, 2476.783203, 0.000000, 363.609924, 1.000000, -9.196543, 1.000000, 0.000000, -15.294814, 0.000000, -1.827908
517708752, 2487.732422, 71.100830, 535.714294, 1.000000, -8.706707, 1.000000, 0.000000, -14.560061, 0.000000, 2.220955
517919902, 2476.990723, 73.891624, 535.704712, 1.000000, -9.187258, 1.000000, 0.000000, -15.280887, 0.000000, 1.463139
518130780, 2483.795898, 75.000000, 363.636353, 1.000000, -8.882814, 1.000000, 0.000000, -14.824222, 0.000000, -0.102493
518333856, 2466.609863, 71.080620, 357.142853, 1.000000, -9.651663, 1.000000, 0.000000, -15.977494, 0.000000, -2.174824
518544901, 2398.733643, 73.891624, 535.723877, 1.000000, -12.688232, -15.744223, 0.000000, -20.532349, 0.000000, -9.584518
518755922, 2325.603516, 71.097122, 535.733398, 1.000000, -15.959845, 1.000000, 0.000000, -25.439767, 0.000000, -5.070843
518966946, 2286.350586, 71.082970, 535.676025, 1.000000, -17.715895, 1.000000, 0.000000, -28.073842, 0.000000, 0.224842
519177767, 2265.381104, 142.198975, 535.676025, 1.000000, -18.654003, 1.000000, 0.000000, -29.481005, 0.000000, -3.383240
519388828, 2280.780273, 71.090050, 714.285706, 1.000000, -17.965092, 1.000000, 0.000000, -28.447638, 0.000000, -0.000847
519599937, 2277.085693, 71.080620, 535.762146, 1.000000, -18.130377, 1.000000, 0.000000, -28.695565, 0.000000, 1.239212
519810883, 2289.675293, 71.097122, 714.336731, 1.000000, -17.567160, 1.000000, 0.000000, -27.850739, 0.000000, -0.975266
520021863, 2290.666016, 142.165939, 714.285706, 1.000000, -17.522837, 1.000000, 0.000000, -27.784255, 0.000000, -0.481796
520232806, 2291.965332, 71.099487, 727.272705, 1.000000, -17.464708, 1.000000, 0.000000, -27.697062, 0.000000, -1.874290
520443915, 2299.220215, 71.080620, 714.311218, 1.000000, -17.140148, 1.000000, 0.000000, -27.210222, 0.000000, 2.250263
520655854, 2288.444580, 142.194244, 709.219849, 1.000000, -17.622217, 1.000000, 0.000000, -27.933326, 0.000000, -4.523323
520866850, 2251.315430, 70.747711, 727.206604, 1.000000, -19.283257, 1.000000, 0.000000, -30.424885, 0.000000, -4.394016
521077698, 2215.283691, 71.099487, 727.206604, 1.000000, -20.895203, 1.000000, 0.000000, -32.842804, 0.000000, 2.246716
521288770, 2180.200195, 142.180099, 727.259460, 1.000000, -22.464729, 1.000000, 0.000000, -35.197094, 0.000000, -1.587204
521499894, 2198.063232, 71.080956, 714.349487, 1.000000, -21.665592, 1.000000, 0.000000, -33.998388, 0.000000, -0.626026
521710851, 2202.016357, 71.096786, 727.325623, 1.000000, -21.488743, 1.000000, 0.000000, -33.733114, 0.000000, 0.419998
521921875, 2205.966797, 142.165939, 727.259460, 1.000000, -21.312012, 1.000000, 0.000000, -33.468018, 0.000000, -3.415878
522132810, 2223.504150, 71.099487, 545.454529, 1.000000, -20.527447, 1.000000, 0.000000, -32.291170, 0.000000, -2.629829
522344874, 2219.106445, 74.995872, 545.404968, 1.000000, -20.724186, 1.000000, 0.000000, -32.586279, 0.000000, -1.572590
522555841, 2211.839111, 71.103188, 714.285706, 1.000000, -21.049303, 1.000000, 0.000000, -33.073955, 0.000000, -2.546986
522766894, 2215.800781, 75.000000, 727.272705, 1.000000, -20.872070, 1.000000, 0.000000, -32.808105, 0.000000, 0.416725
522977786, 2204.814941, 149.994751, 545.494202, 1.000000, -21.363543, 1.000000, 0.000000, -33.545314, 0.000000, -2.996281
523188792, 2207.279785, 71.081963, 545.494202, 1.000000, -21.253273, 1.000000, 0.000000, -33.379910, 0.000000, -4.878502
523399885, 2209.604004, 75.000000, 545.454529, 1.000000, -21.149296, 1.000000, 0.000000, -33.223944, 0.000000, 0.103409
523610836, 2220.122070, 74.996620, 727.206604, 1.000000, -20.678749, 1.000000, 0.000000, -32.518124, 0.000000, 3.047127
523821862, 2216.563232, 142.207047, 727.272705, 1.000000, -20.837959, 1.000000, 0.000000, -32.756939, 0.000000, -2.039234
524032794, 2215.453857, 75.000000, 727.272705, 1.000000, -20.887590, 1.000000, 0.000000, -32.831386, 0.000000, 1.042362
524243820, 2225.191895, 74.997375, 727.272705, 1.000000, -20.451942, 1.000000, 0.000000, -32.177914, 0.000000, 1.950439
524454755, 2228.048584, 142.184814, 545.504150, 1.000000, -20.324142, 1.000000, 0.000000, -31.986214, 0.000000, 2.075935
524666480, 2216.558105, 75.000000, 727.272705, 1.000000, -20.838190, 1.000000, 0.000000, -32.757285, 0.000000, -1.827496
524869520, 2224.740479, 74.023628, 722.008606, 1.000000, -20.472137, 1.000000, 0.000000, -32.208206, 0.000000, 1.545902
525080980, 2223.610596, 74.852539, 727.193359, 1.000000, -20.522684, 1.000000, 0.000000, -32.284026, 0.000000, 1.043209
525292746, 2231.034424, 142.201660, 719.372742, 1.000000, -20.190565, 1.000000, 0.000000, -31.785848, 0.000000, 3.786266
525505839, 2221.369629, 74.254852, 526.315796, 1.000000, -20.622938, 1.000000, 0.000000, -32.434407, 0.000000, 1.590855
525716859, 2222.666992, 74.629463, 535.714294, 1.000000, -20.564898, 1.000000, 0.000000, -32.347346, 0.000000, -2.430004
525927725, 2230.028320, 75.000000, 545.494202, 1.000000, -20.235577, 1.000000, 0.000000, -31.853365, 0.000000, 0.552177
526138852, 2219.871582, 150.000000, 545.494202, 1.000000, -20.689957, -15.266657, 0.000000, -32.534935, 0.000000, -5.506176
526349857, 2219.859619, 75.000000, 545.454529, 1.000000, -20.690491, 1.000000, 0.000000, -32.535736, 0.000000, -1.585945
526560780, 2226.808350, 74.997375, 714.234741, 1.000000, -20.379627, 1.000000, 0.000000, -32.069441, 0.000000, 1.235802
526771890, 2215.913086, 142.163925, 727.272705, 1.000000, -20.867046, 1.000000, 0.000000, -32.800570, 0.000000, -1.498924
526982860, 2228.187256, 75.000000, 714.285706, 1.000000, -20.317940, 1.000000, 0.000000, -31.976910, 0.000000, -0.751339
527193847, 2233.773438, 74.997002, 545.454529, 1.000000, -20.068031, 1.000000, 0.000000, -31.602047, 0.000000, 2.246841
527404781, 2215.137207, 71.103188, 545.494202, 1.000000, -20.901756, 1.000000, 0.000000, -32.852634, 0.000000, -0.747723
527616530, 2217.922852, 150.000000, 727.272705, 1.000000, -20.777136, 1.000000, 0.000000, -32.665704, 0.000000, 0.419929
527827725, 2229.684326, 74.624268, 727.206604, 1.000000, -20.250965, 1.000000, 0.000000, -31.876448, 0.000000, 0.834022
528038829, 2211.046631, 71.092407, 727.206604, 1.000000, -21.084755, 1.000000, 0.000000, -33.127132, 0.000000, -3.750549
528252699, 2227.179443, 74.267723, 719.385620, 1.000000, -20.363026, 1.000000, 0.000000, -32.044538, 0.000000, 1.994865
528455923, 2228.815918, 73.891624, 714.285706, 1.000000, -20.289814, 1.000000, 0.000000, -31.934721, 0.000000, 1.914665
528666835, 2219.430908, 150.000000, 727.272705, 1.000000, -20.709671, 1.000000, 0.000000, -32.564507, 0.000000, -1.428749
528878759, 2232.903809, 71.214928, 727.325623, 1.000000, -20.106934, 1.000000, 0.000000, -31.660400, 0.000000, 2.959328
529091882, 2225.577637, 73.745949, 727.325623, 1.000000, -20.434685, 1.000000, 0.000000, -32.152027, 0.000000, 1.594276
529302719, 2225.744873, 75.000000, 727.325623, 1.000000, -20.427204, 1.000000, 0.000000, -32.140806, 0.000000, 2.471352
529513757, 2211.044434, 149.994003, 545.404968, 1.000000, -21.084854, 1.000000, 0.000000, -33.127281, 0.000000, -0.233356
529724839, 2229.668213, 71.103188, 545.404968, 1.000000, -20.251686, 1.000000, 0.000000, -31.877529, 0.000000, 4.320682
529935796, 2234.095703, 75.000000, 545.454529, 1.000000, -20.053614, 1.000000, 0.000000, -31.580420, 0.000000, 2.544754
530146906, 2215.457275, 149.994751, 727.272705, 1.000000, -20.887436, 1.000000, 0.000000, -32.831154, 0.000000, -0.001625
530357818, 2235.779297, 71.081963, 727.272705, 1.000000, -19.978294, 1.000000, 0.000000, -31.467442, 0.000000, 0.209175
530568863, 2233.759277, 75.000000, 545.444580, 1.000000, -20.068665, 1.000000, 0.000000, -31.602997, 0.000000, -0.870014
530779700, 2198.052734, 149.994003, 545.454529, 1.000000, -21.666061, 1.000000, 0.000000, -33.999092, 0.000000, -3.953842
530991862, 2176.112305, 74.629463, 545.404968, 1.000000, -22.647606, 1.000000, 0.000000, -35.471409, 0.000000, -2.688400
531202719, 2175.335693, 71.100830, 545.404968, 1.000000, -22.682350, 1.000000, 0.000000, -35.523525, 0.000000, -0.001762
531413806, 2174.562500, 74.997375, 545.454529, 1.000000, -22.716942, 1.000000, 0.114381, -35.575413, 0.000000, 0.208328
531624850, 2163.263672, 142.184814, 545.494202, 1.000000, -23.222416, 1.000000, 0.062207, -36.333624, 0.000000, 1.048382
531835781, 2147.938965, 75.000000, 545.494202, 1.000000, -23.907993, 1.000000, 0.000000, -37.361990, 0.000000, -2.856171
532046894, 2146.489990, 74.997375, 545.454529, 1.000000, -23.972816, 1.000000, 0.000000, -37.459225, 0.000000, 2.056480
532257815, 2145.712402, 71.081627, 545.464478, 1.000000, -24.007603, 1.000000, 0.109699, -37.511404, 0.000000, 1.046562
532468851, 2164.031006, 150.000000, 545.404968, 1.000000, -23.188087, 1.000000, 0.111706, -36.282131, 0.000000, 1.044914
532679699, 2164.165039, 74.997375, 545.454529, 1.000000, -23.182091, 1.000000, 0.075585, -36.273136, 0.000000, 1.042740
532891542, 2147.326416, 71.103188, 545.454529, 1.000000, -23.935398, 1.000000, 0.040803, -37.403097, 0.000000, 0.665405
533094852, 2150.864014, 74.257423, 535.714294, 1.000000, -23.777136, 1.000000, 0.000000, -37.165704, 0.000000, 1.011497
533305933, 2130.034180, 74.624268, 535.762146, 1.000000, -24.708996, 1.000000, 0.000000, -38.563494, 0.000000, -0.182831
533517589, 2084.271240, 142.163254, 535.752563, 1.000000, -26.756287, -17.712681, 0.000000, -41.634430, 0.000000, -5.222351
533741532, 2014.292358, 74.269188, 541.506470, 1.000000, -29.886921, -16.586897, 0.000000, -46.330381, 0.000000, -2.687782
533944538, 1927.514648, 149.259674, 541.496704, -3.000000, -33.769081, -21.216860, 0.000000, -46.153622, 0.000000, -7.370773
534166505, 1862.510498, 70.878754, 545.404968, -2.000000, -90.000000, -39.599998, 0.000000, -132.000000, 0.000000, 0.000000
534378695, 1820.919189, 74.997002, 539.539246, -9.000000, -90.000000, 1.000000, 0.000000, -121.500000, 0.000000, 24.000000
534602769, 1776.954834, 74.113235, 359.615204, -15.000000, -90.000000, -27.750000, 0.000000, -112.500000, 0.000000, 6.000000
534816582, 1745.759033, 147.783249, 539.354919, -21.000000, -90.000000, -19.049999, 0.000000, -103.500000, 0.000000, 12.000000
535028501, 1715.845337, 75.000000, 535.714294, -31.000000, -90.000000, 1.000000, 0.000000, -88.500000, 0.000000, 12.000000
535252784, 1701.604248, 147.783249, 363.636353, -31.000000, -90.000000, -26.549999, 0.000000, -88.500000, 0.000000, 0.000000
535464793, 1704.745728, 74.997002, 545.494202, -36.000000, -90.000000, 1.000000, 0.000000, -81.000000, 0.000000, 12.000000
535685869, 1708.252319, 74.629837, 545.484314, -38.000000, -90.000000, -23.400000, 0.006689, -78.000000, 0.000000, 0.000000
535907858, 1708.390259, 142.878922, 535.714294, -40.000000, -90.000000, -16.500000, 0.040803, -75.000000, 0.000000, 6.000000
536119905, 1704.517334, 74.997002, 363.642975, -47.000000, -90.000000, 1.000000, 0.095652, -64.500000, 0.000000, 12.000000
536341501, 1693.926147, 74.629837, 363.616547, -47.000000, -90.000000, 1.000000, 0.095652, -64.500000, 0.000000, 6.000000
536554712, 1685.171875, 148.514847, 363.603302, -47.000000, -90.000000, 1.000000, 0.061538, -64.500000, 0.000000, 6.000000
536766879, 1691.486450, 74.626495, 545.414856, -47.000000, -90.000000, 1.000000, 0.000000, -64.500000, 0.000000, 6.000000
536988744, 1689.013306, 71.079605, 357.136475, -48.000000, -90.000000, 1.000000, 0.000000, -63.000000, 0.000000, 6.000000
537199813, 1692.605957, 71.100494, 545.504150, -48.000000, -90.000000, 1.000000, 0.000000, -63.000000, 0.000000, 6.000000
537421834, 1692.606689, 142.840820, 535.752563, -48.000000, -90.000000, 1.000000, 0.000000, -63.000000, 0.000000, 6.000000
537632819, 1707.143555, 75.000000, 545.464478, -49.000000, -90.000000, 1.000000, 0.000000, -61.500000, 0.000000, 6.000000
537854729, 1711.107300, 74.997002, 361.095551, -50.000000, -90.000000, 1.000000, 0.000000, -60.000000, 0.000000, 6.000000
538066479, 1720.679321, 71.103523, 363.603302, -51.000000, -90.000000, 1.000000, 0.000000, -58.500000, 0.000000, 6.000000
538288730, 1713.497681, 150.000000, 359.673401, -51.000000, -90.000000, 1.000000, 0.000000, -58.500000, 0.000000, 6.000000
538499898, 1710.001221, 74.623894, 363.636353, -51.000000, -90.000000, 1.000000, 0.000000, -58.500000, 0.000000, 6.000000
538721860, 1713.138550, 71.420410, 535.714294, -51.000000, -90.000000, 1.000000, 0.056187, -58.500000, 0.000000, 6.000000
538932812, 1706.871704, 74.626862, 545.464478, -52.000000, -90.000000, 1.000000, 0.000000, -57.000000, 0.000000, 6.000000
539154754, 1703.622192, 71.439461, 363.669434, -53.000000, -90.000000, 1.000000, 0.000000, -55.500000, 0.000000, 6.000000
539366501, 1710.763916, 149.253723, 545.464478, -54.000000, -90.000000, 1.000000, 0.000000, -54.000000, 0.000000, 6.000000
539578493, 1729.438599, 75.000000, 545.404968, -54.000000, -90.000000, 1.000000, 0.001338, -54.000000, 0.000000, 6.000000
539802705, 1727.123291, 74.254486, 545.414856, -55.000000, -90.000000, 1.000000, 0.000000, -52.500000, 0.000000, 12.000000
540016569, 1716.698608, 73.894539, 545.414856, -55.000000, -90.000000, 1.000000, 0.000000, -52.500000, 0.000000, 6.000000
540228798, 1714.602783, 74.626862, 535.685608, -54.000000, -90.000000, -22.200001, 0.008027, -54.000000, 0.000000, -6.000000
540452737, 1701.077026, 74.257057, 538.976990, -55.000000, -90.000000, -15.750000, 0.008027, -52.500000, 0.000000, 0.000000
540666506, 1695.117310, 74.372665, 359.382568, -57.000000, -90.000000, 1.000000, 0.010702, -49.500000, 0.000000, 0.000000
540879776, 1692.068848, 148.261627, 535.704712, -57.000000, -90.000000, 1.000000, 0.026756, -49.500000, 0.000000, 0.000000
541091553, 1697.625122, 75.000000, 545.454529, -57.000000, -90.000000, 1.000000, 0.026756, -49.500000, 0.000000, 0.000000
541302741, 1695.197632, 74.626862, 357.174744, -57.000000, -90.000000, 1.000000, 0.030769, -49.500000, 0.000000, 0.000000
541524946, 1702.166504, 71.439461, 357.168365, -57.000000, -90.000000, 1.000000, 0.027425, -49.500000, 0.000000, 0.000000
541735853, 1703.943848, 74.626862, 545.464478, -57.000000, -90.000000, 1.000000, 0.026756, -49.500000, 0.000000, 0.000000
541946914, 1692.773926, 75.000000, 363.642975, -57.000000, -90.000000, 1.000000, 0.032776, -49.500000, 0.000000, 0.000000
542158782, 1678.052490, 71.198029, 535.714294, -57.000000, -90.000000, 1.000000, 0.031438, -49.500000, 0.000000, 0.000000
542379713, 1676.401245, 74.868233, 363.636353, -57.000000, -90.000000, 1.000000, 0.036120, -49.500000, 0.000000, 0.000000
542591574, 1674.728882, 0.000000, 545.454529, -57.000000, -90.000000, 1.000000, 0.032107, -49.500000, 0.000000, 0.000000
542802727, 1673.406616, 74.626862, 363.662811, -57.000000, -90.000000, 1.000000, 0.000000, -49.500000, 0.000000, 0.000000
543013831, 1677.286621, 71.439461, 363.669434, -57.000000, -90.000000, 1.000000, 0.000000, -49.500000, 0.000000, 0.000000
543225472, 1664.819580, 75.000000, 526.325012, -57.000000, -90.000000, 1.000000, 0.000000, -49.500000, 0.000000, 0.000000
543446852, 1657.247192, 74.626862, 363.642975, -57.000000, -90.000000, 1.000000, 0.000000, -49.500000, 0.000000, 0.000000
543657841, 1656.671875, 71.428574, 363.642975, -57.000000, -90.000000, 1.000000, 0.000000, -49.500000, 0.000000, 0.000000
543869900, 1662.102295, 75.000000, 526.315796, -57.000000, -90.000000, 1.000000, 0.000000, -49.500000, 0.000000, 0.000000
544091501, 1679.718750, 74.626862, 363.636353, -57.000000, -90.000000, 1.000000, 0.000000, -49.500000, 0.000000, 0.000000
544304693, 1681.538330, 74.385941, 363.636353, -57.000000, -90.000000, 1.000000, 0.000000, -49.500000, 0.000000, 0.000000
544516531, 1677.171875, 74.856277, 545.494202, -57.000000, -90.000000, 1.000000, 0.000000, -49.500000, 0.000000, 0.000000
544727713, 1661.066528, 70.766068, 363.656189, -57.000000, -90.000000, 1.000000, 0.000000, -49.500000, 0.000000, 0.000000
544939794, 1659.984741, 0.000000, 545.395020, -57.000000, -90.000000, 1.000000, 0.000000, -49.500000, 0.000000, 0.000000
545150862, 1640.811523, 75.000000, 363.596680, -57.000000, -90.000000, 1.000000, 0.000000, -49.500000, 0.000000, 0.000000
545371832, 1622.151245, 71.417686, 363.629730, -57.000000, -90.000000, 1.000000, 0.000000, -49.500000, 0.000000, 0.000000
545582821, 1606.006348, 0.000000, 363.636353, -57.000000, -90.000000, 1.000000, 0.000000, -49.500000, 0.000000, 0.000000
545793814, 1588.050293, 75.000000, 181.818176, -57.000000, -90.000000, 1.000000, 0.000000, -49.500000, 0.000000, 0.000000
546006000, 1568.115112, 74.997002, 178.587372, -57.000000, -90.000000, 1.000000, 0.000000, -49.500000, 0.000000, 0.000000
546227764, 1563.117676, 0.000000, 357.168365, -57.000000, -90.000000, 1.000000, 0.000000, -49.500000, 0.000000, 0.000000
546441526, 1543.908325, 73.891258, 180.498901, -57.000000, -90.000000, 1.000000, 0.000000, -49.500000, 0.000000, 0.000000
546644525, 1534.698608, 0.000000, 180.502151, -57.000000, -90.000000, 1.000000, 0.000000, -49.500000, 0.000000, 0.000000
546866515, 1525.573120, 74.852913, 181.801651, -57.000000, -90.000000, 1.000000, 0.000000, -49.500000, 0.000000, 0.000000
547079734, 1521.642822, 0.000000, 181.798340, -57.000000, -90.000000, 1.000000, 0.000000, -49.500000, 0.000000, 0.000000
547291509, 1510.792847, 74.626862, 179.849655, -57.000000, -90.000000, 1.000000, 0.000000, -49.500000, 0.000000, 0.000000
547502748, 1514.042969, 0.000000, 181.814865, -57.000000, -90.000000, 1.000000, 0.000000, -49.500000, 0.000000, 0.000000
547713859, 1502.969482, 71.439461, 181.831406, -57.000000, -90.000000, 1.000000, 0.000000, -49.500000, 0.000000, 0.000000
547925841, 1512.077515, 0.000000, 175.453979, -57.000000, -90.000000, 1.000000, 0.000000, -49.500000, 0.000000, 0.000000
548136866, 1479.645752, 0.000000, 178.577805, -57.000000, -90.000000, 1.000000, 0.000000, -49.500000, 0.000000, 0.000000
548347550, 1477.047852, 74.997002, 0.000000, -57.000000, -90.000000, 1.000000, 0.000000, -49.500000, 0.000000, 0.000000
548568955, 1497.827148, 0.000000, 0.000000, -57.000000, -90.000000, 1.000000, 0.000000, -49.500000, 0.000000, 0.000000
548779717, 1497.606201, 0.000000, 181.821487, -57.000000, -90.000000, 1.000000, 0.000000, -49.500000, 0.000000, 0.000000
548991493, 1497.304321, 71.100830, 181.814865, -57.000000, -90.000000, 1.000000, 0.000000, -49.500000, 0.000000, 0.000000
549194892, 1489.034180, 0.000000, 0.000000, -57.000000, -90.000000, 1.000000, 0.000000, -49.500000, 0.000000, 0.000000
549406071, 1499.661255, 0.000000, 0.000000, -57.000000, -90.000000, 1.000000, 0.000000, -49.500000, 0.000000, 0.000000
549617871, 1516.735474, 74.998505, 0.000000, -57.000000, -90.000000, 1.000000, 0.000000, -49.500000, 0.000000, 0.000000
549830947, 1505.970581, 0.000000, 177.301819, -57.000000, -90.000000, 1.000000, 0.000000, -49.500000, 0.000000, 0.000000
550041885, 1502.467163, 0.000000, 0.000000, -57.000000, -90.000000, 1.000000, 0.000000, -49.500000, 0.000000, 0.000000
550252720, 1515.802490, 0.000000, 178.558685, -57.000000, -90.000000, 1.000000, 0.000000, -49.500000, 0.000000, 0.000000
550463831, 1520.587036, 0.000000, 181.814865, -57.000000, -90.000000, 1.000000, 0.000000, -49.500000, 0.000000, 0.000000
550674836, 1534.811523, 74.998123, 0.000000, -57.000000, -90.000000, 1.000000, 0.000000, -49.500000, 0.000000, 0.000000
550886849, 1515.466675, 0.000000, 0.000000, -57.000000, -90.000000, 1.000000, 0.000000, -49.500000, 0.000000, 0.000000
551097852, 1507.493286, 0.000000, 181.818176, -57.000000, -90.000000, 1.000000, 0.000000, -49.500000, 0.000000, 0.000000
551308817, 1525.997192, 0.000000, 0.000000, -57.000000, -90.000000, 1.000000, 0.000000, -49.500000, 0.000000, 0.000000
551521877, 1555.499878, 0.000000, 0.000000, -57.000000, -90.000000, 1.000000, 0.000000, -49.500000, 0.000000, 0.000000
551722853, 1614.958618, 0.000000, 0.000000, -57.000000, -90.000000, 1.000000, 0.000000, -49.500000, 0.000000, 0.000000
551933863, 1642.971680, 0.000000, 0.000000, -57.000000, -90.000000, 1.000000, 0.000000, -49.500000, 0.000000, 0.000000
552144874, 1666.157471, 74.999626, 0.000000, -57.000000, -90.000000, 1.000000, 0.000000, -49.500000, 0.000000, 0.000000
552355850, 1715.328735, 0.000000, 181.831406, -57.000000, -90.000000, 1.000000, 0.000000, -49.500000, 0.000000, 0.000000
552566883, 1740.451538, 0.000000, 0.000000, -57.000000, -90.000000, 1.000000, 0.000000, -49.500000, 0.000000, 0.000000
552777729, 1740.444824, 0.000000, 0.000000, -57.000000, -90.000000, 1.000000, 0.000000, -49.500000, 0.000000, 0.000000
552988729, 1721.681396, 0.000000, 0.000000, -57.000000, -90.000000, 1.000000, 0.000000, -49.500000, 0.000000, 0.000000
553189808, 1732.707520, 0.000000, 0.000000, -57.000000, -90.000000, 1.000000, 0.000000, -49.500000, 0.000000, 0.000000
553400879, 1724.127441, 0.000000, 0.000000, -57.000000, -90.000000, 1.000000, 0.000000, -49.500000, 0.000000, 0.000000
553611819, 1726.467285, 0.000000, 0.000000, -57.000000, -90.000000, 1.000000, 0.000000, -49.500000, 0.000000, 0.000000
553822860, 1736.608276, 0.000000, 0.000000, -57.000000, -90.000000, 1.000000, 0.000000, -49.500000, 0.000000, 0.000000
554033789, 1722.597656, 0.000000, 0.000000, -57.000000, -90.000000, 1.000000, 0.000000, -49.500000, 0.000000, 0.000000
554246898, 1734.964233, 74.997002, 180.498901, -57.000000, -90.000000, 1.000000, 0.000000, -49.500000, 0.000000, 0.000000
554450902, 1732.801392, 0.000000, 0.000000, -57.000000, -90.000000, 1.000000, 0.000000, -49.500000, 0.000000, 0.000000
554661827, 1720.242065, 0.000000, 178.571426, -57.000000, -90.000000, 1.000000, 0.000000, -49.500000, 0.000000, 0.000000
554872883, 1723.481567, 0.000000, 0.000000, -57.000000, -90.000000, 1.000000, 0.000000, -49.500000, 0.000000, 0.000000
555085790, 1733.166260, 0.000000, 0.000000, -57.000000, -90.000000, 1.000000, 0.000000, -49.500000, 0.000000, 0.000000
555286781, 1715.497803, 0.000000, 0.000000, -57.000000, -90.000000, 1.000000, 0.000000, -49.500000, 0.000000, 0.000000
555497853, 1729.410645, 0.000000, 0.000000, -57.000000, -90.000000, 1.000000, 0.000000, -49.500000, 0.000000, 0.000000
555708778, 1736.607910, 0.000000, 0.000000, -57.000000, -90.000000, 1.000000, 0.000000, -49.500000, 0.000000, 0.000000
555919920, 1718.048584, 0.000000, 0.000000, -57.000000, -90.000000, 1.000000, 0.000000, -49.500000, 0.000000, 0.000000
556122848, 1709.192993, 0.000000, 0.000000, -57.000000, -90.000000, 1.000000, 0.000000, -49.500000, 0.000000, 0.000000
556333859, 1682.804077, 0.000000, 178.568237, -57.000000, -90.000000, 1.000000, 0.000000, -49.500000, 0.000000, 0.000000
556544828, 1769.392700, 0.000000, 0.000000, -57.000000, -90.000000, 1.000000, 0.000000, -49.500000, 0.000000, 0.000000
556747916, 1904.635254, 0.000000, 0.000000, -57.000000, -34.792633, 365.487976, 0.000000, 33.311050, 0.932709, 331.244202
556958821, 2008.908691, 0.000000, 0.000000, -52.000000, -30.127769, 48.926548, 0.000000, 32.808346, 19.817002, -3.698799
557169914, 2023.032227, 0.000000, 0.000000, -38.000000, -29.495926, 16.118658, 0.000000, 12.756111, 33.736733, -30.374186
557380954, 1976.621216, 0.000000, 0.000000, -20.000000, -31.572208, 10.977036, 0.000000, -17.358313, 30.486645, -14.302116
557591892, 1884.931396, 0.000000, 0.000000, -12.000000, -90.000000, -367.647552, 0.000000, -117.000000, 5.552180, -338.099728
557802777, 1801.951294, 0.000000, 0.000000, -12.000000, -90.000000, -35.099998, 0.000000, -117.000000, 0.000000, 0.000000
558013822, 1726.823486, 0.000000, 0.000000, -24.000000, -90.000000, -17.700001, 0.000000, -99.000000, 0.000000, 12.000000
558224916, 1693.508179, 0.000000, 0.000000, -26.000000, -90.000000, -16.799999, 0.000000, -96.000000, 0.000000, 12.000000
558436805, 1679.902954, 0.000000, 0.000000, -32.000000, -90.000000, 1.000000, 0.000000, -87.000000, 0.000000, 12.000000
558647952, 1680.418335, 0.000000, 0.000000, -34.000000, -90.000000, -25.200001, 0.000000, -84.000000, 0.000000, 0.000000
558858846, 1680.424805, 0.000000, 0.000000, -39.000000, -90.000000, -16.950001, 0.000000, -76.500000, 0.000000, 6.000000
559069891, 1672.601074, 0.000000, 0.000000, -45.000000, -90.000000, 1.000000, 0.000000, -67.500000, 0.000000, 6.000000
559280885, 1658.639648, 0.000000, 0.000000, -44.000000, -90.000000, -20.700001, 0.000000, -69.000000, 0.000000, 0.000000
559491856, 1661.433594, 0.000000, 0.000000, -46.000000, -90.000000, -19.799999, 0.000000, -66.000000, 0.000000, 0.000000
559702776, 1643.570435, 0.000000, 0.000000, -47.000000, -90.000000, 1.000000, 0.000000, -64.500000, 0.000000, 6.000000
559913785, 1632.652954, 0.000000, 0.000000, -47.000000, -90.000000, 1.000000, 0.000000, -64.500000, 0.000000, 6.000000
560124914, 1621.749512, 0.000000, 0.000000, -47.000000, -90.000000, 1.000000, 0.000000, -64.500000, 0.000000, 6.000000
560335845, 1621.759033, 0.000000, 0.000000, -47.000000, -90.000000, 1.000000, 0.000000, -64.500000, 0.000000, 6.000000
560546871, 1621.172363, 0.000000, 0.000000, -48.000000, -90.000000, 1.000000, 0.000000, -63.000000, 0.000000, 12.000000
560757802, 1620.585571, 0.000000, 0.000000, -48.000000, -90.000000, 1.000000, 0.000000, -63.000000, 0.000000, 12.000000
560968828, 1621.749023, 0.000000, 0.000000, -48.000000, -90.000000, 1.000000, 0.000000, -63.000000, 0.000000, 6.000000
561179762, 1621.171997, 0.000000, 0.000000, -49.000000, -90.000000, 1.000000, 0.000000, -61.500000, 0.000000, 6.000000
561391488, 1609.674072, 0.000000, 0.000000, -50.000000, -90.000000, 1.000000, 0.000000, -60.000000, 0.000000, 6.000000
561594893, 1609.295410, 0.000000, 0.000000, -50.000000, -90.000000, -18.000000, 0.000000, -60.000000, 0.000000, 0.000000
561805941, 1592.023438, 0.000000, 0.000000, -52.000000, -90.000000, -17.100000, 0.000000, -57.000000, 0.000000, 0.000000
562017855, 1603.415771, 0.000000, 0.000000, -53.000000, -90.000000, 1.000000, 0.000000, -55.500000, 0.000000, 6.000000
562230866, 1614.143799, 0.000000, 0.000000, -53.000000, -90.000000, 1.000000, 0.000000, -55.500000, 0.000000, 6.000000
562441924, 1612.864014, 0.000000, 0.000000, -54.000000, -90.000000, -16.200001, 0.000000, -54.000000, 0.000000, 0.000000
562652752, 1599.248413, 0.000000, 0.000000, -56.000000, -90.000000, -15.300000, 0.000000, -51.000000, 0.000000, 0.000000
562863857, 1623.824585, 0.000000, 0.000000, -58.000000, -90.000000, 1.000000, 0.000000, -48.000000, 0.000000, 6.000000
563074884, 1624.995972, 0.000000, 0.000000, -57.000000, -90.000000, 1.000000, 0.000000, -49.500000, 0.000000, 6.000000
563285815, 1621.758423, 0.000000, 0.000000, -57.000000, -90.000000, 1.000000, 0.000000, -49.500000, 0.000000, 6.000000
563496848, 1621.171997, 0.000000, 181.818176, -56.000000, -90.000000, -15.300000, 0.000000, -51.000000, 0.000000, 0.000000
563707866, 1620.585815, 0.000000, 0.000000, -56.000000, -90.000000, -21.299999, 0.000000, -51.000000, 0.000000, -6.000000
563918923, 1622.438721, 0.000000, 0.000000, -58.000000, -90.000000, 1.000000, 0.000000, -48.000000, 0.000000, 0.000000
564119902, 1621.857666, 0.000000, 0.000000, -58.000000, -90.000000, 1.000000, 0.000000, -48.000000, 0.000000, 0.000000
564330867, 1601.203003, 0.000000, 0.000000, -58.000000, -90.000000, 1.000000, 0.000000, -48.000000, 0.000000, 0.000000
564541883, 1595.816895, 0.000000, 0.000000, -58.000000, -90.000000, 1.000000, 0.000000, -48.000000, 0.000000, 0.000000
564752768, 1560.039673, 0.000000, 0.000000, -58.000000, -90.000000, 1.000000, 0.000000, -48.000000, 0.000000, 0.000000
564955867, 1551.773071, 0.000000, 0.000000, -58.000000, -90.000000, 1.000000, 0.000000, -48.000000, 0.000000, 0.000000
565166877, 1546.145752, 0.000000, 0.000000, -58.000000, -90.000000, 1.000000, 0.000000, -48.000000, 0.000000, 0.000000
565377762, 1533.591309, 0.000000, 0.000000, -58.000000, -90.000000, 1.000000, 0.000000, -48.000000, 0.000000, 0.000000
565580932, 1530.225586, 0.000000, 0.000000, -58.000000, -90.000000, 1.000000, 0.000000, -48.000000, 0.000000, 0.000000
565791871, 1526.973022, 0.000000, 0.000000, -58.000000, -90.000000, 1.000000, 0.000000, -48.000000, 0.000000, 0.000000
566002717, 1541.993896, 0.000000, 0.000000, -58.000000, -90.000000, 1.000000, 0.000000, -48.000000, 0.000000, 0.000000
566205935, 1553.222046, 0.000000, 0.000000, -58.000000, -90.000000, 1.000000, 0.000000, -48.000000, 0.000000, 0.000000
566416866, 1556.384277, 0.000000, 0.000000, -58.000000, -90.000000, 1.000000, 0.000000, -48.000000, 0.000000, 0.000000
566627711, 1581.407837, 0.000000, 0.000000, -58.000000, -90.000000, 1.000000, 0.000000, -48.000000, 0.000000, 0.000000
566830918, 1653.069092, 0.000000, 0.000000, -58.000000, -90.000000, 1.000000, 0.000000, -48.000000, 0.000000, 0.000000
567041860, 1728.836670, 0.000000, 0.000000, -58.000000, -90.000000, 1.000000, 0.000000, -48.000000, 0.000000, 0.000000
567252705, 1780.186035, 0.000000, 0.000000, -58.000000, -90.000000, 1.000000, 0.000000, -48.000000, 0.000000, 0.000000
567453530, 1732.912354, 0.000000, 0.000000, -58.000000, -90.000000, 1.000000, 0.000000, -48.000000, 0.000000, 0.000000
567666854, 1687.577759, 0.000000, 0.000000, -58.000000, -90.000000, 1.000000, 0.000000, -48.000000, 0.000000, 0.000000
567877786, 1638.948853, 0.000000, 0.000000, -58.000000, -90.000000, 1.000000, 0.000000, -48.000000, 0.000000, 0.000000
568078530, 1617.771973, 0.000000, 0.000000, -58.000000, -90.000000, 1.000000, 0.000000, -48.000000, 0.000000, 0.000000
568291909, 1612.812500, 0.000000, 0.000000, -58.000000, -90.000000, 1.000000, 0.000000, -48.000000, 0.000000, 0.000000
568502780, 1593.911133, 0.000000, 0.000000, -58.000000, -90.000000, 1.000000, 0.000000, -48.000000, 0.000000, 0.000000
568713779, 1596.523438, 0.000000, 0.000000, -58.000000, -90.000000, 1.000000, 0.000000, -48.000000, 0.000000, 0.000000
568914805, 1588.174194, 0.000000, 0.000000, -58.000000, -90.000000, 1.000000, 0.000000, -48.000000, 0.000000, 0.000000
569125867, 1584.058105, 0.000000, 0.000000, -58.000000, -90.000000, 1.000000, 0.000000, -48.000000, 0.000000, 0.000000
569338773, 1577.344116, 0.000000, 0.000000, -58.000000, -90.000000, 1.000000, 0.000000, -48.000000, 0.000000, 0.000000
569539803, 1589.493652, 0.000000, 0.000000, -58.000000, -90.000000, 1.000000, 0.000000, -48.000000, 0.000000, 0.000000
569750835, 1575.035034, 0.000000, 0.000000, -58.000000, -90.000000, 1.000000, 0.000000, -48.000000, 0.000000, 0.000000
569963767, 1596.057129, 0.000000, 0.000000, -58.000000, -90.000000, 1.000000, 0.000000, -48.000000, 0.000000, 0.000000
570164789, 1576.165283, 0.000000, 0.000000, -58.000000, -90.000000, 1.000000, 0.000000, -48.000000, 0.000000, 0.000000
570375830, 1577.558228, 0.000000, 0.000000, -58.000000, -90.000000, 1.000000, 0.000000, -48.000000, 0.000000, 0.000000
570586871, 1581.853149, 0.000000, 0.000000, -58.000000, -90.000000, 1.000000, 0.000000, -48.000000, 0.000000, 0.000000
570789787, 1595.360962, 0.000000, 0.000000, -58.000000, -90.000000, 1.000000, 0.000000, -48.000000, 0.000000, 0.000000
571000911, 1607.673950, 0.000000, 0.000000, -58.000000, -90.000000, 1.000000, 0.000000, -48.000000, 0.000000, 0.000000
571211849, 1615.011841, 0.000000, 0.000000, -58.000000, -90.000000, 1.000000, 0.000000, -48.000000, 0.000000, 0.000000
571424923, 1602.299805, 0.000000, 0.000000, -58.000000, -90.000000, 1.000000, 0.000000, -48.000000, 0.000000, 0.000000
571625886, 1588.600098, 0.000000, 0.000000, -58.000000, -90.000000, 1.000000, 0.000000, -48.000000, 0.000000, 0.000000
571836824, 1578.980591, 0.000000, 0.000000, -58.000000, -90.000000, 1.000000, 0.000000, -48.000000, 0.000000, 0.000000
572049902, 1584.787476, 0.000000, 0.000000, -58.000000, -90.000000, 1.000000, 0.000000, -48.000000, 0.000000, 0.000000
572250877, 1589.325439, 0.000000, 0.000000, -58.000000, -90.000000, 1.000000, 0.000000, -48.000000, 0.000000, 0.000000
572461818, 1591.402954, 0.000000, 0.000000, -58.000000, -90.000000, 1.000000, 0.000000, -48.000000, 0.000000, 0.000000
572674892, 1564.130615, 0.000000, 0.000000, -58.000000, -90.000000, 1.000000, 0.000000, -48.000000, 0.000000, 0.000000
572875868, 1563.478027, 0.000000, 0.000000, -58.000000, -90.000000, 1.000000, 0.000000, -48.000000, 0.000000, 0.000000
573086812, 1573.897461, 0.000000, 0.000000, -58.000000, -90.000000, 1.000000, 0.000000, -48.000000, 0.000000, 0.000000
573297853, 1577.631226, 0.000000, 0.000000, -58.000000, -90.000000, 1.000000, 0.000000, -48.000000, 0.000000, 0.000000
573500909, 1576.771729, 0.000000, 0.000000, -58.000000, -90.000000, 1.000000, 0.000000, -48.000000, 0.000000, 0.000000
573711807, 1576.591553, 0.000000, 0.000000, -58.000000, -90.000000, 1.000000, 0.000000, -48.000000, 0.000000, 0.000000
573922847, 1572.694336, 0.000000, 0.000000, -58.000000, -90.000000, 1.000000, 0.000000, -48.000000, 0.000000, 0.000000
574125535, 1578.089966, 0.000000, 0.000000, -58.000000, -90.000000, 1.000000, 0.000000, -48.000000, 0.000000, 0.000000
574336866, 1578.589844, 0.000000, 0.000000, -58.000000, -90.000000, 1.000000, 0.000000, -48.000000, 0.000000, 0.000000
574547841, 1558.675781, 0.000000, 0.000000, -58.000000, -90.000000, 1.000000, 0.000000, -48.000000, 0.000000, 0.000000
574750530, 1565.869019, 0.000000, 0.000000, -58.000000, -90.000000, 1.000000, 0.000000, -48.000000, 0.000000, 0.000000
574961860, 1568.049194, 0.000000, 0.000000, -58.000000, -90.000000, 1.000000, 0.000000, -48.000000, 0.000000, 0.000000
575172835, 1575.976196, 0.000000, 0.000000, -58.000000, -90.000000, 1.000000, 0.000000, -48.000000, 0.000000, 0.000000
575385741, 1598.510132, 0.000000, 0.000000, -58.000000, -90.000000, 1.000000, 0.000000, -48.000000, 0.000000, 0.000000
575586854, 1596.179321, 0.000000, 0.000000, -58.000000, -90.000000, 1.000000, 0.000000, -48.000000, 0.000000, 0.000000
575797829, 1576.060303, 0.000000, 0.000000, -58.000000, -90.000000, 1.000000, 0.000000, -48.000000, 0.000000, 0.000000
576008845, 1571.173340, 0.000000, 0.000000, -58.000000, -90.000000, 1.000000, 0.000000, -48.000000, 0.000000, 0.000000
576211848, 1558.198242, 0.000000, 0.000000, -58.000000, -90.000000, 1.000000, 0.000000, -48.000000, 0.000000, 0.000000
576422910, 1551.105469, 0.000000, 0.000000, -58.000000, -90.000000, 1.000000, 0.000000, -48.000000, 0.000000, 0.000000
576633839, 1532.805420, 0.000000, 0.000000, -58.000000, -90.000000, 1.000000, 0.000000, -48.000000, 0.000000, 0.000000
576836805, 1543.087646, 0.000000, 0.000000, -58.000000, -90.000000, 1.000000, 0.000000, -48.000000, 0.000000, 0.000000
577047879, 1559.229370, 0.000000, 0.000000, -58.000000, -90.000000, 1.000000, 0.000000, -48.000000, 0.000000, 0.000000
577258833, 1545.128174, 0.000000, 0.000000, -58.000000, -90.000000, 1.000000, 0.000000, -48.000000, 0.000000, 0.000000
577461799, 1533.166870, 0.000000, 0.000000, -58.000000, -90.000000, 1.000000, 0.000000, -48.000000, 0.000000, 0.000000
577672873, 1523.578491, 0.000000, 0.000000, -58.000000, -90.000000, 1.000000, 0.000000, -48.000000, 0.000000, 0.000000
577883796, 1519.412476, 0.000000, 0.000000, -58.000000, -90.000000, 1.000000, 0.000000, -48.000000, 0.000000, 0.000000
578086781, 1537.584839, 0.000000, 0.000000, -58.000000, -90.000000, 1.000000, 0.000000, -48.000000, 0.000000, 0.000000
578297867, 1522.163574, 0.000000, 0.000000, -58.000000, -90.000000, 1.000000, 0.000000, -48.000000, 0.000000, 0.000000
578508806, 1525.362183, 0.000000, 0.000000, -58.000000, -90.000000, 1.000000, 0.000000, -48.000000, 0.000000, 0.000000
578719846, 1516.139893, 0.000000, 0.000000, -58.000000, -90.000000, 1.000000, 0.000000, -48.000000, 0.000000, 0.000000
578922861, 1513.844971, 0.000000, 0.000000, -58.000000, -90.000000, 1.000000, 0.000000, -48.000000, 0.000000, 0.000000
579133788, 1520.557861, 0.000000, 0.000000, -58.000000, -90.000000, 1.000000, 0.291639, -48.000000, 0.000000, 0.000000
579344840, 1527.202393, 0.000000, 0.000000, -58.000000, -90.000000, 1.000000, 0.298997, -48.000000, 0.000000, 0.000000
579547850, 1603.651611, 0.000000, 0.000000, -58.000000, -90.000000, 1.000000, 0.357191, -48.000000, 0.000000, 0.000000
579758770, 1794.209717, 0.000000, 0.000000, -58.000000, -90.000000, 1.000000, 0.379933, -48.000000, 0.000000, 0.000000
579969857, 1941.822632, 0.000000, 0.000000, -58.000000, -33.128986, 54.152512, 0.373913, 37.306520, 9.033337, 7.812653
580180854, 1913.047974, 0.000000, 0.000000, -49.000000, -34.416275, 21.144438, 0.378595, 21.875587, 27.384031, -28.115181
580391904, 1775.586426, 0.000000, 0.000000, -38.000000, -90.000000, -17.400000, 0.331104, -78.000000, 0.000000, 6.000000
580602837, 1705.132080, 0.000000, 0.000000, -43.000000, -90.000000, -27.150000, 0.325084, -70.500000, 0.000000, -6.000000
580813827, 1635.708740, 0.000000, 0.000000, -46.000000, -90.000000, 1.000000, 0.331104, -66.000000, 0.000000, 12.000000
581024858, 1589.024536, 0.000000, 0.000000, -46.000000, -90.000000, 1.000000, 0.326421, -66.000000, 0.000000, 6.000000
581235789, 1573.899658, 0.000000, 0.000000, -46.000000, -90.000000, 1.000000, 0.000000, -66.000000, 0.000000, 6.000000
581446815, 1634.809570, 0.000000, 0.000000, -46.000000, -90.000000, 1.000000, 0.329766, -66.000000, 0.000000, 6.000000
581657823, 1835.337769, 0.000000, 0.000000, -46.000000, -90.000000, 1.000000, 0.329097, -66.000000, 0.000000, 6.000000
581868898, 1972.471436, 0.000000, 0.000000, -44.000000, -31.757856, 27.189857, 0.329097, 18.363215, 6.197442, 2.629200
582069566, 1913.117676, 0.000000, 0.000000, -33.000000, -34.413158, -19.817177, 0.391973, -2.119738, 11.957089, -31.138344
582291550, 1804.651978, 0.000000, 0.000000, -29.000000, -90.000000, -21.450001, 0.309030, -91.500000, 0.000000, 6.000000
582494897, 1754.339478, 0.000000, 0.000000, -33.000000, -90.000000, -31.650000, 0.307692, -85.500000, 0.000000, -6.000000
582705971, 1683.385254, 0.000000, 0.000000, -38.000000, -90.000000, 1.000000, 0.305017, -78.000000, 0.000000, 12.000000
582916937, 1640.366577, 0.000000, 0.000000, -39.000000, -90.000000, -28.950001, 0.304348, -76.500000, 0.000000, -6.000000
583127759, 1601.214722, 0.000000, 0.000000, -44.000000, -90.000000, 1.000000, 0.301672, -69.000000, 0.000000, 6.000000
583338853, 1579.877197, 0.000000, 0.000000, -44.000000, -90.000000, -20.700001, 0.303010, -69.000000, 0.000000, 0.000000
583549915, 1574.478271, 0.000000, 0.000000, -44.000000, -90.000000, -26.700001, 0.307023, -69.000000, 0.000000, -6.000000
583760843, 1581.745728, 0.000000, 0.000000, -44.000000, -90.000000, -26.700001, 0.305017, -69.000000, 0.000000, -6.000000
583971897, 1585.972778, 0.000000, 0.000000, -44.000000, -90.000000, -26.700001, 0.306355, -69.000000, 0.000000, -6.000000
584182787, 1585.714233, 0.000000, 0.000000, -45.000000, -90.000000, -26.250000, 0.298997, -67.500000, 0.000000, -6.000000
584393843, 1586.041504, 0.000000, 0.000000, -46.000000, -90.000000, -25.799999, 0.310368, -66.000000, 0.000000, -6.000000
584604770, 1586.039795, 0.000000, 0.000000, -48.000000, -90.000000, 1.000000, 0.309030, -63.000000, 0.000000, 6.000000
584818871, 1595.724243, 0.000000, 0.000000, -48.000000, -90.000000, 1.000000, 0.305017, -63.000000, 0.000000, 6.000000
585019531, 1598.446045, 0.000000, 0.000000, -49.000000, -90.000000, 1.000000, 0.307692, -61.500000, 0.000000, 6.000000
585231027, 1599.447144, 0.000000, 0.000000, -49.000000, -90.000000, -18.450001, 0.301003, -61.500000, 0.000000, 0.000000
585441918, 1580.066895, 0.000000, 0.000000, -49.000000, -90.000000, -24.450001, 0.000000, -61.500000, 0.000000, -6.000000
585652739, 1602.958496, 0.000000, 0.000000, -50.000000, -90.000000, -18.000000, 0.305017, -60.000000, 0.000000, 0.000000
585863818, 1602.964844, 0.000000, 0.000000, -51.000000, -90.000000, -17.549999, 0.302341, -58.500000, 0.000000, 0.000000
586074879, 1604.953003, 0.000000, 0.000000, -52.000000, -90.000000, -17.100000, 0.307023, -57.000000, 0.000000, 0.000000
586286828, 1604.299683, 0.000000, 0.000000, -52.000000, -90.000000, -17.100000, 0.305686, -57.000000, 0.000000, 0.000000
586497894, 1615.293457, 0.000000, 0.000000, -53.000000, -90.000000, -22.650000, 0.298997, -55.500000, 0.000000, -6.000000
586708817, 1597.113647, 0.000000, 0.000000, -54.000000, -90.000000, -22.200001, 0.299666, -54.000000, 0.000000, -6.000000
586919860, 1600.521362, 0.000000, 0.000000, -56.000000, -90.000000, -15.300000, 0.305686, -51.000000, 0.000000, 0.000000
587130865, 1586.563599, 0.000000, 0.000000, -57.000000, -90.000000, 1.000000, 0.300334, -49.500000, 0.000000, 6.000000
587341905, 1603.578857, 0.000000, 0.000000, -56.000000, -90.000000, -21.299999, 0.299666, -51.000000, 0.000000, -6.000000
587552745, 1592.470581, 0.000000, 0.000000, -56.000000, -90.000000, -21.299999, 0.301672, -51.000000, 0.000000, -6.000000
587763752, 1580.966553, 0.000000, 0.000000, -58.000000, -90.000000, 1.000000, 0.275585, -48.000000, 0.000000, 0.000000
587964811, 1602.976685, 0.000000, 0.000000, -58.000000, -90.000000, 1.000000, 0.299666, -48.000000, 0.000000, 0.000000
588175893, 1601.915894, 0.000000, 0.000000, -58.000000, -90.000000, 1.000000, 0.306355, -48.000000, 0.000000, 0.000000
588386808, 1603.087402, 0.000000, 0.000000, -58.000000, -90.000000, 1.000000, 0.301003, -48.000000, 0.000000, 0.000000
588599906, 1611.078735, 0.000000, 0.000000, -58.000000, -90.000000, 1.000000, 0.303010, -48.000000, 0.000000, 0.000000
588800891, 1617.259644, 0.000000, 0.000000, -58.000000, -90.000000, 1.000000, 0.303679, -48.000000, 0.000000, 0.000000
589011818, 1615.020264, 0.000000, 0.000000, -58.000000, -90.000000, 1.000000, 0.306355, -48.000000, 0.000000, 0.000000
589224904, 1599.103638, 0.000000, 0.000000, -58.000000, -90.000000, 1.000000, 0.305017, -48.000000, 0.000000, 0.000000
589425879, 1596.753296, 0.000000, 0.000000, -58.000000, -90.000000, 1.000000, 0.305017, -48.000000, 0.000000, 0.000000
589636800, 1596.843262, 0.000000, 0.000000, -58.000000, -90.000000, 1.000000, 0.303010, -48.000000, 0.000000, 0.000000
589849898, 1599.097046, 0.000000, 0.000000, -58.000000, -90.000000, 1.000000, 0.305686, -48.000000, 0.000000, 0.000000
590050874, 1614.948730, 0.000000, 0.000000, -58.000000, -90.000000, 1.000000, 0.307692, -48.000000, 0.000000, 0.000000
590261794, 1601.311401, 0.000000, 0.000000, -58.000000, -90.000000, 1.000000, 0.302341, -48.000000, 0.000000, 0.000000
590472858, 1593.090454, 0.000000, 0.000000, -58.000000, -90.000000, 1.000000, 0.303010, -48.000000, 0.000000, 0.000000
590675915, 1581.160034, 0.000000, 0.000000, -58.000000, -90.000000, 1.000000, 0.301672, -48.000000, 0.000000, 0.000000
590886800, 1594.413574, 0.000000, 0.000000, -58.000000, -90.000000, 1.000000, 0.305017, -48.000000, 0.000000, 0.000000
591097853, 1615.488770, 0.000000, 0.000000, -58.000000, -90.000000, 1.000000, 0.303010, -48.000000, 0.000000, 0.000000
591300530, 1616.596680, 0.000000, 0.000000, -58.000000, -90.000000, 1.000000, 0.300334, -48.000000, 0.000000, 0.000000
591511859, 1592.541748, 0.000000, 0.000000, -58.000000, -90.000000, 1.000000, 0.298997, -48.000000, 0.000000, 0.000000
591722847, 1594.240356, 0.000000, 0.000000, -58.000000, -90.000000, 1.000000, 0.305017, -48.000000, 0.000000, 0.000000
591925530, 1594.788452, 0.000000, 0.000000, -58.000000, -90.000000, 1.000000, 0.301003, -48.000000, 0.000000, 0.000000
592136842, 1614.361450, 0.000000, 0.000000, -58.000000, -90.000000, 1.000000, 0.301003, -48.000000, 0.000000, 0.000000
592347841, 1608.960205, 0.000000, 0.000000, -58.000000, -90.000000, 1.000000, 0.305017, -48.000000, 0.000000, 0.000000
592560755, 1615.796997, 0.000000, 0.000000, -58.000000, -90.000000, 1.000000, 0.305686, -48.000000, 0.000000, 0.000000
592761836, 1614.019043, 0.000000, 0.000000, -58.000000, -90.000000, 1.000000, 0.302341, -48.000000, 0.000000, 0.000000
592972835, 1631.719849, 0.000000, 0.000000, -58.000000, -90.000000, 1.000000, 0.302341, -48.000000, 0.000000, 0.000000
593183834, 1620.691406, 0.000000, 0.000000, -58.000000, -90.000000, 1.000000, 0.309030, -48.000000, 0.000000, 0.000000
593386830, 1615.544800, 0.000000, 0.000000, -58.000000, -90.000000, 1.000000, 0.301003, -48.000000, 0.000000, 0.000000
593597829, 1614.466309, 0.000000, 0.000000, -58.000000, -90.000000, 1.000000, 0.307023, -48.000000, 0.000000, 0.000000
593808829, 1617.270996, 0.000000, 0.000000, -58.000000, -90.000000, 1.000000, 0.303010, -48.000000, 0.000000, 0.000000
594011791, 1633.596558, 0.000000, 0.000000, -58.000000, -90.000000, 1.000000, 0.301003, -48.000000, 0.000000, 0.000000
594222884, 1630.404419, 0.000000, 0.000000, -58.000000, -90.000000, 1.000000, 0.303679, -48.000000, 0.000000, 0.000000
594433823, 1628.041504, 0.000000, 0.000000, -58.000000, -90.000000, 1.000000, 0.301003, -48.000000, 0.000000, 0.000000
594636797, 1634.723267, 0.000000, 0.000000, -58.000000, -90.000000, 1.000000, 0.298997, -48.000000, 0.000000, 0.000000
594847879, 1632.502686, 0.000000, 0.000000, -58.000000, -90.000000, 1.000000, 0.305017, -48.000000, 0.000000, 0.000000
595058793, 1625.537476, 0.000000, 0.000000, -58.000000, -90.000000, 1.000000, 0.309030, -48.000000, 0.000000, 0.000000
595261767, 1638.134277, 0.000000, 0.000000, -58.000000, -90.000000, 1.000000, 0.305686, -48.000000, 0.000000, 0.000000
595472873, 1639.349731, 0.000000, 0.000000, -58.000000, -90.000000, 1.000000, 0.242140, -48.000000, 0.000000, 0.000000
595683811, 1633.906250, 0.000000, 0.000000, -58.000000, -90.000000, 1.000000, 0.000000, -48.000000, 0.000000, 0.000000
595894851, 1657.466675, 0.000000, 0.000000, -58.000000, -90.000000, 1.000000, 0.000000, -48.000000, 0.000000, 0.000000
596097867, 1651.455933, 0.000000, 0.000000, -58.000000, -90.000000, 1.000000, 0.000000, -48.000000, 0.000000, 0.000000
596308806, 1648.022461, 0.000000, 0.000000, -58.000000, -90.000000, 1.000000, 0.000000, -48.000000, 0.000000, 0.000000
596519846, 1644.501465, 0.000000, 0.000000, -58.000000, -90.000000, 1.000000, 0.000000, -48.000000, 0.000000, 0.000000
596722855, 1646.274414, 0.000000, 0.000000, -58.000000, -90.000000, 1.000000, 0.000000, -48.000000, 0.000000, 0.000000
596933800, 1660.849365, 0.000000, 0.000000, -58.000000, -90.000000, 1.000000, 0.000000, -48.000000, 0.000000, 0.000000
597144840, 1736.165039, 0.000000, 0.000000, -58.000000, -90.000000, 1.000000, 0.000000, -48.000000, 0.000000, 0.000000
597347849, 1823.934692, 0.000000, 0.000000, -58.000000, -90.000000, 1.000000, 0.000000, -48.000000, 0.000000, 0.000000
597558794, 1846.271118, 0.000000, 0.000000, -58.000000, -90.000000, 1.000000, 0.000000, -48.000000, 0.000000, 0.000000
597769834, 1851.748535, 0.000000, 0.000000, -58.000000, -90.000000, 1.000000, 0.000000, -48.000000, 0.000000, 0.000000
597972811, 1829.686768, 0.000000, 0.000000, -58.000000, -90.000000, 1.000000, 0.000000, -48.000000, 0.000000, 0.000000
598183853, 1831.145752, 0.000000, 0.000000, -58.000000, -90.000000, 1.000000, 0.000000, -48.000000, 0.000000, 0.000000
598394828, 1879.486084, 0.000000, 0.000000, -58.000000, -90.000000, 1.000000, 0.000000, -48.000000, 0.000000, 0.000000
598605867, 2028.630127, 0.000000, 0.000000, -58.000000, -29.245495, 72.103020, 0.000000, 43.131758, 16.283952, 12.687309
598816889, 2196.754883, 0.000000, 0.000000, -42.000000, -21.724125, 42.959175, 0.000000, 30.413813, 37.635914, -25.090553
599027726, 2332.164795, 0.000000, 0.000000, -24.000000, -15.666311, 38.414352, 0.000000, 12.500533, 49.991249, -24.077430
599231156, 2423.316650, 0.000000, 181.814865, -4.000000, -11.588467, 27.791645, 0.000000, -11.382700, 49.437112, -18.230656
599441881, 2479.416504, 0.000000, 0.000000, 13.000000, -9.078735, 4.578557, 0.000000, -33.118103, 36.602733, -22.088746
599652751, 2519.217773, 0.000000, 181.834717, 22.000000, -7.298151, 1.000000, 0.000000, -43.947227, 15.194701, -9.833622
599855937, 2512.961182, 71.090050, 177.301819, 20.000000, -7.578053, 1.000000, 0.000000, -41.367079, 0.000000, 5.455353
600066921, 2477.799316, 0.000000, 181.801651, 19.000000, -9.151083, -16.731258, 0.000000, -42.226624, 0.000000, -4.063270
600277784, 2492.522705, 0.000000, 181.804962, 17.000000, -8.492405, 1.000000, 0.000000, -38.238607, 0.000000, 6.847996
600488772, 2482.572266, 71.090050, 363.636353, 17.000000, -8.937557, 1.000000, 0.000000, -38.906336, 0.000000, 0.242786
600689812, 2500.596924, 0.000000, 363.669434, 16.000000, -8.131191, 1.000000, 0.000000, -36.196787, 0.000000, 0.490047
600910816, 2426.424316, 71.779945, 363.662811, 15.000000, -11.449438, -18.629290, 0.000000, -39.674157, 0.000000, -6.727043
601121948, 2274.332764, 75.000000, 363.642975, 15.000000, -18.253534, -27.205868, 0.000000, -49.880299, 0.000000, -12.241779
601333913, 2020.578857, 74.626862, 531.914856, 12.000000, -29.605682, -30.613770, 0.000000, -62.408524, 0.000000, -11.891212
601554774, 1747.189819, 71.418365, 545.414856, 1.000000, -90.000000, -22.949999, 0.000000, -136.500000, 0.000000, 18.000001
601766554, 1584.401978, 75.000000, 539.345276, -16.000000, -90.000000, -21.299999, 0.000000, -111.000000, 0.000000, 12.000000
601988756, 1565.932495, 75.000000, 535.714294, -18.000000, -90.000000, -26.400000, 0.000000, -108.000000, 0.000000, 6.000000
602199932, 1600.983276, 74.626862, 363.662811, -26.000000, -90.000000, -16.799999, 0.000000, -96.000000, 0.000000, 12.000000
602411794, 1639.140503, 0.000000, 357.168365, -30.000000, -90.000000, -27.000000, 0.000000, -90.000000, 0.000000, 0.000000
602632837, 1695.893311, 74.626862, 363.636353, -35.000000, -90.000000, 1.000000, 0.000000, -82.500000, 0.000000, 12.000000
602844883, 1773.872803, 71.417351, 354.609924, -36.000000, -90.000000, -30.299999, 0.000000, -81.000000, 0.000000, -6.000000
603066563, 1800.722290, 0.000000, 363.603302, -41.000000, -90.000000, -16.049999, 0.000000, -73.500000, 0.000000, 6.000000
603277782, 1817.758423, 74.626862, 363.603302, -45.000000, -90.000000, -26.250000, 0.000000, -67.500000, 0.000000, -6.000000
603499979, 1823.786377, 71.439461, 357.136475, -44.000000, -90.000000, -20.700001, 0.000000, -69.000000, 0.000000, 0.000000
603710872, 1878.252075, 0.000000, 181.818176, -46.000000, -90.000000, -19.799999, 0.000000, -66.000000, 0.000000, 0.000000
603932747, 1934.486450, 75.000000, 181.818176, -46.000000, -33.457184, 28.506384, 0.000000, 18.814224, 5.054189, 4.637970
604143882, 1964.797485, 0.000000, 181.818176, -42.000000, -32.101166, 24.545010, 0.000000, 14.848251, 14.736027, -5.039269
604354809, 1982.267944, 0.000000, 181.818176, -31.000000, -31.319592, 1.000000, 0.000000, -0.479387, 19.033037, -23.422589
604566891, 1972.583008, 74.944916, 178.558685, -20.000000, -31.752865, 1.000000, 0.000000, -17.629297, 12.601701, -9.770188
604777819, 1976.860107, 0.000000, 178.542740, -18.000000, -31.561522, 1.000000, 0.000000, -20.342282, 1.411250, -0.387497
604989841, 1980.348633, 74.997002, 175.438599, -18.000000, -31.405457, 1.000000, 0.000000, -20.108185, 0.000000, -0.000687
605200842, 2000.132812, 0.000000, 0.000000, -18.000000, -30.520374, 1.000000, 0.000000, -18.780561, 0.000000, 0.385002
605411798, 2035.987915, 0.000000, 181.831406, -18.000000, -28.916330, 0.542409, 0.000000, -16.374496, 0.000000, 5.454758
605622910, 2061.058350, 0.000000, 0.000000, -18.000000, -27.794758, 1.000000, 0.000000, -14.692137, 0.000000, -2.089176
605833800, 2081.440674, 75.000000, 0.000000, -18.000000, -26.882917, 1.000000, 0.000000, -13.324376, 0.000000, 2.546139
606044966, 2085.907715, 0.000000, 178.558685, -18.000000, -26.683075, 0.197910, 0.000000, -13.024612, 0.000000, 4.105293
606255973, 2122.918213, 0.000000, 181.818176, -18.000000, -25.027344, 0.586276, 0.000000, -10.541016, 0.000000, 3.748581
606466966, 2174.168701, 0.000000, 0.000000, -18.000000, -22.734558, 0.587009, 0.000000, -7.101837, 0.000000, 2.717560
606677784, 2281.509521, 0.000000, 181.834717, -18.000000, -17.932468, 10.215675, 0.000000, 0.101297, 0.002836, 10.111542
606888820, 2432.795898, 0.000000, 0.000000, -18.000000, -11.164394, 24.121401, 0.000000, 10.253408, 2.885074, 10.982918
607099865, 2568.754883, 0.000000, 0.000000, -15.000000, -5.082020, 28.307009, 0.000000, 14.876970, 10.419395, 3.010643
607300846, 2611.912354, 0.000000, 0.000000, -7.000000, -3.151289, 10.293862, 0.000000, 5.773067, 16.034800, -11.514004
607511825, 2657.675293, 0.000000, 0.000000, 1.000000, -1.104000, 8.001842, 0.000000, -3.156000, 16.591189, -7.642548
607713847, 2696.047607, 0.000000, 0.000000, 6.000000, 0.612656, 7.172508, 0.000000, -8.081017, 13.294582, -3.697769
607914852, 2730.546143, 0.000000, 181.831406, 7.000000, 2.156010, 7.016629, 0.000000, -7.265985, 8.681669, 0.514755
608116943, 2739.255859, 0.000000, 178.584183, 7.000000, 2.545658, 2.607109, 0.000000, -6.681513, 4.910963, -0.299400
608317822, 2750.660645, 0.000000, 0.000000, 7.000000, 3.055870, 1.000000, 0.000000, -5.916195, 1.660406, -2.135193
608519524, 2757.793945, 74.257423, 0.000000, 7.000000, 3.374992, 1.000000, 0.000000, -5.437511, 0.000000, 0.272095
608730815, 2745.865967, 0.000000, 181.801651, 7.000000, 2.841373, 1.000000, 0.000000, -6.237940, 0.000000, -3.312790
608933846, 2762.041016, 0.000000, 175.438599, 7.000000, 3.564991, 1.000000, 0.000000, -5.152514, 0.000000, -1.261391
609136874, 2766.503174, 0.000000, 175.435516, 7.000000, 3.764618, 1.000000, 0.000000, -4.853073, 0.000000, -3.443893
609339771, 2771.510010, 73.891624, 175.435516, 7.000000, 3.988605, 1.000000, 0.000000, -4.517092, 0.000000, -2.167076
609552717, 2756.840088, 0.000000, 181.818176, 7.000000, 3.332317, 1.000000, 0.000000, -5.501524, 0.000000, -2.412872
609755810, 2765.548096, 0.000000, 178.571426, 7.000000, 3.721886, 1.000000, 0.000000, -4.917171, 0.000000, -1.375946
609958820, 2762.392822, 73.888351, 178.571426, 7.000000, 3.580730, 1.000000, 0.000000, -5.128904, 0.000000, -3.824936
610169914, 2755.978516, 0.000000, 181.818176, 7.000000, 3.293774, 1.000000, 0.000000, -5.559340, 0.000000, -2.136291
610371859, 2757.501465, 74.626862, 363.636353, 7.000000, 3.361908, 1.000000, 0.000000, -5.457138, 0.000000, 0.795845
610572919, 2770.643799, 0.000000, 357.149231, 7.000000, 3.949856, 0.627633, 0.000000, -4.575216, 0.000000, 2.000198
610783842, 2772.209961, 75.000000, 357.149231, 7.000000, 4.019917, 1.000000, 0.000000, -4.470125, 0.000000, 0.049255
610986848, 2777.749023, 0.000000, 175.435516, 7.000000, 4.267719, 1.000000, 0.000000, -4.098421, 0.000000, -0.287636
611189838, 2779.434326, 74.629463, 357.142853, 7.000000, 4.343113, 0.264301, 0.000000, -3.985331, 0.000000, 1.459900
611400831, 2757.661865, 73.891624, 357.174744, 7.000000, 3.369083, 1.000000, 0.000000, -5.446375, 0.000000, -3.714729
611602742, 2774.455566, 0.000000, 363.662811, 7.000000, 4.120384, 1.000000, 0.000000, -4.319424, 0.000000, 0.630455
611813779, 2756.489258, 74.257423, 363.662811, 7.000000, 3.316624, 1.000000, 0.000000, -5.525064, 0.000000, -0.538147
612014761, 2767.707764, 74.997002, 181.801651, 7.000000, 3.818504, 1.000000, 0.000000, -4.772243, 0.000000, 0.347443
612225863, 2766.080078, 0.000000, 357.117371, 7.000000, 3.745686, 0.467046, 0.000000, -4.881472, 0.000000, 1.931488
612427712, 2765.104980, 75.000000, 357.117371, 7.000000, 3.702065, 1.000000, 0.000000, -4.946903, 0.000000, 0.956497
612638771, 2766.301514, 74.257423, 363.629730, 7.000000, 3.755592, 1.000000, 0.000000, -4.866611, 0.000000, -0.074936
612839776, 2778.170410, 75.000000, 363.662811, 7.000000, 4.286572, 1.000000, 0.000000, -4.070143, 0.000000, -1.566605
613050849, 2766.857178, 0.000000, 363.662811, 7.000000, 3.780453, 1.000000, 0.000000, -4.829321, 0.000000, 0.315147
613252809, 2771.093018, 71.081963, 357.174744, 7.000000, 3.969952, 1.483402, 0.000000, -4.545073, 0.000000, 2.846924
613463852, 2763.430908, 74.257423, 357.123718, 7.000000, 3.627171, 1.538783, 0.000000, -5.059244, 0.000000, 3.056557
613664866, 2759.118164, 74.998878, 363.596680, 7.000000, 3.434235, 1.000000, 0.000000, -5.348648, 0.000000, -0.287888
613875906, 2768.364014, 74.629463, 363.636353, 7.000000, 3.847862, 1.718959, 0.000000, -4.728207, 0.000000, 3.137421
614078739, 2774.389893, 71.099487, 545.454529, 7.000000, 4.117443, 1.000000, 0.000000, -4.323835, 0.000000, -2.531639
614291460, 2793.138428, 73.652885, 363.629730, 7.000000, 4.956192, 1.864748, 0.000000, -3.065712, 0.000000, 2.784462
614494909, 2782.241943, 70.640762, 535.714294, 7.000000, 4.468716, 1.000000, 0.000000, -3.796926, 0.000000, -1.641541
614705746, 2770.876465, 73.891624, 545.494202, 7.000000, 3.960262, 1.000000, 0.000000, -4.559607, 0.000000, -3.364769
614908906, 2779.297607, 71.080620, 350.889496, 7.000000, 4.336998, 0.792212, 0.000000, -3.994503, 0.000000, 1.990563
615111777, 2776.021973, 73.891624, 526.325012, 7.000000, 4.190456, 1.000000, 0.000000, -4.214315, 0.000000, -3.556778
615322864, 2760.967529, 73.891624, 545.454529, 7.000000, 3.516968, 1.000000, 0.000000, -5.224548, 0.000000, -0.915230
615525859, 2764.348633, 71.099487, 539.539246, 7.000000, 3.668228, 1.000000, 0.000000, -4.997658, 0.000000, 1.352669
615738721, 2770.636230, 74.626862, 539.548950, 7.000000, 3.949516, 1.000000, 0.000000, -4.575726, 0.000000, -0.701271
615939855, 2780.805420, 74.624268, 535.723877, 7.000000, 4.404453, 0.830600, 0.000000, -3.893320, 0.000000, 1.998596
616152753, 2768.047119, 148.792557, 545.454529, 7.000000, 3.833687, 1.000000, 0.000000, -4.749470, 0.000000, -3.296471
616355838, 2776.490967, 73.745949, 535.714294, 7.000000, 4.211441, 1.000000, 0.000000, -4.182838, 0.000000, -0.357674
616566848, 2774.870361, 75.000000, 727.325623, 7.000000, 4.138939, 1.000000, 0.000000, -4.291592, 0.000000, -0.550072
616769874, 2779.588867, 73.891624, 526.325012, 7.000000, 4.350029, 1.000000, 0.000000, -3.974957, 0.000000, 0.004120
616980798, 2779.604004, 149.994003, 545.454529, 7.000000, 4.350708, 1.000000, 0.000000, -3.973938, 0.000000, -0.870598
617183829, 2786.744385, 73.894173, 709.207275, 7.000000, 4.670143, 1.876285, 0.000000, -3.494785, 0.000000, 2.924721
617394890, 2783.149658, 71.100830, 545.404968, 7.000000, 4.509327, 1.000000, 0.000000, -3.736010, 0.000000, 0.974670
617597903, 2792.804688, 147.777435, 701.742065, 7.000000, 4.941261, 0.712018, 0.000000, -3.088108, 0.000000, 1.638451
617808846, 2782.660400, 71.081963, 727.272705, 7.000000, 4.487438, 1.000000, 0.000000, -3.768843, 0.000000, -0.176468
618011853, 2772.478760, 74.269188, 701.742065, 7.000000, 4.031944, 1.000000, 0.000000, -4.452084, 0.000000, -0.415489
618222931, 2790.119629, 149.248535, 727.325623, 7.000000, 4.821144, 0.263739, 0.000000, -3.268284, 0.000000, 1.244225
618425904, 2799.528076, 74.629463, 714.336731, 7.000000, 5.242043, 1.000000, 0.000000, -2.636936, 0.000000, 0.709442
618636790, 2747.384033, 148.514847, 727.272705, 7.000000, 2.909283, 1.000000, 0.000000, -6.136076, 0.000000, -8.172249
618839896, 2612.068604, 74.626862, 545.414856, 7.000000, -3.144299, -16.212685, 0.000000, -15.216448, 0.000000, -11.647751
619050540, 2483.922607, 74.626862, 545.404968, 7.000000, -8.877146, 1.000000, 0.001338, -23.815719, 0.000000, -3.857952
619262812, 2443.478027, 149.994751, 727.272705, 7.000000, -10.686508, 1.000000, 0.000000, -26.529762, 0.000000, -3.428776
619475865, 2435.235840, 74.259995, 701.742065, 7.000000, -11.055239, 1.000000, 0.000000, -27.082858, 0.000000, -3.892101
619686913, 2400.957275, 74.626862, 545.454529, 7.000000, -12.588755, -15.098661, 0.012040, -29.383132, 0.000000, -6.283722
619897897, 2361.139404, 75.000000, 535.762146, 7.000000, -14.370081, 1.000000, 0.175920, -32.055121, 0.000000, -3.864326
620108809, 2307.009033, 75.000000, 535.733398, 7.000000, -16.791700, 1.000000, 0.199331, -35.687551, 0.000000, -3.100536
620319832, 2297.457764, 74.997375, 535.733398, 7.000000, -17.218994, 1.000000, 0.150502, -36.328491, 0.000000, -2.647648
620530876, 2287.516113, 71.081627, 357.117371, 7.000000, -17.663752, 1.000000, 0.135117, -36.995627, 0.000000, 1.497231
620741907, 2281.033203, 71.100830, 363.603302, 7.000000, -17.953777, 1.000000, 0.128428, -37.430666, 0.000000, 0.277142
620952767, 2281.044434, 75.000000, 357.142853, 7.000000, -17.953276, 1.000000, 0.126421, -37.429914, 0.000000, -0.681404
621163772, 2277.735107, 75.000000, 363.662811, 7.000000, -18.101324, 1.000000, 0.123077, -37.651986, 0.000000, -1.497288
621374897, 2273.768799, 75.000000, 181.831406, 7.000000, -18.278765, 1.000000, 0.116388, -37.918147, 0.000000, 1.361103
621585860, 2262.525391, 74.997375, 363.636353, 7.000000, -18.781759, 1.000000, 0.085619, -38.672639, 0.000000, -0.677799
621796874, 2254.801025, 71.081627, 363.642975, 7.000000, -19.127323, 1.000000, 0.093646, -39.190985, 0.000000, 0.226547
622007802, 2272.473145, 0.000000, 363.636353, 7.000000, -18.336727, 1.000000, 0.074916, -38.005091, 0.000000, 3.381283
622218869, 2269.677734, 74.998878, 363.636353, 7.000000, -18.461786, 1.000000, 0.088294, -38.192679, 0.000000, 1.060833
